BCV	text	func_morph	form_morph	strongs	lemma	normalized
John 1:1	Ἐν	PREP	PREP	1722	ἐν	Ἐν	
John 1:1	ἀρχῇ	N-DSF	N-DSF	746	ἀρχή	ἀρχῇ	
John 1:1	ἦν	V-IAI-3S	V-IAI-3S	1510&5707	εἰμί	ἦν	
John 1:1	ὁ	T-NSM	T-NSM	3588	ὁ	ὁ	
John 1:1	Λόγος,	N-NSM	N-NSM	3056	λόγος	Λόγος	
John 1:1	καὶ	CONJ	CONJ	2532	καί	καί	
John 1:1	ὁ	T-NSM	T-NSM	3588	ὁ	ὁ	
John 1:1	Λόγος	N-NSM	N-NSM	3056	λόγος	Λόγος	
John 1:1	ἦν	V-IAI-3S	V-IAI-3S	1510&5707	εἰμί	ἦν	
John 1:1	πρὸς	PREP	PREP	4314	πρός	πρός	
John 1:1	τὸν	T-ASM	T-ASM	3588	ὁ	τόν	
John 1:1	Θεόν,	N-ASM	N-ASM	2316	θεός	Θεόν	
John 1:1	καὶ	CONJ	CONJ	2532	καί	καί	
John 1:1	Θεὸς	N-NSM	N-NSM	2316	θεός	Θεός	
John 1:1	ἦν	V-IAI-3S	V-IAI-3S	1510&5707	εἰμί	ἦν	
John 1:1	ὁ	T-NSM	T-NSM	3588	ὁ	ὁ	
John 1:1	Λόγος.	N-NSM	N-NSM	3056	λόγος	Λόγος	
John 1:2	Οὗτος	D-NSM	D-NSM	3778	οὗτος	Οὗτος	
John 1:2	ἦν	V-IAI-3S	V-IAI-3S	1510&5707	εἰμί	ἦν	
John 1:2	ἐν	PREP	PREP	1722	ἐν	ἐν	
John 1:2	ἀρχῇ	N-DSF	N-DSF	746	ἀρχή	ἀρχῇ	
John 1:2	πρὸς	PREP	PREP	4314	πρός	πρός	
John 1:2	τὸν	T-ASM	T-ASM	3588	ὁ	τόν	
John 1:2	Θεόν.	N-ASM	N-ASM	2316	θεός	Θεόν	
John 1:3	πάντα	A-NPN	A-NPN	3956	πᾶς	πάντα	
John 1:3	δι’	PREP	PREP	1223	διά	δι’	
John 1:3	αὐτοῦ	P-GSM	P-GSM	846	αὐτός	αὐτοῦ	
John 1:3	ἐγένετο,	V-2ADI-3S	V-2ADI-3S	1096&5633	γίνομαι	ἐγένετο	
John 1:3	καὶ	CONJ	CONJ	2532	καί	καί	
John 1:3	χωρὶς	ADV	ADV	5565	χωρίς	χωρίς	
John 1:3	αὐτοῦ	P-GSM	P-GSM	846	αὐτός	αὐτοῦ	
John 1:3	ἐγένετο	V-2ADI-3S	V-2ADI-3S	1096&5633	γίνομαι	ἐγένετο	
John 1:3	οὐδὲ	CONJ-N	CONJ-N	3761	οὐδέ	οὐδέ	
John 1:3	ἕν	A-NSN	A-NSN	1520	εἷς	ἕν	
John 1:3	ὃ	R-NSN	R-NSN	3739	ὅς	ὅ	
John 1:3	γέγονεν.	V-2RAI-3S	V-2RAI-3S	1096&5754	γίνομαι	γέγονεν	
John 1:4	ἐν	PREP	PREP	1722	ἐν	ἐν	
John 1:4	αὐτῷ	P-DSM	P-DSM	846	αὐτός	αὐτῷ	
John 1:4	ζωὴ	N-NSF	N-NSF	2222	ζωή	ζωή	
John 1:4	ἦν,	V-IAI-3S	V-IAI-3S	1510&5707	εἰμί	ἦν	
John 1:4	καὶ	CONJ	CONJ	2532	καί	καί	
John 1:4	ἡ	T-NSF	T-NSF	3588	ὁ	ἡ	
John 1:4	ζωὴ	N-NSF	N-NSF	2222	ζωή	ζωή	
John 1:4	ἦν	V-IAI-3S	V-IAI-3S	1510&5707	εἰμί	ἦν	
John 1:4	τὸ	T-NSN	T-NSN	3588	ὁ	τό	
John 1:4	φῶς	N-NSN	N-NSN	5457	φῶς	φῶς	
John 1:4	τῶν	T-GPM	T-GPM	3588	ὁ	τῶν	
John 1:4	ἀνθρώπων.	N-GPM	N-GPM	444	ἄνθρωπος	ἀνθρώπων	
John 1:5	καὶ	CONJ	CONJ	2532	καί	καί	
John 1:5	τὸ	T-NSN	T-NSN	3588	ὁ	τό	
John 1:5	φῶς	N-NSN	N-NSN	5457	φῶς	φῶς	
John 1:5	ἐν	PREP	PREP	1722	ἐν	ἐν	
John 1:5	τῇ	T-DSF	T-DSF	3588	ὁ	τῇ	
John 1:5	σκοτίᾳ	N-DSF	N-DSF	4653	σκοτία	σκοτίᾳ	
John 1:5	φαίνει,	V-PAI-3S	V-PAI-3S	5316&5719	φαίνω	φαίνει	
John 1:5	καὶ	CONJ	CONJ	2532	καί	καί	
John 1:5	ἡ	T-NSF	T-NSF	3588	ὁ	ἡ	
John 1:5	σκοτία	N-NSF	N-NSF	4653	σκοτία	σκοτία	
John 1:5	αὐτὸ	P-ASN	P-ASN	846	αὐτός	αὐτό	
John 1:5	οὐ	PRT-N	PRT-N	3756	οὐ	οὐ	
John 1:5	κατέλαβεν.	V-2AAI-3S	V-2AAI-3S	2638&5627	καταλαμβάνω	κατέλαβεν	
John 1:6	Ἐγένετο	V-2ADI-3S	V-2ADI-3S	1096&5633	γίνομαι	Ἐγένετο	
John 1:6	ἄνθρωπος,	N-NSM	N-NSM	444	ἄνθρωπος	ἄνθρωπος	
John 1:6	ἀπεσταλμένος	V-RPP-NSM	V-RPP-NSM	649&5772	ἀποστέλλω	ἀπεσταλμένος	
John 1:6	παρὰ	PREP	PREP	3844	παρά	παρά	
John 1:6	Θεοῦ,	N-GSM	N-GSM	2316	θεός	Θεοῦ	
John 1:6	ὄνομα	N-NSN	N-NSN	3686	ὄνομα	ὄνομα	
John 1:6	αὐτῷ	P-DSM	P-DSM	846	αὐτός	αὐτῷ	
John 1:6	Ἰωάνης·	N-NSM	N-NSM	2491	Ἰωάννης	Ἰωάνης	
John 1:7	οὗτος	D-NSM	D-NSM	3778	οὗτος	οὗτος	
John 1:7	ἦλθεν	V-2AAI-3S	V-2AAI-3S	2064&5627	ἔρχομαι	ἦλθεν	
John 1:7	εἰς	PREP	PREP	1519	εἰς	εἰς	
John 1:7	μαρτυρίαν,	N-ASF	N-ASF	3141	μαρτυρία	μαρτυρίαν	
John 1:7	ἵνα	CONJ	CONJ	2443	ἵνα	ἵνα	
John 1:7	μαρτυρήσῃ	V-AAS-3S	V-AAS-3S	3140&5661	μαρτυρέω	μαρτυρήσῃ	
John 1:7	περὶ	PREP	PREP	4012	περί	περί	
John 1:7	τοῦ	T-GSN	T-GSN	3588	ὁ	τοῦ	
John 1:7	φωτός,	N-GSN	N-GSN	5457	φῶς	φωτός	
John 1:7	ἵνα	CONJ	CONJ	2443	ἵνα	ἵνα	
John 1:7	πάντες	A-NPM	A-NPM	3956	πᾶς	πάντες	
John 1:7	πιστεύσωσιν	V-AAS-3P	V-AAS-3P	4100&5661	πιστεύω	πιστεύσωσιν	
John 1:7	δι’	PREP	PREP	1223	διά	δι’	
John 1:7	αὐτοῦ.	P-GSM	P-GSM	846	αὐτός	αὐτοῦ	
John 1:8	οὐκ	PRT-N	PRT-N	3756	οὐ	οὐκ	
John 1:8	ἦν	V-IAI-3S	V-IAI-3S	1510&5707	εἰμί	ἦν	
John 1:8	ἐκεῖνος	D-NSM	D-NSM	1565	ἐκεῖνος	ἐκεῖνος	
John 1:8	τὸ	T-NSN	T-NSN	3588	ὁ	τό	
John 1:8	φῶς,	N-NSN	N-NSN	5457	φῶς	φῶς	
John 1:8	ἀλλ’	CONJ	CONJ	235	ἀλλά	ἀλλ’	
John 1:8	ἵνα	CONJ	CONJ	2443	ἵνα	ἵνα	
John 1:8	μαρτυρήσῃ	V-AAS-3S	V-AAS-3S	3140&5661	μαρτυρέω	μαρτυρήσῃ	
John 1:8	περὶ	PREP	PREP	4012	περί	περί	
John 1:8	τοῦ	T-GSN	T-GSN	3588	ὁ	τοῦ	
John 1:8	φωτός.	N-GSN	N-GSN	5457	φῶς	φωτός	
John 1:9	Ἦν	V-IAI-3S	V-IAI-3S	1510&5707	εἰμί	Ἦν	
John 1:9	τὸ	T-NSN	T-NSN	3588	ὁ	τό	
John 1:9	φῶς	N-NSN	N-NSN	5457	φῶς	φῶς	
John 1:9	τὸ	T-NSN	T-NSN	3588	ὁ	τό	
John 1:9	ἀληθινὸν,	A-NSN	A-NSN	228	ἀληθινός	ἀληθινόν	
John 1:9	ὃ	R-NSN	R-NSN	3739	ὅς	ὅ	
John 1:9	φωτίζει	V-PAI-3S	V-PAI-3S	5461&5719	φωτίζω	φωτίζει	
John 1:9	πάντα	A-ASM	A-ASM	3956	πᾶς	πάντα	
John 1:9	ἄνθρωπον,	N-ASM	N-ASM	444	ἄνθρωπος	ἄνθρωπον	
John 1:9	ἐρχόμενον	V-PNP-ASM	V-PNP-ASM	2064&5740	ἔρχομαι	ἐρχόμενον	
John 1:9	εἰς	PREP	PREP	1519	εἰς	εἰς	
John 1:9	τὸν	T-ASM	T-ASM	3588	ὁ	τόν	
John 1:9	κόσμον.	N-ASM	N-ASM	2889	κόσμος	κόσμον	
John 1:10	ἐν	PREP	PREP	1722	ἐν	ἐν	
John 1:10	τῷ	T-DSM	T-DSM	3588	ὁ	τῷ	
John 1:10	κόσμῳ	N-DSM	N-DSM	2889	κόσμος	κόσμῳ	
John 1:10	ἦν,	V-IAI-3S	V-IAI-3S	1510&5707	εἰμί	ἦν	
John 1:10	καὶ	CONJ	CONJ	2532	καί	καί	
John 1:10	ὁ	T-NSM	T-NSM	3588	ὁ	ὁ	
John 1:10	κόσμος	N-NSM	N-NSM	2889	κόσμος	κόσμος	
John 1:10	δι’	PREP	PREP	1223	διά	δι’	
John 1:10	αὐτοῦ	P-GSM	P-GSM	846	αὐτός	αὐτοῦ	
John 1:10	ἐγένετο,	V-2ADI-3S	V-2ADI-3S	1096&5633	γίνομαι	ἐγένετο	
John 1:10	καὶ	CONJ	CONJ	2532	καί	καί	
John 1:10	ὁ	T-NSM	T-NSM	3588	ὁ	ὁ	
John 1:10	κόσμος	N-NSM	N-NSM	2889	κόσμος	κόσμος	
John 1:10	αὐτὸν	P-ASM	P-ASM	846	αὐτός	αὐτόν	
John 1:10	οὐκ	PRT-N	PRT-N	3756	οὐ	οὐκ	
John 1:10	ἔγνω.	V-2AAI-3S	V-2AAI-3S	1097&5627	γινώσκω	ἔγνω	
John 1:11	εἰς	PREP	PREP	1519	εἰς	εἰς	
John 1:11	τὰ	T-APN	T-APN	3588	ὁ	τά	
John 1:11	ἴδια	A-APN	A-APN	2398	ἴδιος	ἴδια	
John 1:11	ἦλθεν,	V-2AAI-3S	V-2AAI-3S	2064&5627	ἔρχομαι	ἦλθεν	
John 1:11	καὶ	CONJ	CONJ	2532	καί	καί	
John 1:11	οἱ	T-NPM	T-NPM	3588	ὁ	οἱ	
John 1:11	ἴδιοι	A-NPM	A-NPM	2398	ἴδιος	ἴδιοι	
John 1:11	αὐτὸν	P-ASM	P-ASM	846	αὐτός	αὐτόν	
John 1:11	οὐ	PRT-N	PRT-N	3756	οὐ	οὐ	
John 1:11	παρέλαβον.	V-2AAI-3P	V-2AAI-3P	3880&5627	παραλαμβάνω	παρέλαβον	
John 1:12	ὅσοι	K-NPM	K-NPM	3745	ὅσος	ὅσοι	
John 1:12	δὲ	CONJ	CONJ	1161	δέ	δέ	
John 1:12	ἔλαβον	V-2AAI-3P	V-2AAI-3P	2983&5627	λαμβάνω	ἔλαβον	
John 1:12	αὐτόν,	P-ASM	P-ASM	846	αὐτός	αὐτόν	
John 1:12	ἔδωκεν	V-AAI-3S	V-AAI-3S	1325&5656	δίδωμι	ἔδωκεν	
John 1:12	αὐτοῖς	P-DPM	P-DPM	846	αὐτός	αὐτοῖς	
John 1:12	ἐξουσίαν	N-ASF	N-ASF	1849	ἐξουσία	ἐξουσίαν	
John 1:12	τέκνα	N-NPN	N-NPN	5043	τέκνον	τέκνα	
John 1:12	Θεοῦ	N-GSM	N-GSM	2316	θεός	Θεοῦ	
John 1:12	γενέσθαι,	V-2ADN	V-2ADN	1096&5635	γίνομαι	γενέσθαι	
John 1:12	τοῖς	T-DPM	T-DPM	3588	ὁ	τοῖς	
John 1:12	πιστεύουσιν	V-PAP-DPM	V-PAP-DPM	4100&5723	πιστεύω	πιστεύουσιν	
John 1:12	εἰς	PREP	PREP	1519	εἰς	εἰς	
John 1:12	τὸ	T-ASN	T-ASN	3588	ὁ	τό	
John 1:12	ὄνομα	N-ASN	N-ASN	3686	ὄνομα	ὄνομα	
John 1:12	αὐτοῦ,	P-GSM	P-GSM	846	αὐτός	αὐτοῦ	
John 1:13	οἳ	R-NPM	R-NPM	3739	ὅς	οἵ	
John 1:13	οὐκ	PRT-N	PRT-N	3756	οὐ	οὐκ	
John 1:13	ἐξ	PREP	PREP	1537	ἐκ	ἐξ	
John 1:13	αἱμάτων	N-GPN	N-GPN	129	αἷμα	αἱμάτων	
John 1:13	οὐδὲ	CONJ-N	CONJ-N	3761	οὐδέ	οὐδέ	
John 1:13	ἐκ	PREP	PREP	1537	ἐκ	ἐκ	
John 1:13	θελήματος	N-GSN	N-GSN	2307	θέλημα	θελήματος	
John 1:13	σαρκὸς	N-GSF	N-GSF	4561	σάρξ	σαρκός	
John 1:13	οὐδὲ	CONJ-N	CONJ-N	3761	οὐδέ	οὐδέ	
John 1:13	ἐκ	PREP	PREP	1537	ἐκ	ἐκ	
John 1:13	θελήματος	N-GSN	N-GSN	2307	θέλημα	θελήματος	
John 1:13	ἀνδρὸς	N-GSM	N-GSM	435	ἀνήρ	ἀνδρός	
John 1:13	ἀλλ’	CONJ	CONJ	235	ἀλλά	ἀλλ’	
John 1:13	ἐκ	PREP	PREP	1537	ἐκ	ἐκ	
John 1:13	Θεοῦ	N-GSM	N-GSM	2316	θεός	Θεοῦ	
John 1:13	ἐγεννήθησαν.	V-API-3P	V-API-3P	1080&5681	γεννάω	ἐγεννήθησαν	
John 1:14	Καὶ	CONJ	CONJ	2532	καί	Καί	
John 1:14	ὁ	T-NSM	T-NSM	3588	ὁ	ὁ	
John 1:14	Λόγος	N-NSM	N-NSM	3056	λόγος	Λόγος	
John 1:14	σὰρξ	N-NSF	N-NSF	4561	σάρξ	σάρξ	
John 1:14	ἐγένετο	V-2ADI-3S	V-2ADI-3S	1096&5633	γίνομαι	ἐγένετο	
John 1:14	καὶ	CONJ	CONJ	2532	καί	καί	
John 1:14	ἐσκήνωσεν	V-AAI-3S	V-AAI-3S	4637&5656	σκηνόω	ἐσκήνωσεν	
John 1:14	ἐν	PREP	PREP	1722	ἐν	ἐν	
John 1:14	ἡμῖν,	P-1DP	P-1DP	1473	ἐγώ	ἡμῖν	
John 1:14	καὶ	CONJ	CONJ	2532	καί	καί	
John 1:14	ἐθεασάμεθα	V-ADI-1P	V-ADI-1P	2300&5662	θεάομαι	ἐθεασάμεθα	
John 1:14	τὴν	T-ASF	T-ASF	3588	ὁ	τήν	
John 1:14	δόξαν	N-ASF	N-ASF	1391	δόξα	δόξαν	
John 1:14	αὐτοῦ,	P-GSM	P-GSM	846	αὐτός	αὐτοῦ	
John 1:14	δόξαν	N-ASF	N-ASF	1391	δόξα	δόξαν	
John 1:14	ὡς	ADV	ADV	5613	ὡς	ὡς	
John 1:14	μονογενοῦς	A-GSM	A-GSM	3439	μονογενής	μονογενοῦς	
John 1:14	παρὰ	PREP	PREP	3844	παρά	παρά	
John 1:14	Πατρός,	N-GSM	N-GSM	3962	πατήρ	Πατρός	
John 1:14	πλήρης	A-NSM	A-NSM	4134	πλήρης	πλήρης	
John 1:14	χάριτος	N-GSF	N-GSF	5485	χάρις	χάριτος	
John 1:14	καὶ	CONJ	CONJ	2532	καί	καί	
John 1:14	ἀληθείας.	N-GSF	N-GSF	225	ἀλήθεια	ἀληθείας	
John 1:15	Ἰωάνης	N-NSM	N-NSM	2491	Ἰωάννης	Ἰωάνης	
John 1:15	μαρτυρεῖ	V-PAI-3S	V-PAI-3S	3140&5719	μαρτυρέω	μαρτυρεῖ	
John 1:15	περὶ	PREP	PREP	4012	περί	περί	
John 1:15	αὐτοῦ	P-GSM	P-GSM	846	αὐτός	αὐτοῦ	
John 1:15	καὶ	CONJ	CONJ	2532	καί	καί	
John 1:15	κέκραγεν	V-2RAI-3S	V-2RAI-3S	2896&5754	κράζω	κέκραγεν	
John 1:15	λέγων	V-PAP-NSM	V-PAP-NSM	3004&5723	λέγω	λέγων	
John 1:15	Οὗτος	D-NSM	D-NSM	3778	οὗτος	Οὗτος	
John 1:15	ἦν	V-IAI-3S	V-IAI-3S	1510&5707	εἰμί	ἦν	
John 1:15	ὃν	R-ASM	R-ASM	3739	ὅς	ὅν	
John 1:15	εἶπον	V-2AAI-1S	V-2AAI-1S	3004	λέγω	εἶπον	
John 1:15	Ὁ	T-NSM	T-NSM	3588	ὁ	Ὁ	
John 1:15	ὀπίσω	ADV	ADV	3694	ὀπίσω	ὀπίσω	
John 1:15	μου	P-1GS	P-1GS	1473	ἐγώ	μου	
John 1:15	ἐρχόμενος	V-PNP-NSM	V-PNP-NSM	2064&5740	ἔρχομαι	ἐρχόμενος	
John 1:15	ἔμπροσθέν	PREP	PREP	1715	ἔμπροσθεν	ἔμπροσθεν	
John 1:15	μου	P-1GS	P-1GS	1473	ἐγώ	μου	
John 1:15	γέγονεν,	V-2RAI-3S	V-2RAI-3S	1096&5754	γίνομαι	γέγονεν	
John 1:15	ὅτι	CONJ	CONJ	3754	ὅτι	ὅτι	
John 1:15	πρῶτός	A-NSM-S	A-NSM-S	4413	πρῶτος	πρῶτος	
John 1:15	μου	P-1GS	P-1GS	1473	ἐγώ	μου	
John 1:15	ἦν.	V-IAI-3S	V-IAI-3S	1510&5707	εἰμί	ἦν	
John 1:16	ὅτι	CONJ	CONJ	3754	ὅτι	ὅτι	
John 1:16	ἐκ	PREP	PREP	1537	ἐκ	ἐκ	
John 1:16	τοῦ	T-GSN	T-GSN	3588	ὁ	τοῦ	
John 1:16	πληρώματος	N-GSN	N-GSN	4138	πλήρωμα	πληρώματος	
John 1:16	αὐτοῦ	P-GSM	P-GSM	846	αὐτός	αὐτοῦ	
John 1:16	ἡμεῖς	P-1NP	P-1NP	1473	ἐγώ	ἡμεῖς	
John 1:16	πάντες	A-NPM	A-NPM	3956	πᾶς	πάντες	
John 1:16	ἐλάβομεν,	V-2AAI-1P	V-2AAI-1P	2983&5627	λαμβάνω	ἐλάβομεν	
John 1:16	καὶ	CONJ	CONJ	2532	καί	καί	
John 1:16	χάριν	N-ASF	N-ASF	5485	χάρις	χάριν	
John 1:16	ἀντὶ	PREP	PREP	473	ἀντί	ἀντί	
John 1:16	χάριτος·	N-GSF	N-GSF	5485	χάρις	χάριτος	
John 1:17	ὅτι	CONJ	CONJ	3754	ὅτι	ὅτι	
John 1:17	ὁ	T-NSM	T-NSM	3588	ὁ	ὁ	
John 1:17	νόμος	N-NSM	N-NSM	3551	νόμος	νόμος	
John 1:17	διὰ	PREP	PREP	1223	διά	διά	
John 1:17	Μωϋσέως	N-GSM	N-GSM	3475	Μωϋσῆς	Μωϋσέως	
John 1:17	ἐδόθη,	V-API-3S	V-API-3S	1325&5681	δίδωμι	ἐδόθη	
John 1:17	ἡ	T-NSF	T-NSF	3588	ὁ	ἡ	
John 1:17	χάρις	N-NSF	N-NSF	5485	χάρις	χάρις	
John 1:17	καὶ	CONJ	CONJ	2532	καί	καί	
John 1:17	ἡ	T-NSF	T-NSF	3588	ὁ	ἡ	
John 1:17	ἀλήθεια	N-NSF	N-NSF	225	ἀλήθεια	ἀλήθεια	
John 1:17	διὰ	PREP	PREP	1223	διά	διά	
John 1:17	Ἰησοῦ	N-GSM	N-GSM	2424	Ἰησοῦς	Ἰησοῦ	
John 1:17	Χριστοῦ	N-GSM	N-GSM	5547	Χριστός	Χριστοῦ	
John 1:17	ἐγένετο.	V-2ADI-3S	V-2ADI-3S	1096&5633	γίνομαι	ἐγένετο	
John 1:18	Θεὸν	N-ASM	N-ASM	2316	θεός	Θεόν	
John 1:18	οὐδεὶς	A-NSM-N	A-NSM-N	3762	οὐδείς	οὐδείς	
John 1:18	ἑώρακεν	V-RAI-3S-ATT	V-RAI-3S-ATT	3708&5758	ὁράω	ἑώρακεν	
John 1:18	πώποτε·	ADV	ADV	4455	πώποτε	πώποτε	
John 1:18	μονογενὴς	A-NSM	A-NSM	3439	μονογενής	μονογενής	
John 1:18	Θεὸς	N-NSM	N-NSM	2316	θεός	Θεός	
John 1:18	ὁ	T-NSM	T-NSM	3588	ὁ	ὁ	
John 1:18	ὢν	V-PAP-NSM	V-PAP-NSM	1510&5723	εἰμί	ὤν	
John 1:18	εἰς	PREP	PREP	1519	εἰς	εἰς	
John 1:18	τὸν	T-ASM	T-ASM	3588	ὁ	τόν	
John 1:18	κόλπον	N-ASM	N-ASM	2859	κόλπος	κόλπον	
John 1:18	τοῦ	T-GSM	T-GSM	3588	ὁ	τοῦ	
John 1:18	Πατρὸς,	N-GSM	N-GSM	3962	πατήρ	Πατρός	
John 1:18	ἐκεῖνος	D-NSM	D-NSM	1565	ἐκεῖνος	ἐκεῖνος	
John 1:18	ἐξηγήσατο.	V-ADI-3S	V-ADI-3S	1834&5662	ἐξηγέομαι	ἐξηγήσατο	
John 1:19	Καὶ	CONJ	CONJ	2532	καί	Καί	
John 1:19	αὕτη	D-NSF	D-NSF	3778	οὗτος	αὕτη	
John 1:19	ἐστὶν	V-PAI-3S	V-PAI-3S	1510&5719	εἰμί	ἐστίν	
John 1:19	ἡ	T-NSF	T-NSF	3588	ὁ	ἡ	
John 1:19	μαρτυρία	N-NSF	N-NSF	3141	μαρτυρία	μαρτυρία	
John 1:19	τοῦ	T-GSM	T-GSM	3588	ὁ	τοῦ	
John 1:19	Ἰωάνου	N-GSM	N-GSM	2491	Ἰωάννης	Ἰωάνου	
John 1:19	ὅτε	ADV	ADV	3753	ὅτε	ὅτε	
John 1:19	ἀπέστειλαν	V-AAI-3P	V-AAI-3P	649&5656	ἀποστέλλω	ἀπέστειλαν	
John 1:19	πρὸς	PREP	PREP	4314	πρός	πρός	
John 1:19	αὐτὸν	P-ASM	P-ASM	846	αὐτός	αὐτόν	
John 1:19	οἱ	T-NPM	T-NPM	3588	ὁ	οἱ	
John 1:19	Ἰουδαῖοι	A-NPM	A-NPM	2453	Ἰουδαῖος	Ἰουδαῖοι	
John 1:19	ἐξ	PREP	PREP	1537	ἐκ	ἐξ	
John 1:19	Ἱεροσολύμων	N-GPN	N-GPN	2414	Ἱεροσόλυμα	Ἱεροσολύμων	
John 1:19	ἱερεῖς	N-APM	N-APM	2409	ἱερεύς	ἱερεῖς	
John 1:19	καὶ	CONJ	CONJ	2532	καί	καί	
John 1:19	Λευείτας	N-APM	N-APM	3019	Λευίτης	Λευείτας	
John 1:19	ἵνα	CONJ	CONJ	2443	ἵνα	ἵνα	
John 1:19	ἐρωτήσωσιν	V-AAS-3P	V-AAS-3P	2065&5661	ἐρωτάω	ἐρωτήσωσιν	
John 1:19	αὐτόν	P-ASM	P-ASM	846	αὐτός	αὐτόν	
John 1:19	Σὺ	P-2NS	P-2NS	4771	σύ	Σύ	
John 1:19	τίς	I-NSM	I-NSM	5101	τίς	τίς	
John 1:19	εἶ;	V-PAI-2S	V-PAI-2S	1510&5719	εἰμί	εἶ	
John 1:20	καὶ	CONJ	CONJ	2532	καί	καί	
John 1:20	ὡμολόγησεν	V-AAI-3S	V-AAI-3S	3670&5656	ὁμολογέω	ὡμολόγησεν	
John 1:20	καὶ	CONJ	CONJ	2532	καί	καί	
John 1:20	οὐκ	PRT-N	PRT-N	3756	οὐ	οὐκ	
John 1:20	ἠρνήσατο,	V-ADI-3S	V-ADI-3S	720&5662	ἀρνέομαι	ἠρνήσατο	
John 1:20	καὶ	CONJ	CONJ	2532	καί	καί	
John 1:20	ὡμολόγησεν	V-AAI-3S	V-AAI-3S	3670&5656	ὁμολογέω	ὡμολόγησεν	
John 1:20	ὅτι	CONJ	CONJ	3754	ὅτι	ὅτι	
John 1:20	Ἐγὼ	P-1NS	P-1NS	1473	ἐγώ	Ἐγώ	
John 1:20	οὐκ	PRT-N	PRT-N	3756	οὐ	οὐκ	
John 1:20	εἰμὶ	V-PAI-1S	V-PAI-1S	1510&5719	εἰμί	εἰμί	
John 1:20	ὁ	T-NSM	T-NSM	3588	ὁ	ὁ	
John 1:20	Χριστός.	N-NSM	N-NSM	5547	Χριστός	Χριστός	
John 1:21	καὶ	CONJ	CONJ	2532	καί	καί	
John 1:21	ἠρώτησαν	V-AAI-3P	V-AAI-3P	2065&5656	ἐρωτάω	ἠρώτησαν	
John 1:21	αὐτόν	P-ASM	P-ASM	846	αὐτός	αὐτόν	
John 1:21	Τί	I-NSN	I-NSN	5101	τίς	Τί	
John 1:21	οὖν;	CONJ	CONJ	3767	οὖν	οὖν	
John 1:21	σὺ	P-2NS	P-2NS	4771	σύ	σύ	
John 1:21	Ἡλείας	N-NSM	N-NSM	2243	Ἠλίας	Ἡλείας	
John 1:21	εἶ;	V-PAI-2S	V-PAI-2S	1510&5719	εἰμί	εἶ	
John 1:21	καὶ	CONJ	CONJ	2532	καί	καί	
John 1:21	λέγει	V-PAI-3S	V-PAI-3S	3004&5719	λέγω	λέγει	
John 1:21	Οὐκ	PRT-N	PRT-N	3756	οὐ	Οὐκ	
John 1:21	εἰμί.	V-PAI-1S	V-PAI-1S	1510&5719	εἰμί	εἰμί	
John 1:21	Ὁ	T-NSM	T-NSM	3588	ὁ	Ὁ	
John 1:21	προφήτης	N-NSM	N-NSM	4396	προφήτης	προφήτης	
John 1:21	εἶ	V-PAI-2S	V-PAI-2S	1510&5719	εἰμί	εἶ	
John 1:21	σύ;	P-2NS	P-2NS	4771	σύ	σύ	
John 1:21	καὶ	CONJ	CONJ	2532	καί	καί	
John 1:21	ἀπεκρίθη	V-ADI-3S	V-ADI-3S	611&5662	ἀποκρίνομαι	ἀπεκρίθη	
John 1:21	Οὔ.	PRT-N	PRT-N	3756	οὐ	Οὔ	
John 1:22	εἶπαν	V-2AAI-3P	V-2AAI-3P	3004&5627	λέγω	εἶπαν	
John 1:22	οὖν	CONJ	CONJ	3767	οὖν	οὖν	
John 1:22	αὐτῷ	P-DSM	P-DSM	846	αὐτός	αὐτῷ	
John 1:22	Τίς	I-NSM	I-NSM	5101	τίς	Τίς	
John 1:22	εἶ;	V-PAI-2S	V-PAI-2S	1510&5719	εἰμί	εἶ	
John 1:22	ἵνα	CONJ	CONJ	2443	ἵνα	ἵνα	
John 1:22	ἀπόκρισιν	N-ASF	N-ASF	612	ἀπόκρισις	ἀπόκρισιν	
John 1:22	δῶμεν	V-2AAS-1P	V-2AAS-1P	1325&5632	δίδωμι	δῶμεν	
John 1:22	τοῖς	T-DPM	T-DPM	3588	ὁ	τοῖς	
John 1:22	πέμψασιν	V-AAP-DPM	V-AAP-DPM	3992&5660	πέμπω	πέμψασιν	
John 1:22	ἡμᾶς·	P-1AP	P-1AP	1473	ἐγώ	ἡμᾶς	
John 1:22	τί	I-ASN	I-ASN	5101	τίς	τί	
John 1:22	λέγεις	V-PAI-2S	V-PAI-2S	3004&5719	λέγω	λέγεις	
John 1:22	περὶ	PREP	PREP	4012	περί	περί	
John 1:22	σεαυτοῦ;	F-2GSM	F-2GSM	4572	σεαυτοῦ	σεαυτοῦ	
John 1:23	ἔφη	V-IAI-3S	V-IAI-3S	5346&5707	φημί	ἔφη	
John 1:23	Ἐγὼ	P-1NS	P-1NS	1473	ἐγώ	Ἐγώ	
John 1:23	φωνὴ	N-NSF	N-NSF	5456	φωνή	φωνή	
John 1:23	βοῶντος	V-PAP-GSM	V-PAP-GSM	994&5723	βοάω	βοῶντος	
John 1:23	ἐν	PREP	PREP	1722	ἐν	ἐν	
John 1:23	τῇ	T-DSF	T-DSF	3588	ὁ	τῇ	
John 1:23	ἐρήμῳ	A-DSF	A-DSF	2048	ἔρημος	ἐρήμῳ	
John 1:23	Εὐθύνατε	V-AAM-2P	V-AAM-2P	2116&5657	εὐθύνω	Εὐθύνατε	
John 1:23	τὴν	T-ASF	T-ASF	3588	ὁ	τήν	
John 1:23	ὁδὸν	N-ASF	N-ASF	3598	ὁδός	ὁδόν	
John 1:23	Κυρίου,	N-GSM	N-GSM	2962	κύριος	Κυρίου	
John 1:23	καθὼς	ADV	ADV	2531	καθώς	καθώς	
John 1:23	εἶπεν	V-2AAI-3S	V-2AAI-3S	3004&5627	λέγω	εἶπεν	
John 1:23	Ἡσαΐας	N-NSM	N-NSM	2268	Ἠσαΐας	Ἡσαΐας	
John 1:23	ὁ	T-NSM	T-NSM	3588	ὁ	ὁ	
John 1:23	προφήτης.	N-NSM	N-NSM	4396	προφήτης	προφήτης	
John 1:24	Καὶ	CONJ	CONJ	2532	καί	Καί	
John 1:24	ἀπεσταλμένοι	V-RPP-NPM	V-RPP-NPM	649&5772	ἀποστέλλω	ἀπεσταλμένοι	
John 1:24	ἦσαν	V-IAI-3P	V-IAI-3P	1510&5707	εἰμί	ἦσαν	
John 1:24	ἐκ	PREP	PREP	1537	ἐκ	ἐκ	
John 1:24	τῶν	T-GPM	T-GPM	3588	ὁ	τῶν	
John 1:24	Φαρισαίων.	N-GPM	N-GPM	5330	Φαρισαῖος	Φαρισαίων	
John 1:25	καὶ	CONJ	CONJ	2532	καί	καί	
John 1:25	ἠρώτησαν	V-AAI-3P	V-AAI-3P	2065&5656	ἐρωτάω	ἠρώτησαν	
John 1:25	αὐτὸν	P-ASM	P-ASM	846	αὐτός	αὐτόν	
John 1:25	καὶ	CONJ	CONJ	2532	καί	καί	
John 1:25	εἶπαν	V-2AAI-3P	V-2AAI-3P	3004&5627	λέγω	εἶπαν	
John 1:25	αὐτῷ	P-DSM	P-DSM	846	αὐτός	αὐτῷ	
John 1:25	Τί	I-ASN	I-ASN	5101	τίς	Τί	
John 1:25	οὖν	CONJ	CONJ	3767	οὖν	οὖν	
John 1:25	βαπτίζεις	V-PAI-2S	V-PAI-2S	907&5719	βαπτίζω	βαπτίζεις	
John 1:25	εἰ	COND	COND	1487	εἰ	εἰ	
John 1:25	σὺ	P-2NS	P-2NS	4771	σύ	σύ	
John 1:25	οὐκ	PRT-N	PRT-N	3756	οὐ	οὐκ	
John 1:25	εἶ	V-PAI-2S	V-PAI-2S	1510&5719	εἰμί	εἶ	
John 1:25	ὁ	T-NSM	T-NSM	3588	ὁ	ὁ	
John 1:25	Χριστὸς	N-NSM	N-NSM	5547	Χριστός	Χριστός	
John 1:25	οὐδὲ	CONJ-N	CONJ-N	3761	οὐδέ	οὐδέ	
John 1:25	Ἡλείας	N-NSM	N-NSM	2243	Ἠλίας	Ἡλείας	
John 1:25	οὐδὲ	CONJ-N	CONJ-N	3761	οὐδέ	οὐδέ	
John 1:25	ὁ	T-NSM	T-NSM	3588	ὁ	ὁ	
John 1:25	προφήτης;	N-NSM	N-NSM	4396	προφήτης	προφήτης	
John 1:26	ἀπεκρίθη	V-ADI-3S	V-ADI-3S	611&5662	ἀποκρίνομαι	ἀπεκρίθη	
John 1:26	αὐτοῖς	P-DPM	P-DPM	846	αὐτός	αὐτοῖς	
John 1:26	ὁ	T-NSM	T-NSM	3588	ὁ	ὁ	
John 1:26	Ἰωάνης	N-NSM	N-NSM	2491	Ἰωάννης	Ἰωάνης	
John 1:26	λέγων	V-PAP-NSM	V-PAP-NSM	3004&5723	λέγω	λέγων	
John 1:26	Ἐγὼ	P-1NS	P-1NS	1473	ἐγώ	Ἐγώ	
John 1:26	βαπτίζω	V-PAI-1S	V-PAI-1S	907&5719	βαπτίζω	βαπτίζω	
John 1:26	ἐν	PREP	PREP	1722	ἐν	ἐν	
John 1:26	ὕδατι·	N-DSN	N-DSN	5204	ὕδωρ	ὕδατι	
John 1:26	μέσος	A-NSM	A-NSM	3319	μέσος	μέσος	
John 1:26	ὑμῶν	P-2GP	P-2GP	4771	σύ	ὑμῶν	
John 1:26	στήκει	V-PAI-3S	V-PAI-3S	4739&5719	στήκω	στήκει	
John 1:26	ὃν	R-ASM	R-ASM	3739	ὅς	ὅν	
John 1:26	ὑμεῖς	P-2NP	P-2NP	4771	σύ	ὑμεῖς	
John 1:26	οὐκ	PRT-N	PRT-N	3756	οὐ	οὐκ	
John 1:26	οἴδατε,	V-RAI-2P	V-RAI-2P	1492&5758	οἶδα	οἴδατε	
John 1:27	ὁ	T-NSM	T-NSM	3588	ὁ	ὁ	
John 1:27	ὀπίσω	ADV	ADV	3694	ὀπίσω	ὀπίσω	
John 1:27	μου	P-1GS	P-1GS	1473	ἐγώ	μου	
John 1:27	ἐρχόμενος,	V-PNP-NSM	V-PNP-NSM	2064&5740	ἔρχομαι	ἐρχόμενος	
John 1:27	οὗ	R-GSM	R-GSM	3739	ὅς	οὗ	
John 1:27	οὐκ	PRT-N	PRT-N	3756	οὐ	οὐκ	
John 1:27	εἰμὶ	V-PAI-1S	V-PAI-1S	1510&5719	εἰμί	εἰμί	
John 1:27	ἐγὼ	P-1NS	P-1NS	1473	ἐγώ	ἐγώ	
John 1:27	ἄξιος	A-NSM	A-NSM	514	ἄξιος	ἄξιος	
John 1:27	ἵνα	CONJ	CONJ	2443	ἵνα	ἵνα	
John 1:27	λύσω	V-AAS-1S	V-AAS-1S	3089&5661	λύω	λύσω	
John 1:27	αὐτοῦ	P-GSM	P-GSM	846	αὐτός	αὐτοῦ	
John 1:27	τὸν	T-ASM	T-ASM	3588	ὁ	τόν	
John 1:27	ἱμάντα	N-ASM	N-ASM	2438	ἱμάς	ἱμάντα	
John 1:27	τοῦ	T-GSN	T-GSN	3588	ὁ	τοῦ	
John 1:27	ὑποδήματος.	N-GSN	N-GSN	5266	ὑπόδημα	ὑποδήματος	
John 1:28	Ταῦτα	D-NPN	D-NPN	3778	οὗτος	Ταῦτα	
John 1:28	ἐν	PREP	PREP	1722	ἐν	ἐν	
John 1:28	Βηθανίᾳ	N-DSF	N-DSF	963	Βηθανία	Βηθανίᾳ	
John 1:28	ἐγένετο	V-2ADI-3S	V-2ADI-3S	1096&5633	γίνομαι	ἐγένετο	
John 1:28	πέραν	ADV	ADV	4008	πέραν	πέραν	
John 1:28	τοῦ	T-GSM	T-GSM	3588	ὁ	τοῦ	
John 1:28	Ἰορδάνου,	N-GSM	N-GSM	2446	Ἰορδάνης	Ἰορδάνου	
John 1:28	ὅπου	ADV	ADV	3699	ὅπου	ὅπου	
John 1:28	ἦν	V-IAI-3S	V-IAI-3S	1510&5707	εἰμί	ἦν	
John 1:28	ὁ	T-NSM	T-NSM	3588	ὁ	ὁ	
John 1:28	Ἰωάνης	N-NSM	N-NSM	2491	Ἰωάννης	Ἰωάνης	
John 1:28	βαπτίζων.	V-PAP-NSM	V-PAP-NSM	907&5723	βαπτίζω	βαπτίζων	
John 1:29	Τῇ	T-DSF	T-DSF	3588	ὁ	Τῇ	
John 1:29	ἐπαύριον	ADV	ADV	1887	ἐπαύριον	ἐπαύριον	
John 1:29	βλέπει	V-PAI-3S	V-PAI-3S	991&5719	βλέπω	βλέπει	
John 1:29	τὸν	T-ASM	T-ASM	3588	ὁ	τόν	
John 1:29	Ἰησοῦν	N-ASM	N-ASM	2424	Ἰησοῦς	Ἰησοῦν	
John 1:29	ἐρχόμενον	V-PNP-ASM	V-PNP-ASM	2064&5740	ἔρχομαι	ἐρχόμενον	
John 1:29	πρὸς	PREP	PREP	4314	πρός	πρός	
John 1:29	αὐτόν,	P-ASM	P-ASM	846	αὐτός	αὐτόν	
John 1:29	καὶ	CONJ	CONJ	2532	καί	καί	
John 1:29	λέγει	V-PAI-3S	V-PAI-3S	3004&5719	λέγω	λέγει	
John 1:29	Ἴδε	V-2AAM-2S	V-2AAM-2S	3708&5628	ὁράω	Ἴδε	
John 1:29	ὁ	T-NSM	T-NSM	3588	ὁ	ὁ	
John 1:29	Ἀμνὸς	N-NSM	N-NSM	286	ἀμνός	Ἀμνός	
John 1:29	τοῦ	T-GSM	T-GSM	3588	ὁ	τοῦ	
John 1:29	Θεοῦ	N-GSM	N-GSM	2316	θεός	Θεοῦ	
John 1:29	ὁ	T-NSM	T-NSM	3588	ὁ	ὁ	
John 1:29	αἴρων	V-PAP-NSM	V-PAP-NSM	142&5723	αἴρω	αἴρων	
John 1:29	τὴν	T-ASF	T-ASF	3588	ὁ	τήν	
John 1:29	ἁμαρτίαν	N-ASF	N-ASF	266	ἁμαρτία	ἁμαρτίαν	
John 1:29	τοῦ	T-GSM	T-GSM	3588	ὁ	τοῦ	
John 1:29	κόσμου.	N-GSM	N-GSM	2889	κόσμος	κόσμου	
John 1:30	οὗτός	D-NSM	D-NSM	3778	οὗτος	οὗτος	
John 1:30	ἐστιν	V-PAI-3S	V-PAI-3S	1510&5719	εἰμί	ἐστιν	
John 1:30	ὑπὲρ	PREP	PREP	5228	ὑπέρ	ὑπέρ	
John 1:30	οὗ	R-GSM	R-GSM	3739	ὅς	οὗ	
John 1:30	ἐγὼ	P-1NS	P-1NS	1473	ἐγώ	ἐγώ	
John 1:30	εἶπον	V-2AAI-1S	V-2AAI-1S	3004&5627	λέγω	εἶπον	
John 1:30	Ὀπίσω	ADV	ADV	3694	ὀπίσω	Ὀπίσω	
John 1:30	μου	P-1GS	P-1GS	1473	ἐγώ	μου	
John 1:30	ἔρχεται	V-PNI-3S	V-PNI-3S	2064&5736	ἔρχομαι	ἔρχεται	
John 1:30	ἀνὴρ	N-NSM	N-NSM	435	ἀνήρ	ἀνήρ	
John 1:30	ὃς	R-NSM	R-NSM	3739	ὅς	ὅς	
John 1:30	ἔμπροσθέν	PREP	PREP	1715	ἔμπροσθεν	ἔμπροσθεν	
John 1:30	μου	P-1GS	P-1GS	1473	ἐγώ	μου	
John 1:30	γέγονεν,	V-2RAI-3S	V-2RAI-3S	1096&5754	γίνομαι	γέγονεν	
John 1:30	ὅτι	CONJ	CONJ	3754	ὅτι	ὅτι	
John 1:30	πρῶτός	A-NSM-S	A-NSM-S	4413	πρῶτος	πρῶτος	
John 1:30	μου	P-1GS	P-1GS	1473	ἐγώ	μου	
John 1:30	ἦν.	V-IAI-3S	V-IAI-3S	1510&5707	εἰμί	ἦν	
John 1:31	κἀγὼ	P-1NS-K	P-1NS-K	2504	κἀγώ	κἀγώ	
John 1:31	οὐκ	PRT-N	PRT-N	3756	οὐ	οὐκ	
John 1:31	ᾔδειν	V-2LAI-1S	V-2LAI-1S	1492&5714	οἶδα	ᾔδειν	
John 1:31	αὐτόν,	P-ASM	P-ASM	846	αὐτός	αὐτόν	
John 1:31	ἀλλ’	CONJ	CONJ	235	ἀλλά	ἀλλ’	
John 1:31	ἵνα	CONJ	CONJ	2443	ἵνα	ἵνα	
John 1:31	φανερωθῇ	V-APS-3S	V-APS-3S	5319&5686	φανερόω	φανερωθῇ	
John 1:31	τῷ	T-DSM	T-DSM	3588	ὁ	τῷ	
John 1:31	Ἰσραὴλ,	N-PRI	N-PRI	2474	Ἰσραήλ	Ἰσραήλ	
John 1:31	διὰ	PREP	PREP	1223	διά	διά	
John 1:31	τοῦτο	D-ASN	D-ASN	3778	οὗτος	τοῦτο	
John 1:31	ἦλθον	V-2AAI-1S	V-2AAI-1S	2064&5627	ἔρχομαι	ἦλθον	
John 1:31	ἐγὼ	P-1NS	P-1NS	1473	ἐγώ	ἐγώ	
John 1:31	ἐν	PREP	PREP	1722	ἐν	ἐν	
John 1:31	ὕδατι	N-DSN	N-DSN	5204	ὕδωρ	ὕδατι	
John 1:31	βαπτίζων.	V-PAP-NSM	V-PAP-NSM	907&5723	βαπτίζω	βαπτίζων	
John 1:32	Καὶ	CONJ	CONJ	2532	καί	Καί	
John 1:32	ἐμαρτύρησεν	V-AAI-3S	V-AAI-3S	3140&5656	μαρτυρέω	ἐμαρτύρησεν	
John 1:32	Ἰωάνης	N-NSM	N-NSM	2491	Ἰωάννης	Ἰωάνης	
John 1:32	λέγων	V-PAP-NSM	V-PAP-NSM	3004&5723	λέγω	λέγων	
John 1:32	ὅτι	CONJ	CONJ	3754	ὅτι	ὅτι	
John 1:32	Τεθέαμαι	V-RNI-1S	V-RNI-1S	2300&5766	θεάομαι	Τεθέαμαι	
John 1:32	τὸ	T-ASN	T-ASN	3588	ὁ	τό	
John 1:32	Πνεῦμα	N-ASN	N-ASN	4151	πνεῦμα	Πνεῦμα	
John 1:32	καταβαῖνον	V-PAP-ASN	V-PAP-ASN	2597&5723	καταβαίνω	καταβαῖνον	
John 1:32	ὡς	ADV	ADV	5613	ὡς	ὡς	
John 1:32	περιστερὰν	N-ASF	N-ASF	4058	περιστερά	περιστεράν	
John 1:32	ἐξ	PREP	PREP	1537	ἐκ	ἐξ	
John 1:32	οὐρανοῦ,	N-GSM	N-GSM	3772	οὐρανός	οὐρανοῦ	
John 1:32	καὶ	CONJ	CONJ	2532	καί	καί	
John 1:32	ἔμεινεν	V-AAI-3S	V-AAI-3S	3306&5656	μένω	ἔμεινεν	
John 1:32	ἐπ’	PREP	PREP	1909	ἐπί	ἐπ’	
John 1:32	αὐτόν.	P-ASM	P-ASM	846	αὐτός	αὐτόν	
John 1:33	κἀγὼ	P-1NS-K	P-1NS-K	2504	κἀγώ	κἀγώ	
John 1:33	οὐκ	PRT-N	PRT-N	3756	οὐ	οὐκ	
John 1:33	ᾔδειν	V-2LAI-1S	V-2LAI-1S	1492&5714	οἶδα	ᾔδειν	
John 1:33	αὐτόν,	P-ASM	P-ASM	846	αὐτός	αὐτόν	
John 1:33	ἀλλ’	CONJ	CONJ	235	ἀλλά	ἀλλ’	
John 1:33	ὁ	T-NSM	T-NSM	3588	ὁ	ὁ	
John 1:33	πέμψας	V-AAP-NSM	V-AAP-NSM	3992&5660	πέμπω	πέμψας	
John 1:33	με	P-1AS	P-1AS	1473	ἐγώ	με	
John 1:33	βαπτίζειν	V-PAN	V-PAN	907&5721	βαπτίζω	βαπτίζειν	
John 1:33	ἐν	PREP	PREP	1722	ἐν	ἐν	
John 1:33	ὕδατι	N-DSN	N-DSN	5204	ὕδωρ	ὕδατι	
John 1:33	ἐκεῖνός	D-NSM	D-NSM	1565	ἐκεῖνος	ἐκεῖνος	
John 1:33	μοι	P-1DS	P-1DS	1473	ἐγώ	μοι	
John 1:33	εἶπεν	V-2AAI-3S	V-2AAI-3S	3004&5627	λέγω	εἶπεν	
John 1:33	Ἐφ’	PREP	PREP	1909	ἐπί	Ἐφ’	
John 1:33	ὃν	R-ASM	R-ASM	3739	ὅς	ὅν	
John 1:33	ἂν	PRT	PRT	302	ἄν	ἄν	
John 1:33	ἴδῃς	V-2AAS-2S	V-2AAS-2S	3708&5632	ὁράω	ἴδῃς	
John 1:33	τὸ	T-ASN	T-ASN	3588	ὁ	τό	
John 1:33	Πνεῦμα	N-ASN	N-ASN	4151	πνεῦμα	Πνεῦμα	
John 1:33	καταβαῖνον	V-PAP-ASN	V-PAP-ASN	2597&5723	καταβαίνω	καταβαῖνον	
John 1:33	καὶ	CONJ	CONJ	2532	καί	καί	
John 1:33	μένον	V-PAP-ASN	V-PAP-ASN	3306&5723	μένω	μένον	
John 1:33	ἐπ’	PREP	PREP	1909	ἐπί	ἐπ’	
John 1:33	αὐτόν,	P-ASM	P-ASM	846	αὐτός	αὐτόν	
John 1:33	οὗτός	D-NSM	D-NSM	3778	οὗτος	οὗτος	
John 1:33	ἐστιν	V-PAI-3S	V-PAI-3S	1510&5719	εἰμί	ἐστιν	
John 1:33	ὁ	T-NSM	T-NSM	3588	ὁ	ὁ	
John 1:33	βαπτίζων	V-PAP-NSM	V-PAP-NSM	907&5723	βαπτίζω	βαπτίζων	
John 1:33	ἐν	PREP	PREP	1722	ἐν	ἐν	
John 1:33	Πνεύματι	N-DSN	N-DSN	4151	πνεῦμα	Πνεύματι	
John 1:33	Ἁγίῳ.	A-DSN	A-DSN	40	ἅγιος	Ἁγίῳ	
John 1:34	κἀγὼ	P-1NS-K	P-1NS-K	2504	κἀγώ	κἀγώ	
John 1:34	ἑώρακα,	V-RAI-1S-ATT	V-RAI-1S-ATT	3708&5758	ὁράω	ἑώρακα	
John 1:34	καὶ	CONJ	CONJ	2532	καί	καί	
John 1:34	μεμαρτύρηκα	V-RAI-1S	V-RAI-1S	3140&5758	μαρτυρέω	μεμαρτύρηκα	
John 1:34	ὅτι	CONJ	CONJ	3754	ὅτι	ὅτι	
John 1:34	οὗτός	D-NSM	D-NSM	3778	οὗτος	οὗτος	
John 1:34	ἐστιν	V-PAI-3S	V-PAI-3S	1510&5719	εἰμί	ἐστιν	
John 1:34	ὁ	T-NSM	T-NSM	3588	ὁ	ὁ	
John 1:34	Υἱὸς	N-NSM	N-NSM	5207	υἱός	Υἱός	
John 1:34	τοῦ	T-GSM	T-GSM	3588	ὁ	τοῦ	
John 1:34	Θεοῦ.	N-GSM	N-GSM	2316	θεός	Θεοῦ	
John 1:35	Τῇ	T-DSF	T-DSF	3588	ὁ	Τῇ	
John 1:35	ἐπαύριον	ADV	ADV	1887	ἐπαύριον	ἐπαύριον	
John 1:35	πάλιν	ADV	ADV	3825	πάλιν	πάλιν	
John 1:35	εἱστήκει	V-LAI-3S	V-LAI-3S	2476&5715	ἵστημι	εἱστήκει	
John 1:35	ὁ	T-NSM	T-NSM	3588	ὁ	ὁ	
John 1:35	Ἰωάνης	N-NSM	N-NSM	2491	Ἰωάννης	Ἰωάνης	
John 1:35	καὶ	CONJ	CONJ	2532	καί	καί	
John 1:35	ἐκ	PREP	PREP	1537	ἐκ	ἐκ	
John 1:35	τῶν	T-GPM	T-GPM	3588	ὁ	τῶν	
John 1:35	μαθητῶν	N-GPM	N-GPM	3101	μαθητής	μαθητῶν	
John 1:35	αὐτοῦ	P-GSM	P-GSM	846	αὐτός	αὐτοῦ	
John 1:35	δύο,	A-NUI	A-NUI	1417	δύο	δύο	
John 1:36	καὶ	CONJ	CONJ	2532	καί	καί	
John 1:36	ἐμβλέψας	V-AAP-NSM	V-AAP-NSM	1689&5660	ἐμβλέπω	ἐμβλέψας	
John 1:36	τῷ	T-DSM	T-DSM	3588	ὁ	τῷ	
John 1:36	Ἰησοῦ	N-DSM	N-DSM	2424	Ἰησοῦς	Ἰησοῦ	
John 1:36	περιπατοῦντι	V-PAP-DSM	V-PAP-DSM	4043&5723	περιπατέω	περιπατοῦντι	
John 1:36	λέγει	V-PAI-3S	V-PAI-3S	3004&5719	λέγω	λέγει	
John 1:36	Ἴδε	V-2AAM-2S	V-2AAM-2S	3708&5628	ὁράω	Ἴδε	
John 1:36	ὁ	T-NSM	T-NSM	3588	ὁ	ὁ	
John 1:36	Ἀμνὸς	N-NSM	N-NSM	286	ἀμνός	Ἀμνός	
John 1:36	τοῦ	T-GSM	T-GSM	3588	ὁ	τοῦ	
John 1:36	Θεοῦ.	N-GSM	N-GSM	2316	θεός	Θεοῦ	
John 1:37	καὶ	CONJ	CONJ	2532	καί	καί	
John 1:37	ἤκουσαν	V-AAI-3P	V-AAI-3P	191&5656	ἀκούω	ἤκουσαν	
John 1:37	οἱ	T-NPM	T-NPM	3588	ὁ	οἱ	
John 1:37	δύο	A-NUI	A-NUI	1417	δύο	δύο	
John 1:37	μαθηταὶ	N-NPM	N-NPM	3101	μαθητής	μαθηταί	
John 1:37	αὐτοῦ	P-GSM	P-GSM	846	αὐτός	αὐτοῦ	
John 1:37	λαλοῦντος	V-PAP-GSM	V-PAP-GSM	2980&5723	λαλέω	λαλοῦντος	
John 1:37	καὶ	CONJ	CONJ	2532	καί	καί	
John 1:37	ἠκολούθησαν	V-AAI-3P	V-AAI-3P	190&5656	ἀκολουθέω	ἠκολούθησαν	
John 1:37	τῷ	T-DSM	T-DSM	3588	ὁ	τῷ	
John 1:37	Ἰησοῦ.	N-DSM	N-DSM	2424	Ἰησοῦς	Ἰησοῦ	
John 1:38	στραφεὶς	V-2APP-NSM	V-2APP-NSM	4762&5651	στρέφω	στραφείς	
John 1:38	δὲ	CONJ	CONJ	1161	δέ	δέ	
John 1:38	ὁ	T-NSM	T-NSM	3588	ὁ	ὁ	
John 1:38	Ἰησοῦς	N-NSM	N-NSM	2424	Ἰησοῦς	Ἰησοῦς	
John 1:38	καὶ	CONJ	CONJ	2532	καί	καί	
John 1:38	θεασάμενος	V-ADP-NSM	V-ADP-NSM	2300&5666	θεάομαι	θεασάμενος	
John 1:38	αὐτοὺς	P-APM	P-APM	846	αὐτός	αὐτούς	
John 1:38	ἀκολουθοῦντας	V-PAP-APM	V-PAP-APM	190&5723	ἀκολουθέω	ἀκολουθοῦντας	
John 1:38	λέγει	V-PAI-3S	V-PAI-3S	3004&5719	λέγω	λέγει	
John 1:38	αὐτοῖς	P-DPM	P-DPM	846	αὐτός	αὐτοῖς	
John 1:38	Τί	I-ASN	I-ASN	5101	τίς	Τί	
John 1:38	ζητεῖτε;	V-PAI-2P	V-PAI-2P	2212&5719	ζητέω	ζητεῖτε	
John 1:38	οἱ	T-NPM	T-NPM	3588	ὁ	οἱ	
John 1:38	δὲ	CONJ	CONJ	1161	δέ	δέ	
John 1:38	εἶπαν	V-2AAI-3P	V-2AAI-3P	3004&5627	λέγω	εἶπαν	
John 1:38	αὐτῷ	P-DSM	P-DSM	846	αὐτός	αὐτῷ	
John 1:38	Ῥαββεί,	HEB	HEB	4461	ῥαββί	Ῥαββεί	
John 1:38	(ὃ	R-NSN	R-NSN	3739	ὅς	ὅ	
John 1:38	λέγεται	V-PPI-3S	V-PEI-3S	3004&5743	λέγω	λέγεται	
John 1:38	μεθερμηνευόμενον	V-PPP-NSN	V-PEP-NSN	3177&5746	μεθερμηνεύω	μεθερμηνευόμενον	
John 1:38	Διδάσκαλε,)	N-VSM	N-VSM	1320	διδάσκαλος	Διδάσκαλε	
John 1:38	ποῦ	ADV-I	ADV-I	4226	ποῦ	ποῦ	
John 1:38	μένεις;	V-PAI-2S	V-PAI-2S	3306&5719	μένω	μένεις	
John 1:39	λέγει	V-PAI-3S	V-PAI-3S	3004&5719	λέγω	λέγει	
John 1:39	αὐτοῖς	P-DPM	P-DPM	846	αὐτός	αὐτοῖς	
John 1:39	Ἔρχεσθε	V-PNM-2P	V-PNM-2P	2064&5737	ἔρχομαι	Ἔρχεσθε	
John 1:39	καὶ	CONJ	CONJ	2532	καί	καί	
John 1:39	ὄψεσθε.	V-FDI-2P	V-FDI-2P	3708&5695	ὁράω	ὄψεσθε	
John 1:39	ἦλθαν	V-2AAI-3P	V-2AAI-3P	2064&5627	ἔρχομαι	ἦλθαν	
John 1:39	οὖν	CONJ	CONJ	3767	οὖν	οὖν	
John 1:39	καὶ	CONJ	CONJ	2532	καί	καί	
John 1:39	εἶδαν	V-2AAI-3P	V-2AAI-3P	3708&5627	ὁράω	εἶδαν	
John 1:39	ποῦ	ADV	ADV	4225	πού	ποῦ	
John 1:39	μένει,	V-PAI-3S	V-PAI-3S	3306&5719	μένω	μένει	
John 1:39	καὶ	CONJ	CONJ	2532	καί	καί	
John 1:39	παρ’	PREP	PREP	3844	παρά	παρ’	
John 1:39	αὐτῷ	P-DSM	P-DSM	846	αὐτός	αὐτῷ	
John 1:39	ἔμειναν	V-AAI-3P	V-AAI-3P	3306&5656	μένω	ἔμειναν	
John 1:39	τὴν	T-ASF	T-ASF	3588	ὁ	τήν	
John 1:39	ἡμέραν	N-ASF	N-ASF	2250	ἡμέρα	ἡμέραν	
John 1:39	ἐκείνην·	D-ASF	D-ASF	1565	ἐκεῖνος	ἐκείνην	
John 1:39	ὥρα	N-NSF	N-NSF	5610	ὥρα	ὥρα	
John 1:39	ἦν	V-IAI-3S	V-IAI-3S	1510&5707	εἰμί	ἦν	
John 1:39	ὡς	ADV	ADV	5613	ὡς	ὡς	
John 1:39	δεκάτη.	A-NSF	A-NSF	1182	δέκατος	δεκάτη	
John 1:40	Ἦν	V-IAI-3S	V-IAI-3S	1510&5707	εἰμί	Ἦν	
John 1:40	Ἀνδρέας	N-NSM	N-NSM	406	Ἀνδρέας	Ἀνδρέας	
John 1:40	ὁ	T-NSM	T-NSM	3588	ὁ	ὁ	
John 1:40	ἀδελφὸς	N-NSM	N-NSM	80	ἀδελφός	ἀδελφός	
John 1:40	Σίμωνος	N-GSM	N-GSM	4613	Σίμων	Σίμωνος	
John 1:40	Πέτρου	N-GSM	N-GSM	4074	Πέτρος	Πέτρου	
John 1:40	εἷς	A-NSM	A-NSM	1520	εἷς	εἷς	
John 1:40	ἐκ	PREP	PREP	1537	ἐκ	ἐκ	
John 1:40	τῶν	T-GPM	T-GPM	3588	ὁ	τῶν	
John 1:40	δύο	A-NUI	A-NUI	1417	δύο	δύο	
John 1:40	τῶν	T-GPM	T-GPM	3588	ὁ	τῶν	
John 1:40	ἀκουσάντων	V-AAP-GPM	V-AAP-GPM	191&5660	ἀκούω	ἀκουσάντων	
John 1:40	παρὰ	PREP	PREP	3844	παρά	παρά	
John 1:40	Ἰωάνου	N-GSM	N-GSM	2491	Ἰωάννης	Ἰωάνου	
John 1:40	καὶ	CONJ	CONJ	2532	καί	καί	
John 1:40	ἀκολουθησάντων	V-AAP-GPM	V-AAP-GPM	190&5660	ἀκολουθέω	ἀκολουθησάντων	
John 1:40	αὐτῷ·	P-DSM	P-DSM	846	αὐτός	αὐτῷ	
John 1:41	εὑρίσκει	V-PAI-3S	V-PAI-3S	2147&5719	εὑρίσκω	εὑρίσκει	
John 1:41	οὗτος	D-NSM	D-NSM	3778	οὗτος	οὗτος	
John 1:41	πρῶτον	ADV-S	ADV-S	4412	πρῶτος	πρῶτον	
John 1:41	τὸν	T-ASM	T-ASM	3588	ὁ	τόν	
John 1:41	ἀδελφὸν	N-ASM	N-ASM	80	ἀδελφός	ἀδελφόν	
John 1:41	τὸν	T-ASM	T-ASM	3588	ὁ	τόν	
John 1:41	ἴδιον	A-ASM	A-ASM	2398	ἴδιος	ἴδιον	
John 1:41	Σίμωνα	N-ASM	N-ASM	4613	Σίμων	Σίμωνα	
John 1:41	καὶ	CONJ	CONJ	2532	καί	καί	
John 1:41	λέγει	V-PAI-3S	V-PAI-3S	3004&5719	λέγω	λέγει	
John 1:41	αὐτῷ	P-DSM	P-DSM	846	αὐτός	αὐτῷ	
John 1:41	Εὑρήκαμεν	V-RAI-1P	V-RAI-1P	2147&5758	εὑρίσκω	Εὑρήκαμεν	
John 1:41	τὸν	T-ASM	T-ASM	3588	ὁ	τόν	
John 1:41	Μεσσίαν	N-ASM	N-ASM	3323	Μεσσίας	Μεσσίαν	
John 1:41	(ὅ	R-NSN	R-NSN	3739	ὅς	ὅ	
John 1:41	ἐστιν	V-PAI-3S	V-PAI-3S	1510&5719	εἰμί	ἐστιν	
John 1:41	μεθερμηνευόμενον	V-PPP-NSN	V-PEP-NSN	3177&5746	μεθερμηνεύω	μεθερμηνευόμενον	
John 1:41	Χριστός).	N-NSM	N-NSM	5547	Χριστός	Χριστός	
John 1:42	ἤγαγεν	V-2AAI-3S	V-2AAI-3S	71&5627	ἄγω	ἤγαγεν	
John 1:42	αὐτὸν	P-ASM	P-ASM	846	αὐτός	αὐτόν	
John 1:42	πρὸς	PREP	PREP	4314	πρός	πρός	
John 1:42	τὸν	T-ASM	T-ASM	3588	ὁ	τόν	
John 1:42	Ἰησοῦν.	N-ASM	N-ASM	2424	Ἰησοῦς	Ἰησοῦν	
John 1:42	ἐμβλέψας	V-AAP-NSM	V-AAP-NSM	1689&5660	ἐμβλέπω	ἐμβλέψας	
John 1:42	αὐτῷ	P-DSM	P-DSM	846	αὐτός	αὐτῷ	
John 1:42	ὁ	T-NSM	T-NSM	3588	ὁ	ὁ	
John 1:42	Ἰησοῦς	N-NSM	N-NSM	2424	Ἰησοῦς	Ἰησοῦς	
John 1:42	εἶπεν	V-2AAI-3S	V-2AAI-3S	3004&5627	λέγω	εἶπεν	
John 1:42	Σὺ	P-2NS	P-2NS	4771	σύ	Σύ	
John 1:42	εἶ	V-PAI-2S	V-PAI-2S	1510&5719	εἰμί	εἶ	
John 1:42	Σίμων	N-NSM	N-NSM	4613	Σίμων	Σίμων	
John 1:42	ὁ	T-NSM	T-NSM	3588	ὁ	ὁ	
John 1:42	υἱὸς	N-NSM	N-NSM	5207	υἱός	υἱός	
John 1:42	Ἰωάνου,	N-GSM	N-GSM	2491	Ἰωάννης	Ἰωάνου	
John 1:42	σὺ	P-2NS	P-2NS	4771	σύ	σύ	
John 1:42	κληθήσῃ	V-FPI-2S	V-FPI-2S	2564&5701	καλέω	κληθήσῃ	
John 1:42	Κηφᾶς	N-NSM	N-NSM	2786	Κηφᾶς	Κηφᾶς	
John 1:42	(ὃ	R-NSN	R-NSN	3739	ὅς	ὅ	
John 1:42	ἑρμηνεύεται	V-PPI-3S	V-PEI-3S	2059&5743	ἑρμηνεύω	ἑρμηνεύεται	
John 1:42	Πέτρος).	N-NSM	N-NSM	4074	Πέτρος	Πέτρος	
John 1:43	Τῇ	T-DSF	T-DSF	3588	ὁ	Τῇ	
John 1:43	ἐπαύριον	ADV	ADV	1887	ἐπαύριον	ἐπαύριον	
John 1:43	ἠθέλησεν	V-AAI-3S	V-AAI-3S	2309&5656	θέλω	ἠθέλησεν	
John 1:43	ἐξελθεῖν	V-2AAN	V-2AAN	1831&5629	ἐξέρχομαι	ἐξελθεῖν	
John 1:43	εἰς	PREP	PREP	1519	εἰς	εἰς	
John 1:43	τὴν	T-ASF	T-ASF	3588	ὁ	τήν	
John 1:43	Γαλιλαίαν.	N-ASF	N-ASF	1056	Γαλιλαία	Γαλιλαίαν	
John 1:43	καὶ	CONJ	CONJ	2532	καί	καί	
John 1:43	εὑρίσκει	V-PAI-3S	V-PAI-3S	2147&5719	εὑρίσκω	εὑρίσκει	
John 1:43	Φίλιππον.	N-ASM	N-ASM	5376	Φίλιππος	Φίλιππον	
John 1:43	καὶ	CONJ	CONJ	2532	καί	καί	
John 1:43	λέγει	V-PAI-3S	V-PAI-3S	3004&5719	λέγω	λέγει	
John 1:43	αὐτῷ	P-DSM	P-DSM	846	αὐτός	αὐτῷ	
John 1:43	ὁ	T-NSM	T-NSM	3588	ὁ	ὁ	
John 1:43	Ἰησοῦς	N-NSM	N-NSM	2424	Ἰησοῦς	Ἰησοῦς	
John 1:43	Ἀκολούθει	V-PAM-2S	V-PAM-2S	190&5720	ἀκολουθέω	Ἀκολούθει	
John 1:43	μοι.	P-1DS	P-1DS	1473	ἐγώ	μοι	
John 1:44	ἦν	V-IAI-3S	V-IAI-3S	1510&5707	εἰμί	ἦν	
John 1:44	δὲ	CONJ	CONJ	1161	δέ	δέ	
John 1:44	ὁ	T-NSM	T-NSM	3588	ὁ	ὁ	
John 1:44	Φίλιππος	N-NSM	N-NSM	5376	Φίλιππος	Φίλιππος	
John 1:44	ἀπὸ	PREP	PREP	575	ἀπό	ἀπό	
John 1:44	Βηθσαϊδά,	N-PRI	N-PRI	966	Βηθσαϊδά	Βηθσαϊδά	
John 1:44	ἐκ	PREP	PREP	1537	ἐκ	ἐκ	
John 1:44	τῆς	T-GSF	T-GSF	3588	ὁ	τῆς	
John 1:44	πόλεως	N-GSF	N-GSF	4172	πόλις	πόλεως	
John 1:44	Ἀνδρέου	N-GSM	N-GSM	406	Ἀνδρέας	Ἀνδρέου	
John 1:44	καὶ	CONJ	CONJ	2532	καί	καί	
John 1:44	Πέτρου.	N-GSM	N-GSM	4074	Πέτρος	Πέτρου	
John 1:45	εὑρίσκει	V-PAI-3S	V-PAI-3S	2147&5719	εὑρίσκω	εὑρίσκει	
John 1:45	Φίλιππος	N-NSM	N-NSM	5376	Φίλιππος	Φίλιππος	
John 1:45	τὸν	T-ASM	T-ASM	3588	ὁ	τόν	
John 1:45	Ναθαναὴλ	N-PRI	N-PRI	3482	Ναθαναήλ	Ναθαναήλ	
John 1:45	καὶ	CONJ	CONJ	2532	καί	καί	
John 1:45	λέγει	V-PAI-3S	V-PAI-3S	3004&5719	λέγω	λέγει	
John 1:45	αὐτῷ	P-DSM	P-DSM	846	αὐτός	αὐτῷ	
John 1:45	Ὃν	R-ASM	R-ASM	3739	ὅς	Ὅν	
John 1:45	ἔγραψεν	V-AAI-3S	V-AAI-3S	1125&5656	γράφω	ἔγραψεν	
John 1:45	Μωϋσῆς	N-NSM	N-NSM	3475	Μωϋσῆς	Μωϋσῆς	
John 1:45	ἐν	PREP	PREP	1722	ἐν	ἐν	
John 1:45	τῷ	T-DSM	T-DSM	3588	ὁ	τῷ	
John 1:45	νόμῳ	N-DSM	N-DSM	3551	νόμος	νόμῳ	
John 1:45	καὶ	CONJ	CONJ	2532	καί	καί	
John 1:45	οἱ	T-NPM	T-NPM	3588	ὁ	οἱ	
John 1:45	προφῆται	N-NPM	N-NPM	4396	προφήτης	προφῆται	
John 1:45	εὑρήκαμεν,	V-RAI-1P	V-RAI-1P	2147&5758	εὑρίσκω	εὑρήκαμεν	
John 1:45	Ἰησοῦν	N-ASM	N-ASM	2424	Ἰησοῦς	Ἰησοῦν	
John 1:45	υἱὸν	N-ASM	N-ASM	5207	υἱός	υἱόν	
John 1:45	τοῦ	T-GSM	T-GSM	3588	ὁ	τοῦ	
John 1:45	Ἰωσὴφ	N-PRI	N-PRI	2501	Ἰωσήφ	Ἰωσήφ	
John 1:45	τὸν	T-ASM	T-ASM	3588	ὁ	τόν	
John 1:45	ἀπὸ	PREP	PREP	575	ἀπό	ἀπό	
John 1:45	Ναζαρέτ.	N-PRI	N-PRI	3478	Ναζαρά	Ναζαρέτ	
John 1:46	καὶ	CONJ	CONJ	2532	καί	καί	
John 1:46	εἶπεν	V-2AAI-3S	V-2AAI-3S	3004&5627	λέγω	εἶπεν	
John 1:46	αὐτῷ	P-DSM	P-DSM	846	αὐτός	αὐτῷ	
John 1:46	Ναθαναήλ	N-PRI	N-PRI	3482	Ναθαναήλ	Ναθαναήλ	
John 1:46	Ἐκ	PREP	PREP	1537	ἐκ	Ἐκ	
John 1:46	Ναζαρὲτ	N-PRI	N-PRI	3478	Ναζαρά	Ναζαρέτ	
John 1:46	δύναταί	V-PNI-3S	V-PNI-3S	1410&5736	δύναμαι	δύναται	
John 1:46	τι	X-NSN	X-NSN	5100	τὶς	τι	
John 1:46	ἀγαθὸν	A-NSN	A-NSN	18	ἀγαθός	ἀγαθόν	
John 1:46	εἶναι;	V-PAN	V-PAN	1510&5721	εἰμί	εἶναι	
John 1:46	λέγει	V-PAI-3S	V-PAI-3S	3004&5719	λέγω	λέγει	
John 1:46	αὐτῷ	P-DSM	P-DSM	846	αὐτός	αὐτῷ	
John 1:46	ὁ	T-NSM	T-NSM	3588	ὁ	ὁ	
John 1:46	Φίλιππος	N-NSM	N-NSM	5376	Φίλιππος	Φίλιππος	
John 1:46	Ἔρχου	V-PNM-2S	V-PNM-2S	2064&5737	ἔρχομαι	Ἔρχου	
John 1:46	καὶ	CONJ	CONJ	2532	καί	καί	
John 1:46	ἴδε.	V-2AAM-2S	V-2AAM-2S	3708&5628	ὁράω	ἴδε	
John 1:47	εἶδεν	V-2AAI-3S	V-2AAI-3S	3708&5627	ὁράω	εἶδεν	
John 1:47	Ἰησοῦς	N-NSM	N-NSM	2424	Ἰησοῦς	Ἰησοῦς	
John 1:47	τὸν	T-ASM	T-ASM	3588	ὁ	τόν	
John 1:47	Ναθαναὴλ	N-PRI	N-PRI	3482	Ναθαναήλ	Ναθαναήλ	
John 1:47	ἐρχόμενον	V-PNP-ASM	V-PNP-ASM	2064&5740	ἔρχομαι	ἐρχόμενον	
John 1:47	πρὸς	PREP	PREP	4314	πρός	πρός	
John 1:47	αὐτὸν	P-ASM	P-ASM	846	αὐτός	αὐτόν	
John 1:47	καὶ	CONJ	CONJ	2532	καί	καί	
John 1:47	λέγει	V-PAI-3S	V-PAI-3S	3004&5719	λέγω	λέγει	
John 1:47	περὶ	PREP	PREP	4012	περί	περί	
John 1:47	αὐτοῦ	P-GSM	P-GSM	846	αὐτός	αὐτοῦ	
John 1:47	Ἴδε	V-2AAM-2S	V-2AAM-2S	3708&5628	ὁράω	Ἴδε	
John 1:47	ἀληθῶς	ADV	ADV	230	ἀληθῶς	ἀληθῶς	
John 1:47	Ἰσραηλείτης,	N-NSM	N-NSM	2475	Ἰσραηλίτης	Ἰσραηλείτης	
John 1:47	ἐν	PREP	PREP	1722	ἐν	ἐν	
John 1:47	ᾧ	R-DSM	R-DSM	3739	ὅς	ᾧ	
John 1:47	δόλος	N-NSM	N-NSM	1388	δόλος	δόλος	
John 1:47	οὐκ	PRT-N	PRT-N	3756	οὐ	οὐκ	
John 1:47	ἔστιν.	V-PAI-3S	V-PAI-3S	1510&5719	εἰμί	ἔστιν	
John 1:48	λέγει	V-PAI-3S	V-PAI-3S	3004&5719	λέγω	λέγει	
John 1:48	αὐτῷ	P-DSM	P-DSM	846	αὐτός	αὐτῷ	
John 1:48	Ναθαναήλ	N-PRI	N-PRI	3482	Ναθαναήλ	Ναθαναήλ	
John 1:48	Πόθεν	ADV-I	ADV-I	4159	πόθεν	Πόθεν	
John 1:48	με	P-1AS	P-1AS	1473	ἐγώ	με	
John 1:48	γινώσκεις;	V-PAI-2S	V-PAI-2S	1097&5719	γινώσκω	γινώσκεις	
John 1:48	ἀπεκρίθη	V-ADI-3S	V-ADI-3S	611&5662	ἀποκρίνομαι	ἀπεκρίθη	
John 1:48	Ἰησοῦς	N-NSM	N-NSM	2424	Ἰησοῦς	Ἰησοῦς	
John 1:48	καὶ	CONJ	CONJ	2532	καί	καί	
John 1:48	εἶπεν	V-2AAI-3S	V-2AAI-3S	3004&5627	λέγω	εἶπεν	
John 1:48	αὐτῷ	P-DSM	P-DSM	846	αὐτός	αὐτῷ	
John 1:48	Πρὸ	PREP	PREP	4253	πρό	Πρό	
John 1:48	τοῦ	T-GSN	T-GSN	3588	ὁ	τοῦ	
John 1:48	σε	P-2AS	P-2AS	4771	σύ	σε	
John 1:48	Φίλιππον	N-ASM	N-ASM	5376	Φίλιππος	Φίλιππον	
John 1:48	φωνῆσαι	V-AAN	V-AAN	5455&5658	φωνέω	φωνῆσαι	
John 1:48	ὄντα	V-PAP-ASM	V-PAP-ASM	1510&5723	εἰμί	ὄντα	
John 1:48	ὑπὸ	PREP	PREP	5259	ὑπό	ὑπό	
John 1:48	τὴν	T-ASF	T-ASF	3588	ὁ	τήν	
John 1:48	συκῆν	N-ASF	N-ASF	4808	συκῆ	συκῆν	
John 1:48	εἶδόν	V-2AAI-1S	V-2AAI-1S	3708&5627	ὁράω	εἶδον	
John 1:48	σε.	P-2AS	P-2AS	4771	σύ	σε	
John 1:49	ἀπεκρίθη	V-ADI-3S	V-ADI-3S	611&5662	ἀποκρίνομαι	ἀπεκρίθη	
John 1:49	αὐτῷ	P-DSM	P-DSM	846	αὐτός	αὐτῷ	
John 1:49	Ναθαναήλ	N-PRI	N-PRI	3482	Ναθαναήλ	Ναθαναήλ	
John 1:49	Ῥαββεί,	HEB	HEB	4461	ῥαββί	Ῥαββεί	
John 1:49	σὺ	P-2NS	P-2NS	4771	σύ	σύ	
John 1:49	εἶ	V-PAI-2S	V-PAI-2S	1510&5719	εἰμί	εἶ	
John 1:49	ὁ	T-NSM	T-NSM	3588	ὁ	ὁ	
John 1:49	Υἱὸς	N-NSM	N-NSM	5207	υἱός	Υἱός	
John 1:49	τοῦ	T-GSM	T-GSM	3588	ὁ	τοῦ	
John 1:49	Θεοῦ,	N-GSM	N-GSM	2316	θεός	Θεοῦ	
John 1:49	σὺ	P-2NS	P-2NS	4771	σύ	σύ	
John 1:49	Βασιλεὺς	N-NSM	N-NSM	935	βασιλεύς	Βασιλεύς	
John 1:49	εἶ	V-PAI-2S	V-PAI-2S	1510&5719	εἰμί	εἶ	
John 1:49	τοῦ	T-GSM	T-GSM	3588	ὁ	τοῦ	
John 1:49	Ἰσραήλ.	N-PRI	N-PRI	2474	Ἰσραήλ	Ἰσραήλ	
John 1:50	ἀπεκρίθη	V-ADI-3S	V-ADI-3S	611&5662	ἀποκρίνομαι	ἀπεκρίθη	
John 1:50	Ἰησοῦς	N-NSM	N-NSM	2424	Ἰησοῦς	Ἰησοῦς	
John 1:50	καὶ	CONJ	CONJ	2532	καί	καί	
John 1:50	εἶπεν	V-2AAI-3S	V-2AAI-3S	3004&5627	λέγω	εἶπεν	
John 1:50	αὐτῷ	P-DSM	P-DSM	846	αὐτός	αὐτῷ	
John 1:50	Ὅτι	CONJ	CONJ	3754	ὅτι	Ὅτι	
John 1:50	εἶπόν	V-2AAI-1S	V-2AAI-1S	3004&5627	λέγω	εἶπον	
John 1:50	σοι	P-2DS	P-2DS	4771	σύ	σοι	
John 1:50	ὅτι	CONJ	CONJ	3754	ὅτι	ὅτι	
John 1:50	εἶδόν	V-2AAI-1S	V-2AAI-1S	3708&5627	ὁράω	εἶδον	
John 1:50	σε	P-2AS	P-2AS	4771	σύ	σε	
John 1:50	ὑποκάτω	ADV	ADV	5270	ὑποκάτω	ὑποκάτω	
John 1:50	τῆς	T-GSF	T-GSF	3588	ὁ	τῆς	
John 1:50	συκῆς,	N-GSF	N-GSF	4808	συκῆ	συκῆς	
John 1:50	πιστεύεις;	V-PAI-2S	V-PAI-2S	4100&5719	πιστεύω	πιστεύεις	
John 1:50	μείζω	A-APN-C	A-APN-C	3173	μέγας	μείζω	
John 1:50	τούτων	D-GPN	D-GPN	3778	οὗτος	τούτων	
John 1:50	ὄψῃ.	V-FDI-2S	V-FDI-2S	3708&5695	ὁράω	ὄψῃ	
John 1:51	καὶ	CONJ	CONJ	2532	καί	καί	
John 1:51	λέγει	V-PAI-3S	V-PAI-3S	3004&5719	λέγω	λέγει	
John 1:51	αὐτῷ	P-DSM	P-DSM	846	αὐτός	αὐτῷ	
John 1:51	Ἀμὴν	HEB	HEB	281	ἀμήν	Ἀμήν	
John 1:51	ἀμὴν	HEB	HEB	281	ἀμήν	ἀμήν	
John 1:51	λέγω	V-PAI-1S	V-PAI-1S	3004&5719	λέγω	λέγω	
John 1:51	ὑμῖν,	P-2DP	P-2DP	4771	σύ	ὑμῖν	
John 1:51	ὄψεσθε	V-FDI-2P	V-FDI-2P	3708&5695	ὁράω	ὄψεσθε	
John 1:51	τὸν	T-ASM	T-ASM	3588	ὁ	τόν	
John 1:51	οὐρανὸν	N-ASM	N-ASM	3772	οὐρανός	οὐρανόν	
John 1:51	ἀνεῳγότα	V-2RAP-ASM	V-2RAP-ASM	455&5756	ἀνοίγω	ἀνεῳγότα	
John 1:51	καὶ	CONJ	CONJ	2532	καί	καί	
John 1:51	τοὺς	T-APM	T-APM	3588	ὁ	τούς	
John 1:51	ἀγγέλους	N-APM	N-APM	32	ἄγγελος	ἀγγέλους	
John 1:51	τοῦ	T-GSM	T-GSM	3588	ὁ	τοῦ	
John 1:51	Θεοῦ	N-GSM	N-GSM	2316	θεός	Θεοῦ	
John 1:51	ἀναβαίνοντας	V-PAP-APM	V-PAP-APM	305&5723	ἀναβαίνω	ἀναβαίνοντας	
John 1:51	καὶ	CONJ	CONJ	2532	καί	καί	
John 1:51	καταβαίνοντας	V-PAP-APM	V-PAP-APM	2597&5723	καταβαίνω	καταβαίνοντας	
John 1:51	ἐπὶ	PREP	PREP	1909	ἐπί	ἐπί	
John 1:51	τὸν	T-ASM	T-ASM	3588	ὁ	τόν	
John 1:51	Υἱὸν	N-ASM	N-ASM	5207	υἱός	Υἱόν	
John 1:51	τοῦ	T-GSM	T-GSM	3588	ὁ	τοῦ	
John 1:51	ἀνθρώπου.	N-GSM	N-GSM	444	ἄνθρωπος	ἀνθρώπου	
John 2:1	Καὶ	CONJ	CONJ	2532	καί	Καί	
John 2:1	τῇ	T-DSF	T-DSF	3588	ὁ	τῇ	
John 2:1	ἡμέρᾳ	N-DSF	N-DSF	2250	ἡμέρα	ἡμέρᾳ	
John 2:1	τῇ	T-DSF	T-DSF	3588	ὁ	τῇ	
John 2:1	τρίτῃ	A-DSF	A-DSF	5154	τρίτος	τρίτῃ	
John 2:1	γάμος	N-NSM	N-NSM	1062	γάμος	γάμος	
John 2:1	ἐγένετο	V-2ADI-3S	V-2ADI-3S	1096&5633	γίνομαι	ἐγένετο	
John 2:1	ἐν	PREP	PREP	1722	ἐν	ἐν	
John 2:1	Κανὰ	N-PRI	N-PRI	2580	Κανά	Κανά	
John 2:1	τῆς	T-GSF	T-GSF	3588	ὁ	τῆς	
John 2:1	Γαλιλαίας,	N-GSF	N-GSF	1056	Γαλιλαία	Γαλιλαίας	
John 2:1	καὶ	CONJ	CONJ	2532	καί	καί	
John 2:1	ἦν	V-IAI-3S	V-IAI-3S	1510&5707	εἰμί	ἦν	
John 2:1	ἡ	T-NSF	T-NSF	3588	ὁ	ἡ	
John 2:1	μήτηρ	N-NSF	N-NSF	3384	μήτηρ	μήτηρ	
John 2:1	τοῦ	T-GSM	T-GSM	3588	ὁ	τοῦ	
John 2:1	Ἰησοῦ	N-GSM	N-GSM	2424	Ἰησοῦς	Ἰησοῦ	
John 2:1	ἐκεῖ·	ADV	ADV	1563	ἐκεῖ	ἐκεῖ	
John 2:2	ἐκλήθη	V-API-3S	V-API-3S	2564&5681	καλέω	ἐκλήθη	
John 2:2	δὲ	CONJ	CONJ	1161	δέ	δέ	
John 2:2	καὶ	CONJ	CONJ	2532	καί	καί	
John 2:2	ὁ	T-NSM	T-NSM	3588	ὁ	ὁ	
John 2:2	Ἰησοῦς	N-NSM	N-NSM	2424	Ἰησοῦς	Ἰησοῦς	
John 2:2	καὶ	CONJ	CONJ	2532	καί	καί	
John 2:2	οἱ	T-NPM	T-NPM	3588	ὁ	οἱ	
John 2:2	μαθηταὶ	N-NPM	N-NPM	3101	μαθητής	μαθηταί	
John 2:2	αὐτοῦ	P-GSM	P-GSM	846	αὐτός	αὐτοῦ	
John 2:2	εἰς	PREP	PREP	1519	εἰς	εἰς	
John 2:2	τὸν	T-ASM	T-ASM	3588	ὁ	τόν	
John 2:2	γάμον.	N-ASM	N-ASM	1062	γάμος	γάμον	
John 2:3	καὶ	CONJ	CONJ	2532	καί	καί	
John 2:3	ὑστερήσαντος	V-AAP-GSM	V-AAP-GSM	5302&5660	ὑστερέω	ὑστερήσαντος	
John 2:3	οἴνου	N-GSM	N-GSM	3631	οἶνος	οἴνου	
John 2:3	λέγει	V-PAI-3S	V-PAI-3S	3004&5719	λέγω	λέγει	
John 2:3	ἡ	T-NSF	T-NSF	3588	ὁ	ἡ	
John 2:3	μήτηρ	N-NSF	N-NSF	3384	μήτηρ	μήτηρ	
John 2:3	τοῦ	T-GSM	T-GSM	3588	ὁ	τοῦ	
John 2:3	Ἰησοῦ	N-GSM	N-GSM	2424	Ἰησοῦς	Ἰησοῦ	
John 2:3	πρὸς	PREP	PREP	4314	πρός	πρός	
John 2:3	αὐτόν	P-ASM	P-ASM	846	αὐτός	αὐτόν	
John 2:3	Οἶνον	N-ASM	N-ASM	3631	οἶνος	Οἶνον	
John 2:3	οὐκ	PRT-N	PRT-N	3756	οὐ	οὐκ	
John 2:3	ἔχουσιν.	V-PAI-3P	V-PAI-3P	2192&5719	ἔχω	ἔχουσιν	
John 2:4	καὶ	CONJ	CONJ	2532	καί	καί	
John 2:4	λέγει	V-PAI-3S	V-PAI-3S	3004&5719	λέγω	λέγει	
John 2:4	αὐτῇ	P-DSF	P-DSF	846	αὐτός	αὐτῇ	
John 2:4	ὁ	T-NSM	T-NSM	3588	ὁ	ὁ	
John 2:4	Ἰησοῦς	N-NSM	N-NSM	2424	Ἰησοῦς	Ἰησοῦς	
John 2:4	Τί	I-NSN	I-NSN	5101	τίς	Τί	
John 2:4	ἐμοὶ	P-1DS	P-1DS	1473	ἐγώ	ἐμοί	
John 2:4	καὶ	CONJ	CONJ	2532	καί	καί	
John 2:4	σοί,	P-2DS	P-2DS	4771	σύ	σοί	
John 2:4	γύναι;	N-VSF	N-VSF	1135	γυνή	γύναι	
John 2:4	οὔπω	ADV-N	ADV-N	3768	οὔπω	οὔπω	
John 2:4	ἥκει	V-PAI-3S	V-PAI-3S	2240&5719	ἥκω	ἥκει	
John 2:4	ἡ	T-NSF	T-NSF	3588	ὁ	ἡ	
John 2:4	ὥρα	N-NSF	N-NSF	5610	ὥρα	ὥρα	
John 2:4	μου.	P-1GS	P-1GS	1473	ἐγώ	μου	
John 2:5	λέγει	V-PAI-3S	V-PAI-3S	3004&5719	λέγω	λέγει	
John 2:5	ἡ	T-NSF	T-NSF	3588	ὁ	ἡ	
John 2:5	μήτηρ	N-NSF	N-NSF	3384	μήτηρ	μήτηρ	
John 2:5	αὐτοῦ	P-GSM	P-GSM	846	αὐτός	αὐτοῦ	
John 2:5	τοῖς	T-DPM	T-DPM	3588	ὁ	τοῖς	
John 2:5	διακόνοις	N-DPM	N-DPM	1249	διάκονος	διακόνοις	
John 2:5	Ὅ	R-NSN	R-NSN	3739	ὅς	Ὅ	
John 2:5	τι	X-NSN	X-NSN	5100	τὶς	τι	
John 2:5	ἂν	PRT	PRT	302	ἄν	ἄν	
John 2:5	λέγῃ	V-PAS-3S	V-PAS-3S	3004&5725	λέγω	λέγῃ	
John 2:5	ὑμῖν,	P-2DP	P-2DP	4771	σύ	ὑμῖν	
John 2:5	ποιήσατε.	V-AAM-2P	V-AAM-2P	4160&5657	ποιέω	ποιήσατε	
John 2:6	ἦσαν	V-IAI-3P	V-IAI-3P	1510&5707	εἰμί	ἦσαν	
John 2:6	δὲ	CONJ	CONJ	1161	δέ	δέ	
John 2:6	ἐκεῖ	ADV	ADV	1563	ἐκεῖ	ἐκεῖ	
John 2:6	λίθιναι	A-NPF	A-NPF	3035	λίθινος	λίθιναι	
John 2:6	ὑδρίαι	N-NPF	N-NPF	5201	ὑδρία	ὑδρίαι	
John 2:6	ἓξ	A-NUI	A-NUI	1803	ἕξ	ἕξ	
John 2:6	κατὰ	PREP	PREP	2596	κατά	κατά	
John 2:6	τὸν	T-ASM	T-ASM	3588	ὁ	τόν	
John 2:6	καθαρισμὸν	N-ASM	N-ASM	2512	καθαρισμός	καθαρισμόν	
John 2:6	τῶν	T-GPM	T-GPM	3588	ὁ	τῶν	
John 2:6	Ἰουδαίων	A-GPM	A-GPM	2453	Ἰουδαῖος	Ἰουδαίων	
John 2:6	κείμεναι,	V-PNP-NPF	V-PNP-NPF	2749&5740	κεῖμαι	κείμεναι	
John 2:6	χωροῦσαι	V-PAP-NPF	V-PAP-NPF	5562&5723	χωρέω	χωροῦσαι	
John 2:6	ἀνὰ	PREP	PREP	303	ἀνά	ἀνά	
John 2:6	μετρητὰς	N-APM	N-APM	3355	μετρητής	μετρητάς	
John 2:6	δύο	A-NUI	A-NUI	1417	δύο	δύο	
John 2:6	ἢ	PRT	PRT	2228	ἤ	ἤ	
John 2:6	τρεῖς.	A-APM	A-APM	5140	τρεῖς	τρεῖς	
John 2:7	λέγει	V-PAI-3S	V-PAI-3S	3004&5719	λέγω	λέγει	
John 2:7	αὐτοῖς	P-DPM	P-DPM	846	αὐτός	αὐτοῖς	
John 2:7	ὁ	T-NSM	T-NSM	3588	ὁ	ὁ	
John 2:7	Ἰησοῦς	N-NSM	N-NSM	2424	Ἰησοῦς	Ἰησοῦς	
John 2:7	Γεμίσατε	V-AAM-2P	V-AAM-2P	1072&5657	γεμίζω	Γεμίσατε	
John 2:7	τὰς	T-APF	T-APF	3588	ὁ	τάς	
John 2:7	ὑδρίας	N-APF	N-APF	5201	ὑδρία	ὑδρίας	
John 2:7	ὕδατος.	N-GSN	N-GSN	5204	ὕδωρ	ὕδατος	
John 2:7	καὶ	CONJ	CONJ	2532	καί	καί	
John 2:7	ἐγέμισαν	V-AAI-3P	V-AAI-3P	1072&5656	γεμίζω	ἐγέμισαν	
John 2:7	αὐτὰς	P-APF	P-APF	846	αὐτός	αὐτάς	
John 2:7	ἕως	ADV	ADV	2193	ἕως	ἕως	
John 2:7	ἄνω.	ADV	ADV	507	ἄνω	ἄνω	
John 2:8	καὶ	CONJ	CONJ	2532	καί	καί	
John 2:8	λέγει	V-PAI-3S	V-PAI-3S	3004&5719	λέγω	λέγει	
John 2:8	αὐτοῖς	P-DPM	P-DPM	846	αὐτός	αὐτοῖς	
John 2:8	Ἀντλήσατε	V-AAM-2P	V-AAM-2P	501&5657	ἀντλέω	Ἀντλήσατε	
John 2:8	νῦν	ADV	ADV	3568	νῦν	νῦν	
John 2:8	καὶ	CONJ	CONJ	2532	καί	καί	
John 2:8	φέρετε	V-PAM-2P	V-PAM-2P	5342&5720	φέρω	φέρετε	
John 2:8	τῷ	T-DSM	T-DSM	3588	ὁ	τῷ	
John 2:8	ἀρχιτρικλίνῳ.	N-DSM	N-DSM	755	ἀρχιτρίκλινος	ἀρχιτρικλίνῳ	
John 2:8	οἱ	T-NPM	T-NPM	3588	ὁ	οἱ	
John 2:8	δὲ	CONJ	CONJ	1161	δέ	δέ	
John 2:8	ἤνεγκαν.	V-AAI-3P	V-AAI-3P	5342&5656	φέρω	ἤνεγκαν	
John 2:9	ὡς	ADV	ADV	5613	ὡς	ὡς	
John 2:9	δὲ	CONJ	CONJ	1161	δέ	δέ	
John 2:9	ἐγεύσατο	V-ADI-3S	V-ADI-3S	1089&5662	γεύομαι	ἐγεύσατο	
John 2:9	ὁ	T-NSM	T-NSM	3588	ὁ	ὁ	
John 2:9	ἀρχιτρίκλινος	N-NSM	N-NSM	755	ἀρχιτρίκλινος	ἀρχιτρίκλινος	
John 2:9	τὸ	T-ASN	T-ASN	3588	ὁ	τό	
John 2:9	ὕδωρ	N-ASN	N-ASN	5204	ὕδωρ	ὕδωρ	
John 2:9	οἶνον	N-ASM	N-ASM	3631	οἶνος	οἶνον	
John 2:9	γεγενημένον,	V-RPP-ASN	V-RPP-ASN	1096&5772	γίνομαι	γεγενημένον	
John 2:9	καὶ	CONJ	CONJ	2532	καί	καί	
John 2:9	οὐκ	PRT-N	PRT-N	3756	οὐ	οὐκ	
John 2:9	ᾔδει	V-2LAI-3S	V-2LAI-3S	1492&5714	οἶδα	ᾔδει	
John 2:9	πόθεν	ADV-I	ADV-I	4159	πόθεν	πόθεν	
John 2:9	ἐστίν,	V-PAI-3S	V-PAI-3S	1510&5719	εἰμί	ἐστίν	
John 2:9	οἱ	T-NPM	T-NPM	3588	ὁ	οἱ	
John 2:9	δὲ	CONJ	CONJ	1161	δέ	δέ	
John 2:9	διάκονοι	N-NPM	N-NPM	1249	διάκονος	διάκονοι	
John 2:9	ᾔδεισαν	V-2LAI-3P	V-2LAI-3P	1492&5714	οἶδα	ᾔδεισαν	
John 2:9	οἱ	T-NPM	T-NPM	3588	ὁ	οἱ	
John 2:9	ἠντληκότες	V-RAP-NPM	V-RAP-NPM	501&5761	ἀντλέω	ἠντληκότες	
John 2:9	τὸ	T-ASN	T-ASN	3588	ὁ	τό	
John 2:9	ὕδωρ,	N-ASN	N-ASN	5204	ὕδωρ	ὕδωρ	
John 2:9	φωνεῖ	V-PAI-3S	V-PAI-3S	5455&5719	φωνέω	φωνεῖ	
John 2:9	τὸν	T-ASM	T-ASM	3588	ὁ	τόν	
John 2:9	νυμφίον	N-ASM	N-ASM	3566	νυμφίος	νυμφίον	
John 2:9	ὁ	T-NSM	T-NSM	3588	ὁ	ὁ	
John 2:9	ἀρχιτρίκλινος	N-NSM	N-NSM	755	ἀρχιτρίκλινος	ἀρχιτρίκλινος	
John 2:10	καὶ	CONJ	CONJ	2532	καί	καί	
John 2:10	λέγει	V-PAI-3S	V-PAI-3S	3004&5719	λέγω	λέγει	
John 2:10	αὐτῷ	P-DSM	P-DSM	846	αὐτός	αὐτῷ	
John 2:10	Πᾶς	A-NSM	A-NSM	3956	πᾶς	Πᾶς	
John 2:10	ἄνθρωπος	N-NSM	N-NSM	444	ἄνθρωπος	ἄνθρωπος	
John 2:10	πρῶτον	ADV-S	ADV-S	4412	πρῶτος	πρῶτον	
John 2:10	τὸν	T-ASM	T-ASM	3588	ὁ	τόν	
John 2:10	καλὸν	A-ASM	A-ASM	2570	καλός	καλόν	
John 2:10	οἶνον	N-ASM	N-ASM	3631	οἶνος	οἶνον	
John 2:10	τίθησιν,	V-PAI-3S	V-PAI-3S	5087&5719	τίθημι	τίθησιν	
John 2:10	καὶ	CONJ	CONJ	2532	καί	καί	
John 2:10	ὅταν	CONJ	CONJ	3752	ὅταν	ὅταν	
John 2:10	μεθυσθῶσιν	V-APS-3P	V-APS-3P	3184&5686	μεθύω	μεθυσθῶσιν	
John 2:10	τὸν	T-ASM	T-ASM	3588	ὁ	τόν	
John 2:10	ἐλάσσω·	A-ASM-C	A-ASM-C	1640	ἐλάσσων	ἐλάσσω	
John 2:10	σὺ	P-2NS	P-2NS	4771	σύ	σύ	
John 2:10	τετήρηκας	V-RAI-2S	V-RAI-2S	5083&5758	τηρέω	τετήρηκας	
John 2:10	τὸν	T-ASM	T-ASM	3588	ὁ	τόν	
John 2:10	καλὸν	A-ASM	A-ASM	2570	καλός	καλόν	
John 2:10	οἶνον	N-ASM	N-ASM	3631	οἶνος	οἶνον	
John 2:10	ἕως	ADV	ADV	2193	ἕως	ἕως	
John 2:10	ἄρτι.	ADV	ADV	737	ἄρτι	ἄρτι	
John 2:11	Ταύτην	D-ASF	D-ASF	3778	οὗτος	Ταύτην	
John 2:11	ἐποίησεν	V-AAI-3S	V-AAI-3S	4160&5656	ποιέω	ἐποίησεν	
John 2:11	ἀρχὴν	N-ASF	N-ASF	746	ἀρχή	ἀρχήν	
John 2:11	τῶν	T-GPN	T-GPN	3588	ὁ	τῶν	
John 2:11	σημείων	N-GPN	N-GPN	4592	σημεῖον	σημείων	
John 2:11	ὁ	T-NSM	T-NSM	3588	ὁ	ὁ	
John 2:11	Ἰησοῦς	N-NSM	N-NSM	2424	Ἰησοῦς	Ἰησοῦς	
John 2:11	ἐν	PREP	PREP	1722	ἐν	ἐν	
John 2:11	Κανὰ	N-PRI	N-PRI	2580	Κανά	Κανά	
John 2:11	τῆς	T-GSF	T-GSF	3588	ὁ	τῆς	
John 2:11	Γαλιλαίας	N-GSF	N-GSF	1056	Γαλιλαία	Γαλιλαίας	
John 2:11	καὶ	CONJ	CONJ	2532	καί	καί	
John 2:11	ἐφανέρωσεν	V-AAI-3S	V-AAI-3S	5319&5656	φανερόω	ἐφανέρωσεν	
John 2:11	τὴν	T-ASF	T-ASF	3588	ὁ	τήν	
John 2:11	δόξαν	N-ASF	N-ASF	1391	δόξα	δόξαν	
John 2:11	αὐτοῦ,	P-GSM	P-GSM	846	αὐτός	αὐτοῦ	
John 2:11	καὶ	CONJ	CONJ	2532	καί	καί	
John 2:11	ἐπίστευσαν	V-AAI-3P	V-AAI-3P	4100&5656	πιστεύω	ἐπίστευσαν	
John 2:11	εἰς	PREP	PREP	1519	εἰς	εἰς	
John 2:11	αὐτὸν	P-ASM	P-ASM	846	αὐτός	αὐτόν	
John 2:11	οἱ	T-NPM	T-NPM	3588	ὁ	οἱ	
John 2:11	μαθηταὶ	N-NPM	N-NPM	3101	μαθητής	μαθηταί	
John 2:11	αὐτοῦ.	P-GSM	P-GSM	846	αὐτός	αὐτοῦ	
John 2:12	Μετὰ	PREP	PREP	3326	μετά	Μετά	
John 2:12	τοῦτο	D-ASN	D-ASN	3778	οὗτος	τοῦτο	
John 2:12	κατέβη	V-2AAI-3S	V-2AAI-3S	2597&5627	καταβαίνω	κατέβη	
John 2:12	εἰς	PREP	PREP	1519	εἰς	εἰς	
John 2:12	Καφαρναοὺμ	N-PRI	N-PRI	2584	Καφαρναούμ	Καφαρναούμ	
John 2:12	αὐτὸς	P-NSM	P-NSM	846	αὐτός	αὐτός	
John 2:12	καὶ	CONJ	CONJ	2532	καί	καί	
John 2:12	ἡ	T-NSF	T-NSF	3588	ὁ	ἡ	
John 2:12	μήτηρ	N-NSF	N-NSF	3384	μήτηρ	μήτηρ	
John 2:12	αὐτοῦ	P-GSM	P-GSM	846	αὐτός	αὐτοῦ	
John 2:12	καὶ	CONJ	CONJ	2532	καί	καί	
John 2:12	οἱ	T-NPM	T-NPM	3588	ὁ	οἱ	
John 2:12	ἀδελφοὶ	N-NPM	N-NPM	80	ἀδελφός	ἀδελφοί	
John 2:12	καὶ	CONJ	CONJ	2532	καί	καί	
John 2:12	οἱ	T-NPM	T-NPM	3588	ὁ	οἱ	
John 2:12	μαθηταὶ	N-NPM	N-NPM	3101	μαθητής	μαθηταί	
John 2:12	αὐτοῦ,	P-GSM	P-GSM	846	αὐτός	αὐτοῦ	
John 2:12	καὶ	CONJ	CONJ	2532	καί	καί	
John 2:12	ἐκεῖ	ADV	ADV	1563	ἐκεῖ	ἐκεῖ	
John 2:12	ἔμειναν	V-AAI-3P	V-AAI-3P	3306&5656	μένω	ἔμειναν	
John 2:12	οὐ	PRT-N	PRT-N	3756	οὐ	οὐ	
John 2:12	πολλὰς	A-APF	A-APF	4183	πολύς	πολλάς	
John 2:12	ἡμέρας.	N-APF	N-APF	2250	ἡμέρα	ἡμέρας	
John 2:13	Καὶ	CONJ	CONJ	2532	καί	Καί	
John 2:13	ἐγγὺς	ADV	ADV	1451	ἐγγύς	ἐγγύς	
John 2:13	ἦν	V-IAI-3S	V-IAI-3S	1510&5707	εἰμί	ἦν	
John 2:13	τὸ	T-NSN	T-NSN	3588	ὁ	τό	
John 2:13	πάσχα	ARAM	ARAM	3957	πάσχα	πάσχα	
John 2:13	τῶν	T-GPM	T-GPM	3588	ὁ	τῶν	
John 2:13	Ἰουδαίων,	A-GPM	A-GPM	2453	Ἰουδαῖος	Ἰουδαίων	
John 2:13	καὶ	CONJ	CONJ	2532	καί	καί	
John 2:13	ἀνέβη	V-2AAI-3S	V-2AAI-3S	305&5627	ἀναβαίνω	ἀνέβη	
John 2:13	εἰς	PREP	PREP	1519	εἰς	εἰς	
John 2:13	Ἱεροσόλυμα	N-APN	N-APN	2414	Ἱεροσόλυμα	Ἱεροσόλυμα	
John 2:13	ὁ	T-NSM	T-NSM	3588	ὁ	ὁ	
John 2:13	Ἰησοῦς.	N-NSM	N-NSM	2424	Ἰησοῦς	Ἰησοῦς	
John 2:14	καὶ	CONJ	CONJ	2532	καί	καί	
John 2:14	εὗρεν	V-2AAI-3S	V-2AAI-3S	2147&5627	εὑρίσκω	εὗρεν	
John 2:14	ἐν	PREP	PREP	1722	ἐν	ἐν	
John 2:14	τῷ	T-DSN	T-DSN	3588	ὁ	τῷ	
John 2:14	ἱερῷ	N-DSN	N-DSN	2411	ἱερός	ἱερῷ	
John 2:14	τοὺς	T-APM	T-APM	3588	ὁ	τούς	
John 2:14	πωλοῦντας	V-PAP-APM	V-PAP-APM	4453&5723	πωλέω	πωλοῦντας	
John 2:14	βόας	N-APM	N-APM	1016	βοῦς	βόας	
John 2:14	καὶ	CONJ	CONJ	2532	καί	καί	
John 2:14	πρόβατα	N-APN	N-APN	4263	πρόβατον	πρόβατα	
John 2:14	καὶ	CONJ	CONJ	2532	καί	καί	
John 2:14	περιστερὰς	N-APF	N-APF	4058	περιστερά	περιστεράς	
John 2:14	καὶ	CONJ	CONJ	2532	καί	καί	
John 2:14	τοὺς	T-APM	T-APM	3588	ὁ	τούς	
John 2:14	κερματιστὰς	N-APM	N-APM	2773	κερματιστής	κερματιστάς	
John 2:14	καθημένους,	V-PNP-APM	V-PNP-APM	2521&5740	κάθημαι	καθημένους	
John 2:15	καὶ	CONJ	CONJ	2532	καί	καί	
John 2:15	ποιήσας	V-AAP-NSM	V-AAP-NSM	4160&5660	ποιέω	ποιήσας	
John 2:15	φραγέλλιον	N-ASN	N-ASN	5416	φραγέλλιον	φραγέλλιον	
John 2:15	ἐκ	PREP	PREP	1537	ἐκ	ἐκ	
John 2:15	σχοινίων	N-GPN	N-GPN	4979	σχοινίον	σχοινίων	
John 2:15	πάντας	A-APM	A-APM	3956	πᾶς	πάντας	
John 2:15	ἐξέβαλεν	V-2AAI-3S	V-2AAI-3S	1544&5627	ἐκβάλλω	ἐξέβαλεν	
John 2:15	ἐκ	PREP	PREP	1537	ἐκ	ἐκ	
John 2:15	τοῦ	T-GSN	T-GSN	3588	ὁ	τοῦ	
John 2:15	ἱεροῦ	N-GSN	N-GSN	2411	ἱερός	ἱεροῦ	
John 2:15	τά	T-APN	T-APN	3588	ὁ	τά	
John 2:15	τε	PRT	PRT	5037	τέ	τε	
John 2:15	πρόβατα	N-APN	N-APN	4263	πρόβατον	πρόβατα	
John 2:15	καὶ	CONJ	CONJ	2532	καί	καί	
John 2:15	τοὺς	T-APM	T-APM	3588	ὁ	τούς	
John 2:15	βόας,	N-APM	N-APM	1016	βοῦς	βόας	
John 2:15	καὶ	CONJ	CONJ	2532	καί	καί	
John 2:15	τῶν	T-GPM	T-GPM	3588	ὁ	τῶν	
John 2:15	κολλυβιστῶν	N-GPM	N-GPM	2855	κολλυβιστής	κολλυβιστῶν	
John 2:15	ἐξέχεεν	V-AAI-3S	V-AAI-3S	1632&5656	ἐκχέω	ἐξέχεεν	
John 2:15	τὰ	T-APN	T-APN	3588	ὁ	τά	
John 2:15	κέρματα	N-APN	N-APN	2772	κέρμα	κέρματα	
John 2:15	καὶ	CONJ	CONJ	2532	καί	καί	
John 2:15	τὰς	T-APF	T-APF	3588	ὁ	τάς	
John 2:15	τραπέζας	N-APF	N-APF	5132	τράπεζα	τραπέζας	
John 2:15	ἀνέτρεψεν,	V-AAI-3S	V-AAI-3S	396&5656	ἀνατρέπω	ἀνέτρεψεν	
John 2:16	καὶ	CONJ	CONJ	2532	καί	καί	
John 2:16	τοῖς	T-DPM	T-DPM	3588	ὁ	τοῖς	
John 2:16	τὰς	T-APF	T-APF	3588	ὁ	τάς	
John 2:16	περιστερὰς	N-APF	N-APF	4058	περιστερά	περιστεράς	
John 2:16	πωλοῦσιν	V-PAP-DPM	V-PAP-DPM	4453&5723	πωλέω	πωλοῦσιν	
John 2:16	εἶπεν	V-2AAI-3S	V-2AAI-3S	3004&5627	λέγω	εἶπεν	
John 2:16	Ἄρατε	V-AAM-2P	V-AAM-2P	142&5657	αἴρω	Ἄρατε	
John 2:16	ταῦτα	D-APN	D-APN	3778	οὗτος	ταῦτα	
John 2:16	ἐντεῦθεν,	ADV	ADV	1782	ἐντεῦθεν	ἐντεῦθεν	
John 2:16	μὴ	PRT-N	PRT-N	3361	μή	μή	
John 2:16	ποιεῖτε	V-PAM-2P	V-PAM-2P	4160&5720	ποιέω	ποιεῖτε	
John 2:16	τὸν	T-ASM	T-ASM	3588	ὁ	τόν	
John 2:16	οἶκον	N-ASM	N-ASM	3624	οἶκος	οἶκον	
John 2:16	τοῦ	T-GSM	T-GSM	3588	ὁ	τοῦ	
John 2:16	Πατρός	N-GSM	N-GSM	3962	πατήρ	Πατρός	
John 2:16	μου	P-1GS	P-1GS	1473	ἐγώ	μου	
John 2:16	οἶκον	N-ASM	N-ASM	3624	οἶκος	οἶκον	
John 2:16	ἐμπορίου.	N-GSN	N-GSN	1712	ἐμπόριον	ἐμπορίου	
John 2:17	ἐμνήσθησαν	V-API-3P	V-API-3P	3403&5681	μιμνῄσκω	ἐμνήσθησαν	
John 2:17	οἱ	T-NPM	T-NPM	3588	ὁ	οἱ	
John 2:17	μαθηταὶ	N-NPM	N-NPM	3101	μαθητής	μαθηταί	
John 2:17	αὐτοῦ	P-GSM	P-GSM	846	αὐτός	αὐτοῦ	
John 2:17	ὅτι	CONJ	CONJ	3754	ὅτι	ὅτι	
John 2:17	γεγραμμένον	V-RPP-NSN	V-RPP-NSN	1125&5772	γράφω	γεγραμμένον	
John 2:17	ἐστίν	V-PAI-3S	V-PAI-3S	1510&5719	εἰμί	ἐστίν	
John 2:17	Ὁ	T-NSM	T-NSM	3588	ὁ	Ὁ	
John 2:17	ζῆλος	N-NSM	N-NSM	2205	ζῆλος	ζῆλος	
John 2:17	τοῦ	T-GSM	T-GSM	3588	ὁ	τοῦ	
John 2:17	οἴκου	N-GSM	N-GSM	3624	οἶκος	οἴκου	
John 2:17	σου	P-2GS	P-2GS	4771	σύ	σου	
John 2:17	καταφάγεταί	V-FDI-3S	V-FDI-3S	2719&5695	κατεσθίω	καταφάγεται	
John 2:17	με.	P-1AS	P-1AS	1473	ἐγώ	με	
John 2:18	ἀπεκρίθησαν	V-ADI-3P	V-ADI-3P	611&5662	ἀποκρίνομαι	ἀπεκρίθησαν	
John 2:18	οὖν	CONJ	CONJ	3767	οὖν	οὖν	
John 2:18	οἱ	T-NPM	T-NPM	3588	ὁ	οἱ	
John 2:18	Ἰουδαῖοι	A-NPM	A-NPM	2453	Ἰουδαῖος	Ἰουδαῖοι	
John 2:18	καὶ	CONJ	CONJ	2532	καί	καί	
John 2:18	εἶπαν	V-2AAI-3P	V-2AAI-3P	3004&5627	λέγω	εἶπαν	
John 2:18	αὐτῷ	P-DSM	P-DSM	846	αὐτός	αὐτῷ	
John 2:18	Τί	I-ASN	I-ASN	5101	τίς	Τί	
John 2:18	σημεῖον	N-ASN	N-ASN	4592	σημεῖον	σημεῖον	
John 2:18	δεικνύεις	V-PAI-2S	V-PAI-2S	1166&5719	δείκνυμι	δεικνύεις	
John 2:18	ἡμῖν,	P-1DP	P-1DP	1473	ἐγώ	ἡμῖν	
John 2:18	ὅτι	CONJ	CONJ	3754	ὅτι	ὅτι	
John 2:18	ταῦτα	D-APN	D-APN	3778	οὗτος	ταῦτα	
John 2:18	ποιεῖς;	V-PAI-2S	V-PAI-2S	4160&5719	ποιέω	ποιεῖς	
John 2:19	ἀπεκρίθη	V-ADI-3S	V-ADI-3S	611&5662	ἀποκρίνομαι	ἀπεκρίθη	
John 2:19	Ἰησοῦς	N-NSM	N-NSM	2424	Ἰησοῦς	Ἰησοῦς	
John 2:19	καὶ	CONJ	CONJ	2532	καί	καί	
John 2:19	εἶπεν	V-2AAI-3S	V-2AAI-3S	3004&5627	λέγω	εἶπεν	
John 2:19	αὐτοῖς	P-DPM	P-DPM	846	αὐτός	αὐτοῖς	
John 2:19	Λύσατε	V-AAM-2P	V-AAM-2P	3089&5657	λύω	Λύσατε	
John 2:19	τὸν	T-ASM	T-ASM	3588	ὁ	τόν	
John 2:19	ναὸν	N-ASM	N-ASM	3485	ναός	ναόν	
John 2:19	τοῦτον,	D-ASM	D-ASM	3778	οὗτος	τοῦτον	
John 2:19	καὶ	CONJ	CONJ	2532	καί	καί	
John 2:19	ἐν	PREP	PREP	1722	ἐν	ἐν	
John 2:19	τρισὶν	A-DPF	A-DPF	5140	τρεῖς	τρισίν	
John 2:19	ἡμέραις	N-DPF	N-DPF	2250	ἡμέρα	ἡμέραις	
John 2:19	ἐγερῶ	V-FAI-1S	V-FAI-1S	1453&5692	ἐγείρω	ἐγερῶ	
John 2:19	αὐτόν.	P-ASM	P-ASM	846	αὐτός	αὐτόν	
John 2:20	εἶπαν	V-2AAI-3P	V-2AAI-3P	3004&5627	λέγω	εἶπαν	
John 2:20	οὖν	CONJ	CONJ	3767	οὖν	οὖν	
John 2:20	οἱ	T-NPM	T-NPM	3588	ὁ	οἱ	
John 2:20	Ἰουδαῖοι	A-NPM	A-NPM	2453	Ἰουδαῖος	Ἰουδαῖοι	
John 2:20	Τεσσεράκοντα	A-NUI	A-NUI	5062	τεσσεράκοντα	Τεσσεράκοντα	
John 2:20	καὶ	CONJ	CONJ	2532	καί	καί	
John 2:20	ἓξ	A-NUI	A-NUI	1803	ἕξ	ἕξ	
John 2:20	ἔτεσιν	N-DPN	N-DPN	2094	ἔτος	ἔτεσιν	
John 2:20	οἰκοδομήθη	V-API-3S	V-API-3S	3618&5681	οἰκοδομέω	οἰκοδομήθη	
John 2:20	ὁ	T-NSM	T-NSM	3588	ὁ	ὁ	
John 2:20	ναὸς	N-NSM	N-NSM	3485	ναός	ναός	
John 2:20	οὗτος,	D-NSM	D-NSM	3778	οὗτος	οὗτος	
John 2:20	καὶ	CONJ	CONJ	2532	καί	καί	
John 2:20	σὺ	P-2NS	P-2NS	4771	σύ	σύ	
John 2:20	ἐν	PREP	PREP	1722	ἐν	ἐν	
John 2:20	τρισὶν	A-DPF	A-DPF	5140	τρεῖς	τρισίν	
John 2:20	ἡμέραις	N-DPF	N-DPF	2250	ἡμέρα	ἡμέραις	
John 2:20	ἐγερεῖς	V-FAI-2S	V-FAI-2S	1453&5692	ἐγείρω	ἐγερεῖς	
John 2:20	αὐτόν;	P-ASM	P-ASM	846	αὐτός	αὐτόν	
John 2:21	ἐκεῖνος	D-NSM	D-NSM	1565	ἐκεῖνος	ἐκεῖνος	
John 2:21	δὲ	CONJ	CONJ	1161	δέ	δέ	
John 2:21	ἔλεγεν	V-IAI-3S	V-IAI-3S	3004&5707	λέγω	ἔλεγεν	
John 2:21	περὶ	PREP	PREP	4012	περί	περί	
John 2:21	τοῦ	T-GSM	T-GSM	3588	ὁ	τοῦ	
John 2:21	ναοῦ	N-GSM	N-GSM	3485	ναός	ναοῦ	
John 2:21	τοῦ	T-GSN	T-GSN	3588	ὁ	τοῦ	
John 2:21	σώματος	N-GSN	N-GSN	4983	σῶμα	σώματος	
John 2:21	αὐτοῦ.	P-GSM	P-GSM	846	αὐτός	αὐτοῦ	
John 2:22	ὅτε	ADV	ADV	3753	ὅτε	ὅτε	
John 2:22	οὖν	CONJ	CONJ	3767	οὖν	οὖν	
John 2:22	ἠγέρθη	V-API-3S	V-API-3S	1453&5681	ἐγείρω	ἠγέρθη	
John 2:22	ἐκ	PREP	PREP	1537	ἐκ	ἐκ	
John 2:22	νεκρῶν,	A-GPM	A-GPM	3498	νεκρός	νεκρῶν	
John 2:22	ἐμνήσθησαν	V-API-3P	V-API-3P	3403&5681	μιμνῄσκω	ἐμνήσθησαν	
John 2:22	οἱ	T-NPM	T-NPM	3588	ὁ	οἱ	
John 2:22	μαθηταὶ	N-NPM	N-NPM	3101	μαθητής	μαθηταί	
John 2:22	αὐτοῦ	P-GSM	P-GSM	846	αὐτός	αὐτοῦ	
John 2:22	ὅτι	CONJ	CONJ	3754	ὅτι	ὅτι	
John 2:22	τοῦτο	D-ASN	D-ASN	3778	οὗτος	τοῦτο	
John 2:22	ἔλεγεν,	V-IAI-3S	V-IAI-3S	3004&5707	λέγω	ἔλεγεν	
John 2:22	καὶ	CONJ	CONJ	2532	καί	καί	
John 2:22	ἐπίστευσαν	V-AAI-3P	V-AAI-3P	4100&5656	πιστεύω	ἐπίστευσαν	
John 2:22	τῇ	T-DSF	T-DSF	3588	ὁ	τῇ	
John 2:22	γραφῇ	N-DSF	N-DSF	1124	γραφή	γραφῇ	
John 2:22	καὶ	CONJ	CONJ	2532	καί	καί	
John 2:22	τῷ	T-DSM	T-DSM	3588	ὁ	τῷ	
John 2:22	λόγῳ	N-DSM	N-DSM	3056	λόγος	λόγῳ	
John 2:22	ὃν	R-ASM	R-ASM	3739	ὅς	ὅν	
John 2:22	εἶπεν	V-2AAI-3S	V-2AAI-3S	3004&5627	λέγω	εἶπεν	
John 2:22	ὁ	T-NSM	T-NSM	3588	ὁ	ὁ	
John 2:22	Ἰησοῦς.	N-NSM	N-NSM	2424	Ἰησοῦς	Ἰησοῦς	
John 2:23	Ὡς	ADV	ADV	5613	ὡς	Ὡς	
John 2:23	δὲ	CONJ	CONJ	1161	δέ	δέ	
John 2:23	ἦν	V-IAI-3S	V-IAI-3S	1510&5707	εἰμί	ἦν	
John 2:23	ἐν	PREP	PREP	1722	ἐν	ἐν	
John 2:23	τοῖς	T-DPN	T-DPN	3588	ὁ	τοῖς	
John 2:23	Ἱεροσολύμοις	N-DPN	N-DPN	2414	Ἱεροσόλυμα	Ἱεροσολύμοις	
John 2:23	ἐν	PREP	PREP	1722	ἐν	ἐν	
John 2:23	τῷ	T-DSN	T-DSN	3588	ὁ	τῷ	
John 2:23	πάσχα	ARAM	ARAM	3957	πάσχα	πάσχα	
John 2:23	ἐν	PREP	PREP	1722	ἐν	ἐν	
John 2:23	τῇ	T-DSF	T-DSF	3588	ὁ	τῇ	
John 2:23	ἑορτῇ,	N-DSF	N-DSF	1859	ἑορτή	ἑορτῇ	
John 2:23	πολλοὶ	A-NPM	A-NPM	4183	πολύς	πολλοί	
John 2:23	ἐπίστευσαν	V-AAI-3P	V-AAI-3P	4100&5656	πιστεύω	ἐπίστευσαν	
John 2:23	εἰς	PREP	PREP	1519	εἰς	εἰς	
John 2:23	τὸ	T-ASN	T-ASN	3588	ὁ	τό	
John 2:23	ὄνομα	N-ASN	N-ASN	3686	ὄνομα	ὄνομα	
John 2:23	αὐτοῦ,	P-GSM	P-GSM	846	αὐτός	αὐτοῦ	
John 2:23	θεωροῦντες	V-PAP-NPM	V-PAP-NPM	2334&5723	θεωρέω	θεωροῦντες	
John 2:23	αὐτοῦ	P-GSM	P-GSM	846	αὐτός	αὐτοῦ	
John 2:23	τὰ	T-APN	T-APN	3588	ὁ	τά	
John 2:23	σημεῖα	N-APN	N-APN	4592	σημεῖον	σημεῖα	
John 2:23	ἃ	R-APN	R-APN	3739	ὅς	ἅ	
John 2:23	ἐποίει·	V-IAI-3S	V-IAI-3S	4160&5707	ποιέω	ἐποίει	
John 2:24	αὐτὸς	P-NSM	P-NSM	846	αὐτός	αὐτός	
John 2:24	δὲ	CONJ	CONJ	1161	δέ	δέ	
John 2:24	Ἰησοῦς	N-NSM	N-NSM	2424	Ἰησοῦς	Ἰησοῦς	
John 2:24	οὐκ	PRT-N	PRT-N	3756	οὐ	οὐκ	
John 2:24	ἐπίστευεν	V-IAI-3S	V-IAI-3S	4100&5707	πιστεύω	ἐπίστευεν	
John 2:24	αὑτὸν	F-3ASM	F-3ASM	848	ἑαυτοῦ	αὑτόν	
John 2:24	αὐτοῖς	P-DPM	P-DPM	846	αὐτός	αὐτοῖς	
John 2:24	διὰ	PREP	PREP	1223	διά	διά	
John 2:24	τὸ	T-ASN	T-ASN	3588	ὁ	τό	
John 2:24	αὐτὸν	P-ASM	P-ASM	846	αὐτός	αὐτόν	
John 2:24	γινώσκειν	V-PAN	V-PAN	1097&5721	γινώσκω	γινώσκειν	
John 2:24	πάντας,	A-APM	A-APM	3956	πᾶς	πάντας	
John 2:25	καὶ	CONJ	CONJ	2532	καί	καί	
John 2:25	ὅτι	CONJ	CONJ	3754	ὅτι	ὅτι	
John 2:25	οὐ	PRT-N	PRT-N	3756	οὐ	οὐ	
John 2:25	χρείαν	N-ASF	N-ASF	5532	χρεία	χρείαν	
John 2:25	εἶχεν	V-IAI-3S	V-IAI-3S	2192&5707	ἔχω	εἶχεν	
John 2:25	ἵνα	CONJ	CONJ	2443	ἵνα	ἵνα	
John 2:25	τις	X-NSM	X-NSM	5100	τὶς	τις	
John 2:25	μαρτυρήσῃ	V-AAS-3S	V-AAS-3S	3140&5661	μαρτυρέω	μαρτυρήσῃ	
John 2:25	περὶ	PREP	PREP	4012	περί	περί	
John 2:25	τοῦ	T-GSM	T-GSM	3588	ὁ	τοῦ	
John 2:25	ἀνθρώπου·	N-GSM	N-GSM	444	ἄνθρωπος	ἀνθρώπου	
John 2:25	αὐτὸς	P-NSM	P-NSM	846	αὐτός	αὐτός	
John 2:25	γὰρ	CONJ	CONJ	1063	γάρ	γάρ	
John 2:25	ἐγίνωσκεν	V-IAI-3S	V-IAI-3S	1097&5707	γινώσκω	ἐγίνωσκεν	
John 2:25	τί	I-NSN	I-NSN	5101	τίς	τί	
John 2:25	ἦν	V-IAI-3S	V-IAI-3S	1510&5707	εἰμί	ἦν	
John 2:25	ἐν	PREP	PREP	1722	ἐν	ἐν	
John 2:25	τῷ	T-DSM	T-DSM	3588	ὁ	τῷ	
John 2:25	ἀνθρώπῳ.	N-DSM	N-DSM	444	ἄνθρωπος	ἀνθρώπῳ	
John 3:1	Ἦν	V-IAI-3S	V-IAI-3S	1510&5707	εἰμί	Ἦν	
John 3:1	δὲ	CONJ	CONJ	1161	δέ	δέ	
John 3:1	ἄνθρωπος	N-NSM	N-NSM	444	ἄνθρωπος	ἄνθρωπος	
John 3:1	ἐκ	PREP	PREP	1537	ἐκ	ἐκ	
John 3:1	τῶν	T-GPM	T-GPM	3588	ὁ	τῶν	
John 3:1	Φαρισαίων,	N-GPM	N-GPM	5330	Φαρισαῖος	Φαρισαίων	
John 3:1	Νικόδημος	N-NSM	N-NSM	3530	Νικόδημος	Νικόδημος	
John 3:1	ὄνομα	N-NSN	N-NSN	3686	ὄνομα	ὄνομα	
John 3:1	αὐτῷ,	P-DSM	P-DSM	846	αὐτός	αὐτῷ	
John 3:1	ἄρχων	N-NSM	N-NSM	758	ἄρχων	ἄρχων	
John 3:1	τῶν	T-GPM	T-GPM	3588	ὁ	τῶν	
John 3:1	Ἰουδαίων·	A-GPM	A-GPM	2453	Ἰουδαῖος	Ἰουδαίων	
John 3:2	οὗτος	D-NSM	D-NSM	3778	οὗτος	οὗτος	
John 3:2	ἦλθεν	V-2AAI-3S	V-2AAI-3S	2064&5627	ἔρχομαι	ἦλθεν	
John 3:2	πρὸς	PREP	PREP	4314	πρός	πρός	
John 3:2	αὐτὸν	P-ASM	P-ASM	846	αὐτός	αὐτόν	
John 3:2	νυκτὸς	N-GSF	N-GSF	3571	νύξ	νυκτός	
John 3:2	καὶ	CONJ	CONJ	2532	καί	καί	
John 3:2	εἶπεν	V-2AAI-3S	V-2AAI-3S	3004&5627	λέγω	εἶπεν	
John 3:2	αὐτῷ	P-DSM	P-DSM	846	αὐτός	αὐτῷ	
John 3:2	Ῥαββεί,	HEB	HEB	4461	ῥαββί	Ῥαββεί	
John 3:2	οἴδαμεν	V-RAI-1P	V-RAI-1P	1492&5758	οἶδα	οἴδαμεν	
John 3:2	ὅτι	CONJ	CONJ	3754	ὅτι	ὅτι	
John 3:2	ἀπὸ	PREP	PREP	575	ἀπό	ἀπό	
John 3:2	Θεοῦ	N-GSM	N-GSM	2316	θεός	Θεοῦ	
John 3:2	ἐλήλυθας	V-2RAI-2S	V-2RAI-2S	2064&5754	ἔρχομαι	ἐλήλυθας	
John 3:2	διδάσκαλος·	N-NSM	N-NSM	1320	διδάσκαλος	διδάσκαλος	
John 3:2	οὐδεὶς	A-NSM-N	A-NSM-N	3762	οὐδείς	οὐδείς	
John 3:2	γὰρ	CONJ	CONJ	1063	γάρ	γάρ	
John 3:2	δύναται	V-PNI-3S	V-PNI-3S	1410&5736	δύναμαι	δύναται	
John 3:2	ταῦτα	D-APN	D-APN	3778	οὗτος	ταῦτα	
John 3:2	τὰ	T-APN	T-APN	3588	ὁ	τά	
John 3:2	σημεῖα	N-APN	N-APN	4592	σημεῖον	σημεῖα	
John 3:2	ποιεῖν	V-PAN	V-PAN	4160&5721	ποιέω	ποιεῖν	
John 3:2	ἃ	R-APN	R-APN	3739	ὅς	ἅ	
John 3:2	σὺ	P-2NS	P-2NS	4771	σύ	σύ	
John 3:2	ποιεῖς,	V-PAI-2S	V-PAI-2S	4160&5719	ποιέω	ποιεῖς	
John 3:2	ἐὰν	COND	COND	1437	ἐάν	ἐάν	
John 3:2	μὴ	PRT-N	PRT-N	3361	μή	μή	
John 3:2	ᾖ	V-PAS-3S	V-PAS-3S	1510&5725	εἰμί	ᾖ	
John 3:2	ὁ	T-NSM	T-NSM	3588	ὁ	ὁ	
John 3:2	Θεὸς	N-NSM	N-NSM	2316	θεός	Θεός	
John 3:2	μετ’	PREP	PREP	3326	μετά	μετ’	
John 3:2	αὐτοῦ.	P-GSM	P-GSM	846	αὐτός	αὐτοῦ	
John 3:3	ἀπεκρίθη	V-ADI-3S	V-ADI-3S	611&5662	ἀποκρίνομαι	ἀπεκρίθη	
John 3:3	Ἰησοῦς	N-NSM	N-NSM	2424	Ἰησοῦς	Ἰησοῦς	
John 3:3	καὶ	CONJ	CONJ	2532	καί	καί	
John 3:3	εἶπεν	V-2AAI-3S	V-2AAI-3S	3004&5627	λέγω	εἶπεν	
John 3:3	αὐτῷ	P-DSM	P-DSM	846	αὐτός	αὐτῷ	
John 3:3	Ἀμὴν	HEB	HEB	281	ἀμήν	Ἀμήν	
John 3:3	ἀμὴν	HEB	HEB	281	ἀμήν	ἀμήν	
John 3:3	λέγω	V-PAI-1S	V-PAI-1S	3004&5719	λέγω	λέγω	
John 3:3	σοι,	P-2DS	P-2DS	4771	σύ	σοι	
John 3:3	ἐὰν	COND	COND	1437	ἐάν	ἐάν	
John 3:3	μή	PRT-N	PRT-N	3361	μή	μή	
John 3:3	τις	X-NSM	X-NSM	5100	τὶς	τις	
John 3:3	γεννηθῇ	V-APS-3S	V-APS-3S	1080&5686	γεννάω	γεννηθῇ	
John 3:3	ἄνωθεν,	ADV	ADV	509	ἄνωθεν	ἄνωθεν	
John 3:3	οὐ	PRT-N	PRT-N	3756	οὐ	οὐ	
John 3:3	δύναται	V-PNI-3S	V-PNI-3S	1410&5736	δύναμαι	δύναται	
John 3:3	ἰδεῖν	V-2AAN	V-2AAN	3708&5629	ὁράω	ἰδεῖν	
John 3:3	τὴν	T-ASF	T-ASF	3588	ὁ	τήν	
John 3:3	βασιλείαν	N-ASF	N-ASF	932	βασιλεία	βασιλείαν	
John 3:3	τοῦ	T-GSM	T-GSM	3588	ὁ	τοῦ	
John 3:3	Θεοῦ.	N-GSM	N-GSM	2316	θεός	Θεοῦ	
John 3:4	λέγει	V-PAI-3S	V-PAI-3S	3004&5719	λέγω	λέγει	
John 3:4	πρὸς	PREP	PREP	4314	πρός	πρός	
John 3:4	αὐτὸν	P-ASM	P-ASM	846	αὐτός	αὐτόν	
John 3:4	ὁ	T-NSM	T-NSM	3588	ὁ	ὁ	
John 3:4	Νικόδημος	N-NSM	N-NSM	3530	Νικόδημος	Νικόδημος	
John 3:4	Πῶς	ADV-I	ADV-I	4459	πῶς	Πῶς	
John 3:4	δύναται	V-PNI-3S	V-PNI-3S	1410&5736	δύναμαι	δύναται	
John 3:4	ἄνθρωπος	N-NSM	N-NSM	444	ἄνθρωπος	ἄνθρωπος	
John 3:4	γεννηθῆναι	V-APN	V-APN	1080&5683	γεννάω	γεννηθῆναι	
John 3:4	γέρων	N-NSM	N-NSM	1088	γέρων	γέρων	
John 3:4	ὤν;	V-PAP-NSM	V-PAP-NSM	1510&5723	εἰμί	ὤν	
John 3:4	μὴ	PRT-N	PRT-N	3361	μή	μή	
John 3:4	δύναται	V-PNI-3S	V-PNI-3S	1410&5736	δύναμαι	δύναται	
John 3:4	εἰς	PREP	PREP	1519	εἰς	εἰς	
John 3:4	τὴν	T-ASF	T-ASF	3588	ὁ	τήν	
John 3:4	κοιλίαν	N-ASF	N-ASF	2836	κοιλία	κοιλίαν	
John 3:4	τῆς	T-GSF	T-GSF	3588	ὁ	τῆς	
John 3:4	μητρὸς	N-GSF	N-GSF	3384	μήτηρ	μητρός	
John 3:4	αὐτοῦ	P-GSM	P-GSM	846	αὐτός	αὐτοῦ	
John 3:4	δεύτερον	ADV	ADV	1208	δεύτερος	δεύτερον	
John 3:4	εἰσελθεῖν	V-2AAN	V-2AAN	1525&5629	εἰσέρχομαι	εἰσελθεῖν	
John 3:4	καὶ	CONJ	CONJ	2532	καί	καί	
John 3:4	γεννηθῆναι;	V-APN	V-APN	1080&5683	γεννάω	γεννηθῆναι	
John 3:5	ἀπεκρίθη	V-ADI-3S	V-ADI-3S	611&5662	ἀποκρίνομαι	ἀπεκρίθη	
John 3:5	Ἰησοῦς	N-NSM	N-NSM	2424	Ἰησοῦς	Ἰησοῦς	
John 3:5	Ἀμὴν	HEB	HEB	281	ἀμήν	Ἀμήν	
John 3:5	ἀμὴν	HEB	HEB	281	ἀμήν	ἀμήν	
John 3:5	λέγω	V-PAI-1S	V-PAI-1S	3004&5719	λέγω	λέγω	
John 3:5	σοι,	P-2DS	P-2DS	4771	σύ	σοι	
John 3:5	ἐὰν	COND	COND	1437	ἐάν	ἐάν	
John 3:5	μή	PRT-N	PRT-N	3361	μή	μή	
John 3:5	τις	X-NSM	X-NSM	5100	τὶς	τις	
John 3:5	γεννηθῇ	V-APS-3S	V-APS-3S	1080&5686	γεννάω	γεννηθῇ	
John 3:5	ἐξ	PREP	PREP	1537	ἐκ	ἐξ	
John 3:5	ὕδατος	N-GSN	N-GSN	5204	ὕδωρ	ὕδατος	
John 3:5	καὶ	CONJ	CONJ	2532	καί	καί	
John 3:5	Πνεύματος,	N-GSN	N-GSN	4151	πνεῦμα	Πνεύματος	
John 3:5	οὐ	PRT-N	PRT-N	3756	οὐ	οὐ	
John 3:5	δύναται	V-PNI-3S	V-PNI-3S	1410&5736	δύναμαι	δύναται	
John 3:5	εἰσελθεῖν	V-2AAN	V-2AAN	1525&5629	εἰσέρχομαι	εἰσελθεῖν	
John 3:5	εἰς	PREP	PREP	1519	εἰς	εἰς	
John 3:5	τὴν	T-ASF	T-ASF	3588	ὁ	τήν	
John 3:5	βασιλείαν	N-ASF	N-ASF	932	βασιλεία	βασιλείαν	
John 3:5	τοῦ	T-GSM	T-GSM	3588	ὁ	τοῦ	
John 3:5	Θεοῦ.	N-GSM	N-GSM	2316	θεός	Θεοῦ	
John 3:6	τὸ	T-NSN	T-NSN	3588	ὁ	τό	
John 3:6	γεγεννημένον	V-RPP-NSN	V-RPP-NSN	1080&5772	γεννάω	γεγεννημένον	
John 3:6	ἐκ	PREP	PREP	1537	ἐκ	ἐκ	
John 3:6	τῆς	T-GSF	T-GSF	3588	ὁ	τῆς	
John 3:6	σαρκὸς	N-GSF	N-GSF	4561	σάρξ	σαρκός	
John 3:6	σάρξ	N-NSF	N-NSF	4561	σάρξ	σάρξ	
John 3:6	ἐστιν,	V-PAI-3S	V-PAI-3S	1510&5719	εἰμί	ἐστιν	
John 3:6	καὶ	CONJ	CONJ	2532	καί	καί	
John 3:6	τὸ	T-NSN	T-NSN	3588	ὁ	τό	
John 3:6	γεγεννημένον	V-RPP-NSN	V-RPP-NSN	1080&5772	γεννάω	γεγεννημένον	
John 3:6	ἐκ	PREP	PREP	1537	ἐκ	ἐκ	
John 3:6	τοῦ	T-GSN	T-GSN	3588	ὁ	τοῦ	
John 3:6	Πνεύματος	N-GSN	N-GSN	4151	πνεῦμα	Πνεύματος	
John 3:6	πνεῦμά	N-NSN	N-NSN	4151	πνεῦμα	πνεῦμα	
John 3:6	ἐστιν.	V-PAI-3S	V-PAI-3S	1510&5719	εἰμί	ἐστιν	
John 3:7	μὴ	PRT-N	PRT-N	3361	μή	μή	
John 3:7	θαυμάσῃς	V-AAS-2S	V-AAS-2S	2296&5661	θαυμάζω	θαυμάσῃς	
John 3:7	ὅτι	CONJ	CONJ	3754	ὅτι	ὅτι	
John 3:7	εἶπόν	V-2AAI-1S	V-2AAI-1S	3004&5627	λέγω	εἶπον	
John 3:7	σοι	P-2DS	P-2DS	4771	σύ	σοι	
John 3:7	Δεῖ	V-PAI-3S	V-PAI-3S	1163&5719	δεῖ	Δεῖ	
John 3:7	ὑμᾶς	P-2AP	P-2AP	4771	σύ	ὑμᾶς	
John 3:7	γεννηθῆναι	V-APN	V-APN	1080&5683	γεννάω	γεννηθῆναι	
John 3:7	ἄνωθεν.	ADV	ADV	509	ἄνωθεν	ἄνωθεν	
John 3:8	τὸ	T-NSN	T-NSN	3588	ὁ	τό	
John 3:8	πνεῦμα	N-NSN	N-NSN	4151	πνεῦμα	πνεῦμα	
John 3:8	ὅπου	ADV	ADV	3699	ὅπου	ὅπου	
John 3:8	θέλει	V-PAI-3S	V-PAI-3S	2309&5719	θέλω	θέλει	
John 3:8	πνεῖ,	V-PAI-3S	V-PAI-3S	4154&5719	πνέω	πνεῖ	
John 3:8	καὶ	CONJ	CONJ	2532	καί	καί	
John 3:8	τὴν	T-ASF	T-ASF	3588	ὁ	τήν	
John 3:8	φωνὴν	N-ASF	N-ASF	5456	φωνή	φωνήν	
John 3:8	αὐτοῦ	P-GSN	P-GSN	846	αὐτός	αὐτοῦ	
John 3:8	ἀκούεις,	V-PAI-2S	V-PAI-2S	191&5719	ἀκούω	ἀκούεις	
John 3:8	ἀλλ’	CONJ	CONJ	235	ἀλλά	ἀλλ’	
John 3:8	οὐκ	PRT-N	PRT-N	3756	οὐ	οὐκ	
John 3:8	οἶδας	V-RAI-2S	V-RAI-2S	1492&5758	οἶδα	οἶδας	
John 3:8	πόθεν	ADV-I	ADV-I	4159	πόθεν	πόθεν	
John 3:8	ἔρχεται	V-PNI-3S	V-PNI-3S	2064&5736	ἔρχομαι	ἔρχεται	
John 3:8	καὶ	CONJ	CONJ	2532	καί	καί	
John 3:8	ποῦ	ADV-I	ADV-I	4226	ποῦ	ποῦ	
John 3:8	ὑπάγει·	V-PAI-3S	V-PAI-3S	5217&5719	ὑπάγω	ὑπάγει	
John 3:8	οὕτως	ADV	ADV	3779	οὕτω	οὕτως	
John 3:8	ἐστὶν	V-PAI-3S	V-PAI-3S	1510&5719	εἰμί	ἐστίν	
John 3:8	πᾶς	A-NSM	A-NSM	3956	πᾶς	πᾶς	
John 3:8	ὁ	T-NSM	T-NSM	3588	ὁ	ὁ	
John 3:8	γεγεννημένος	V-RPP-NSM	V-RPP-NSM	1080&5772	γεννάω	γεγεννημένος	
John 3:8	ἐκ	PREP	PREP	1537	ἐκ	ἐκ	
John 3:8	τοῦ	T-GSN	T-GSN	3588	ὁ	τοῦ	
John 3:8	Πνεύματος.	N-GSN	N-GSN	4151	πνεῦμα	Πνεύματος	
John 3:9	ἀπεκρίθη	V-ADI-3S	V-ADI-3S	611&5662	ἀποκρίνομαι	ἀπεκρίθη	
John 3:9	Νικόδημος	N-NSM	N-NSM	3530	Νικόδημος	Νικόδημος	
John 3:9	καὶ	CONJ	CONJ	2532	καί	καί	
John 3:9	εἶπεν	V-2AAI-3S	V-2AAI-3S	3004&5627	λέγω	εἶπεν	
John 3:9	αὐτῷ	P-DSM	P-DSM	846	αὐτός	αὐτῷ	
John 3:9	Πῶς	ADV-I	ADV-I	4459	πῶς	Πῶς	
John 3:9	δύναται	V-PNI-3S	V-PNI-3S	1410&5736	δύναμαι	δύναται	
John 3:9	ταῦτα	D-NPN	D-NPN	3778	οὗτος	ταῦτα	
John 3:9	γενέσθαι;	V-2ADN	V-2ADN	1096&5635	γίνομαι	γενέσθαι	
John 3:10	ἀπεκρίθη	V-ADI-3S	V-ADI-3S	611&5662	ἀποκρίνομαι	ἀπεκρίθη	
John 3:10	Ἰησοῦς	N-NSM	N-NSM	2424	Ἰησοῦς	Ἰησοῦς	
John 3:10	καὶ	CONJ	CONJ	2532	καί	καί	
John 3:10	εἶπεν	V-2AAI-3S	V-2AAI-3S	3004&5627	λέγω	εἶπεν	
John 3:10	αὐτῷ	P-DSM	P-DSM	846	αὐτός	αὐτῷ	
John 3:10	Σὺ	P-2NS	P-2NS	4771	σύ	Σύ	
John 3:10	εἶ	V-PAI-2S	V-PAI-2S	1510&5719	εἰμί	εἶ	
John 3:10	ὁ	T-NSM	T-NSM	3588	ὁ	ὁ	
John 3:10	διδάσκαλος	N-NSM	N-NSM	1320	διδάσκαλος	διδάσκαλος	
John 3:10	τοῦ	T-GSM	T-GSM	3588	ὁ	τοῦ	
John 3:10	Ἰσραὴλ	N-PRI	N-PRI	2474	Ἰσραήλ	Ἰσραήλ	
John 3:10	καὶ	CONJ	CONJ	2532	καί	καί	
John 3:10	ταῦτα	D-APN	D-APN	3778	οὗτος	ταῦτα	
John 3:10	οὐ	PRT-N	PRT-N	3756	οὐ	οὐ	
John 3:10	γινώσκεις;	V-PAI-2S	V-PAI-2S	1097&5719	γινώσκω	γινώσκεις	
John 3:11	ἀμὴν	HEB	HEB	281	ἀμήν	ἀμήν	
John 3:11	ἀμὴν	HEB	HEB	281	ἀμήν	ἀμήν	
John 3:11	λέγω	V-PAI-1S	V-PAI-1S	3004&5719	λέγω	λέγω	
John 3:11	σοι	P-2DS	P-2DS	4771	σύ	σοι	
John 3:11	ὅτι	CONJ	CONJ	3754	ὅτι	ὅτι	
John 3:11	ὃ	R-ASN	R-ASN	3739	ὅς	ὅ	
John 3:11	οἴδαμεν	V-RAI-1P	V-RAI-1P	1492&5758	οἶδα	οἴδαμεν	
John 3:11	λαλοῦμεν	V-PAI-1P	V-PAI-1P	2980&5719	λαλέω	λαλοῦμεν	
John 3:11	καὶ	CONJ	CONJ	2532	καί	καί	
John 3:11	ὃ	R-ASN	R-ASN	3739	ὅς	ὅ	
John 3:11	ἑωράκαμεν	V-RAI-1P-ATT	V-RAI-1P-ATT	3708&5758	ὁράω	ἑωράκαμεν	
John 3:11	μαρτυροῦμεν,	V-PAI-1P	V-PAI-1P	3140&5719	μαρτυρέω	μαρτυροῦμεν	
John 3:11	καὶ	CONJ	CONJ	2532	καί	καί	
John 3:11	τὴν	T-ASF	T-ASF	3588	ὁ	τήν	
John 3:11	μαρτυρίαν	N-ASF	N-ASF	3141	μαρτυρία	μαρτυρίαν	
John 3:11	ἡμῶν	P-1GP	P-1GP	1473	ἐγώ	ἡμῶν	
John 3:11	οὐ	PRT-N	PRT-N	3756	οὐ	οὐ	
John 3:11	λαμβάνετε.	V-PAI-2P	V-PAI-2P	2983&5719	λαμβάνω	λαμβάνετε	
John 3:12	εἰ	COND	COND	1487	εἰ	εἰ	
John 3:12	τὰ	T-APN	T-APN	3588	ὁ	τά	
John 3:12	ἐπίγεια	A-APN	A-APN	1919	ἐπίγειος	ἐπίγεια	
John 3:12	εἶπον	V-2AAI-1S	V-2AAI-1S	3004&5627	λέγω	εἶπον	
John 3:12	ὑμῖν	P-2DP	P-2DP	4771	σύ	ὑμῖν	
John 3:12	καὶ	CONJ	CONJ	2532	καί	καί	
John 3:12	οὐ	PRT-N	PRT-N	3756	οὐ	οὐ	
John 3:12	πιστεύετε,	V-PAI-2P	V-PAI-2P	4100&5719	πιστεύω	πιστεύετε	
John 3:12	πῶς	ADV-I	ADV-I	4459	πῶς	πῶς	
John 3:12	ἐὰν	COND	COND	1437	ἐάν	ἐάν	
John 3:12	εἴπω	V-2AAS-1S	V-2AAS-1S	3004&5632	λέγω	εἴπω	
John 3:12	ὑμῖν	P-2DP	P-2DP	4771	σύ	ὑμῖν	
John 3:12	τὰ	T-APN	T-APN	3588	ὁ	τά	
John 3:12	ἐπουράνια	A-APN	A-APN	2032	ἐπουράνιος	ἐπουράνια	
John 3:12	πιστεύσετε;	V-FAI-2P	V-FAI-2P	4100&5692	πιστεύω	πιστεύσετε	
John 3:13	καὶ	CONJ	CONJ	2532	καί	καί	
John 3:13	οὐδεὶς	A-NSM-N	A-NSM-N	3762	οὐδείς	οὐδείς	
John 3:13	ἀναβέβηκεν	V-RAI-3S	V-RAI-3S	305&5758	ἀναβαίνω	ἀναβέβηκεν	
John 3:13	εἰς	PREP	PREP	1519	εἰς	εἰς	
John 3:13	τὸν	T-ASM	T-ASM	3588	ὁ	τόν	
John 3:13	οὐρανὸν	N-ASM	N-ASM	3772	οὐρανός	οὐρανόν	
John 3:13	εἰ	COND	COND	1487	εἰ	εἰ	
John 3:13	μὴ	PRT-N	PRT-N	3361	μή	μή	
John 3:13	ὁ	T-NSM	T-NSM	3588	ὁ	ὁ	
John 3:13	ἐκ	PREP	PREP	1537	ἐκ	ἐκ	
John 3:13	τοῦ	T-GSM	T-GSM	3588	ὁ	τοῦ	
John 3:13	οὐρανοῦ	N-GSM	N-GSM	3772	οὐρανός	οὐρανοῦ	
John 3:13	καταβάς,	V-2AAP-NSM	V-2AAP-NSM	2597&5631	καταβαίνω	καταβάς	
John 3:13	ὁ	T-NSM	T-NSM	3588	ὁ	ὁ	
John 3:13	Υἱὸς	N-NSM	N-NSM	5207	υἱός	Υἱός	
John 3:13	τοῦ	T-GSM	T-GSM	3588	ὁ	τοῦ	
John 3:13	ἀνθρώπου.	N-GSM	N-GSM	444	ἄνθρωπος	ἀνθρώπου	
John 3:14	καὶ	CONJ	CONJ	2532	καί	καί	
John 3:14	καθὼς	ADV	ADV	2531	καθώς	καθώς	
John 3:14	Μωϋσῆς	N-NSM	N-NSM	3475	Μωϋσῆς	Μωϋσῆς	
John 3:14	ὕψωσεν	V-AAI-3S	V-AAI-3S	5312&5656	ὑψόω	ὕψωσεν	
John 3:14	τὸν	T-ASM	T-ASM	3588	ὁ	τόν	
John 3:14	ὄφιν	N-ASM	N-ASM	3789	ὄφις	ὄφιν	
John 3:14	ἐν	PREP	PREP	1722	ἐν	ἐν	
John 3:14	τῇ	T-DSF	T-DSF	3588	ὁ	τῇ	
John 3:14	ἐρήμῳ,	A-DSF	A-DSF	2048	ἔρημος	ἐρήμῳ	
John 3:14	οὕτως	ADV	ADV	3779	οὕτω	οὕτως	
John 3:14	ὑψωθῆναι	V-APN	V-APN	5312&5683	ὑψόω	ὑψωθῆναι	
John 3:14	δεῖ	V-PAI-3S	V-PAI-3S	1163&5719	δεῖ	δεῖ	
John 3:14	τὸν	T-ASM	T-ASM	3588	ὁ	τόν	
John 3:14	Υἱὸν	N-ASM	N-ASM	5207	υἱός	Υἱόν	
John 3:14	τοῦ	T-GSM	T-GSM	3588	ὁ	τοῦ	
John 3:14	ἀνθρώπου,	N-GSM	N-GSM	444	ἄνθρωπος	ἀνθρώπου	
John 3:15	ἵνα	CONJ	CONJ	2443	ἵνα	ἵνα	
John 3:15	πᾶς	A-NSM	A-NSM	3956	πᾶς	πᾶς	
John 3:15	ὁ	T-NSM	T-NSM	3588	ὁ	ὁ	
John 3:15	πιστεύων	V-PAP-NSM	V-PAP-NSM	4100&5723	πιστεύω	πιστεύων	
John 3:15	ἐν	PREP	PREP	1722	ἐν	ἐν	
John 3:15	αὐτῷ	P-DSM	P-DSM	846	αὐτός	αὐτῷ	
John 3:15	ἔχῃ	V-PAS-3S	V-PAS-3S	2192&5725	ἔχω	ἔχῃ	
John 3:15	ζωὴν	N-ASF	N-ASF	2222	ζωή	ζωήν	
John 3:15	αἰώνιον.	A-ASF	A-ASF	166	αἰώνιος	αἰώνιον	
John 3:16	Οὕτως	ADV	ADV	3779	οὕτω	Οὕτως	
John 3:16	γὰρ	CONJ	CONJ	1063	γάρ	γάρ	
John 3:16	ἠγάπησεν	V-AAI-3S	V-AAI-3S	25&5656	ἀγαπάω	ἠγάπησεν	
John 3:16	ὁ	T-NSM	T-NSM	3588	ὁ	ὁ	
John 3:16	Θεὸς	N-NSM	N-NSM	2316	θεός	Θεός	
John 3:16	τὸν	T-ASM	T-ASM	3588	ὁ	τόν	
John 3:16	κόσμον,	N-ASM	N-ASM	2889	κόσμος	κόσμον	
John 3:16	ὥστε	CONJ	CONJ	5620	ὥστε	ὥστε	
John 3:16	τὸν	T-ASM	T-ASM	3588	ὁ	τόν	
John 3:16	Υἱὸν	N-ASM	N-ASM	5207	υἱός	Υἱόν	
John 3:16	τὸν	T-ASM	T-ASM	3588	ὁ	τόν	
John 3:16	μονογενῆ	A-ASM	A-ASM	3439	μονογενής	μονογενῆ	
John 3:16	ἔδωκεν,	V-AAI-3S	V-AAI-3S	1325&5656	δίδωμι	ἔδωκεν	
John 3:16	ἵνα	CONJ	CONJ	2443	ἵνα	ἵνα	
John 3:16	πᾶς	A-NSM	A-NSM	3956	πᾶς	πᾶς	
John 3:16	ὁ	T-NSM	T-NSM	3588	ὁ	ὁ	
John 3:16	πιστεύων	V-PAP-NSM	V-PAP-NSM	4100&5723	πιστεύω	πιστεύων	
John 3:16	εἰς	PREP	PREP	1519	εἰς	εἰς	
John 3:16	αὐτὸν	P-ASM	P-ASM	846	αὐτός	αὐτόν	
John 3:16	μὴ	PRT-N	PRT-N	3361	μή	μή	
John 3:16	ἀπόληται	V-2AMS-3S	V-2AMS-3S	622&5643	ἀπόλλυμι	ἀπόληται	
John 3:16	ἀλλ’	CONJ	CONJ	235	ἀλλά	ἀλλ’	
John 3:16	ἔχῃ	V-PAS-3S	V-PAS-3S	2192&5725	ἔχω	ἔχῃ	
John 3:16	ζωὴν	N-ASF	N-ASF	2222	ζωή	ζωήν	
John 3:16	αἰώνιον.	A-ASF	A-ASF	166	αἰώνιος	αἰώνιον	
John 3:17	οὐ	PRT-N	PRT-N	3756	οὐ	οὐ	
John 3:17	γὰρ	CONJ	CONJ	1063	γάρ	γάρ	
John 3:17	ἀπέστειλεν	V-AAI-3S	V-AAI-3S	649&5656	ἀποστέλλω	ἀπέστειλεν	
John 3:17	ὁ	T-NSM	T-NSM	3588	ὁ	ὁ	
John 3:17	Θεὸς	N-NSM	N-NSM	2316	θεός	Θεός	
John 3:17	τὸν	T-ASM	T-ASM	3588	ὁ	τόν	
John 3:17	Υἱὸν	N-ASM	N-ASM	5207	υἱός	Υἱόν	
John 3:17	εἰς	PREP	PREP	1519	εἰς	εἰς	
John 3:17	τὸν	T-ASM	T-ASM	3588	ὁ	τόν	
John 3:17	κόσμον	N-ASM	N-ASM	2889	κόσμος	κόσμον	
John 3:17	ἵνα	CONJ	CONJ	2443	ἵνα	ἵνα	
John 3:17	κρίνῃ	V-PAS-3S	V-PAS-3S	2919&5725	κρίνω	κρίνῃ	
John 3:17	τὸν	T-ASM	T-ASM	3588	ὁ	τόν	
John 3:17	κόσμον,	N-ASM	N-ASM	2889	κόσμος	κόσμον	
John 3:17	ἀλλ’	CONJ	CONJ	235	ἀλλά	ἀλλ’	
John 3:17	ἵνα	CONJ	CONJ	2443	ἵνα	ἵνα	
John 3:17	σωθῇ	V-APS-3S	V-APS-3S	4982&5686	σῴζω	σωθῇ	
John 3:17	ὁ	T-NSM	T-NSM	3588	ὁ	ὁ	
John 3:17	κόσμος	N-NSM	N-NSM	2889	κόσμος	κόσμος	
John 3:17	δι’	PREP	PREP	1223	διά	δι’	
John 3:17	αὐτοῦ.	P-GSM	P-GSM	846	αὐτός	αὐτοῦ	
John 3:18	ὁ	T-NSM	T-NSM	3588	ὁ	ὁ	
John 3:18	πιστεύων	V-PAP-NSM	V-PAP-NSM	4100&5723	πιστεύω	πιστεύων	
John 3:18	εἰς	PREP	PREP	1519	εἰς	εἰς	
John 3:18	αὐτὸν	P-ASM	P-ASM	846	αὐτός	αὐτόν	
John 3:18	οὐ	PRT-N	PRT-N	3756	οὐ	οὐ	
John 3:18	κρίνεται·	V-PPI-3S	V-PEI-3S	2919&5743	κρίνω	κρίνεται	
John 3:18	ὁ	T-NSM	T-NSM	3588	ὁ	ὁ	
John 3:18	μὴ	PRT-N	PRT-N	3361	μή	μή	
John 3:18	πιστεύων	V-PAP-NSM	V-PAP-NSM	4100&5723	πιστεύω	πιστεύων	
John 3:18	ἤδη	ADV	ADV	2235	ἤδη	ἤδη	
John 3:18	κέκριται,	V-RPI-3S	V-RPI-3S	2919&5769	κρίνω	κέκριται	
John 3:18	ὅτι	CONJ	CONJ	3754	ὅτι	ὅτι	
John 3:18	μὴ	PRT-N	PRT-N	3361	μή	μή	
John 3:18	πεπίστευκεν	V-RAI-3S	V-RAI-3S	4100&5758	πιστεύω	πεπίστευκεν	
John 3:18	εἰς	PREP	PREP	1519	εἰς	εἰς	
John 3:18	τὸ	T-ASN	T-ASN	3588	ὁ	τό	
John 3:18	ὄνομα	N-ASN	N-ASN	3686	ὄνομα	ὄνομα	
John 3:18	τοῦ	T-GSM	T-GSM	3588	ὁ	τοῦ	
John 3:18	μονογενοῦς	A-GSM	A-GSM	3439	μονογενής	μονογενοῦς	
John 3:18	Υἱοῦ	N-GSM	N-GSM	5207	υἱός	Υἱοῦ	
John 3:18	τοῦ	T-GSM	T-GSM	3588	ὁ	τοῦ	
John 3:18	Θεοῦ.	N-GSM	N-GSM	2316	θεός	Θεοῦ	
John 3:19	αὕτη	D-NSF	D-NSF	3778	οὗτος	αὕτη	
John 3:19	δέ	CONJ	CONJ	1161	δέ	δέ	
John 3:19	ἐστιν	V-PAI-3S	V-PAI-3S	1510&5719	εἰμί	ἐστιν	
John 3:19	ἡ	T-NSF	T-NSF	3588	ὁ	ἡ	
John 3:19	κρίσις,	N-NSF	N-NSF	2920	κρίσις	κρίσις	
John 3:19	ὅτι	CONJ	CONJ	3754	ὅτι	ὅτι	
John 3:19	τὸ	T-NSN	T-NSN	3588	ὁ	τό	
John 3:19	φῶς	N-NSN	N-NSN	5457	φῶς	φῶς	
John 3:19	ἐλήλυθεν	V-2RAI-3S	V-2RAI-3S	2064&5754	ἔρχομαι	ἐλήλυθεν	
John 3:19	εἰς	PREP	PREP	1519	εἰς	εἰς	
John 3:19	τὸν	T-ASM	T-ASM	3588	ὁ	τόν	
John 3:19	κόσμον	N-ASM	N-ASM	2889	κόσμος	κόσμον	
John 3:19	καὶ	CONJ	CONJ	2532	καί	καί	
John 3:19	ἠγάπησαν	V-AAI-3P	V-AAI-3P	25&5656	ἀγαπάω	ἠγάπησαν	
John 3:19	οἱ	T-NPM	T-NPM	3588	ὁ	οἱ	
John 3:19	ἄνθρωποι	N-NPM	N-NPM	444	ἄνθρωπος	ἄνθρωποι	
John 3:19	μᾶλλον	ADV	ADV	3123	μᾶλλον	μᾶλλον	
John 3:19	τὸ	T-ASN	T-ASN	3588	ὁ	τό	
John 3:19	σκότος	N-ASN	N-ASN	4655	σκότος	σκότος	
John 3:19	ἢ	PRT	PRT	2228	ἤ	ἤ	
John 3:19	τὸ	T-ASN	T-ASN	3588	ὁ	τό	
John 3:19	φῶς·	N-ASN	N-ASN	5457	φῶς	φῶς	
John 3:19	ἦν	V-IAI-3S	V-IAI-3S	1510&5707	εἰμί	ἦν	
John 3:19	γὰρ	CONJ	CONJ	1063	γάρ	γάρ	
John 3:19	αὐτῶν	P-GPM	P-GPM	846	αὐτός	αὐτῶν	
John 3:19	πονηρὰ	A-NPN	A-NPN	4190	πονηρός	πονηρά	
John 3:19	τὰ	T-NPN	T-NPN	3588	ὁ	τά	
John 3:19	ἔργα.	N-NPN	N-NPN	2041	ἔργον	ἔργα	
John 3:20	πᾶς	A-NSM	A-NSM	3956	πᾶς	πᾶς	
John 3:20	γὰρ	CONJ	CONJ	1063	γάρ	γάρ	
John 3:20	ὁ	T-NSM	T-NSM	3588	ὁ	ὁ	
John 3:20	φαῦλα	A-APN	A-APN	5337	φαῦλος	φαῦλα	
John 3:20	πράσσων	V-PAP-NSM	V-PAP-NSM	4238&5723	πράσσω	πράσσων	
John 3:20	μισεῖ	V-PAI-3S	V-PAI-3S	3404&5719	μισέω	μισεῖ	
John 3:20	τὸ	T-ASN	T-ASN	3588	ὁ	τό	
John 3:20	φῶς	N-ASN	N-ASN	5457	φῶς	φῶς	
John 3:20	καὶ	CONJ	CONJ	2532	καί	καί	
John 3:20	οὐκ	PRT-N	PRT-N	3756	οὐ	οὐκ	
John 3:20	ἔρχεται	V-PNI-3S	V-PNI-3S	2064&5736	ἔρχομαι	ἔρχεται	
John 3:20	πρὸς	PREP	PREP	4314	πρός	πρός	
John 3:20	τὸ	T-ASN	T-ASN	3588	ὁ	τό	
John 3:20	φῶς,	N-ASN	N-ASN	5457	φῶς	φῶς	
John 3:20	ἵνα	CONJ	CONJ	2443	ἵνα	ἵνα	
John 3:20	μὴ	PRT-N	PRT-N	3361	μή	μή	
John 3:20	ἐλεγχθῇ	V-APS-3S	V-APS-3S	1651&5686	ἐλέγχω	ἐλεγχθῇ	
John 3:20	τὰ	T-NPN	T-NPN	3588	ὁ	τά	
John 3:20	ἔργα	N-NPN	N-NPN	2041	ἔργον	ἔργα	
John 3:20	αὐτοῦ·	P-GSM	P-GSM	846	αὐτός	αὐτοῦ	
John 3:21	ὁ	T-NSM	T-NSM	3588	ὁ	ὁ	
John 3:21	δὲ	CONJ	CONJ	1161	δέ	δέ	
John 3:21	ποιῶν	V-PAP-NSM	V-PAP-NSM	4160&5723	ποιέω	ποιῶν	
John 3:21	τὴν	T-ASF	T-ASF	3588	ὁ	τήν	
John 3:21	ἀλήθειαν	N-ASF	N-ASF	225	ἀλήθεια	ἀλήθειαν	
John 3:21	ἔρχεται	V-PNI-3S	V-PNI-3S	2064&5736	ἔρχομαι	ἔρχεται	
John 3:21	πρὸς	PREP	PREP	4314	πρός	πρός	
John 3:21	τὸ	T-ASN	T-ASN	3588	ὁ	τό	
John 3:21	φῶς,	N-ASN	N-ASN	5457	φῶς	φῶς	
John 3:21	ἵνα	CONJ	CONJ	2443	ἵνα	ἵνα	
John 3:21	φανερωθῇ	V-APS-3S	V-APS-3S	5319&5686	φανερόω	φανερωθῇ	
John 3:21	αὐτοῦ	P-GSM	P-GSM	846	αὐτός	αὐτοῦ	
John 3:21	τὰ	T-NPN	T-NPN	3588	ὁ	τά	
John 3:21	ἔργα	N-NPN	N-NPN	2041	ἔργον	ἔργα	
John 3:21	ὅτι	CONJ	CONJ	3754	ὅτι	ὅτι	
John 3:21	ἐν	PREP	PREP	1722	ἐν	ἐν	
John 3:21	Θεῷ	N-DSM	N-DSM	2316	θεός	Θεῷ	
John 3:21	ἐστιν	V-PAI-3S	V-PAI-3S	1510	εἰμί	ἐστιν	
John 3:21	εἰργασμένα.	V-RPP-NPN	V-RPP-NPN	2038&5772	ἐργάζομαι	εἰργασμένα	
John 3:22	Μετὰ	PREP	PREP	3326	μετά	Μετά	
John 3:22	ταῦτα	D-APN	D-APN	3778	οὗτος	ταῦτα	
John 3:22	ἦλθεν	V-2AAI-3S	V-2AAI-3S	2064&5627	ἔρχομαι	ἦλθεν	
John 3:22	ὁ	T-NSM	T-NSM	3588	ὁ	ὁ	
John 3:22	Ἰησοῦς	N-NSM	N-NSM	2424	Ἰησοῦς	Ἰησοῦς	
John 3:22	καὶ	CONJ	CONJ	2532	καί	καί	
John 3:22	οἱ	T-NPM	T-NPM	3588	ὁ	οἱ	
John 3:22	μαθηταὶ	N-NPM	N-NPM	3101	μαθητής	μαθηταί	
John 3:22	αὐτοῦ	P-GSM	P-GSM	846	αὐτός	αὐτοῦ	
John 3:22	εἰς	PREP	PREP	1519	εἰς	εἰς	
John 3:22	τὴν	T-ASF	T-ASF	3588	ὁ	τήν	
John 3:22	Ἰουδαίαν	A-ASF	A-ASF	2453	Ἰουδαῖος	Ἰουδαίαν	
John 3:22	γῆν,	N-ASF	N-ASF	1093	γῆ	γῆν	
John 3:22	καὶ	CONJ	CONJ	2532	καί	καί	
John 3:22	ἐκεῖ	ADV	ADV	1563	ἐκεῖ	ἐκεῖ	
John 3:22	διέτριβεν	V-IAI-3S	V-IAI-3S	1304&5707	διατρίβω	διέτριβεν	
John 3:22	μετ’	PREP	PREP	3326	μετά	μετ’	
John 3:22	αὐτῶν	P-GPM	P-GPM	846	αὐτός	αὐτῶν	
John 3:22	καὶ	CONJ	CONJ	2532	καί	καί	
John 3:22	ἐβάπτιζεν.	V-IAI-3S	V-IAI-3S	907&5707	βαπτίζω	ἐβάπτιζεν	
John 3:23	ἦν	V-IAI-3S	V-IAI-3S	1510&5707	εἰμί	ἦν	
John 3:23	δὲ	CONJ	CONJ	1161	δέ	δέ	
John 3:23	καὶ	CONJ	CONJ	2532	καί	καί	
John 3:23	Ἰωάνης	N-NSM	N-NSM	2491	Ἰωάννης	Ἰωάνης	
John 3:23	βαπτίζων	V-PAP-NSM	V-PAP-NSM	907&5723	βαπτίζω	βαπτίζων	
John 3:23	ἐν	PREP	PREP	1722	ἐν	ἐν	
John 3:23	Αἰνὼν	N-PRI	N-PRI	137	Αἰνών	Αἰνών	
John 3:23	ἐγγὺς	ADV	ADV	1451	ἐγγύς	ἐγγύς	
John 3:23	τοῦ	T-GSN	T-GSN	3588	ὁ	τοῦ	
John 3:23	Σαλείμ,	N-PRI	N-PRI	4530	Σαλείμ	Σαλείμ	
John 3:23	ὅτι	CONJ	CONJ	3754	ὅτι	ὅτι	
John 3:23	ὕδατα	N-NPN	N-NPN	5204	ὕδωρ	ὕδατα	
John 3:23	πολλὰ	A-NPN	A-NPN	4183	πολύς	πολλά	
John 3:23	ἦν	V-IAI-3S	V-IAI-3S	1510&5707	εἰμί	ἦν	
John 3:23	ἐκεῖ,	ADV	ADV	1563	ἐκεῖ	ἐκεῖ	
John 3:23	καὶ	CONJ	CONJ	2532	καί	καί	
John 3:23	παρεγίνοντο	V-IDI-3P	V-INI-3P	3854&5708	παραγίνομαι	παρεγίνοντο	
John 3:23	καὶ	CONJ	CONJ	2532	καί	καί	
John 3:23	ἐβαπτίζοντο·	V-IPI-3P	V-IEI-3P	907&5712	βαπτίζω	ἐβαπτίζοντο	
John 3:24	οὔπω	ADV-N	ADV-N	3768	οὔπω	οὔπω	
John 3:24	γὰρ	CONJ	CONJ	1063	γάρ	γάρ	
John 3:24	ἦν	V-IAI-3S	V-IAI-3S	1510&5707	εἰμί	ἦν	
John 3:24	βεβλημένος	V-RPP-NSM	V-RPP-NSM	906&5772	βάλλω	βεβλημένος	
John 3:24	εἰς	PREP	PREP	1519	εἰς	εἰς	
John 3:24	τὴν	T-ASF	T-ASF	3588	ὁ	τήν	
John 3:24	φυλακὴν	N-ASF	N-ASF	5438	φυλακή	φυλακήν	
John 3:24	Ἰωάνης.	N-NSM	N-NSM	2491	Ἰωάννης	Ἰωάνης	
John 3:25	Ἐγένετο	V-2ADI-3S	V-2ADI-3S	1096&5633	γίνομαι	Ἐγένετο	
John 3:25	οὖν	CONJ	CONJ	3767	οὖν	οὖν	
John 3:25	ζήτησις	N-NSF	N-NSF	2214	ζήτησις	ζήτησις	
John 3:25	ἐκ	PREP	PREP	1537	ἐκ	ἐκ	
John 3:25	τῶν	T-GPM	T-GPM	3588	ὁ	τῶν	
John 3:25	μαθητῶν	N-GPM	N-GPM	3101	μαθητής	μαθητῶν	
John 3:25	Ἰωάνου	N-GSM	N-GSM	2491	Ἰωάννης	Ἰωάνου	
John 3:25	μετὰ	PREP	PREP	3326	μετά	μετά	
John 3:25	Ἰουδαίου	A-GSM	A-GSM	2453	Ἰουδαῖος	Ἰουδαίου	
John 3:25	περὶ	PREP	PREP	4012	περί	περί	
John 3:25	καθαρισμοῦ.	N-GSM	N-GSM	2512	καθαρισμός	καθαρισμοῦ	
John 3:26	καὶ	CONJ	CONJ	2532	καί	καί	
John 3:26	ἦλθον	V-2AAI-3P	V-2AAI-3P	2064	ἔρχομαι	ἦλθον	
John 3:26	πρὸς	PREP	PREP	4314	πρός	πρός	
John 3:26	τὸν	T-ASM	T-ASM	3588	ὁ	τόν	
John 3:26	Ἰωάνην	N-ASM	N-ASM	2491	Ἰωάννης	Ἰωάνην	
John 3:26	καὶ	CONJ	CONJ	2532	καί	καί	
John 3:26	εἶπαν	V-2AAI-3P	V-2AAI-3P	3004&5627	λέγω	εἶπαν	
John 3:26	αὐτῷ	P-DSM	P-DSM	846	αὐτός	αὐτῷ	
John 3:26	Ῥαββεί,	HEB	HEB	4461	ῥαββί	Ῥαββεί	
John 3:26	ὃς	R-NSM	R-NSM	3739	ὅς	ὅς	
John 3:26	ἦν	V-IAI-3S	V-IAI-3S	1510&5707	εἰμί	ἦν	
John 3:26	μετὰ	PREP	PREP	3326	μετά	μετά	
John 3:26	σοῦ	P-2GS	P-2GS	4771	σύ	σοῦ	
John 3:26	πέραν	ADV	ADV	4008	πέραν	πέραν	
John 3:26	τοῦ	T-GSM	T-GSM	3588	ὁ	τοῦ	
John 3:26	Ἰορδάνου,	N-GSM	N-GSM	2446	Ἰορδάνης	Ἰορδάνου	
John 3:26	ᾧ	R-DSM	R-DSM	3739	ὅς	ᾧ	
John 3:26	σὺ	P-2NS	P-2NS	4771	σύ	σύ	
John 3:26	μεμαρτύρηκας,	V-RAI-2S	V-RAI-2S	3140&5758	μαρτυρέω	μεμαρτύρηκας	
John 3:26	ἴδε	V-2AAM-2S	V-2AAM-2S	3708&5628	ὁράω	ἴδε	
John 3:26	οὗτος	D-NSM	D-NSM	3778	οὗτος	οὗτος	
John 3:26	βαπτίζει	V-PAI-3S	V-PAI-3S	907&5719	βαπτίζω	βαπτίζει	
John 3:26	καὶ	CONJ	CONJ	2532	καί	καί	
John 3:26	πάντες	A-NPM	A-NPM	3956	πᾶς	πάντες	
John 3:26	ἔρχονται	V-PNI-3P	V-PNI-3P	2064&5736	ἔρχομαι	ἔρχονται	
John 3:26	πρὸς	PREP	PREP	4314	πρός	πρός	
John 3:26	αὐτόν.	P-ASM	P-ASM	846	αὐτός	αὐτόν	
John 3:27	ἀπεκρίθη	V-ADI-3S	V-ADI-3S	611&5662	ἀποκρίνομαι	ἀπεκρίθη	
John 3:27	Ἰωάνης	N-NSM	N-NSM	2491	Ἰωάννης	Ἰωάνης	
John 3:27	καὶ	CONJ	CONJ	2532	καί	καί	
John 3:27	εἶπεν	V-2AAI-3S	V-2AAI-3S	3004&5627	λέγω	εἶπεν	
John 3:27	Οὐ	PRT-N	PRT-N	3756	οὐ	Οὐ	
John 3:27	δύναται	V-PNI-3S	V-PNI-3S	1410&5736	δύναμαι	δύναται	
John 3:27	ἄνθρωπος	N-NSM	N-NSM	444	ἄνθρωπος	ἄνθρωπος	
John 3:27	λαμβάνειν	V-PAN	V-PAN	2983&5721	λαμβάνω	λαμβάνειν	
John 3:27	οὐδὲν	A-ASN-N	A-ASN-N	3762	οὐδείς	οὐδέν	
John 3:27	ἐὰν	COND	COND	1437	ἐάν	ἐάν	
John 3:27	μὴ	PRT-N	PRT-N	3361	μή	μή	
John 3:27	ᾖ	V-PAS-3S	V-PAS-3S	1510&5725	εἰμί	ᾖ	
John 3:27	δεδομένον	V-RPP-NSN	V-RPP-NSN	1325&5772	δίδωμι	δεδομένον	
John 3:27	αὐτῷ	P-DSM	P-DSM	846	αὐτός	αὐτῷ	
John 3:27	ἐκ	PREP	PREP	1537	ἐκ	ἐκ	
John 3:27	τοῦ	T-GSM	T-GSM	3588	ὁ	τοῦ	
John 3:27	οὐρανοῦ.	N-GSM	N-GSM	3772	οὐρανός	οὐρανοῦ	
John 3:28	αὐτοὶ	P-NPM	P-NPM	846	αὐτός	αὐτοί	
John 3:28	ὑμεῖς	P-2NP	P-2NP	4771	σύ	ὑμεῖς	
John 3:28	μοι	P-1DS	P-1DS	1473	ἐγώ	μοι	
John 3:28	μαρτυρεῖτε	V-PAI-2P	V-PAI-2P	3140&5719	μαρτυρέω	μαρτυρεῖτε	
John 3:28	ὅτι	CONJ	CONJ	3754	ὅτι	ὅτι	
John 3:28	εἶπον	V-2AAI-1S	V-2AAI-1S	3004&5627	λέγω	εἶπον	
John 3:28	Οὐκ	PRT-N	PRT-N	3756	οὐ	Οὐκ	
John 3:28	εἰμὶ	V-PAI-1S	V-PAI-1S	1510&5719	εἰμί	εἰμί	
John 3:28	ἐγὼ	P-1NS	P-1NS	1473	ἐγώ	ἐγώ	
John 3:28	ὁ	T-NSM	T-NSM	3588	ὁ	ὁ	
John 3:28	Χριστός,	N-NSM	N-NSM	5547	Χριστός	Χριστός	
John 3:28	ἀλλ’	CONJ	CONJ	235	ἀλλά	ἀλλ’	
John 3:28	ὅτι	CONJ	CONJ	3754	ὅτι	ὅτι	
John 3:28	Ἀπεσταλμένος	V-RPP-NSM	V-RPP-NSM	649&5772	ἀποστέλλω	Ἀπεσταλμένος	
John 3:28	εἰμὶ	V-PAI-1S	V-PAI-1S	1510&5719	εἰμί	εἰμί	
John 3:28	ἔμπροσθεν	PREP	PREP	1715	ἔμπροσθεν	ἔμπροσθεν	
John 3:28	ἐκείνου.	D-GSM	D-GSM	1565	ἐκεῖνος	ἐκείνου	
John 3:29	Ὁ	T-NSM	T-NSM	3588	ὁ	Ὁ	
John 3:29	ἔχων	V-PAP-NSM	V-PAP-NSM	2192&5723	ἔχω	ἔχων	
John 3:29	τὴν	T-ASF	T-ASF	3588	ὁ	τήν	
John 3:29	νύμφην	N-ASF	N-ASF	3565	νύμφη	νύμφην	
John 3:29	νυμφίος	N-NSM	N-NSM	3566	νυμφίος	νυμφίος	
John 3:29	ἐστίν·	V-PAI-3S	V-PAI-3S	1510&5719	εἰμί	ἐστίν	
John 3:29	ὁ	T-NSM	T-NSM	3588	ὁ	ὁ	
John 3:29	δὲ	CONJ	CONJ	1161	δέ	δέ	
John 3:29	φίλος	A-NSM	A-NSM	5384	φίλος	φίλος	
John 3:29	τοῦ	T-GSM	T-GSM	3588	ὁ	τοῦ	
John 3:29	νυμφίου	N-GSM	N-GSM	3566	νυμφίος	νυμφίου	
John 3:29	ὁ	T-NSM	T-NSM	3588	ὁ	ὁ	
John 3:29	ἑστηκὼς	V-RAP-NSM	V-RAP-NSM	2476&5761	ἵστημι	ἑστηκώς	
John 3:29	καὶ	CONJ	CONJ	2532	καί	καί	
John 3:29	ἀκούων	V-PAP-NSM	V-PAP-NSM	191&5723	ἀκούω	ἀκούων	
John 3:29	αὐτοῦ,	P-GSM	P-GSM	846	αὐτός	αὐτοῦ	
John 3:29	χαρᾷ	N-DSF	N-DSF	5479	χαρά	χαρᾷ	
John 3:29	χαίρει	V-PAI-3S	V-PAI-3S	5463&5719	χαίρω	χαίρει	
John 3:29	διὰ	PREP	PREP	1223	διά	διά	
John 3:29	τὴν	T-ASF	T-ASF	3588	ὁ	τήν	
John 3:29	φωνὴν	N-ASF	N-ASF	5456	φωνή	φωνήν	
John 3:29	τοῦ	T-GSM	T-GSM	3588	ὁ	τοῦ	
John 3:29	νυμφίου.	N-GSM	N-GSM	3566	νυμφίος	νυμφίου	
John 3:29	αὕτη	D-NSF	D-NSF	3778	οὗτος	αὕτη	
John 3:29	οὖν	CONJ	CONJ	3767	οὖν	οὖν	
John 3:29	ἡ	T-NSF	T-NSF	3588	ὁ	ἡ	
John 3:29	χαρὰ	N-NSF	N-NSF	5479	χαρά	χαρά	
John 3:29	ἡ	T-NSF	T-NSF	3588	ὁ	ἡ	
John 3:29	ἐμὴ	S-1SNSF	S-1SNSF	1699	ἐμός	ἐμή	
John 3:29	πεπλήρωται.	V-RPI-3S	V-RPI-3S	4137&5769	πληρόω	πεπλήρωται	
John 3:30	ἐκεῖνον	D-ASM	D-ASM	1565	ἐκεῖνος	ἐκεῖνον	
John 3:30	δεῖ	V-PAI-3S	V-PAI-3S	1163&5719	δεῖ	δεῖ	
John 3:30	αὐξάνειν,	V-PAN	V-PAN	837&5721	αὐξάνω	αὐξάνειν	
John 3:30	ἐμὲ	P-1AS	P-1AS	1473	ἐγώ	ἐμέ	
John 3:30	δὲ	CONJ	CONJ	1161	δέ	δέ	
John 3:30	ἐλαττοῦσθαι.	V-PPN	V-PEN	1642&5745	ἐλαττόω	ἐλαττοῦσθαι	
John 3:31	Ὁ	T-NSM	T-NSM	3588	ὁ	Ὁ	
John 3:31	ἄνωθεν	ADV	ADV	509	ἄνωθεν	ἄνωθεν	
John 3:31	ἐρχόμενος	V-PNP-NSM	V-PNP-NSM	2064&5740	ἔρχομαι	ἐρχόμενος	
John 3:31	ἐπάνω	ADV	ADV	1883	ἐπάνω	ἐπάνω	
John 3:31	πάντων	A-GPN	A-GPN	3956	πᾶς	πάντων	
John 3:31	ἐστίν·	V-PAI-3S	V-PAI-3S	1510&5719	εἰμί	ἐστίν	
John 3:31	ὁ	T-NSM	T-NSM	3588	ὁ	ὁ	
John 3:31	ὢν	V-PAP-NSM	V-PAP-NSM	1510&5723	εἰμί	ὤν	
John 3:31	ἐκ	PREP	PREP	1537	ἐκ	ἐκ	
John 3:31	τῆς	T-GSF	T-GSF	3588	ὁ	τῆς	
John 3:31	γῆς	N-GSF	N-GSF	1093	γῆ	γῆς	
John 3:31	ἐκ	PREP	PREP	1537	ἐκ	ἐκ	
John 3:31	τῆς	T-GSF	T-GSF	3588	ὁ	τῆς	
John 3:31	γῆς	N-GSF	N-GSF	1093	γῆ	γῆς	
John 3:31	ἐστιν	V-PAI-3S	V-PAI-3S	1510	εἰμί	ἐστιν	
John 3:31	καὶ	CONJ	CONJ	2532	καί	καί	
John 3:31	ἐκ	PREP	PREP	1537	ἐκ	ἐκ	
John 3:31	τῆς	T-GSF	T-GSF	3588	ὁ	τῆς	
John 3:31	γῆς	N-GSF	N-GSF	1093	γῆ	γῆς	
John 3:31	λαλεῖ.	V-PAI-3S	V-PAI-3S	2980&5719	λαλέω	λαλεῖ	
John 3:31	ὁ	T-NSM	T-NSM	3588	ὁ	ὁ	
John 3:31	ἐκ	PREP	PREP	1537	ἐκ	ἐκ	
John 3:31	τοῦ	T-GSM	T-GSM	3588	ὁ	τοῦ	
John 3:31	οὐρανοῦ	N-GSM	N-GSM	3772	οὐρανός	οὐρανοῦ	
John 3:31	ἐρχόμενος	V-PNP-NSM	V-PNP-NSM	2064&5740	ἔρχομαι	ἐρχόμενος	
John 3:31	ἐπάνω	ADV	ADV	1883	ἐπάνω	ἐπάνω	
John 3:31	πάντων	A-GPN	A-GPN	3956	πᾶς	πάντων	
John 3:31	ἐστίν·	V-PAI-3S	V-PAI-3S	1510&5719	εἰμί	ἐστίν	
John 3:32	ὃ	R-ASN	R-ASN	3739	ὅς	ὅ	
John 3:32	ἑώρακεν	V-RAI-3S-ATT	V-RAI-3S-ATT	3708&5758	ὁράω	ἑώρακεν	
John 3:32	καὶ	CONJ	CONJ	2532	καί	καί	
John 3:32	ἤκουσεν,	V-AAI-3S	V-AAI-3S	191&5656	ἀκούω	ἤκουσεν	
John 3:32	τοῦτο	D-ASN	D-ASN	3778	οὗτος	τοῦτο	
John 3:32	μαρτυρεῖ,	V-PAI-3S	V-PAI-3S	3140&5719	μαρτυρέω	μαρτυρεῖ	
John 3:32	καὶ	CONJ	CONJ	2532	καί	καί	
John 3:32	τὴν	T-ASF	T-ASF	3588	ὁ	τήν	
John 3:32	μαρτυρίαν	N-ASF	N-ASF	3141	μαρτυρία	μαρτυρίαν	
John 3:32	αὐτοῦ	P-GSM	P-GSM	846	αὐτός	αὐτοῦ	
John 3:32	οὐδεὶς	A-NSM-N	A-NSM-N	3762	οὐδείς	οὐδείς	
John 3:32	λαμβάνει.	V-PAI-3S	V-PAI-3S	2983&5719	λαμβάνω	λαμβάνει	
John 3:33	ὁ	T-NSM	T-NSM	3588	ὁ	ὁ	
John 3:33	λαβὼν	V-2AAP-NSM	V-2AAP-NSM	2983&5631	λαμβάνω	λαβών	
John 3:33	αὐτοῦ	P-GSM	P-GSM	846	αὐτός	αὐτοῦ	
John 3:33	τὴν	T-ASF	T-ASF	3588	ὁ	τήν	
John 3:33	μαρτυρίαν	N-ASF	N-ASF	3141	μαρτυρία	μαρτυρίαν	
John 3:33	ἐσφράγισεν	V-AAI-3S	V-AAI-3S	4972&5656	σφραγίζω	ἐσφράγισεν	
John 3:33	ὅτι	CONJ	CONJ	3754	ὅτι	ὅτι	
John 3:33	ὁ	T-NSM	T-NSM	3588	ὁ	ὁ	
John 3:33	Θεὸς	N-NSM	N-NSM	2316	θεός	Θεός	
John 3:33	ἀληθής	A-NSM	A-NSM	227	ἀληθής	ἀληθής	
John 3:33	ἐστιν.	V-PAI-3S	V-PAI-3S	1510&5719	εἰμί	ἐστιν	
John 3:34	ὃν	R-ASM	R-ASM	3739	ὅς	ὅν	
John 3:34	γὰρ	CONJ	CONJ	1063	γάρ	γάρ	
John 3:34	ἀπέστειλεν	V-AAI-3S	V-AAI-3S	649&5656	ἀποστέλλω	ἀπέστειλεν	
John 3:34	ὁ	T-NSM	T-NSM	3588	ὁ	ὁ	
John 3:34	Θεὸς	N-NSM	N-NSM	2316	θεός	Θεός	
John 3:34	τὰ	T-APN	T-APN	3588	ὁ	τά	
John 3:34	ῥήματα	N-APN	N-APN	4487	ῥῆμα	ῥήματα	
John 3:34	τοῦ	T-GSM	T-GSM	3588	ὁ	τοῦ	
John 3:34	Θεοῦ	N-GSM	N-GSM	2316	θεός	Θεοῦ	
John 3:34	λαλεῖ·	V-PAI-3S	V-PAI-3S	2980&5719	λαλέω	λαλεῖ	
John 3:34	οὐ	PRT-N	PRT-N	3756	οὐ	οὐ	
John 3:34	γὰρ	CONJ	CONJ	1063	γάρ	γάρ	
John 3:34	ἐκ	PREP	PREP	1537	ἐκ	ἐκ	
John 3:34	μέτρου	N-GSN	N-GSN	3358	μέτρον	μέτρου	
John 3:34	δίδωσιν	V-PAI-3S	V-PAI-3S	1325&5719	δίδωμι	δίδωσιν	
John 3:34	τὸ	T-ASN	T-ASN	3588	ὁ	τό	
John 3:34	Πνεῦμα.	N-ASN	N-ASN	4151	πνεῦμα	Πνεῦμα	
John 3:35	ὁ	T-NSM	T-NSM	3588	ὁ	ὁ	
John 3:35	Πατὴρ	N-NSM	N-NSM	3962	πατήρ	Πατήρ	
John 3:35	ἀγαπᾷ	V-PAI-3S	V-PAI-3S	25&5719	ἀγαπάω	ἀγαπᾷ	
John 3:35	τὸν	T-ASM	T-ASM	3588	ὁ	τόν	
John 3:35	Υἱόν,	N-ASM	N-ASM	5207	υἱός	Υἱόν	
John 3:35	καὶ	CONJ	CONJ	2532	καί	καί	
John 3:35	πάντα	A-APN	A-APN	3956	πᾶς	πάντα	
John 3:35	δέδωκεν	V-RAI-3S	V-RAI-3S	1325&5758	δίδωμι	δέδωκεν	
John 3:35	ἐν	PREP	PREP	1722	ἐν	ἐν	
John 3:35	τῇ	T-DSF	T-DSF	3588	ὁ	τῇ	
John 3:35	χειρὶ	N-DSF	N-DSF	5495	χείρ	χειρί	
John 3:35	αὐτοῦ.	P-GSM	P-GSM	846	αὐτός	αὐτοῦ	
John 3:36	ὁ	T-NSM	T-NSM	3588	ὁ	ὁ	
John 3:36	πιστεύων	V-PAP-NSM	V-PAP-NSM	4100&5723	πιστεύω	πιστεύων	
John 3:36	εἰς	PREP	PREP	1519	εἰς	εἰς	
John 3:36	τὸν	T-ASM	T-ASM	3588	ὁ	τόν	
John 3:36	Υἱὸν	N-ASM	N-ASM	5207	υἱός	Υἱόν	
John 3:36	ἔχει	V-PAI-3S	V-PAI-3S	2192&5719	ἔχω	ἔχει	
John 3:36	ζωὴν	N-ASF	N-ASF	2222	ζωή	ζωήν	
John 3:36	αἰώνιον·	A-ASF	A-ASF	166	αἰώνιος	αἰώνιον	
John 3:36	ὁ	T-NSM	T-NSM	3588	ὁ	ὁ	
John 3:36	δὲ	CONJ	CONJ	1161	δέ	δέ	
John 3:36	ἀπειθῶν	V-PAP-NSM	V-PAP-NSM	544&5723	ἀπειθέω	ἀπειθῶν	
John 3:36	τῷ	T-DSM	T-DSM	3588	ὁ	τῷ	
John 3:36	Υἱῷ	N-DSM	N-DSM	5207	υἱός	Υἱῷ	
John 3:36	οὐκ	PRT-N	PRT-N	3756	οὐ	οὐκ	
John 3:36	ὄψεται	V-FDI-3S	V-FDI-3S	3708&5695	ὁράω	ὄψεται	
John 3:36	ζωήν,	N-ASF	N-ASF	2222	ζωή	ζωήν	
John 3:36	ἀλλ’	CONJ	CONJ	235	ἀλλά	ἀλλ’	
John 3:36	ἡ	T-NSF	T-NSF	3588	ὁ	ἡ	
John 3:36	ὀργὴ	N-NSF	N-NSF	3709	ὀργή	ὀργή	
John 3:36	τοῦ	T-GSM	T-GSM	3588	ὁ	τοῦ	
John 3:36	Θεοῦ	N-GSM	N-GSM	2316	θεός	Θεοῦ	
John 3:36	μένει	V-PAI-3S	V-PAI-3S	3306&5719	μένω	μένει	
John 3:36	ἐπ’	PREP	PREP	1909	ἐπί	ἐπ’	
John 3:36	αὐτόν.	P-ASM	P-ASM	846	αὐτός	αὐτόν	
John 4:1	Ὡς	ADV	ADV	5613	ὡς	Ὡς	
John 4:1	οὖν	CONJ	CONJ	3767	οὖν	οὖν	
John 4:1	ἔγνω	V-2AAI-3S	V-2AAI-3S	1097&5627	γινώσκω	ἔγνω	
John 4:1	ὁ	T-NSM	T-NSM	3588	ὁ	ὁ	
John 4:1	Κύριος	N-NSM	N-NSM	2962	κύριος	Κύριος	
John 4:1	ὅτι	CONJ	CONJ	3754	ὅτι	ὅτι	
John 4:1	ἤκουσαν	V-AAI-3P	V-AAI-3P	191&5656	ἀκούω	ἤκουσαν	
John 4:1	οἱ	T-NPM	T-NPM	3588	ὁ	οἱ	
John 4:1	Φαρισαῖοι	N-NPM	N-NPM	5330	Φαρισαῖος	Φαρισαῖοι	
John 4:1	ὅτι	CONJ	CONJ	3754	ὅτι	ὅτι	
John 4:1	Ἰησοῦς	N-NSM	N-NSM	2424	Ἰησοῦς	Ἰησοῦς	
John 4:1	πλείονας	A-APM-C	A-APM-C	4183	πολύς	πλείονας	
John 4:1	μαθητὰς	N-APM	N-APM	3101	μαθητής	μαθητάς	
John 4:1	ποιεῖ	V-PAI-3S	V-PAI-3S	4160&5719	ποιέω	ποιεῖ	
John 4:1	καὶ	CONJ	CONJ	2532	καί	καί	
John 4:1	βαπτίζει	V-PAI-3S	V-PAI-3S	907&5719	βαπτίζω	βαπτίζει	
John 4:1	ἢ	PRT	PRT	2228	ἤ	ἤ	
John 4:1	Ἰωάνης,	N-NSM	N-NSM	2491	Ἰωάννης	Ἰωάνης	
John 4:2	—καίτοιγε	CONJ	CONJ	2544	καίτοιγε	καίτοιγε	
John 4:2	Ἰησοῦς	N-NSM	N-NSM	2424	Ἰησοῦς	Ἰησοῦς	
John 4:2	αὐτὸς	P-NSM	P-NSM	846	αὐτός	αὐτός	
John 4:2	οὐκ	PRT-N	PRT-N	3756	οὐ	οὐκ	
John 4:2	ἐβάπτιζεν	V-IAI-3S	V-IAI-3S	907&5707	βαπτίζω	ἐβάπτιζεν	
John 4:2	ἀλλ’	CONJ	CONJ	235	ἀλλά	ἀλλ’	
John 4:2	οἱ	T-NPM	T-NPM	3588	ὁ	οἱ	
John 4:2	μαθηταὶ	N-NPM	N-NPM	3101	μαθητής	μαθηταί	
John 4:2	αὐτοῦ,—	P-GSM	P-GSM	846	αὐτός	αὐτοῦ	
John 4:3	ἀφῆκεν	V-AAI-3S	V-AAI-3S	863&5656	ἀφίημι	ἀφῆκεν	
John 4:3	τὴν	T-ASF	T-ASF	3588	ὁ	τήν	
John 4:3	Ἰουδαίαν	N-ASF	N-ASF	2449	Ἰουδαία	Ἰουδαίαν	
John 4:3	καὶ	CONJ	CONJ	2532	καί	καί	
John 4:3	ἀπῆλθεν	V-2AAI-3S	V-2AAI-3S	565&5627	ἀπέρχομαι	ἀπῆλθεν	
John 4:3	πάλιν	ADV	ADV	3825	πάλιν	πάλιν	
John 4:3	εἰς	PREP	PREP	1519	εἰς	εἰς	
John 4:3	τὴν	T-ASF	T-ASF	3588	ὁ	τήν	
John 4:3	Γαλιλαίαν.	N-ASF	N-ASF	1056	Γαλιλαία	Γαλιλαίαν	
John 4:4	Ἔδει	V-IAI-3S	V-IAI-3S	1163&5707	δεῖ	Ἔδει	
John 4:4	δὲ	CONJ	CONJ	1161	δέ	δέ	
John 4:4	αὐτὸν	P-ASM	P-ASM	846	αὐτός	αὐτόν	
John 4:4	διέρχεσθαι	V-PNN	V-PNN	1330&5738	διέρχομαι	διέρχεσθαι	
John 4:4	διὰ	PREP	PREP	1223	διά	διά	
John 4:4	τῆς	T-GSF	T-GSF	3588	ὁ	τῆς	
John 4:4	Σαμαρίας.	N-GSF	N-GSF	4540	Σαμάρεια	Σαμαρίας	
John 4:5	ἔρχεται	V-PNI-3S	V-PNI-3S	2064&5736	ἔρχομαι	ἔρχεται	
John 4:5	οὖν	CONJ	CONJ	3767	οὖν	οὖν	
John 4:5	εἰς	PREP	PREP	1519	εἰς	εἰς	
John 4:5	πόλιν	N-ASF	N-ASF	4172	πόλις	πόλιν	
John 4:5	τῆς	T-GSF	T-GSF	3588	ὁ	τῆς	
John 4:5	Σαμαρίας	N-GSF	N-GSF	4540	Σαμάρεια	Σαμαρίας	
John 4:5	λεγομένην	V-PPP-ASF	V-PEP-ASF	3004&5746	λέγω	λεγομένην	
John 4:5	Συχὰρ,	N-PRI	N-PRI	4965	Συχάρ	Συχάρ	
John 4:5	πλησίον	ADV	ADV	4139	πλησίον	πλησίον	
John 4:5	τοῦ	T-GSN	T-GSN	3588	ὁ	τοῦ	
John 4:5	χωρίου	N-GSN	N-GSN	5564	χωρίον	χωρίου	
John 4:5	ὃ	R-ASN	R-ASN	3739	ὅς	ὅ	
John 4:5	ἔδωκεν	V-AAI-3S	V-AAI-3S	1325&5656	δίδωμι	ἔδωκεν	
John 4:5	Ἰακὼβ	N-PRI	N-PRI	2384	Ἰακώβ	Ἰακώβ	
John 4:5	Ἰωσὴφ	N-PRI	N-PRI	2501	Ἰωσήφ	Ἰωσήφ	
John 4:5	τῷ	T-DSM	T-DSM	3588	ὁ	τῷ	
John 4:5	υἱῷ	N-DSM	N-DSM	5207	υἱός	υἱῷ	
John 4:5	αὐτοῦ·	P-GSM	P-GSM	846	αὐτός	αὐτοῦ	
John 4:6	ἦν	V-IAI-3S	V-IAI-3S	1510&5707	εἰμί	ἦν	
John 4:6	δὲ	CONJ	CONJ	1161	δέ	δέ	
John 4:6	ἐκεῖ	ADV	ADV	1563	ἐκεῖ	ἐκεῖ	
John 4:6	πηγὴ	N-NSF	N-NSF	4077	πηγή	πηγή	
John 4:6	τοῦ	T-GSM	T-GSM	3588	ὁ	τοῦ	
John 4:6	Ἰακώβ.	N-PRI	N-PRI	2384	Ἰακώβ	Ἰακώβ	
John 4:6	ὁ	T-NSM	T-NSM	3588	ὁ	ὁ	
John 4:6	οὖν	CONJ	CONJ	3767	οὖν	οὖν	
John 4:6	Ἰησοῦς	N-NSM	N-NSM	2424	Ἰησοῦς	Ἰησοῦς	
John 4:6	κεκοπιακὼς	V-RAP-NSM	V-RAP-NSM	2872&5761	κοπιάω	κεκοπιακώς	
John 4:6	ἐκ	PREP	PREP	1537	ἐκ	ἐκ	
John 4:6	τῆς	T-GSF	T-GSF	3588	ὁ	τῆς	
John 4:6	ὁδοιπορίας	N-GSF	N-GSF	3597	ὁδοιπορία	ὁδοιπορίας	
John 4:6	ἐκαθέζετο	V-INI-3S	V-INI-3S	2516&5711	καθέζομαι	ἐκαθέζετο	
John 4:6	οὕτως	ADV	ADV	3779	οὕτω	οὕτως	
John 4:6	ἐπὶ	PREP	PREP	1909	ἐπί	ἐπί	
John 4:6	τῇ	T-DSF	T-DSF	3588	ὁ	τῇ	
John 4:6	πηγῇ·	N-DSF	N-DSF	4077	πηγή	πηγῇ	
John 4:6	ὥρα	N-NSF	N-NSF	5610	ὥρα	ὥρα	
John 4:6	ἦν	V-IAI-3S	V-IAI-3S	1510&5707	εἰμί	ἦν	
John 4:6	ὡς	ADV	ADV	5613	ὡς	ὡς	
John 4:6	ἕκτη.	A-NSF	A-NSF	1623	ἕκτος	ἕκτη	
John 4:7	ἔρχεται	V-PNI-3S	V-PNI-3S	2064&5736	ἔρχομαι	ἔρχεται	
John 4:7	γυνὴ	N-NSF	N-NSF	1135	γυνή	γυνή	
John 4:7	ἐκ	PREP	PREP	1537	ἐκ	ἐκ	
John 4:7	τῆς	T-GSF	T-GSF	3588	ὁ	τῆς	
John 4:7	Σαμαρίας	N-GSF	N-GSF	4540	Σαμάρεια	Σαμαρίας	
John 4:7	ἀντλῆσαι	V-AAN	V-AAN	501&5658	ἀντλέω	ἀντλῆσαι	
John 4:7	ὕδωρ.	N-ASN	N-ASN	5204	ὕδωρ	ὕδωρ	
John 4:7	λέγει	V-PAI-3S	V-PAI-3S	3004&5719	λέγω	λέγει	
John 4:7	αὐτῇ	P-DSF	P-DSF	846	αὐτός	αὐτῇ	
John 4:7	ὁ	T-NSM	T-NSM	3588	ὁ	ὁ	
John 4:7	Ἰησοῦς	N-NSM	N-NSM	2424	Ἰησοῦς	Ἰησοῦς	
John 4:7	Δός	V-2AAM-2S	V-2AAM-2S	1325&5628	δίδωμι	Δός	
John 4:7	μοι	P-1DS	P-1DS	1473	ἐγώ	μοι	
John 4:7	πεῖν.	V-2AAN	V-2AAN	4095&5629	πίνω	πεῖν	
John 4:8	οἱ	T-NPM	T-NPM	3588	ὁ	οἱ	
John 4:8	γὰρ	CONJ	CONJ	1063	γάρ	γάρ	
John 4:8	μαθηταὶ	N-NPM	N-NPM	3101	μαθητής	μαθηταί	
John 4:8	αὐτοῦ	P-GSM	P-GSM	846	αὐτός	αὐτοῦ	
John 4:8	ἀπεληλύθεισαν	V-2LAI-3P	V-2LAI-3P	565&5714	ἀπέρχομαι	ἀπεληλύθεισαν	
John 4:8	εἰς	PREP	PREP	1519	εἰς	εἰς	
John 4:8	τὴν	T-ASF	T-ASF	3588	ὁ	τήν	
John 4:8	πόλιν,	N-ASF	N-ASF	4172	πόλις	πόλιν	
John 4:8	ἵνα	CONJ	CONJ	2443	ἵνα	ἵνα	
John 4:8	τροφὰς	N-APF	N-APF	5160	τροφή	τροφάς	
John 4:8	ἀγοράσωσιν.	V-AAS-3P	V-AAS-3P	59&5661	ἀγοράζω	ἀγοράσωσιν	
John 4:9	λέγει	V-PAI-3S	V-PAI-3S	3004&5719	λέγω	λέγει	
John 4:9	οὖν	CONJ	CONJ	3767	οὖν	οὖν	
John 4:9	αὐτῷ	P-DSM	P-DSM	846	αὐτός	αὐτῷ	
John 4:9	ἡ	T-NSF	T-NSF	3588	ὁ	ἡ	
John 4:9	γυνὴ	N-NSF	N-NSF	1135	γυνή	γυνή	
John 4:9	ἡ	T-NSF	T-NSF	3588	ὁ	ἡ	
John 4:9	Σαμαρεῖτις	N-NSF	N-NSF	4542	Σαμαρῖτις	Σαμαρεῖτις	
John 4:9	Πῶς	ADV-I	ADV-I	4459	πῶς	Πῶς	
John 4:9	σὺ	P-2NS	P-2NS	4771	σύ	σύ	
John 4:9	Ἰουδαῖος	A-NSM	A-NSM	2453	Ἰουδαῖος	Ἰουδαῖος	
John 4:9	ὢν	V-PAP-NSM	V-PAP-NSM	1510&5723	εἰμί	ὤν	
John 4:9	παρ’	PREP	PREP	3844	παρά	παρ’	
John 4:9	ἐμοῦ	P-1GS	P-1GS	1473	ἐγώ	ἐμοῦ	
John 4:9	πεῖν	V-2AAN	V-2AAN	4095&5629	πίνω	πεῖν	
John 4:9	αἰτεῖς	V-PAI-2S	V-PAI-2S	154&5719	αἰτέω	αἰτεῖς	
John 4:9	γυναικὸς	N-GSF	N-GSF	1135	γυνή	γυναικός	
John 4:9	Σαμαρείτιδος	N-GSF	N-GSF	4542	Σαμαρῖτις	Σαμαρείτιδος	
John 4:9	οὔσης;	V-PAP-GSF	V-PAP-GSF	1510&5723	εἰμί	οὔσης	
John 4:9	οὐ	PRT-N	PRT-N	3756	οὐ	οὐ	
John 4:9	γὰρ	CONJ	CONJ	1063	γάρ	γάρ	
John 4:9	συνχρῶνται	V-PNI-3P	V-PNI-3P	4798&5736	συγχράομαι	συνχρῶνται	
John 4:9	Ἰουδαῖοι	A-NPM	A-NPM	2453	Ἰουδαῖος	Ἰουδαῖοι	
John 4:9	Σαμαρείταις.	N-DPM	N-DPM	4541	Σαμαρίτης	Σαμαρείταις	
John 4:10	ἀπεκρίθη	V-ADI-3S	V-ADI-3S	611&5662	ἀποκρίνομαι	ἀπεκρίθη	
John 4:10	Ἰησοῦς	N-NSM	N-NSM	2424	Ἰησοῦς	Ἰησοῦς	
John 4:10	καὶ	CONJ	CONJ	2532	καί	καί	
John 4:10	εἶπεν	V-2AAI-3S	V-2AAI-3S	3004&5627	λέγω	εἶπεν	
John 4:10	αὐτῇ	P-DSF	P-DSF	846	αὐτός	αὐτῇ	
John 4:10	Εἰ	COND	COND	1487	εἰ	Εἰ	
John 4:10	ᾔδεις	V-2LAI-2S	V-2LAI-2S	1492&5714	οἶδα	ᾔδεις	
John 4:10	τὴν	T-ASF	T-ASF	3588	ὁ	τήν	
John 4:10	δωρεὰν	N-ASF	N-ASF	1431	δωρεά	δωρεάν	
John 4:10	τοῦ	T-GSM	T-GSM	3588	ὁ	τοῦ	
John 4:10	Θεοῦ,	N-GSM	N-GSM	2316	θεός	Θεοῦ	
John 4:10	καὶ	CONJ	CONJ	2532	καί	καί	
John 4:10	τίς	I-NSM	I-NSM	5101	τίς	τίς	
John 4:10	ἐστιν	V-PAI-3S	V-PAI-3S	1510&5719	εἰμί	ἐστιν	
John 4:10	ὁ	T-NSM	T-NSM	3588	ὁ	ὁ	
John 4:10	λέγων	V-PAP-NSM	V-PAP-NSM	3004&5723	λέγω	λέγων	
John 4:10	σοι	P-2DS	P-2DS	4771	σύ	σοι	
John 4:10	Δός	V-2AAM-2S	V-2AAM-2S	1325&5628	δίδωμι	Δός	
John 4:10	μοι	P-1DS	P-1DS	1473	ἐγώ	μοι	
John 4:10	πεῖν,	V-2AAN	V-2AAN	4095&5629	πίνω	πεῖν	
John 4:10	σὺ	P-2NS	P-2NS	4771	σύ	σύ	
John 4:10	ἂν	PRT	PRT	302	ἄν	ἄν	
John 4:10	ᾔτησας	V-AAI-2S	V-AAI-2S	154&5656	αἰτέω	ᾔτησας	
John 4:10	αὐτὸν	P-ASM	P-ASM	846	αὐτός	αὐτόν	
John 4:10	καὶ	CONJ	CONJ	2532	καί	καί	
John 4:10	ἔδωκεν	V-AAI-3S	V-AAI-3S	1325&5656	δίδωμι	ἔδωκεν	
John 4:10	ἄν	PRT	PRT	302	ἄν	ἄν	
John 4:10	σοι	P-2DS	P-2DS	4771	σύ	σοι	
John 4:10	ὕδωρ	N-ASN	N-ASN	5204	ὕδωρ	ὕδωρ	
John 4:10	ζῶν.	V-PAP-ASN	V-PAP-ASN	2198&5723	ζάω	ζῶν	
John 4:11	λέγει	V-PAI-3S	V-PAI-3S	3004&5719	λέγω	λέγει	
John 4:11	αὐτῷ	P-DSM	P-DSM	846	αὐτός	αὐτῷ	
John 4:11	Κύριε,	N-VSM	N-VSM	2962	κύριος	Κύριε	
John 4:11	οὔτε	CONJ-N	CONJ-N	3777	οὔτε	οὔτε	
John 4:11	ἄντλημα	N-ASN	N-ASN	502	ἄντλημα	ἄντλημα	
John 4:11	ἔχεις	V-PAI-2S	V-PAI-2S	2192&5719	ἔχω	ἔχεις	
John 4:11	καὶ	CONJ	CONJ	2532	καί	καί	
John 4:11	τὸ	T-NSN	T-NSN	3588	ὁ	τό	
John 4:11	φρέαρ	N-NSN	N-NSN	5421	φρέαρ	φρέαρ	
John 4:11	ἐστὶν	V-PAI-3S	V-PAI-3S	1510&5719	εἰμί	ἐστίν	
John 4:11	βαθύ·	A-NSN	A-NSN	901	βαθύς	βαθύ	
John 4:11	πόθεν	ADV-I	ADV-I	4159	πόθεν	πόθεν	
John 4:11	οὖν	CONJ	CONJ	3767	οὖν	οὖν	
John 4:11	ἔχεις	V-PAI-2S	V-PAI-2S	2192&5719	ἔχω	ἔχεις	
John 4:11	τὸ	T-ASN	T-ASN	3588	ὁ	τό	
John 4:11	ὕδωρ	N-ASN	N-ASN	5204	ὕδωρ	ὕδωρ	
John 4:11	τὸ	T-ASN	T-ASN	3588	ὁ	τό	
John 4:11	ζῶν;	V-PAP-ASN	V-PAP-ASN	2198&5723	ζάω	ζῶν	
John 4:12	μὴ	PRT-N	PRT-N	3361	μή	μή	
John 4:12	σὺ	P-2NS	P-2NS	4771	σύ	σύ	
John 4:12	μείζων	A-NSM-C	A-NSM-C	3173	μέγας	μείζων	
John 4:12	εἶ	V-PAI-2S	V-PAI-2S	1510&5719	εἰμί	εἶ	
John 4:12	τοῦ	T-GSM	T-GSM	3588	ὁ	τοῦ	
John 4:12	πατρὸς	N-GSM	N-GSM	3962	πατήρ	πατρός	
John 4:12	ἡμῶν	P-1GP	P-1GP	1473	ἐγώ	ἡμῶν	
John 4:12	Ἰακώβ,	N-PRI	N-PRI	2384	Ἰακώβ	Ἰακώβ	
John 4:12	ὃς	R-NSM	R-NSM	3739	ὅς	ὅς	
John 4:12	ἔδωκεν	V-AAI-3S	V-AAI-3S	1325&5656	δίδωμι	ἔδωκεν	
John 4:12	ἡμῖν	P-1DP	P-1DP	1473	ἐγώ	ἡμῖν	
John 4:12	τὸ	T-ASN	T-ASN	3588	ὁ	τό	
John 4:12	φρέαρ,	N-ASN	N-ASN	5421	φρέαρ	φρέαρ	
John 4:12	καὶ	CONJ	CONJ	2532	καί	καί	
John 4:12	αὐτὸς	P-NSM	P-NSM	846	αὐτός	αὐτός	
John 4:12	ἐξ	PREP	PREP	1537	ἐκ	ἐξ	
John 4:12	αὐτοῦ	P-GSN	P-GSN	846	αὐτός	αὐτοῦ	
John 4:12	ἔπιεν	V-2AAI-3S	V-2AAI-3S	4095&5627	πίνω	ἔπιεν	
John 4:12	καὶ	CONJ	CONJ	2532	καί	καί	
John 4:12	οἱ	T-NPM	T-NPM	3588	ὁ	οἱ	
John 4:12	υἱοὶ	N-NPM	N-NPM	5207	υἱός	υἱοί	
John 4:12	αὐτοῦ	P-GSM	P-GSM	846	αὐτός	αὐτοῦ	
John 4:12	καὶ	CONJ	CONJ	2532	καί	καί	
John 4:12	τὰ	T-NPN	T-NPN	3588	ὁ	τά	
John 4:12	θρέμματα	N-NPN	N-NPN	2353	θρέμμα	θρέμματα	
John 4:12	αὐτοῦ;	P-GSM	P-GSM	846	αὐτός	αὐτοῦ	
John 4:13	ἀπεκρίθη	V-ADI-3S	V-ADI-3S	611&5662	ἀποκρίνομαι	ἀπεκρίθη	
John 4:13	Ἰησοῦς	N-NSM	N-NSM	2424	Ἰησοῦς	Ἰησοῦς	
John 4:13	καὶ	CONJ	CONJ	2532	καί	καί	
John 4:13	εἶπεν	V-2AAI-3S	V-2AAI-3S	3004&5627	λέγω	εἶπεν	
John 4:13	αὐτῇ	P-DSF	P-DSF	846	αὐτός	αὐτῇ	
John 4:13	Πᾶς	A-NSM	A-NSM	3956	πᾶς	Πᾶς	
John 4:13	ὁ	T-NSM	T-NSM	3588	ὁ	ὁ	
John 4:13	πίνων	V-PAP-NSM	V-PAP-NSM	4095&5723	πίνω	πίνων	
John 4:13	ἐκ	PREP	PREP	1537	ἐκ	ἐκ	
John 4:13	τοῦ	T-GSN	T-GSN	3588	ὁ	τοῦ	
John 4:13	ὕδατος	N-GSN	N-GSN	5204	ὕδωρ	ὕδατος	
John 4:13	τούτου	D-GSN	D-GSN	3778	οὗτος	τούτου	
John 4:13	διψήσει	V-FAI-3S	V-FAI-3S	1372&5692	διψάω	διψήσει	
John 4:13	πάλιν·	ADV	ADV	3825	πάλιν	πάλιν	
John 4:14	ὃς	R-NSM	R-NSM	3739	ὅς	ὅς	
John 4:14	δ’	CONJ	CONJ	1161	δέ	δ’	
John 4:14	ἂν	PRT	PRT	302	ἄν	ἄν	
John 4:14	πίῃ	V-2AAS-3S	V-2AAS-3S	4095&5632	πίνω	πίῃ	
John 4:14	ἐκ	PREP	PREP	1537	ἐκ	ἐκ	
John 4:14	τοῦ	T-GSN	T-GSN	3588	ὁ	τοῦ	
John 4:14	ὕδατος	N-GSN	N-GSN	5204	ὕδωρ	ὕδατος	
John 4:14	οὗ	R-GSN	R-GSN	3739	ὅς	οὗ	
John 4:14	ἐγὼ	P-1NS	P-1NS	1473	ἐγώ	ἐγώ	
John 4:14	δώσω	V-FAI-1S	V-FAI-1S	1325&5692	δίδωμι	δώσω	
John 4:14	αὐτῷ,	P-DSM	P-DSM	846	αὐτός	αὐτῷ	
John 4:14	οὐ	PRT-N	PRT-N	3756	οὐ	οὐ	
John 4:14	μὴ	PRT-N	PRT-N	3361	μή	μή	
John 4:14	διψήσει	V-FAI-3S	V-FAI-3S	1372&5692	διψάω	διψήσει	
John 4:14	εἰς	PREP	PREP	1519	εἰς	εἰς	
John 4:14	τὸν	T-ASM	T-ASM	3588	ὁ	τόν	
John 4:14	αἰῶνα,	N-ASM	N-ASM	165	αἰών	αἰῶνα	
John 4:14	ἀλλὰ	CONJ	CONJ	235	ἀλλά	ἀλλά	
John 4:14	τὸ	T-NSN	T-NSN	3588	ὁ	τό	
John 4:14	ὕδωρ	N-NSN	N-NSN	5204	ὕδωρ	ὕδωρ	
John 4:14	ὃ	R-ASN	R-ASN	3739	ὅς	ὅ	
John 4:14	δώσω	V-FAI-1S	V-FAI-1S	1325&5692	δίδωμι	δώσω	
John 4:14	αὐτῷ	P-DSM	P-DSM	846	αὐτός	αὐτῷ	
John 4:14	γενήσεται	V-FDI-3S	V-FDI-3S	1096&5695	γίνομαι	γενήσεται	
John 4:14	ἐν	PREP	PREP	1722	ἐν	ἐν	
John 4:14	αὐτῷ	P-DSM	P-DSM	846	αὐτός	αὐτῷ	
John 4:14	πηγὴ	N-NSF	N-NSF	4077	πηγή	πηγή	
John 4:14	ὕδατος	N-GSN	N-GSN	5204	ὕδωρ	ὕδατος	
John 4:14	ἁλλομένου	V-PNP-GSN	V-PNP-GSN	242&5740	ἅλλομαι	ἁλλομένου	
John 4:14	εἰς	PREP	PREP	1519	εἰς	εἰς	
John 4:14	ζωὴν	N-ASF	N-ASF	2222	ζωή	ζωήν	
John 4:14	αἰώνιον.	A-ASF	A-ASF	166	αἰώνιος	αἰώνιον	
John 4:15	λέγει	V-PAI-3S	V-PAI-3S	3004&5719	λέγω	λέγει	
John 4:15	πρὸς	PREP	PREP	4314	πρός	πρός	
John 4:15	αὐτὸν	P-ASM	P-ASM	846	αὐτός	αὐτόν	
John 4:15	ἡ	T-NSF	T-NSF	3588	ὁ	ἡ	
John 4:15	γυνή	N-NSF	N-NSF	1135	γυνή	γυνή	
John 4:15	Κύριε,	N-VSM	N-VSM	2962	κύριος	Κύριε	
John 4:15	δός	V-2AAM-2S	V-2AAM-2S	1325&5628	δίδωμι	δός	
John 4:15	μοι	P-1DS	P-1DS	1473	ἐγώ	μοι	
John 4:15	τοῦτο	D-ASN	D-ASN	3778	οὗτος	τοῦτο	
John 4:15	τὸ	T-ASN	T-ASN	3588	ὁ	τό	
John 4:15	ὕδωρ,	N-ASN	N-ASN	5204	ὕδωρ	ὕδωρ	
John 4:15	ἵνα	CONJ	CONJ	2443	ἵνα	ἵνα	
John 4:15	μὴ	PRT-N	PRT-N	3361	μή	μή	
John 4:15	διψῶ	V-PAS-1S	V-PAS-1S	1372&5725	διψάω	διψῶ	
John 4:15	μηδὲ	CONJ-N	CONJ-N	3366	μηδέ	μηδέ	
John 4:15	διέρχωμαι	V-PNS-1S	V-PNS-1S	1330&5741	διέρχομαι	διέρχωμαι	
John 4:15	ἐνθάδε	ADV	ADV	1759	ἐνθάδε	ἐνθάδε	
John 4:15	ἀντλεῖν.	V-PAN	V-PAN	501&5721	ἀντλέω	ἀντλεῖν	
John 4:16	λέγει	V-PAI-3S	V-PAI-3S	3004&5719	λέγω	λέγει	
John 4:16	αὐτῇ	P-DSF	P-DSF	846	αὐτός	αὐτῇ	
John 4:16	Ὕπαγε	V-PAM-2S	V-PAM-2S	5217&5720	ὑπάγω	Ὕπαγε	
John 4:16	φώνησον	V-AAM-2S	V-AAM-2S	5455&5657	φωνέω	φώνησον	
John 4:16	τὸν	T-ASM	T-ASM	3588	ὁ	τόν	
John 4:16	ἄνδρα	N-ASM	N-ASM	435	ἀνήρ	ἄνδρα	
John 4:16	σου	P-2GS	P-2GS	4771	σύ	σου	
John 4:16	καὶ	CONJ	CONJ	2532	καί	καί	
John 4:16	ἐλθὲ	V-2AAM-2S	V-2AAM-2S	2064&5628	ἔρχομαι	ἐλθέ	
John 4:16	ἐνθάδε.	ADV	ADV	1759	ἐνθάδε	ἐνθάδε	
John 4:17	ἀπεκρίθη	V-ADI-3S	V-ADI-3S	611&5662	ἀποκρίνομαι	ἀπεκρίθη	
John 4:17	ἡ	T-NSF	T-NSF	3588	ὁ	ἡ	
John 4:17	γυνὴ	N-NSF	N-NSF	1135	γυνή	γυνή	
John 4:17	καὶ	CONJ	CONJ	2532	καί	καί	
John 4:17	εἶπεν	V-2AAI-3S	V-2AAI-3S	3004&5627	λέγω	εἶπεν	
John 4:17	Οὐκ	PRT-N	PRT-N	3756	οὐ	Οὐκ	
John 4:17	ἔχω	V-PAI-1S	V-PAI-1S	2192&5719	ἔχω	ἔχω	
John 4:17	ἄνδρα.	N-ASM	N-ASM	435	ἀνήρ	ἄνδρα	
John 4:17	λέγει	V-PAI-3S	V-PAI-3S	3004&5719	λέγω	λέγει	
John 4:17	αὐτῇ	P-DSF	P-DSF	846	αὐτός	αὐτῇ	
John 4:17	ὁ	T-NSM	T-NSM	3588	ὁ	ὁ	
John 4:17	Ἰησοῦς	N-NSM	N-NSM	2424	Ἰησοῦς	Ἰησοῦς	
John 4:17	Καλῶς	ADV	ADV	2573	καλῶς	Καλῶς	
John 4:17	εἶπες	V-2AAI-2S	V-2AAI-2S	3004&5627	λέγω	εἶπες	
John 4:17	ὅτι	CONJ	CONJ	3754	ὅτι	ὅτι	
John 4:17	Ἄνδρα	N-ASM	N-ASM	435	ἀνήρ	Ἄνδρα	
John 4:17	οὐκ	PRT-N	PRT-N	3756	οὐ	οὐκ	
John 4:17	ἔχω·	V-PAI-1S	V-PAI-1S	2192&5719	ἔχω	ἔχω	
John 4:18	πέντε	A-NUI	A-NUI	4002	πέντε	πέντε	
John 4:18	γὰρ	CONJ	CONJ	1063	γάρ	γάρ	
John 4:18	ἄνδρας	N-APM	N-APM	435	ἀνήρ	ἄνδρας	
John 4:18	ἔσχες,	V-2AAI-2S	V-2AAI-2S	2192&5627	ἔχω	ἔσχες	
John 4:18	καὶ	CONJ	CONJ	2532	καί	καί	
John 4:18	νῦν	ADV	ADV	3568	νῦν	νῦν	
John 4:18	ὃν	R-ASM	R-ASM	3739	ὅς	ὅν	
John 4:18	ἔχεις	V-PAI-2S	V-PAI-2S	2192&5719	ἔχω	ἔχεις	
John 4:18	οὐκ	PRT-N	PRT-N	3756	οὐ	οὐκ	
John 4:18	ἔστιν	V-PAI-3S	V-PAI-3S	1510&5719	εἰμί	ἔστιν	
John 4:18	σου	P-2GS	P-2GS	4771	σύ	σου	
John 4:18	ἀνήρ·	N-NSM	N-NSM	435	ἀνήρ	ἀνήρ	
John 4:18	τοῦτο	D-ASN	D-ASN	3778	οὗτος	τοῦτο	
John 4:18	ἀληθὲς	A-ASN	A-ASN	227	ἀληθής	ἀληθές	
John 4:18	εἴρηκας.	V-RAI-2S-ATT	V-RAI-2S-ATT	2046&5758	εἶπον	εἴρηκας	
John 4:19	λέγει	V-PAI-3S	V-PAI-3S	3004&5719	λέγω	λέγει	
John 4:19	αὐτῷ	P-DSM	P-DSM	846	αὐτός	αὐτῷ	
John 4:19	ἡ	T-NSF	T-NSF	3588	ὁ	ἡ	
John 4:19	γυνή	N-NSF	N-NSF	1135	γυνή	γυνή	
John 4:19	Κύριε,	N-VSM	N-VSM	2962	κύριος	Κύριε	
John 4:19	θεωρῶ	V-PAI-1S	V-PAI-1S	2334&5719	θεωρέω	θεωρῶ	
John 4:19	ὅτι	CONJ	CONJ	3754	ὅτι	ὅτι	
John 4:19	προφήτης	N-NSM	N-NSM	4396	προφήτης	προφήτης	
John 4:19	εἶ	V-PAI-2S	V-PAI-2S	1510&5719	εἰμί	εἶ	
John 4:19	σύ.	P-2NS	P-2NS	4771	σύ	σύ	
John 4:20	οἱ	T-NPM	T-NPM	3588	ὁ	οἱ	
John 4:20	πατέρες	N-NPM	N-NPM	3962	πατήρ	πατέρες	
John 4:20	ἡμῶν	P-1GP	P-1GP	1473	ἐγώ	ἡμῶν	
John 4:20	ἐν	PREP	PREP	1722	ἐν	ἐν	
John 4:20	τῷ	T-DSN	T-DSN	3588	ὁ	τῷ	
John 4:20	ὄρει	N-DSN	N-DSN	3735	ὄρος	ὄρει	
John 4:20	τούτῳ	D-DSN	D-DSN	3778	οὗτος	τούτῳ	
John 4:20	προσεκύνησαν·	V-AAI-3P	V-AAI-3P	4352&5656	προσκυνέω	προσεκύνησαν	
John 4:20	καὶ	CONJ	CONJ	2532	καί	καί	
John 4:20	ὑμεῖς	P-2NP	P-2NP	4771	σύ	ὑμεῖς	
John 4:20	λέγετε	V-PAI-2P	V-PAI-2P	3004&5719	λέγω	λέγετε	
John 4:20	ὅτι	CONJ	CONJ	3754	ὅτι	ὅτι	
John 4:20	ἐν	PREP	PREP	1722	ἐν	ἐν	
John 4:20	Ἱεροσολύμοις	N-DPN	N-DPN	2414	Ἱεροσόλυμα	Ἱεροσολύμοις	
John 4:20	ἐστὶν	V-PAI-3S	V-PAI-3S	1510&5719	εἰμί	ἐστίν	
John 4:20	ὁ	T-NSM	T-NSM	3588	ὁ	ὁ	
John 4:20	τόπος	N-NSM	N-NSM	5117	τόπος	τόπος	
John 4:20	ὅπου	ADV	ADV	3699	ὅπου	ὅπου	
John 4:20	προσκυνεῖν	V-PAN	V-PAN	4352&5721	προσκυνέω	προσκυνεῖν	
John 4:20	δεῖ.	V-PAI-3S	V-PAI-3S	1163&5719	δεῖ	δεῖ	
John 4:21	λέγει	V-PAI-3S	V-PAI-3S	3004&5719	λέγω	λέγει	
John 4:21	αὐτῇ	P-DSF	P-DSF	846	αὐτός	αὐτῇ	
John 4:21	ὁ	T-NSM	T-NSM	3588	ὁ	ὁ	
John 4:21	Ἰησοῦς	N-NSM	N-NSM	2424	Ἰησοῦς	Ἰησοῦς	
John 4:21	Πίστευέ	V-PAM-2S	V-PAM-2S	4100&5720	πιστεύω	Πίστευε	
John 4:21	μοι,	P-1DS	P-1DS	1473	ἐγώ	μοι	
John 4:21	γύναι,	N-VSF	N-VSF	1135	γυνή	γύναι	
John 4:21	ὅτι	CONJ	CONJ	3754	ὅτι	ὅτι	
John 4:21	ἔρχεται	V-PNI-3S	V-PNI-3S	2064&5736	ἔρχομαι	ἔρχεται	
John 4:21	ὥρα	N-NSF	N-NSF	5610	ὥρα	ὥρα	
John 4:21	ὅτε	ADV	ADV	3753	ὅτε	ὅτε	
John 4:21	οὔτε	CONJ-N	CONJ-N	3777	οὔτε	οὔτε	
John 4:21	ἐν	PREP	PREP	1722	ἐν	ἐν	
John 4:21	τῷ	T-DSN	T-DSN	3588	ὁ	τῷ	
John 4:21	ὄρει	N-DSN	N-DSN	3735	ὄρος	ὄρει	
John 4:21	τούτῳ	D-DSN	D-DSN	3778	οὗτος	τούτῳ	
John 4:21	οὔτε	CONJ-N	CONJ-N	3777	οὔτε	οὔτε	
John 4:21	ἐν	PREP	PREP	1722	ἐν	ἐν	
John 4:21	Ἱεροσολύμοις	N-DPN	N-DPN	2414	Ἱεροσόλυμα	Ἱεροσολύμοις	
John 4:21	προσκυνήσετε	V-FAI-2P	V-FAI-2P	4352&5692	προσκυνέω	προσκυνήσετε	
John 4:21	τῷ	T-DSM	T-DSM	3588	ὁ	τῷ	
John 4:21	Πατρί.	N-DSM	N-DSM	3962	πατήρ	Πατρί	
John 4:22	ὑμεῖς	P-2NP	P-2NP	4771	σύ	ὑμεῖς	
John 4:22	προσκυνεῖτε	V-PAI-2P	V-PAI-2P	4352&5719	προσκυνέω	προσκυνεῖτε	
John 4:22	ὃ	R-ASN	R-ASN	3739	ὅς	ὅ	
John 4:22	οὐκ	PRT-N	PRT-N	3756	οὐ	οὐκ	
John 4:22	οἴδατε,	V-RAI-2P	V-RAI-2P	1492&5758	οἶδα	οἴδατε	
John 4:22	ἡμεῖς	P-1NP	P-1NP	1473	ἐγώ	ἡμεῖς	
John 4:22	προσκυνοῦμεν	V-PAI-1P	V-PAI-1P	4352&5719	προσκυνέω	προσκυνοῦμεν	
John 4:22	ὃ	R-ASN	R-ASN	3739	ὅς	ὅ	
John 4:22	οἴδαμεν,	V-RAI-1P	V-RAI-1P	1492&5758	οἶδα	οἴδαμεν	
John 4:22	ὅτι	CONJ	CONJ	3754	ὅτι	ὅτι	
John 4:22	ἡ	T-NSF	T-NSF	3588	ὁ	ἡ	
John 4:22	σωτηρία	N-NSF	N-NSF	4991	σωτηρία	σωτηρία	
John 4:22	ἐκ	PREP	PREP	1537	ἐκ	ἐκ	
John 4:22	τῶν	T-GPM	T-GPM	3588	ὁ	τῶν	
John 4:22	Ἰουδαίων	A-GPM	A-GPM	2453	Ἰουδαῖος	Ἰουδαίων	
John 4:22	ἐστίν·	V-PAI-3S	V-PAI-3S	1510&5719	εἰμί	ἐστίν	
John 4:23	ἀλλὰ	CONJ	CONJ	235	ἀλλά	ἀλλά	
John 4:23	ἔρχεται	V-PNI-3S	V-PNI-3S	2064&5736	ἔρχομαι	ἔρχεται	
John 4:23	ὥρα	N-NSF	N-NSF	5610	ὥρα	ὥρα	
John 4:23	καὶ	CONJ	CONJ	2532	καί	καί	
John 4:23	νῦν	ADV	ADV	3568	νῦν	νῦν	
John 4:23	ἐστιν,	V-PAI-3S	V-PAI-3S	1510	εἰμί	ἐστιν	
John 4:23	ὅτε	ADV	ADV	3753	ὅτε	ὅτε	
John 4:23	οἱ	T-NPM	T-NPM	3588	ὁ	οἱ	
John 4:23	ἀληθινοὶ	A-NPM	A-NPM	228	ἀληθινός	ἀληθινοί	
John 4:23	προσκυνηταὶ	N-NPM	N-NPM	4353	προσκυνητής	προσκυνηταί	
John 4:23	προσκυνήσουσιν	V-FAI-3P	V-FAI-3P	4352&5692	προσκυνέω	προσκυνήσουσιν	
John 4:23	τῷ	T-DSM	T-DSM	3588	ὁ	τῷ	
John 4:23	Πατρὶ	N-DSM	N-DSM	3962	πατήρ	Πατρί	
John 4:23	ἐν	PREP	PREP	1722	ἐν	ἐν	
John 4:23	πνεύματι	N-DSN	N-DSN	4151	πνεῦμα	πνεύματι	
John 4:23	καὶ	CONJ	CONJ	2532	καί	καί	
John 4:23	ἀληθείᾳ·	N-DSF	N-DSF	225	ἀλήθεια	ἀληθείᾳ	
John 4:23	καὶ	CONJ	CONJ	2532	καί	καί	
John 4:23	γὰρ	CONJ	CONJ	1063	γάρ	γάρ	
John 4:23	ὁ	T-NSM	T-NSM	3588	ὁ	ὁ	
John 4:23	Πατὴρ	N-NSM	N-NSM	3962	πατήρ	Πατήρ	
John 4:23	τοιούτους	D-APM	D-APM	5108	τοιοῦτος	τοιούτους	
John 4:23	ζητεῖ	V-PAI-3S	V-PAI-3S	2212&5719	ζητέω	ζητεῖ	
John 4:23	τοὺς	T-APM	T-APM	3588	ὁ	τούς	
John 4:23	προσκυνοῦντας	V-PAP-APM	V-PAP-APM	4352&5723	προσκυνέω	προσκυνοῦντας	
John 4:23	αὐτόν·	P-ASM	P-ASM	846	αὐτός	αὐτόν	
John 4:24	Πνεῦμα	N-NSN	N-NSN	4151	πνεῦμα	Πνεῦμα	
John 4:24	ὁ	T-NSM	T-NSM	3588	ὁ	ὁ	
John 4:24	Θεός,	N-NSM	N-NSM	2316	θεός	Θεός	
John 4:24	καὶ	CONJ	CONJ	2532	καί	καί	
John 4:24	τοὺς	T-APM	T-APM	3588	ὁ	τούς	
John 4:24	προσκυνοῦντας	V-PAP-APM	V-PAP-APM	4352&5723	προσκυνέω	προσκυνοῦντας	
John 4:24	ἐν	PREP	PREP	1722	ἐν	ἐν	
John 4:24	πνεύματι	N-DSN	N-DSN	4151	πνεῦμα	πνεύματι	
John 4:24	καὶ	CONJ	CONJ	2532	καί	καί	
John 4:24	ἀληθείᾳ	N-DSF	N-DSF	225	ἀλήθεια	ἀληθείᾳ	
John 4:24	δεῖ	V-PAI-3S	V-PAI-3S	1163&5719	δεῖ	δεῖ	
John 4:24	προσκυνεῖν.	V-PAN	V-PAN	4352&5721	προσκυνέω	προσκυνεῖν	
John 4:25	λέγει	V-PAI-3S	V-PAI-3S	3004&5719	λέγω	λέγει	
John 4:25	αὐτῷ	P-DSM	P-DSM	846	αὐτός	αὐτῷ	
John 4:25	ἡ	T-NSF	T-NSF	3588	ὁ	ἡ	
John 4:25	γυνή	N-NSF	N-NSF	1135	γυνή	γυνή	
John 4:25	Οἶδα	V-RAI-1S	V-RAI-1S	1492&5758	οἶδα	Οἶδα	
John 4:25	ὅτι	CONJ	CONJ	3754	ὅτι	ὅτι	
John 4:25	Μεσσίας	N-NSM	N-NSM	3323	Μεσσίας	Μεσσίας	
John 4:25	ἔρχεται,	V-PNI-3S	V-PNI-3S	2064&5736	ἔρχομαι	ἔρχεται	
John 4:25	ὁ	T-NSM	T-NSM	3588	ὁ	ὁ	
John 4:25	λεγόμενος	V-PPP-NSM	V-PEP-NSM	3004&5746	λέγω	λεγόμενος	
John 4:25	Χριστός·	N-NSM	N-NSM	5547	Χριστός	Χριστός	
John 4:25	ὅταν	CONJ	CONJ	3752	ὅταν	ὅταν	
John 4:25	ἔλθῃ	V-2AAS-3S	V-2AAS-3S	2064&5632	ἔρχομαι	ἔλθῃ	
John 4:25	ἐκεῖνος,	D-NSM	D-NSM	1565	ἐκεῖνος	ἐκεῖνος	
John 4:25	ἀναγγελεῖ	V-FAI-3S	V-FAI-3S	312&5692	ἀναγγέλλω	ἀναγγελεῖ	
John 4:25	ἡμῖν	P-1DP	P-1DP	1473	ἐγώ	ἡμῖν	
John 4:25	ἅπαντα.	A-APN	A-APN	537	ἅπας	ἅπαντα	
John 4:26	λέγει	V-PAI-3S	V-PAI-3S	3004&5719	λέγω	λέγει	
John 4:26	αὐτῇ	P-DSF	P-DSF	846	αὐτός	αὐτῇ	
John 4:26	ὁ	T-NSM	T-NSM	3588	ὁ	ὁ	
John 4:26	Ἰησοῦς	N-NSM	N-NSM	2424	Ἰησοῦς	Ἰησοῦς	
John 4:26	Ἐγώ	P-1NS	P-1NS	1473	ἐγώ	Ἐγώ	
John 4:26	εἰμι,	V-PAI-1S	V-PAI-1S	1510&5719	εἰμί	εἰμι	
John 4:26	ὁ	T-NSM	T-NSM	3588	ὁ	ὁ	
John 4:26	λαλῶν	V-PAP-NSM	V-PAP-NSM	2980&5723	λαλέω	λαλῶν	
John 4:26	σοι.	P-2DS	P-2DS	4771	σύ	σοι	
John 4:27	Καὶ	CONJ	CONJ	2532	καί	Καί	
John 4:27	ἐπὶ	PREP	PREP	1909	ἐπί	ἐπί	
John 4:27	τούτῳ	D-DSN	D-DSN	3778	οὗτος	τούτῳ	
John 4:27	ἦλθαν	V-2AAI-3P	V-2AAI-3P	2064&5627	ἔρχομαι	ἦλθαν	
John 4:27	οἱ	T-NPM	T-NPM	3588	ὁ	οἱ	
John 4:27	μαθηταὶ	N-NPM	N-NPM	3101	μαθητής	μαθηταί	
John 4:27	αὐτοῦ,	P-GSM	P-GSM	846	αὐτός	αὐτοῦ	
John 4:27	καὶ	CONJ	CONJ	2532	καί	καί	
John 4:27	ἐθαύμαζον	V-IAI-3P	V-IAI-3P	2296&5707	θαυμάζω	ἐθαύμαζον	
John 4:27	ὅτι	CONJ	CONJ	3754	ὅτι	ὅτι	
John 4:27	μετὰ	PREP	PREP	3326	μετά	μετά	
John 4:27	γυναικὸς	N-GSF	N-GSF	1135	γυνή	γυναικός	
John 4:27	ἐλάλει·	V-IAI-3S	V-IAI-3S	2980&5707	λαλέω	ἐλάλει	
John 4:27	οὐδεὶς	A-NSM-N	A-NSM-N	3762	οὐδείς	οὐδείς	
John 4:27	μέντοι	CONJ	CONJ	3305	μέντοι	μέντοι	
John 4:27	εἶπεν	V-2AAI-3S	V-2AAI-3S	3004&5627	λέγω	εἶπεν	
John 4:27	Τί	I-ASN	I-ASN	5101	τίς	Τί	
John 4:27	ζητεῖς	V-PAI-2S	V-PAI-2S	2212&5719	ζητέω	ζητεῖς	
John 4:27	ἢ	PRT	PRT	2228	ἤ	ἤ	
John 4:27	τί	I-ASN	I-ASN	5101	τίς	τί	
John 4:27	λαλεῖς	V-PAI-2S	V-PAI-2S	2980&5719	λαλέω	λαλεῖς	
John 4:27	μετ’	PREP	PREP	3326	μετά	μετ’	
John 4:27	αὐτῆς;	P-GSF	P-GSF	846	αὐτός	αὐτῆς	
John 4:28	ἀφῆκεν	V-AAI-3S	V-AAI-3S	863&5656	ἀφίημι	ἀφῆκεν	
John 4:28	οὖν	CONJ	CONJ	3767	οὖν	οὖν	
John 4:28	τὴν	T-ASF	T-ASF	3588	ὁ	τήν	
John 4:28	ὑδρίαν	N-ASF	N-ASF	5201	ὑδρία	ὑδρίαν	
John 4:28	αὐτῆς	P-GSF	P-GSF	846	αὐτός	αὐτῆς	
John 4:28	ἡ	T-NSF	T-NSF	3588	ὁ	ἡ	
John 4:28	γυνὴ	N-NSF	N-NSF	1135	γυνή	γυνή	
John 4:28	καὶ	CONJ	CONJ	2532	καί	καί	
John 4:28	ἀπῆλθεν	V-2AAI-3S	V-2AAI-3S	565&5627	ἀπέρχομαι	ἀπῆλθεν	
John 4:28	εἰς	PREP	PREP	1519	εἰς	εἰς	
John 4:28	τὴν	T-ASF	T-ASF	3588	ὁ	τήν	
John 4:28	πόλιν,	N-ASF	N-ASF	4172	πόλις	πόλιν	
John 4:28	καὶ	CONJ	CONJ	2532	καί	καί	
John 4:28	λέγει	V-PAI-3S	V-PAI-3S	3004&5719	λέγω	λέγει	
John 4:28	τοῖς	T-DPM	T-DPM	3588	ὁ	τοῖς	
John 4:28	ἀνθρώποις	N-DPM	N-DPM	444	ἄνθρωπος	ἀνθρώποις	
John 4:29	Δεῦτε	V-PAM-2P	V-PAM-2P	1205&5720	δεῦτε	Δεῦτε	
John 4:29	ἴδετε	V-2AAM-2P	V-2AAM-2P	3708&5628	ὁράω	ἴδετε	
John 4:29	ἄνθρωπον	N-ASM	N-ASM	444	ἄνθρωπος	ἄνθρωπον	
John 4:29	ὃς	R-NSM	R-NSM	3739	ὅς	ὅς	
John 4:29	εἶπέν	V-2AAI-3S	V-2AAI-3S	3004	λέγω	εἶπεν	
John 4:29	μοι	P-1DS	P-1DS	1473	ἐγώ	μοι	
John 4:29	πάντα	A-APN	A-APN	3956	πᾶς	πάντα	
John 4:29	ἃ	R-APN	R-APN	3739	ὅς	ἅ	
John 4:29	ἐποίησα·	V-AAI-1S	V-AAI-1S	4160&5656	ποιέω	ἐποίησα	
John 4:29	μήτι	PRT-I	PRT-I	3385	μήτι	μήτι	
John 4:29	οὗτός	D-NSM	D-NSM	3778	οὗτος	οὗτος	
John 4:29	ἐστιν	V-PAI-3S	V-PAI-3S	1510&5719	εἰμί	ἐστιν	
John 4:29	ὁ	T-NSM	T-NSM	3588	ὁ	ὁ	
John 4:29	Χριστός;	N-NSM	N-NSM	5547	Χριστός	Χριστός	
John 4:30	ἐξῆλθον	V-2AAI-3P	V-2AAI-3P	1831&5627	ἐξέρχομαι	ἐξῆλθον	
John 4:30	ἐκ	PREP	PREP	1537	ἐκ	ἐκ	
John 4:30	τῆς	T-GSF	T-GSF	3588	ὁ	τῆς	
John 4:30	πόλεως	N-GSF	N-GSF	4172	πόλις	πόλεως	
John 4:30	καὶ	CONJ	CONJ	2532	καί	καί	
John 4:30	ἤρχοντο	V-INI-3P	V-INI-3P	2064&5711	ἔρχομαι	ἤρχοντο	
John 4:30	πρὸς	PREP	PREP	4314	πρός	πρός	
John 4:30	αὐτόν.	P-ASM	P-ASM	846	αὐτός	αὐτόν	
John 4:31	Ἐν	PREP	PREP	1722	ἐν	Ἐν	
John 4:31	τῷ	T-DSN	T-DSN	3588	ὁ	τῷ	
John 4:31	μεταξὺ	ADV	ADV	3342	μεταξύ	μεταξύ	
John 4:31	ἠρώτων	V-IAI-3P	V-IAI-3P	2065&5707	ἐρωτάω	ἠρώτων	
John 4:31	αὐτὸν	P-ASM	P-ASM	846	αὐτός	αὐτόν	
John 4:31	οἱ	T-NPM	T-NPM	3588	ὁ	οἱ	
John 4:31	μαθηταὶ	N-NPM	N-NPM	3101	μαθητής	μαθηταί	
John 4:31	λέγοντες	V-PAP-NPM	V-PAP-NPM	3004&5723	λέγω	λέγοντες	
John 4:31	Ῥαββεί,	HEB	HEB	4461	ῥαββί	Ῥαββεί	
John 4:31	φάγε.	V-2AAM-2S	V-2AAM-2S	5315&5628	ἐσθίω	φάγε	
John 4:32	ὁ	T-NSM	T-NSM	3588	ὁ	ὁ	
John 4:32	δὲ	CONJ	CONJ	1161	δέ	δέ	
John 4:32	εἶπεν	V-2AAI-3S	V-2AAI-3S	3004&5627	λέγω	εἶπεν	
John 4:32	αὐτοῖς	P-DPM	P-DPM	846	αὐτός	αὐτοῖς	
John 4:32	Ἐγὼ	P-1NS	P-1NS	1473	ἐγώ	Ἐγώ	
John 4:32	βρῶσιν	N-ASF	N-ASF	1035	βρῶσις	βρῶσιν	
John 4:32	ἔχω	V-PAI-1S	V-PAI-1S	2192&5719	ἔχω	ἔχω	
John 4:32	φαγεῖν	V-2AAN	V-2AAN	5315&5629	ἐσθίω	φαγεῖν	
John 4:32	ἣν	R-ASF	R-ASF	3739	ὅς	ἥν	
John 4:32	ὑμεῖς	P-2NP	P-2NP	4771	σύ	ὑμεῖς	
John 4:32	οὐκ	PRT-N	PRT-N	3756	οὐ	οὐκ	
John 4:32	οἴδατε.	V-RAI-2P	V-RAI-2P	1492&5758	οἶδα	οἴδατε	
John 4:33	ἔλεγον	V-IAI-3P	V-IAI-3P	3004&5707	λέγω	ἔλεγον	
John 4:33	οὖν	CONJ	CONJ	3767	οὖν	οὖν	
John 4:33	οἱ	T-NPM	T-NPM	3588	ὁ	οἱ	
John 4:33	μαθηταὶ	N-NPM	N-NPM	3101	μαθητής	μαθηταί	
John 4:33	πρὸς	PREP	PREP	4314	πρός	πρός	
John 4:33	ἀλλήλους	C-APM	C-APM	240	ἀλλήλων	ἀλλήλους	
John 4:33	Μή	PRT-N	PRT-N	3361	μή	Μή	
John 4:33	τις	X-NSM	X-NSM	5100	τὶς	τις	
John 4:33	ἤνεγκεν	V-AAI-3S	V-AAI-3S	5342&5656	φέρω	ἤνεγκεν	
John 4:33	αὐτῷ	P-DSM	P-DSM	846	αὐτός	αὐτῷ	
John 4:33	φαγεῖν;	V-2AAN	V-2AAN	5315&5629	ἐσθίω	φαγεῖν	
John 4:34	λέγει	V-PAI-3S	V-PAI-3S	3004&5719	λέγω	λέγει	
John 4:34	αὐτοῖς	P-DPM	P-DPM	846	αὐτός	αὐτοῖς	
John 4:34	ὁ	T-NSM	T-NSM	3588	ὁ	ὁ	
John 4:34	Ἰησοῦς	N-NSM	N-NSM	2424	Ἰησοῦς	Ἰησοῦς	
John 4:34	Ἐμὸν	S-1SNSN	S-1SNSN	1699	ἐμός	Ἐμόν	
John 4:34	βρῶμά	N-NSN	N-NSN	1033	βρῶμα	βρῶμα	
John 4:34	ἐστιν	V-PAI-3S	V-PAI-3S	1510&5719	εἰμί	ἐστιν	
John 4:34	ἵνα	CONJ	CONJ	2443	ἵνα	ἵνα	
John 4:34	ποιῶ	V-PAS-1S	V-PAS-1S	4160	ποιέω	ποιῶ	
John 4:34	τὸ	T-ASN	T-ASN	3588	ὁ	τό	
John 4:34	θέλημα	N-ASN	N-ASN	2307	θέλημα	θέλημα	
John 4:34	τοῦ	T-GSM	T-GSM	3588	ὁ	τοῦ	
John 4:34	πέμψαντός	V-AAP-GSM	V-AAP-GSM	3992&5660	πέμπω	πέμψαντος	
John 4:34	με	P-1AS	P-1AS	1473	ἐγώ	με	
John 4:34	καὶ	CONJ	CONJ	2532	καί	καί	
John 4:34	τελειώσω	V-AAS-1S	V-AAS-1S	5048&5661	τελειόω	τελειώσω	
John 4:34	αὐτοῦ	P-GSM	P-GSM	846	αὐτός	αὐτοῦ	
John 4:34	τὸ	T-ASN	T-ASN	3588	ὁ	τό	
John 4:34	ἔργον.	N-ASN	N-ASN	2041	ἔργον	ἔργον	
John 4:35	οὐχ	PRT-N	PRT-N	3756	οὐ	οὐχ	
John 4:35	ὑμεῖς	P-2NP	P-2NP	4771	σύ	ὑμεῖς	
John 4:35	λέγετε	V-PAI-2P	V-PAI-2P	3004&5719	λέγω	λέγετε	
John 4:35	ὅτι	CONJ	CONJ	3754	ὅτι	ὅτι	
John 4:35	Ἔτι	ADV	ADV	2089	ἔτι	Ἔτι	
John 4:35	τετράμηνός	A-NSM	A-NSM	5072	τετράμηνος	τετράμηνος	
John 4:35	ἐστιν	V-PAI-3S	V-PAI-3S	1510&5719	εἰμί	ἐστιν	
John 4:35	καὶ	CONJ	CONJ	2532	καί	καί	
John 4:35	ὁ	T-NSM	T-NSM	3588	ὁ	ὁ	
John 4:35	θερισμὸς	N-NSM	N-NSM	2326	θερισμός	θερισμός	
John 4:35	ἔρχεται;	V-PNI-3S	V-PNI-3S	2064&5736	ἔρχομαι	ἔρχεται	
John 4:35	ἰδοὺ	V-2AMM-2S	V-2AMM-2S	3708&5640	ὁράω	ἰδού	
John 4:35	λέγω	V-PAI-1S	V-PAI-1S	3004&5719	λέγω	λέγω	
John 4:35	ὑμῖν,	P-2DP	P-2DP	4771	σύ	ὑμῖν	
John 4:35	ἐπάρατε	V-AAM-2P	V-AAM-2P	1869&5657	ἐπαίρω	ἐπάρατε	
John 4:35	τοὺς	T-APM	T-APM	3588	ὁ	τούς	
John 4:35	ὀφθαλμοὺς	N-APM	N-APM	3788	ὀφθαλμός	ὀφθαλμούς	
John 4:35	ὑμῶν	P-2GP	P-2GP	4771	σύ	ὑμῶν	
John 4:35	καὶ	CONJ	CONJ	2532	καί	καί	
John 4:35	θεάσασθε	V-ADM-2P	V-ADM-2P	2300&5663	θεάομαι	θεάσασθε	
John 4:35	τὰς	T-APF	T-APF	3588	ὁ	τάς	
John 4:35	χώρας,	N-APF	N-APF	5561	χώρα	χώρας	
John 4:35	ὅτι	CONJ	CONJ	3754	ὅτι	ὅτι	
John 4:35	λευκαί	A-NPF	A-NPF	3022	λευκός	λευκαί	
John 4:35	εἰσιν	V-PAI-3P	V-PAI-3P	1510&5719	εἰμί	εἰσιν	
John 4:35	πρὸς	PREP	PREP	4314	πρός	πρός	
John 4:35	θερισμόν.	N-ASM	N-ASM	2326	θερισμός	θερισμόν	
John 4:35	ἤδη	ADV	ADV	2235	ἤδη	ἤδη	
John 4:36	ὁ	T-NSM	T-NSM	3588	ὁ	ὁ	
John 4:36	θερίζων	V-PAP-NSM	V-PAP-NSM	2325&5723	θερίζω	θερίζων	
John 4:36	μισθὸν	N-ASM	N-ASM	3408	μισθός	μισθόν	
John 4:36	λαμβάνει	V-PAI-3S	V-PAI-3S	2983&5719	λαμβάνω	λαμβάνει	
John 4:36	καὶ	CONJ	CONJ	2532	καί	καί	
John 4:36	συνάγει	V-PAI-3S	V-PAI-3S	4863&5719	συνάγω	συνάγει	
John 4:36	καρπὸν	N-ASM	N-ASM	2590	καρπός	καρπόν	
John 4:36	εἰς	PREP	PREP	1519	εἰς	εἰς	
John 4:36	ζωὴν	N-ASF	N-ASF	2222	ζωή	ζωήν	
John 4:36	αἰώνιον,	A-ASF	A-ASF	166	αἰώνιος	αἰώνιον	
John 4:36	ἵνα	CONJ	CONJ	2443	ἵνα	ἵνα	
John 4:36	ὁ	T-NSM	T-NSM	3588	ὁ	ὁ	
John 4:36	σπείρων	V-PAP-NSM	V-PAP-NSM	4687&5723	σπείρω	σπείρων	
John 4:36	ὁμοῦ	ADV	ADV	3674	ὁμοῦ	ὁμοῦ	
John 4:36	χαίρῃ	V-PAS-3S	V-PAS-3S	5463&5725	χαίρω	χαίρῃ	
John 4:36	καὶ	CONJ	CONJ	2532	καί	καί	
John 4:36	ὁ	T-NSM	T-NSM	3588	ὁ	ὁ	
John 4:36	θερίζων.	V-PAP-NSM	V-PAP-NSM	2325&5723	θερίζω	θερίζων	
John 4:37	ἐν	PREP	PREP	1722	ἐν	ἐν	
John 4:37	γὰρ	CONJ	CONJ	1063	γάρ	γάρ	
John 4:37	τούτῳ	D-DSN	D-DSN	3778	οὗτος	τούτῳ	
John 4:37	ὁ	T-NSM	T-NSM	3588	ὁ	ὁ	
John 4:37	λόγος	N-NSM	N-NSM	3056	λόγος	λόγος	
John 4:37	ἐστὶν	V-PAI-3S	V-PAI-3S	1510&5719	εἰμί	ἐστίν	
John 4:37	ἀληθινὸς	A-NSM	A-NSM	228	ἀληθινός	ἀληθινός	
John 4:37	ὅτι	CONJ	CONJ	3754	ὅτι	ὅτι	
John 4:37	ἄλλος	A-NSM	A-NSM	243	ἄλλος	ἄλλος	
John 4:37	ἐστὶν	V-PAI-3S	V-PAI-3S	1510&5719	εἰμί	ἐστίν	
John 4:37	ὁ	T-NSM	T-NSM	3588	ὁ	ὁ	
John 4:37	σπείρων	V-PAP-NSM	V-PAP-NSM	4687&5723	σπείρω	σπείρων	
John 4:37	καὶ	CONJ	CONJ	2532	καί	καί	
John 4:37	ἄλλος	A-NSM	A-NSM	243	ἄλλος	ἄλλος	
John 4:37	ὁ	T-NSM	T-NSM	3588	ὁ	ὁ	
John 4:37	θερίζων.	V-PAP-NSM	V-PAP-NSM	2325&5723	θερίζω	θερίζων	
John 4:38	ἐγὼ	P-1NS	P-1NS	1473	ἐγώ	ἐγώ	
John 4:38	ἀπέστειλα	V-AAI-1S	V-AAI-1S	649&5656	ἀποστέλλω	ἀπέστειλα	
John 4:38	ὑμᾶς	P-2AP	P-2AP	4771	σύ	ὑμᾶς	
John 4:38	θερίζειν	V-PAN	V-PAN	2325&5721	θερίζω	θερίζειν	
John 4:38	ὃ	R-ASN	R-ASN	3739	ὅς	ὅ	
John 4:38	οὐχ	PRT-N	PRT-N	3756	οὐ	οὐχ	
John 4:38	ὑμεῖς	P-2NP	P-2NP	4771	σύ	ὑμεῖς	
John 4:38	κεκοπιάκατε·	V-RAI-2P	V-RAI-2P	2872&5758	κοπιάω	κεκοπιάκατε	
John 4:38	ἄλλοι	A-NPM	A-NPM	243	ἄλλος	ἄλλοι	
John 4:38	κεκοπιάκασιν,	V-RAI-3P	V-RAI-3P	2872&5758	κοπιάω	κεκοπιάκασιν	
John 4:38	καὶ	CONJ	CONJ	2532	καί	καί	
John 4:38	ὑμεῖς	P-2NP	P-2NP	4771	σύ	ὑμεῖς	
John 4:38	εἰς	PREP	PREP	1519	εἰς	εἰς	
John 4:38	τὸν	T-ASM	T-ASM	3588	ὁ	τόν	
John 4:38	κόπον	N-ASM	N-ASM	2873	κόπος	κόπον	
John 4:38	αὐτῶν	P-GPM	P-GPM	846	αὐτός	αὐτῶν	
John 4:38	εἰσεληλύθατε.	V-2RAI-2P	V-2RAI-2P	1525&5754	εἰσέρχομαι	εἰσεληλύθατε	
John 4:39	Ἐκ	PREP	PREP	1537	ἐκ	Ἐκ	
John 4:39	δὲ	CONJ	CONJ	1161	δέ	δέ	
John 4:39	τῆς	T-GSF	T-GSF	3588	ὁ	τῆς	
John 4:39	πόλεως	N-GSF	N-GSF	4172	πόλις	πόλεως	
John 4:39	ἐκείνης	D-GSF	D-GSF	1565	ἐκεῖνος	ἐκείνης	
John 4:39	πολλοὶ	A-NPM	A-NPM	4183	πολύς	πολλοί	
John 4:39	ἐπίστευσαν	V-AAI-3P	V-AAI-3P	4100&5656	πιστεύω	ἐπίστευσαν	
John 4:39	εἰς	PREP	PREP	1519	εἰς	εἰς	
John 4:39	αὐτὸν	P-ASM	P-ASM	846	αὐτός	αὐτόν	
John 4:39	τῶν	T-GPM	T-GPM	3588	ὁ	τῶν	
John 4:39	Σαμαρειτῶν	N-GPM	N-GPM	4541	Σαμαρίτης	Σαμαρειτῶν	
John 4:39	διὰ	PREP	PREP	1223	διά	διά	
John 4:39	τὸν	T-ASM	T-ASM	3588	ὁ	τόν	
John 4:39	λόγον	N-ASM	N-ASM	3056	λόγος	λόγον	
John 4:39	τῆς	T-GSF	T-GSF	3588	ὁ	τῆς	
John 4:39	γυναικὸς	N-GSF	N-GSF	1135	γυνή	γυναικός	
John 4:39	μαρτυρούσης	V-PAP-GSF	V-PAP-GSF	3140&5723	μαρτυρέω	μαρτυρούσης	
John 4:39	ὅτι	CONJ	CONJ	3754	ὅτι	ὅτι	
John 4:39	Εἶπέν	V-2AAI-3S	V-2AAI-3S	3004&5627	λέγω	Εἶπεν	
John 4:39	μοι	P-1DS	P-1DS	1473	ἐγώ	μοι	
John 4:39	πάντα	A-APN	A-APN	3956	πᾶς	πάντα	
John 4:39	ἃ	R-APN	R-APN	3739	ὅς	ἅ	
John 4:39	ἐποίησα.	V-AAI-1S	V-AAI-1S	4160&5656	ποιέω	ἐποίησα	
John 4:40	ὡς	ADV	ADV	5613	ὡς	ὡς	
John 4:40	οὖν	CONJ	CONJ	3767	οὖν	οὖν	
John 4:40	ἦλθον	V-2AAI-3P	V-2AAI-3P	2064&5627	ἔρχομαι	ἦλθον	
John 4:40	πρὸς	PREP	PREP	4314	πρός	πρός	
John 4:40	αὐτὸν	P-ASM	P-ASM	846	αὐτός	αὐτόν	
John 4:40	οἱ	T-NPM	T-NPM	3588	ὁ	οἱ	
John 4:40	Σαμαρεῖται,	N-NPM	N-NPM	4541	Σαμαρίτης	Σαμαρεῖται	
John 4:40	ἠρώτων	V-IAI-3P	V-IAI-3P	2065&5707	ἐρωτάω	ἠρώτων	
John 4:40	αὐτὸν	P-ASM	P-ASM	846	αὐτός	αὐτόν	
John 4:40	μεῖναι	V-AAN	V-AAN	3306&5658	μένω	μεῖναι	
John 4:40	παρ’	PREP	PREP	3844	παρά	παρ’	
John 4:40	αὐτοῖς·	P-DPM	P-DPM	846	αὐτός	αὐτοῖς	
John 4:40	καὶ	CONJ	CONJ	2532	καί	καί	
John 4:40	ἔμεινεν	V-AAI-3S	V-AAI-3S	3306&5656	μένω	ἔμεινεν	
John 4:40	ἐκεῖ	ADV	ADV	1563	ἐκεῖ	ἐκεῖ	
John 4:40	δύο	A-NUI	A-NUI	1417	δύο	δύο	
John 4:40	ἡμέρας.	N-APF	N-APF	2250	ἡμέρα	ἡμέρας	
John 4:41	καὶ	CONJ	CONJ	2532	καί	καί	
John 4:41	πολλῷ	A-DSN	A-DSN	4183	πολύς	πολλῷ	
John 4:41	πλείους	A-NPM-C	A-NPM-C	4183	πολύς	πλείους	
John 4:41	ἐπίστευσαν	V-AAI-3P	V-AAI-3P	4100&5656	πιστεύω	ἐπίστευσαν	
John 4:41	διὰ	PREP	PREP	1223	διά	διά	
John 4:41	τὸν	T-ASM	T-ASM	3588	ὁ	τόν	
John 4:41	λόγον	N-ASM	N-ASM	3056	λόγος	λόγον	
John 4:41	αὐτοῦ,	P-GSM	P-GSM	846	αὐτός	αὐτοῦ	
John 4:42	τῇ	T-DSF	T-DSF	3588	ὁ	τῇ	
John 4:42	τε	PRT	PRT	5037	τέ	τε	
John 4:42	γυναικὶ	N-DSF	N-DSF	1135	γυνή	γυναικί	
John 4:42	ἔλεγον	V-IAI-3P	V-IAI-3P	3004&5707	λέγω	ἔλεγον	
John 4:42	ὅτι	CONJ	CONJ	3754	ὅτι	ὅτι	
John 4:42	Οὐκέτι	ADV-N	ADV-N	3765	οὐκέτι	Οὐκέτι	
John 4:42	διὰ	PREP	PREP	1223	διά	διά	
John 4:42	τὴν	T-ASF	T-ASF	3588	ὁ	τήν	
John 4:42	σὴν	S-2SASF	S-2SASF	4674	σός	σήν	
John 4:42	λαλιὰν	N-ASF	N-ASF	2981	λαλιά	λαλιάν	
John 4:42	πιστεύομεν·	V-PAI-1P	V-PAI-1P	4100&5719	πιστεύω	πιστεύομεν	
John 4:42	αὐτοὶ	P-NPM	P-NPM	846	αὐτός	αὐτοί	
John 4:42	γὰρ	CONJ	CONJ	1063	γάρ	γάρ	
John 4:42	ἀκηκόαμεν,	V-2RAI-1P-ATT	V-2RAI-1P-ATT	191&5754	ἀκούω	ἀκηκόαμεν	
John 4:42	καὶ	CONJ	CONJ	2532	καί	καί	
John 4:42	οἴδαμεν	V-RAI-1P	V-RAI-1P	1492&5758	οἶδα	οἴδαμεν	
John 4:42	ὅτι	CONJ	CONJ	3754	ὅτι	ὅτι	
John 4:42	οὗτός	D-NSM	D-NSM	3778	οὗτος	οὗτος	
John 4:42	ἐστιν	V-PAI-3S	V-PAI-3S	1510&5719	εἰμί	ἐστιν	
John 4:42	ἀληθῶς	ADV	ADV	230	ἀληθῶς	ἀληθῶς	
John 4:42	ὁ	T-NSM	T-NSM	3588	ὁ	ὁ	
John 4:42	Σωτὴρ	N-NSM	N-NSM	4990	σωτήρ	Σωτήρ	
John 4:42	τοῦ	T-GSM	T-GSM	3588	ὁ	τοῦ	
John 4:42	κόσμου.	N-GSM	N-GSM	2889	κόσμος	κόσμου	
John 4:43	Μετὰ	PREP	PREP	3326	μετά	Μετά	
John 4:43	δὲ	CONJ	CONJ	1161	δέ	δέ	
John 4:43	τὰς	T-APF	T-APF	3588	ὁ	τάς	
John 4:43	δύο	A-NUI	A-NUI	1417	δύο	δύο	
John 4:43	ἡμέρας	N-APF	N-APF	2250	ἡμέρα	ἡμέρας	
John 4:43	ἐξῆλθεν	V-2AAI-3S	V-2AAI-3S	1831&5627	ἐξέρχομαι	ἐξῆλθεν	
John 4:43	ἐκεῖθεν	ADV	ADV	1564	ἐκεῖθεν	ἐκεῖθεν	
John 4:43	εἰς	PREP	PREP	1519	εἰς	εἰς	
John 4:43	τὴν	T-ASF	T-ASF	3588	ὁ	τήν	
John 4:43	Γαλιλαίαν.	N-ASF	N-ASF	1056	Γαλιλαία	Γαλιλαίαν	
John 4:44	αὐτὸς	P-NSM	P-NSM	846	αὐτός	αὐτός	
John 4:44	γὰρ	CONJ	CONJ	1063	γάρ	γάρ	
John 4:44	Ἰησοῦς	N-NSM	N-NSM	2424	Ἰησοῦς	Ἰησοῦς	
John 4:44	ἐμαρτύρησεν	V-AAI-3S	V-AAI-3S	3140&5656	μαρτυρέω	ἐμαρτύρησεν	
John 4:44	ὅτι	CONJ	CONJ	3754	ὅτι	ὅτι	
John 4:44	προφήτης	N-NSM	N-NSM	4396	προφήτης	προφήτης	
John 4:44	ἐν	PREP	PREP	1722	ἐν	ἐν	
John 4:44	τῇ	T-DSF	T-DSF	3588	ὁ	τῇ	
John 4:44	ἰδίᾳ	A-DSF	A-DSF	2398	ἴδιος	ἰδίᾳ	
John 4:44	πατρίδι	N-DSF	N-DSF	3968	πατρίς	πατρίδι	
John 4:44	τιμὴν	N-ASF	N-ASF	5092	τιμή	τιμήν	
John 4:44	οὐκ	PRT-N	PRT-N	3756	οὐ	οὐκ	
John 4:44	ἔχει.	V-PAI-3S	V-PAI-3S	2192&5719	ἔχω	ἔχει	
John 4:45	ὅτε	ADV	ADV	3753	ὅτε	ὅτε	
John 4:45	οὖν	CONJ	CONJ	3767	οὖν	οὖν	
John 4:45	ἦλθεν	V-2AAI-3S	V-2AAI-3S	2064&5627	ἔρχομαι	ἦλθεν	
John 4:45	εἰς	PREP	PREP	1519	εἰς	εἰς	
John 4:45	τὴν	T-ASF	T-ASF	3588	ὁ	τήν	
John 4:45	Γαλιλαίαν,	N-ASF	N-ASF	1056	Γαλιλαία	Γαλιλαίαν	
John 4:45	ἐδέξαντο	V-ADI-3P	V-ADI-3P	1209&5662	δέχομαι	ἐδέξαντο	
John 4:45	αὐτὸν	P-ASM	P-ASM	846	αὐτός	αὐτόν	
John 4:45	οἱ	T-NPM	T-NPM	3588	ὁ	οἱ	
John 4:45	Γαλιλαῖοι,	N-NPM	N-NPM	1057	Γαλιλαῖος	Γαλιλαῖοι	
John 4:45	πάντα	A-APN	A-APN	3956	πᾶς	πάντα	
John 4:45	ἑωρακότες	V-RAP-NPM-ATT	V-RAP-NPM-ATT	3708&5761	ὁράω	ἑωρακότες	
John 4:45	ὅσα	K-APN	K-APN	3745	ὅσος	ὅσα	
John 4:45	ἐποίησεν	V-AAI-3S	V-AAI-3S	4160&5656	ποιέω	ἐποίησεν	
John 4:45	ἐν	PREP	PREP	1722	ἐν	ἐν	
John 4:45	Ἱεροσολύμοις	N-DPN	N-DPN	2414	Ἱεροσόλυμα	Ἱεροσολύμοις	
John 4:45	ἐν	PREP	PREP	1722	ἐν	ἐν	
John 4:45	τῇ	T-DSF	T-DSF	3588	ὁ	τῇ	
John 4:45	ἑορτῇ·	N-DSF	N-DSF	1859	ἑορτή	ἑορτῇ	
John 4:45	καὶ	CONJ	CONJ	2532	καί	καί	
John 4:45	αὐτοὶ	P-NPM	P-NPM	846	αὐτός	αὐτοί	
John 4:45	γὰρ	CONJ	CONJ	1063	γάρ	γάρ	
John 4:45	ἦλθον	V-2AAI-3P	V-2AAI-3P	2064&5627	ἔρχομαι	ἦλθον	
John 4:45	εἰς	PREP	PREP	1519	εἰς	εἰς	
John 4:45	τὴν	T-ASF	T-ASF	3588	ὁ	τήν	
John 4:45	ἑορτήν.	N-ASF	N-ASF	1859	ἑορτή	ἑορτήν	
John 4:46	Ἦλθεν	V-2AAI-3S	V-2AAI-3S	2064&5627	ἔρχομαι	Ἦλθεν	
John 4:46	οὖν	CONJ	CONJ	3767	οὖν	οὖν	
John 4:46	πάλιν	ADV	ADV	3825	πάλιν	πάλιν	
John 4:46	εἰς	PREP	PREP	1519	εἰς	εἰς	
John 4:46	τὴν	T-ASF	T-ASF	3588	ὁ	τήν	
John 4:46	Κανὰ	N-PRI	N-PRI	2580	Κανά	Κανά	
John 4:46	τῆς	T-GSF	T-GSF	3588	ὁ	τῆς	
John 4:46	Γαλιλαίας,	N-GSF	N-GSF	1056	Γαλιλαία	Γαλιλαίας	
John 4:46	ὅπου	ADV	ADV	3699	ὅπου	ὅπου	
John 4:46	ἐποίησεν	V-AAI-3S	V-AAI-3S	4160&5656	ποιέω	ἐποίησεν	
John 4:46	τὸ	T-ASN	T-ASN	3588	ὁ	τό	
John 4:46	ὕδωρ	N-ASN	N-ASN	5204	ὕδωρ	ὕδωρ	
John 4:46	οἶνον.	N-ASM	N-ASM	3631	οἶνος	οἶνον	
John 4:46	Καὶ	CONJ	CONJ	2532	καί	Καί	
John 4:46	ἦν	V-IAI-3S	V-IAI-3S	1510&5707	εἰμί	ἦν	
John 4:46	τις	X-NSM	X-NSM	5100	τὶς	τις	
John 4:46	βασιλικὸς	A-NSM	A-NSM	937	βασιλικός	βασιλικός	
John 4:46	οὗ	R-GSM	R-GSM	3739	ὅς	οὗ	
John 4:46	ὁ	T-NSM	T-NSM	3588	ὁ	ὁ	
John 4:46	υἱὸς	N-NSM	N-NSM	5207	υἱός	υἱός	
John 4:46	ἠσθένει	V-IAI-3S	V-IAI-3S	770&5707	ἀσθενέω	ἠσθένει	
John 4:46	ἐν	PREP	PREP	1722	ἐν	ἐν	
John 4:46	Καφαρναούμ·	N-PRI	N-PRI	2584	Καφαρναούμ	Καφαρναούμ	
John 4:47	οὗτος	D-NSM	D-NSM	3778	οὗτος	οὗτος	
John 4:47	ἀκούσας	V-AAP-NSM	V-AAP-NSM	191&5660	ἀκούω	ἀκούσας	
John 4:47	ὅτι	CONJ	CONJ	3754	ὅτι	ὅτι	
John 4:47	Ἰησοῦς	N-NSM	N-NSM	2424	Ἰησοῦς	Ἰησοῦς	
John 4:47	ἥκει	V-PAI-3S	V-PAI-3S	2240&5719	ἥκω	ἥκει	
John 4:47	ἐκ	PREP	PREP	1537	ἐκ	ἐκ	
John 4:47	τῆς	T-GSF	T-GSF	3588	ὁ	τῆς	
John 4:47	Ἰουδαίας	N-GSF	N-GSF	2449	Ἰουδαία	Ἰουδαίας	
John 4:47	εἰς	PREP	PREP	1519	εἰς	εἰς	
John 4:47	τὴν	T-ASF	T-ASF	3588	ὁ	τήν	
John 4:47	Γαλιλαίαν,	N-ASF	N-ASF	1056	Γαλιλαία	Γαλιλαίαν	
John 4:47	ἀπῆλθεν	V-2AAI-3S	V-2AAI-3S	565&5627	ἀπέρχομαι	ἀπῆλθεν	
John 4:47	πρὸς	PREP	PREP	4314	πρός	πρός	
John 4:47	αὐτὸν	P-ASM	P-ASM	846	αὐτός	αὐτόν	
John 4:47	καὶ	CONJ	CONJ	2532	καί	καί	
John 4:47	ἠρώτα	V-IAI-3S	V-IAI-3S	2065&5707	ἐρωτάω	ἠρώτα	
John 4:47	ἵνα	CONJ	CONJ	2443	ἵνα	ἵνα	
John 4:47	καταβῇ	V-2AAS-3S	V-2AAS-3S	2597&5632	καταβαίνω	καταβῇ	
John 4:47	καὶ	CONJ	CONJ	2532	καί	καί	
John 4:47	ἰάσηται	V-ADS-3S	V-ADS-3S	2390&5667	ἰάομαι	ἰάσηται	
John 4:47	αὐτοῦ	P-GSM	P-GSM	846	αὐτός	αὐτοῦ	
John 4:47	τὸν	T-ASM	T-ASM	3588	ὁ	τόν	
John 4:47	υἱόν·	N-ASM	N-ASM	5207	υἱός	υἱόν	
John 4:47	ἤμελλεν	V-IAI-3S-ATT	V-IAI-3S-ATT	3195&5707	μέλλω	ἤμελλεν	
John 4:47	γὰρ	CONJ	CONJ	1063	γάρ	γάρ	
John 4:47	ἀποθνήσκειν.	V-PAN	V-PAN	599&5721	ἀποθνῄσκω	ἀποθνήσκειν	
John 4:48	εἶπεν	V-2AAI-3S	V-2AAI-3S	3004&5627	λέγω	εἶπεν	
John 4:48	οὖν	CONJ	CONJ	3767	οὖν	οὖν	
John 4:48	ὁ	T-NSM	T-NSM	3588	ὁ	ὁ	
John 4:48	Ἰησοῦς	N-NSM	N-NSM	2424	Ἰησοῦς	Ἰησοῦς	
John 4:48	πρὸς	PREP	PREP	4314	πρός	πρός	
John 4:48	αὐτόν	P-ASM	P-ASM	846	αὐτός	αὐτόν	
John 4:48	Ἐὰν	COND	COND	1437	ἐάν	Ἐάν	
John 4:48	μὴ	PRT-N	PRT-N	3361	μή	μή	
John 4:48	σημεῖα	N-APN	N-APN	4592	σημεῖον	σημεῖα	
John 4:48	καὶ	CONJ	CONJ	2532	καί	καί	
John 4:48	τέρατα	N-APN	N-APN	5059	τέρας	τέρατα	
John 4:48	ἴδητε,	V-2AAS-2P	V-2AAS-2P	3708&5632	ὁράω	ἴδητε	
John 4:48	οὐ	PRT-N	PRT-N	3756	οὐ	οὐ	
John 4:48	μὴ	PRT-N	PRT-N	3361	μή	μή	
John 4:48	πιστεύσητε.	V-AAS-2P	V-AAS-2P	4100&5661	πιστεύω	πιστεύσητε	
John 4:49	λέγει	V-PAI-3S	V-PAI-3S	3004&5719	λέγω	λέγει	
John 4:49	πρὸς	PREP	PREP	4314	πρός	πρός	
John 4:49	αὐτὸν	P-ASM	P-ASM	846	αὐτός	αὐτόν	
John 4:49	ὁ	T-NSM	T-NSM	3588	ὁ	ὁ	
John 4:49	βασιλικός	A-NSM	A-NSM	937	βασιλικός	βασιλικός	
John 4:49	Κύριε,	N-VSM	N-VSM	2962	κύριος	Κύριε	
John 4:49	κατάβηθι	V-2AAM-2S	V-2AAM-2S	2597&5628	καταβαίνω	κατάβηθι	
John 4:49	πρὶν	ADV	ADV	4250	πρίν	πρίν	
John 4:49	ἀποθανεῖν	V-2AAN	V-2AAN	599&5629	ἀποθνῄσκω	ἀποθανεῖν	
John 4:49	τὸ	T-ASN	T-ASN	3588	ὁ	τό	
John 4:49	παιδίον	N-ASN	N-ASN	3813	παιδίον	παιδίον	
John 4:49	μου.	P-1GS	P-1GS	1473	ἐγώ	μου	
John 4:50	λέγει	V-PAI-3S	V-PAI-3S	3004&5719	λέγω	λέγει	
John 4:50	αὐτῷ	P-DSM	P-DSM	846	αὐτός	αὐτῷ	
John 4:50	ὁ	T-NSM	T-NSM	3588	ὁ	ὁ	
John 4:50	Ἰησοῦς	N-NSM	N-NSM	2424	Ἰησοῦς	Ἰησοῦς	
John 4:50	Πορεύου·	V-PNM-2S	V-PNM-2S	4198&5737	πορεύομαι	Πορεύου	
John 4:50	ὁ	T-NSM	T-NSM	3588	ὁ	ὁ	
John 4:50	υἱός	N-NSM	N-NSM	5207	υἱός	υἱός	
John 4:50	σου	P-2GS	P-2GS	4771	σύ	σου	
John 4:50	ζῇ.	V-PAI-3S	V-PAI-3S	2198&5719	ζάω	ζῇ	
John 4:50	ἐπίστευσεν	V-AAI-3S	V-AAI-3S	4100&5656	πιστεύω	ἐπίστευσεν	
John 4:50	ὁ	T-NSM	T-NSM	3588	ὁ	ὁ	
John 4:50	ἄνθρωπος	N-NSM	N-NSM	444	ἄνθρωπος	ἄνθρωπος	
John 4:50	τῷ	T-DSM	T-DSM	3588	ὁ	τῷ	
John 4:50	λόγῳ	N-DSM	N-DSM	3056	λόγος	λόγῳ	
John 4:50	ὃν	R-ASM	R-ASM	3739	ὅς	ὅν	
John 4:50	εἶπεν	V-2AAI-3S	V-2AAI-3S	3004&5627	λέγω	εἶπεν	
John 4:50	αὐτῷ	P-DSM	P-DSM	846	αὐτός	αὐτῷ	
John 4:50	ὁ	T-NSM	T-NSM	3588	ὁ	ὁ	
John 4:50	Ἰησοῦς,	N-NSM	N-NSM	2424	Ἰησοῦς	Ἰησοῦς	
John 4:50	καὶ	CONJ	CONJ	2532	καί	καί	
John 4:50	ἐπορεύετο.	V-INI-3S	V-INI-3S	4198&5711	πορεύομαι	ἐπορεύετο	
John 4:51	ἤδη	ADV	ADV	2235	ἤδη	ἤδη	
John 4:51	δὲ	CONJ	CONJ	1161	δέ	δέ	
John 4:51	αὐτοῦ	P-GSM	P-GSM	846	αὐτός	αὐτοῦ	
John 4:51	καταβαίνοντος	V-PAP-GSM	V-PAP-GSM	2597&5723	καταβαίνω	καταβαίνοντος	
John 4:51	οἱ	T-NPM	T-NPM	3588	ὁ	οἱ	
John 4:51	δοῦλοι	N-NPM	N-NPM	1401	δοῦλος (II)	δοῦλοι	
John 4:51	ὑπήντησαν	V-AAI-3P	V-AAI-3P	5221&5656	ὑπαντάω	ὑπήντησαν	
John 4:51	αὐτῷ	P-DSM	P-DSM	846	αὐτός	αὐτῷ	
John 4:51	λέγοντες	V-PAP-NPM	V-PAP-NPM	3004&5723	λέγω	λέγοντες	
John 4:51	ὅτι	CONJ	CONJ	3754	ὅτι	ὅτι	
John 4:51	ὁ	T-NSM	T-NSM	3588	ὁ	ὁ	
John 4:51	παῖς	N-NSM	N-NSM	3816	παῖς	παῖς	
John 4:51	αὐτοῦ	P-GSM	P-GSM	846	αὐτός	αὐτοῦ	
John 4:51	ζῇ.	V-PAI-3S	V-PAI-3S	2198&5719	ζάω	ζῇ	
John 4:52	ἐπύθετο	V-2ADI-3S	V-2ADI-3S	4441&5633	πυνθάνομαι	ἐπύθετο	
John 4:52	οὖν	CONJ	CONJ	3767	οὖν	οὖν	
John 4:52	τὴν	T-ASF	T-ASF	3588	ὁ	τήν	
John 4:52	ὥραν	N-ASF	N-ASF	5610	ὥρα	ὥραν	
John 4:52	παρ’	PREP	PREP	3844	παρά	παρ’	
John 4:52	αὐτῶν	P-GPM	P-GPM	846	αὐτός	αὐτῶν	
John 4:52	ἐν	PREP	PREP	1722	ἐν	ἐν	
John 4:52	ᾗ	R-DSF	R-DSF	3739	ὅς	ᾗ	
John 4:52	κομψότερον	ADV-C	ADV-C	2866	κομψότερον	κομψότερον	
John 4:52	ἔσχεν·	V-2AAI-3S	V-2AAI-3S	2192&5627	ἔχω	ἔσχεν	
John 4:52	εἶπαν	V-2AAI-3P	V-2AAI-3P	3004&5627	λέγω	εἶπαν	
John 4:52	οὖν	CONJ	CONJ	3767	οὖν	οὖν	
John 4:52	αὐτῷ	P-DSM	P-DSM	846	αὐτός	αὐτῷ	
John 4:52	ὅτι	CONJ	CONJ	3754	ὅτι	ὅτι	
John 4:52	Ἐχθὲς	ADV	ADV	5504	ἐχθές	Ἐχθές	
John 4:52	ὥραν	N-ASF	N-ASF	5610	ὥρα	ὥραν	
John 4:52	ἑβδόμην	A-ASF	A-ASF	1442	ἕβδομος	ἑβδόμην	
John 4:52	ἀφῆκεν	V-AAI-3S	V-AAI-3S	863&5656	ἀφίημι	ἀφῆκεν	
John 4:52	αὐτὸν	P-ASM	P-ASM	846	αὐτός	αὐτόν	
John 4:52	ὁ	T-NSM	T-NSM	3588	ὁ	ὁ	
John 4:52	πυρετός.	N-NSM	N-NSM	4446	πυρετός	πυρετός	
John 4:53	ἔγνω	V-2AAI-3S	V-2AAI-3S	1097&5627	γινώσκω	ἔγνω	
John 4:53	οὖν	CONJ	CONJ	3767	οὖν	οὖν	
John 4:53	ὁ	T-NSM	T-NSM	3588	ὁ	ὁ	
John 4:53	πατὴρ	N-NSM	N-NSM	3962	πατήρ	πατήρ	
John 4:53	ὅτι	CONJ	CONJ	3754	ὅτι	ὅτι	
John 4:53	ἐκείνῃ	D-DSF	D-DSF	1565	ἐκεῖνος	ἐκείνῃ	
John 4:53	τῇ	T-DSF	T-DSF	3588	ὁ	τῇ	
John 4:53	ὥρᾳ	N-DSF	N-DSF	5610	ὥρα	ὥρᾳ	
John 4:53	ἐν	PREP	PREP	1722	ἐν	ἐν	
John 4:53	ᾗ	R-DSF	R-DSF	3739	ὅς	ᾗ	
John 4:53	εἶπεν	V-2AAI-3S	V-2AAI-3S	3004&5627	λέγω	εἶπεν	
John 4:53	αὐτῷ	P-DSM	P-DSM	846	αὐτός	αὐτῷ	
John 4:53	ὁ	T-NSM	T-NSM	3588	ὁ	ὁ	
John 4:53	Ἰησοῦς	N-NSM	N-NSM	2424	Ἰησοῦς	Ἰησοῦς	
John 4:53	Ὁ	T-NSM	T-NSM	3588	ὁ	Ὁ	
John 4:53	υἱός	N-NSM	N-NSM	5207	υἱός	υἱός	
John 4:53	σου	P-2GS	P-2GS	4771	σύ	σου	
John 4:53	ζῇ·	V-PAI-3S	V-PAI-3S	2198&5719	ζάω	ζῇ	
John 4:53	καὶ	CONJ	CONJ	2532	καί	καί	
John 4:53	ἐπίστευσεν	V-AAI-3S	V-AAI-3S	4100&5656	πιστεύω	ἐπίστευσεν	
John 4:53	αὐτὸς	P-NSM	P-NSM	846	αὐτός	αὐτός	
John 4:53	καὶ	CONJ	CONJ	2532	καί	καί	
John 4:53	ἡ	T-NSF	T-NSF	3588	ὁ	ἡ	
John 4:53	οἰκία	N-NSF	N-NSF	3614	οἰκία	οἰκία	
John 4:53	αὐτοῦ	P-GSM	P-GSM	846	αὐτός	αὐτοῦ	
John 4:53	ὅλη.	A-NSF	A-NSF	3650	ὅλος	ὅλη	
John 4:54	Τοῦτο	D-ASN	D-ASN	3778	οὗτος	Τοῦτο	
John 4:54	δὲ	CONJ	CONJ	1161	δέ	δέ	
John 4:54	πάλιν	ADV	ADV	3825	πάλιν	πάλιν	
John 4:54	δεύτερον	A-ASN	A-ASN	1208	δεύτερος	δεύτερον	
John 4:54	σημεῖον	N-ASN	N-ASN	4592	σημεῖον	σημεῖον	
John 4:54	ἐποίησεν	V-AAI-3S	V-AAI-3S	4160&5656	ποιέω	ἐποίησεν	
John 4:54	ὁ	T-NSM	T-NSM	3588	ὁ	ὁ	
John 4:54	Ἰησοῦς	N-NSM	N-NSM	2424	Ἰησοῦς	Ἰησοῦς	
John 4:54	ἐλθὼν	V-2AAP-NSM	V-2AAP-NSM	2064&5631	ἔρχομαι	ἐλθών	
John 4:54	ἐκ	PREP	PREP	1537	ἐκ	ἐκ	
John 4:54	τῆς	T-GSF	T-GSF	3588	ὁ	τῆς	
John 4:54	Ἰουδαίας	N-GSF	N-GSF	2449	Ἰουδαία	Ἰουδαίας	
John 4:54	εἰς	PREP	PREP	1519	εἰς	εἰς	
John 4:54	τὴν	T-ASF	T-ASF	3588	ὁ	τήν	
John 4:54	Γαλιλαίαν.	N-ASF	N-ASF	1056	Γαλιλαία	Γαλιλαίαν	
John 5:1	Μετὰ	PREP	PREP	3326	μετά	Μετά	
John 5:1	ταῦτα	D-APN	D-APN	3778	οὗτος	ταῦτα	
John 5:1	ἦν	V-IAI-3S	V-IAI-3S	1510&5707	εἰμί	ἦν	
John 5:1	ἑορτὴ	N-NSF	N-NSF	1859	ἑορτή	ἑορτή	
John 5:1	τῶν	T-GPM	T-GPM	3588	ὁ	τῶν	
John 5:1	Ἰουδαίων,	A-GPM	A-GPM	2453	Ἰουδαῖος	Ἰουδαίων	
John 5:1	καὶ	CONJ	CONJ	2532	καί	καί	
John 5:1	ἀνέβη	V-2AAI-3S	V-2AAI-3S	305&5627	ἀναβαίνω	ἀνέβη	
John 5:1	Ἰησοῦς	N-NSM	N-NSM	2424	Ἰησοῦς	Ἰησοῦς	
John 5:1	εἰς	PREP	PREP	1519	εἰς	εἰς	
John 5:1	Ἱεροσόλυμα.	N-APN	N-APN	2414	Ἱεροσόλυμα	Ἱεροσόλυμα	
John 5:2	Ἔστιν	V-PAI-3S	V-PAI-3S	1510&5719	εἰμί	Ἔστιν	
John 5:2	δὲ	CONJ	CONJ	1161	δέ	δέ	
John 5:2	ἐν	PREP	PREP	1722	ἐν	ἐν	
John 5:2	τοῖς	T-DPN	T-DPN	3588	ὁ	τοῖς	
John 5:2	Ἱεροσολύμοις	N-DPN	N-DPN	2414	Ἱεροσόλυμα	Ἱεροσολύμοις	
John 5:2	ἐπὶ	PREP	PREP	1909	ἐπί	ἐπί	
John 5:2	τῇ	T-DSF	T-DSF	3588	ὁ	τῇ	
John 5:2	προβατικῇ	A-DSF	A-DSF	4262	προβατικός	προβατικῇ	
John 5:2	κολυμβήθρα,	N-NSF	N-NSF	2861	κολυμβήθρα	κολυμβήθρα	
John 5:2	ἡ	T-NSF	T-NSF	3588	ὁ	ἡ	
John 5:2	ἐπιλεγομένη	V-PPP-NSF	V-PEP-NSF	1951&5746	ἐπιλέγω	ἐπιλεγομένη	
John 5:2	Ἑβραϊστὶ	ADV	ADV	1447	Ἑβραϊστί	Ἑβραϊστί	
John 5:2	Βηθζαθά,	N-PRI	N-PRI	0964	Βηθζαθά	Βηθζαθά	
John 5:2	πέντε	A-NUI	A-NUI	4002	πέντε	πέντε	
John 5:2	στοὰς	N-APF	N-APF	4745	στοά	στοάς	
John 5:2	ἔχουσα.	V-PAP-NSF	V-PAP-NSF	2192&5723	ἔχω	ἔχουσα	
John 5:3	ἐν	PREP	PREP	1722	ἐν	ἐν	
John 5:3	ταύταις	D-DPF	D-DPF	3778	οὗτος	ταύταις	
John 5:3	κατέκειτο	V-INI-3S	V-INI-3S	2621&5711	κατάκειμαι	κατέκειτο	
John 5:3	πλῆθος	N-NSN	N-NSN	4128	πλῆθος	πλῆθος	
John 5:3	τῶν	T-GPM	T-GPM	3588	ὁ	τῶν	
John 5:3	ἀσθενούντων,	V-PAP-GPM	V-PAP-GPM	770&5723	ἀσθενέω	ἀσθενούντων	
John 5:3	τυφλῶν,	A-GPM	A-GPM	5185	τυφλός	τυφλῶν	
John 5:3	χωλῶν,	A-GPM	A-GPM	5560	χωλός	χωλῶν	
John 5:3	ξηρῶν(,	A-GPM	A-GPM	3584	ξηρός	ξηρῶν	
John 5:3	ἐκδεχομένων	V-PNP-GPM	V-PNP-GPM	1551	ἐκδέχομαι	ἐκδεχομένων	
John 5:3	τὴν	T-ASF	T-ASF	3588	ὁ	τήν	
John 5:3	τοῦ	T-GSN	T-GSN	3588	ὁ	τοῦ	
John 5:3	ὕδατος	N-GSN	N-GSN	5204	ὕδωρ	ὕδατος	
John 5:3	κίνησιν.	N-ASF	N-ASF	2796	κίνησις	κίνησιν	
John 5:4	ἄγγελος	N-NSM	N-NSM	32	ἄγγελος	ἄγγελος	
John 5:4	γὰρ	CONJ	CONJ	1063	γάρ	γάρ	
John 5:4	κατὰ	PREP	PREP	2596	κατά	κατά	
John 5:4	καιρὸν	N-ASM	N-ASM	2540	καιρός	καιρόν	
John 5:4	κατέβαινεν	V-IAI-3S	V-IAI-3S	2597	καταβαίνω	κατέβαινεν	
John 5:4	ἐν	PREP	PREP	1722	ἐν	ἐν	
John 5:4	τῇ	T-DSF	T-DSF	3588	ὁ	τῇ	
John 5:4	κολυμβήθρᾳ	N-DSF	N-DSF	2861	κολυμβήθρα	κολυμβήθρᾳ	
John 5:4	καὶ	CONJ	CONJ	2532	καί	καί	
John 5:4	ἐτάρασσε	V-IAI-3S	V-IAI-3S	5015	ταράσσω	ἐτάρασσε	
John 5:4	τὸ	T-ASN	T-ASN	3588	ὁ	τό	
John 5:4	ὕδωρ·	N-ASN	N-ASN	5204	ὕδωρ	ὕδωρ	
John 5:4	ὁ	T-NSM	T-NSM	3588	ὁ	ὁ	
John 5:4	οὖν	CONJ	CONJ	3767	οὖν	οὖν	
John 5:4	πρῶτος	A-NSM-S	A-NSM-S	4413	πρῶτος	πρῶτος	
John 5:4	ἐμβὰς	V-2AAP-NSM	V-2AAP-NSM	1684	ἐμβαίνω	ἐμβάς	
John 5:4	μετὰ	PREP	PREP	3326	μετά	μετά	
John 5:4	τὴν	T-ASF	T-ASF	3588	ὁ	τήν	
John 5:4	ταραχὴν	N-ASF	N-ASF	5016	ταραχή	ταραχήν	
John 5:4	τοῦ	T-GSN	T-GSN	3588	ὁ	τοῦ	
John 5:4	ὕδατος	N-GSN	N-GSN	5204	ὕδωρ	ὕδατος	
John 5:4	ὑγιὴς	A-NSM	A-NSM	5199	ὑγιής	ὑγιής	
John 5:4	ἐγίνετο,	V-INI-3S	V-INI-3S	1096	γίνομαι	ἐγίνετο	
John 5:4	ᾧ	R-DSN	R-DSN	3739	ὅς	ᾧ	
John 5:4	δήποτε	PRT	PRT	1221	δήποτε	δήποτε	
John 5:4	κατείχετο	V-IPI-3S	V-IEI-3S	2722	κατέχω	κατείχετο	
John 5:4	νοσήματι).	N-DSN	N-DSN	3553	νόσημα	νοσήματι	
John 5:5	ἦν	V-IAI-3S	V-IAI-3S	1510&5707	εἰμί	ἦν	
John 5:5	δέ	CONJ	CONJ	1161	δέ	δέ	
John 5:5	τις	X-NSM	X-NSM	5100	τὶς	τις	
John 5:5	ἄνθρωπος	N-NSM	N-NSM	444	ἄνθρωπος	ἄνθρωπος	
John 5:5	ἐκεῖ	ADV	ADV	1563	ἐκεῖ	ἐκεῖ	
John 5:5	τριάκοντα	A-NUI	A-NUI	5144	τριάκοντα	τριάκοντα	
John 5:5	καὶ	CONJ	CONJ	2532	καί	καί	
John 5:5	ὀκτὼ	A-NUI	A-NUI	3638	ὀκτώ	ὀκτώ	
John 5:5	ἔτη	N-APN	N-APN	2094	ἔτος	ἔτη	
John 5:5	ἔχων	V-PAP-NSM	V-PAP-NSM	2192&5723	ἔχω	ἔχων	
John 5:5	ἐν	PREP	PREP	1722	ἐν	ἐν	
John 5:5	τῇ	T-DSF	T-DSF	3588	ὁ	τῇ	
John 5:5	ἀσθενείᾳ	N-DSF	N-DSF	769	ἀσθένεια	ἀσθενείᾳ	
John 5:5	αὐτοῦ·	P-GSM	P-GSM	846	αὐτός	αὐτοῦ	
John 5:6	τοῦτον	D-ASM	D-ASM	3778	οὗτος	τοῦτον	
John 5:6	ἰδὼν	V-2AAP-NSM	V-2AAP-NSM	3708&5631	ὁράω	ἰδών	
John 5:6	ὁ	T-NSM	T-NSM	3588	ὁ	ὁ	
John 5:6	Ἰησοῦς	N-NSM	N-NSM	2424	Ἰησοῦς	Ἰησοῦς	
John 5:6	κατακείμενον,	V-PNP-ASM	V-PNP-ASM	2621&5740	κατάκειμαι	κατακείμενον	
John 5:6	καὶ	CONJ	CONJ	2532	καί	καί	
John 5:6	γνοὺς	V-2AAP-NSM	V-2AAP-NSM	1097&5631	γινώσκω	γνούς	
John 5:6	ὅτι	CONJ	CONJ	3754	ὅτι	ὅτι	
John 5:6	πολὺν	A-ASM	A-ASM	4183	πολύς	πολύν	
John 5:6	ἤδη	ADV	ADV	2235	ἤδη	ἤδη	
John 5:6	χρόνον	N-ASM	N-ASM	5550	χρόνος	χρόνον	
John 5:6	ἔχει,	V-PAI-3S	V-PAI-3S	2192&5719	ἔχω	ἔχει	
John 5:6	λέγει	V-PAI-3S	V-PAI-3S	3004&5719	λέγω	λέγει	
John 5:6	αὐτῷ	P-DSM	P-DSM	846	αὐτός	αὐτῷ	
John 5:6	Θέλεις	V-PAI-2S	V-PAI-2S	2309&5719	θέλω	Θέλεις	
John 5:6	ὑγιὴς	A-NSM	A-NSM	5199	ὑγιής	ὑγιής	
John 5:6	γενέσθαι;	V-2ADN	V-2ADN	1096&5635	γίνομαι	γενέσθαι	
John 5:7	ἀπεκρίθη	V-ADI-3S	V-ADI-3S	611&5662	ἀποκρίνομαι	ἀπεκρίθη	
John 5:7	αὐτῷ	P-DSM	P-DSM	846	αὐτός	αὐτῷ	
John 5:7	ὁ	T-NSM	T-NSM	3588	ὁ	ὁ	
John 5:7	ἀσθενῶν	V-PAP-NSM	V-PAP-NSM	770&5723	ἀσθενέω	ἀσθενῶν	
John 5:7	Κύριε,	N-VSM	N-VSM	2962	κύριος	Κύριε	
John 5:7	ἄνθρωπον	N-ASM	N-ASM	444	ἄνθρωπος	ἄνθρωπον	
John 5:7	οὐκ	PRT-N	PRT-N	3756	οὐ	οὐκ	
John 5:7	ἔχω,	V-PAI-1S	V-PAI-1S	2192&5719	ἔχω	ἔχω	
John 5:7	ἵνα	CONJ	CONJ	2443	ἵνα	ἵνα	
John 5:7	ὅταν	CONJ	CONJ	3752	ὅταν	ὅταν	
John 5:7	ταραχθῇ	V-APS-3S	V-APS-3S	5015&5686	ταράσσω	ταραχθῇ	
John 5:7	τὸ	T-NSN	T-NSN	3588	ὁ	τό	
John 5:7	ὕδωρ	N-NSN	N-NSN	5204	ὕδωρ	ὕδωρ	
John 5:7	βάλῃ	V-2AAS-3S	V-2AAS-3S	906&5632	βάλλω	βάλῃ	
John 5:7	με	P-1AS	P-1AS	1473	ἐγώ	με	
John 5:7	εἰς	PREP	PREP	1519	εἰς	εἰς	
John 5:7	τὴν	T-ASF	T-ASF	3588	ὁ	τήν	
John 5:7	κολυμβήθραν·	N-ASF	N-ASF	2861	κολυμβήθρα	κολυμβήθραν	
John 5:7	ἐν	PREP	PREP	1722	ἐν	ἐν	
John 5:7	ᾧ	R-DSM	R-DSM	3739	ὅς	ᾧ	
John 5:7	δὲ	CONJ	CONJ	1161	δέ	δέ	
John 5:7	ἔρχομαι	V-PNI-1S	V-PNI-1S	2064&5736	ἔρχομαι	ἔρχομαι	
John 5:7	ἐγὼ,	P-1NS	P-1NS	1473	ἐγώ	ἐγώ	
John 5:7	ἄλλος	A-NSM	A-NSM	243	ἄλλος	ἄλλος	
John 5:7	πρὸ	PREP	PREP	4253	πρό	πρό	
John 5:7	ἐμοῦ	P-1GS	P-1GS	1473	ἐγώ	ἐμοῦ	
John 5:7	καταβαίνει.	V-PAI-3S	V-PAI-3S	2597&5719	καταβαίνω	καταβαίνει	
John 5:8	λέγει	V-PAI-3S	V-PAI-3S	3004&5719	λέγω	λέγει	
John 5:8	αὐτῷ	P-DSM	P-DSM	846	αὐτός	αὐτῷ	
John 5:8	ὁ	T-NSM	T-NSM	3588	ὁ	ὁ	
John 5:8	Ἰησοῦς	N-NSM	N-NSM	2424	Ἰησοῦς	Ἰησοῦς	
John 5:8	Ἔγειρε	V-PAM-2S	V-PAM-2S	1453&5720	ἐγείρω	Ἔγειρε	
John 5:8	ἆρον	V-AAM-2S	V-AAM-2S	142&5657	αἴρω	ἆρον	
John 5:8	τὸν	T-ASM	T-ASM	3588	ὁ	τόν	
John 5:8	κράβαττόν	N-ASM	N-ASM	2895	κράβαττος	κράβαττον	
John 5:8	σου	P-2GS	P-2GS	4771	σύ	σου	
John 5:8	καὶ	CONJ	CONJ	2532	καί	καί	
John 5:8	περιπάτει.	V-PAM-2S	V-PAM-2S	4043&5720	περιπατέω	περιπάτει	
John 5:9	καὶ	CONJ	CONJ	2532	καί	καί	
John 5:9	εὐθέως	ADV	ADV	2112	εὐθέως	εὐθέως	
John 5:9	ἐγένετο	V-2ADI-3S	V-2ADI-3S	1096&5633	γίνομαι	ἐγένετο	
John 5:9	ὑγιὴς	A-NSM	A-NSM	5199	ὑγιής	ὑγιής	
John 5:9	ὁ	T-NSM	T-NSM	3588	ὁ	ὁ	
John 5:9	ἄνθρωπος,	N-NSM	N-NSM	444	ἄνθρωπος	ἄνθρωπος	
John 5:9	καὶ	CONJ	CONJ	2532	καί	καί	
John 5:9	ἦρεν	V-AAI-3S	V-AAI-3S	142	αἴρω	ἦρεν	
John 5:9	τὸν	T-ASM	T-ASM	3588	ὁ	τόν	
John 5:9	κράβαττον	N-ASM	N-ASM	2895	κράβαττος	κράβαττον	
John 5:9	αὐτοῦ	P-GSM	P-GSM	846	αὐτός	αὐτοῦ	
John 5:9	καὶ	CONJ	CONJ	2532	καί	καί	
John 5:9	περιεπάτει.	V-IAI-3S	V-IAI-3S	4043&5707	περιπατέω	περιεπάτει	
John 5:9	Ἦν	V-IAI-3S	V-IAI-3S	1510&5707	εἰμί	Ἦν	
John 5:9	δὲ	CONJ	CONJ	1161	δέ	δέ	
John 5:9	σάββατον	N-NSN	N-NSN	4521	σάββατον	σάββατον	
John 5:9	ἐν	PREP	PREP	1722	ἐν	ἐν	
John 5:9	ἐκείνῃ	D-DSF	D-DSF	1565	ἐκεῖνος	ἐκείνῃ	
John 5:9	τῇ	T-DSF	T-DSF	3588	ὁ	τῇ	
John 5:9	ἡμέρᾳ.	N-DSF	N-DSF	2250	ἡμέρα	ἡμέρᾳ	
John 5:10	ἔλεγον	V-IAI-3P	V-IAI-3P	3004&5707	λέγω	ἔλεγον	
John 5:10	οὖν	CONJ	CONJ	3767	οὖν	οὖν	
John 5:10	οἱ	T-NPM	T-NPM	3588	ὁ	οἱ	
John 5:10	Ἰουδαῖοι	A-NPM	A-NPM	2453	Ἰουδαῖος	Ἰουδαῖοι	
John 5:10	τῷ	T-DSM	T-DSM	3588	ὁ	τῷ	
John 5:10	τεθεραπευμένῳ	V-RPP-DSM	V-RPP-DSM	2323&5772	θεραπεύω	τεθεραπευμένῳ	
John 5:10	Σάββατόν	N-NSN	N-NSN	4521	σάββατον	Σάββατον	
John 5:10	ἐστιν,	V-PAI-3S	V-PAI-3S	1510&5719	εἰμί	ἐστιν	
John 5:10	καὶ	CONJ	CONJ	2532	καί	καί	
John 5:10	οὐκ	PRT-N	PRT-N	3756	οὐ	οὐκ	
John 5:10	ἔξεστίν	V-PAI-3S	V-PAI-3S	1832&5719	ἔξεστι(ν)	ἔξεστιν	
John 5:10	σοι	P-2DS	P-2DS	4771	σύ	σοι	
John 5:10	ἆραι	V-AAN	V-AAN	142&5658	αἴρω	ἆραι	
John 5:10	τὸν	T-ASM	T-ASM	3588	ὁ	τόν	
John 5:10	κράβαττον.	N-ASM	N-ASM	2895	κράβαττος	κράβαττον	
John 5:11	ὃς	R-NSM	R-NSM	3739	ὅς	ὅς	
John 5:11	δὲ	CONJ	CONJ	1161	δέ	δέ	
John 5:11	ἀπεκρίθη	V-ADI-3S	V-ADI-3S	611&5662	ἀποκρίνομαι	ἀπεκρίθη	
John 5:11	αὐτοῖς	P-DPM	P-DPM	846	αὐτός	αὐτοῖς	
John 5:11	Ὁ	T-NSM	T-NSM	3588	ὁ	Ὁ	
John 5:11	ποιήσας	V-AAP-NSM	V-AAP-NSM	4160&5660	ποιέω	ποιήσας	
John 5:11	με	P-1AS	P-1AS	1473	ἐγώ	με	
John 5:11	ὑγιῆ,	A-ASM	A-ASM	5199	ὑγιής	ὑγιῆ	
John 5:11	ἐκεῖνός	D-NSM	D-NSM	1565	ἐκεῖνος	ἐκεῖνος	
John 5:11	μοι	P-1DS	P-1DS	1473	ἐγώ	μοι	
John 5:11	εἶπεν	V-2AAI-3S	V-2AAI-3S	3004&5627	λέγω	εἶπεν	
John 5:11	Ἆρον	V-AAM-2S	V-AAM-2S	142&5657	αἴρω	Ἆρον	
John 5:11	τὸν	T-ASM	T-ASM	3588	ὁ	τόν	
John 5:11	κράβαττόν	N-ASM	N-ASM	2895	κράβαττος	κράβαττον	
John 5:11	σου	P-2GS	P-2GS	4771	σύ	σου	
John 5:11	καὶ	CONJ	CONJ	2532	καί	καί	
John 5:11	περιπάτει.	V-PAM-2S	V-PAM-2S	4043&5720	περιπατέω	περιπάτει	
John 5:12	ἠρώτησαν	V-AAI-3P	V-AAI-3P	2065&5656	ἐρωτάω	ἠρώτησαν	
John 5:12	αὐτόν	P-ASM	P-ASM	846	αὐτός	αὐτόν	
John 5:12	Τίς	I-NSM	I-NSM	5101	τίς	Τίς	
John 5:12	ἐστιν	V-PAI-3S	V-PAI-3S	1510&5719	εἰμί	ἐστιν	
John 5:12	ὁ	T-NSM	T-NSM	3588	ὁ	ὁ	
John 5:12	ἄνθρωπος	N-NSM	N-NSM	444	ἄνθρωπος	ἄνθρωπος	
John 5:12	ὁ	T-NSM	T-NSM	3588	ὁ	ὁ	
John 5:12	εἰπών	V-2AAP-NSM	V-2AAP-NSM	3004&5631	λέγω	εἰπών	
John 5:12	σοι	P-2DS	P-2DS	4771	σύ	σοι	
John 5:12	Ἆρον	V-AAM-2S	V-AAM-2S	142&5657	αἴρω	Ἆρον	
John 5:12	καὶ	CONJ	CONJ	2532	καί	καί	
John 5:12	περιπάτει;	V-PAM-2S	V-PAM-2S	4043&5720	περιπατέω	περιπάτει	
John 5:13	ὁ	T-NSM	T-NSM	3588	ὁ	ὁ	
John 5:13	δὲ	CONJ	CONJ	1161	δέ	δέ	
John 5:13	ἰαθεὶς	V-APP-NSM	V-APP-NSM	2390&5685	ἰάομαι	ἰαθείς	
John 5:13	οὐκ	PRT-N	PRT-N	3756	οὐ	οὐκ	
John 5:13	ᾔδει	V-2LAI-3S	V-2LAI-3S	1492&5714	οἶδα	ᾔδει	
John 5:13	τίς	I-NSM	I-NSM	5101	τίς	τίς	
John 5:13	ἐστιν·	V-PAI-3S	V-PAI-3S	1510&5719	εἰμί	ἐστιν	
John 5:13	ὁ	T-NSM	T-NSM	3588	ὁ	ὁ	
John 5:13	γὰρ	CONJ	CONJ	1063	γάρ	γάρ	
John 5:13	Ἰησοῦς	N-NSM	N-NSM	2424	Ἰησοῦς	Ἰησοῦς	
John 5:13	ἐξένευσεν	V-AAI-3S	V-AAI-3S	1593&5656	ἐκνεύω	ἐξένευσεν	
John 5:13	ὄχλου	N-GSM	N-GSM	3793	ὄχλος	ὄχλου	
John 5:13	ὄντος	V-PAP-GSM	V-PAP-GSM	1510&5723	εἰμί	ὄντος	
John 5:13	ἐν	PREP	PREP	1722	ἐν	ἐν	
John 5:13	τῷ	T-DSM	T-DSM	3588	ὁ	τῷ	
John 5:13	τόπῳ.	N-DSM	N-DSM	5117	τόπος	τόπῳ	
John 5:14	Μετὰ	PREP	PREP	3326	μετά	Μετά	
John 5:14	ταῦτα	D-APN	D-APN	3778	οὗτος	ταῦτα	
John 5:14	εὑρίσκει	V-PAI-3S	V-PAI-3S	2147&5719	εὑρίσκω	εὑρίσκει	
John 5:14	αὐτὸν	P-ASM	P-ASM	846	αὐτός	αὐτόν	
John 5:14	ὁ	T-NSM	T-NSM	3588	ὁ	ὁ	
John 5:14	Ἰησοῦς	N-NSM	N-NSM	2424	Ἰησοῦς	Ἰησοῦς	
John 5:14	ἐν	PREP	PREP	1722	ἐν	ἐν	
John 5:14	τῷ	T-DSN	T-DSN	3588	ὁ	τῷ	
John 5:14	ἱερῷ	N-DSN	N-DSN	2411	ἱερός	ἱερῷ	
John 5:14	καὶ	CONJ	CONJ	2532	καί	καί	
John 5:14	εἶπεν	V-2AAI-3S	V-2AAI-3S	3004&5627	λέγω	εἶπεν	
John 5:14	αὐτῷ	P-DSM	P-DSM	846	αὐτός	αὐτῷ	
John 5:14	Ἴδε	V-2AAM-2S	V-2AAM-2S	3708&5628	ὁράω	Ἴδε	
John 5:14	ὑγιὴς	A-NSM	A-NSM	5199	ὑγιής	ὑγιής	
John 5:14	γέγονας·	V-2RAI-2S	V-2RAI-2S	1096&5754	γίνομαι	γέγονας	
John 5:14	μηκέτι	ADV-N	ADV-N	3371	μηκέτι	μηκέτι	
John 5:14	ἁμάρτανε,	V-PAM-2S	V-PAM-2S	264&5720	ἁμαρτάνω	ἁμάρτανε	
John 5:14	ἵνα	CONJ	CONJ	2443	ἵνα	ἵνα	
John 5:14	μὴ	PRT-N	PRT-N	3361	μή	μή	
John 5:14	χεῖρόν	A-NSN	A-NSN	5501	χείρων	χεῖρον	
John 5:14	σοί	P-2DS	P-2DS	4771	σύ	σοί	
John 5:14	τι	X-NSN	X-NSN	5100	τὶς	τι	
John 5:14	γένηται.	V-2ADS-3S	V-2ADS-3S	1096&5638	γίνομαι	γένηται	
John 5:15	ἀπῆλθεν	V-2AAI-3S	V-2AAI-3S	565&5627	ἀπέρχομαι	ἀπῆλθεν	
John 5:15	ὁ	T-NSM	T-NSM	3588	ὁ	ὁ	
John 5:15	ἄνθρωπος	N-NSM	N-NSM	444	ἄνθρωπος	ἄνθρωπος	
John 5:15	καὶ	CONJ	CONJ	2532	καί	καί	
John 5:15	εἶπεν	V-2AAI-3S	V-2AAI-3S	3004&5627	λέγω	εἶπεν	
John 5:15	τοῖς	T-DPM	T-DPM	3588	ὁ	τοῖς	
John 5:15	Ἰουδαίοις	A-DPM	A-DPM	2453	Ἰουδαῖος	Ἰουδαίοις	
John 5:15	ὅτι	CONJ	CONJ	3754	ὅτι	ὅτι	
John 5:15	Ἰησοῦς	N-NSM	N-NSM	2424	Ἰησοῦς	Ἰησοῦς	
John 5:15	ἐστιν	V-PAI-3S	V-PAI-3S	1510	εἰμί	ἐστιν	
John 5:15	ὁ	T-NSM	T-NSM	3588	ὁ	ὁ	
John 5:15	ποιήσας	V-AAP-NSM	V-AAP-NSM	4160&5660	ποιέω	ποιήσας	
John 5:15	αὐτὸν	P-ASM	P-ASM	846	αὐτός	αὐτόν	
John 5:15	ὑγιῆ.	A-ASM	A-ASM	5199	ὑγιής	ὑγιῆ	
John 5:16	καὶ	CONJ	CONJ	2532	καί	καί	
John 5:16	διὰ	PREP	PREP	1223	διά	διά	
John 5:16	τοῦτο	D-ASN	D-ASN	3778	οὗτος	τοῦτο	
John 5:16	ἐδίωκον	V-IAI-3P	V-IAI-3P	1377&5707	διώκω	ἐδίωκον	
John 5:16	οἱ	T-NPM	T-NPM	3588	ὁ	οἱ	
John 5:16	Ἰουδαῖοι	A-NPM	A-NPM	2453	Ἰουδαῖος	Ἰουδαῖοι	
John 5:16	τὸν	T-ASM	T-ASM	3588	ὁ	τόν	
John 5:16	Ἰησοῦν,	N-ASM	N-ASM	2424	Ἰησοῦς	Ἰησοῦν	
John 5:16	ὅτι	CONJ	CONJ	3754	ὅτι	ὅτι	
John 5:16	ταῦτα	D-APN	D-APN	3778	οὗτος	ταῦτα	
John 5:16	ἐποίει	V-IAI-3S	V-IAI-3S	4160&5707	ποιέω	ἐποίει	
John 5:16	ἐν	PREP	PREP	1722	ἐν	ἐν	
John 5:16	σαββάτῳ.	N-DSN	N-DSN	4521	σάββατον	σαββάτῳ	
John 5:17	ὁ	T-NSM	T-NSM	3588	ὁ	ὁ	
John 5:17	δὲ	CONJ	CONJ	1161	δέ	δέ	
John 5:17	ἀπεκρίνατο	V-ADI-3S	V-ADI-3S	611&5662	ἀποκρίνομαι	ἀπεκρίνατο	
John 5:17	αὐτοῖς	P-DPM	P-DPM	846	αὐτός	αὐτοῖς	
John 5:17	Ὁ	T-NSM	T-NSM	3588	ὁ	Ὁ	
John 5:17	Πατήρ	N-NSM	N-NSM	3962	πατήρ	Πατήρ	
John 5:17	μου	P-1GS	P-1GS	1473	ἐγώ	μου	
John 5:17	ἕως	ADV	ADV	2193	ἕως	ἕως	
John 5:17	ἄρτι	ADV	ADV	737	ἄρτι	ἄρτι	
John 5:17	ἐργάζεται,	V-PNI-3S	V-PNI-3S	2038&5736	ἐργάζομαι	ἐργάζεται	
John 5:17	κἀγὼ	P-1NS-K	P-1NS-K	2504	κἀγώ	κἀγώ	
John 5:17	ἐργάζομαι·	V-PNI-1S	V-PNI-1S	2038&5736	ἐργάζομαι	ἐργάζομαι	
John 5:18	διὰ	PREP	PREP	1223	διά	διά	
John 5:18	τοῦτο	D-ASN	D-ASN	3778	οὗτος	τοῦτο	
John 5:18	οὖν	CONJ	CONJ	3767	οὖν	οὖν	
John 5:18	μᾶλλον	ADV	ADV	3123	μᾶλλον	μᾶλλον	
John 5:18	ἐζήτουν	V-IAI-3P	V-IAI-3P	2212&5707	ζητέω	ἐζήτουν	
John 5:18	αὐτὸν	P-ASM	P-ASM	846	αὐτός	αὐτόν	
John 5:18	οἱ	T-NPM	T-NPM	3588	ὁ	οἱ	
John 5:18	Ἰουδαῖοι	A-NPM	A-NPM	2453	Ἰουδαῖος	Ἰουδαῖοι	
John 5:18	ἀποκτεῖναι,	V-AAN	V-AAN	615&5658	ἀποκτείνω	ἀποκτεῖναι	
John 5:18	ὅτι	CONJ	CONJ	3754	ὅτι	ὅτι	
John 5:18	οὐ	PRT-N	PRT-N	3756	οὐ	οὐ	
John 5:18	μόνον	ADV	ADV	3440	μόνος	μόνον	
John 5:18	ἔλυεν	V-IAI-3S	V-IAI-3S	3089&5707	λύω	ἔλυεν	
John 5:18	τὸ	T-ASN	T-ASN	3588	ὁ	τό	
John 5:18	σάββατον,	N-ASN	N-ASN	4521	σάββατον	σάββατον	
John 5:18	ἀλλὰ	CONJ	CONJ	235	ἀλλά	ἀλλά	
John 5:18	καὶ	CONJ	CONJ	2532	καί	καί	
John 5:18	Πατέρα	N-ASM	N-ASM	3962	πατήρ	Πατέρα	
John 5:18	ἴδιον	A-ASM	A-ASM	2398	ἴδιος	ἴδιον	
John 5:18	ἔλεγεν	V-IAI-3S	V-IAI-3S	3004	λέγω	ἔλεγεν	
John 5:18	τὸν	T-ASM	T-ASM	3588	ὁ	τόν	
John 5:18	Θεόν,	N-ASM	N-ASM	2316	θεός	Θεόν	
John 5:18	ἴσον	A-ASM	A-ASM	2470	ἴσος	ἴσον	
John 5:18	ἑαυτὸν	F-3ASM	F-3ASM	1438	ἑαυτοῦ	ἑαυτόν	
John 5:18	ποιῶν	V-PAP-NSM	V-PAP-NSM	4160&5723	ποιέω	ποιῶν	
John 5:18	τῷ	T-DSM	T-DSM	3588	ὁ	τῷ	
John 5:18	Θεῷ.	N-DSM	N-DSM	2316	θεός	Θεῷ	
John 5:19	Ἀπεκρίνατο	V-ADI-3S	V-ADI-3S	611&5662	ἀποκρίνομαι	Ἀπεκρίνατο	
John 5:19	οὖν	CONJ	CONJ	3767	οὖν	οὖν	
John 5:19	ὁ	T-NSM	T-NSM	3588	ὁ	ὁ	
John 5:19	Ἰησοῦς	N-NSM	N-NSM	2424	Ἰησοῦς	Ἰησοῦς	
John 5:19	καὶ	CONJ	CONJ	2532	καί	καί	
John 5:19	ἔλεγεν	V-IAI-3S	V-IAI-3S	3004&5707	λέγω	ἔλεγεν	
John 5:19	αὐτοῖς	P-DPM	P-DPM	846	αὐτός	αὐτοῖς	
John 5:19	Ἀμὴν	HEB	HEB	281	ἀμήν	Ἀμήν	
John 5:19	ἀμὴν	HEB	HEB	281	ἀμήν	ἀμήν	
John 5:19	λέγω	V-PAI-1S	V-PAI-1S	3004&5719	λέγω	λέγω	
John 5:19	ὑμῖν,	P-2DP	P-2DP	4771	σύ	ὑμῖν	
John 5:19	οὐ	PRT-N	PRT-N	3756	οὐ	οὐ	
John 5:19	δύναται	V-PNI-3S	V-PNI-3S	1410&5736	δύναμαι	δύναται	
John 5:19	ὁ	T-NSM	T-NSM	3588	ὁ	ὁ	
John 5:19	Υἱὸς	N-NSM	N-NSM	5207	υἱός	Υἱός	
John 5:19	ποιεῖν	V-PAN	V-PAN	4160&5721	ποιέω	ποιεῖν	
John 5:19	ἀφ’	PREP	PREP	575	ἀπό	ἀφ’	
John 5:19	ἑαυτοῦ	F-3GSM	F-3GSM	1438	ἑαυτοῦ	ἑαυτοῦ	
John 5:19	οὐδὲν,	A-ASN-N	A-ASN-N	3762	οὐδείς	οὐδέν	
John 5:19	ἂν	PRT	PRT	302	ἄν	ἄν	
John 5:19	μή	PRT-N	PRT-N	3361	μή	μή	
John 5:19	τι	X-ASN	X-ASN	5100	τὶς	τι	
John 5:19	βλέπῃ	V-PAS-3S	V-PAS-3S	991&5725	βλέπω	βλέπῃ	
John 5:19	τὸν	T-ASM	T-ASM	3588	ὁ	τόν	
John 5:19	Πατέρα	N-ASM	N-ASM	3962	πατήρ	Πατέρα	
John 5:19	ποιοῦντα·	V-PAP-ASM	V-PAP-ASM	4160&5723	ποιέω	ποιοῦντα	
John 5:19	ἃ	R-APN	R-APN	3739	ὅς	ἅ	
John 5:19	γὰρ	CONJ	CONJ	1063	γάρ	γάρ	
John 5:19	ἂν	PRT	PRT	302	ἄν	ἄν	
John 5:19	ἐκεῖνος	D-NSM	D-NSM	1565	ἐκεῖνος	ἐκεῖνος	
John 5:19	ποιῇ,	V-PAS-3S	V-PAS-3S	4160&5725	ποιέω	ποιῇ	
John 5:19	ταῦτα	D-APN	D-APN	3778	οὗτος	ταῦτα	
John 5:19	καὶ	CONJ	CONJ	2532	καί	καί	
John 5:19	ὁ	T-NSM	T-NSM	3588	ὁ	ὁ	
John 5:19	Υἱὸς	N-NSM	N-NSM	5207	υἱός	Υἱός	
John 5:19	ὁμοίως	ADV	ADV	3668	ὁμοίως	ὁμοίως	
John 5:19	ποιεῖ.	V-PAI-3S	V-PAI-3S	4160&5719	ποιέω	ποιεῖ	
John 5:20	ὁ	T-NSM	T-NSM	3588	ὁ	ὁ	
John 5:20	γὰρ	CONJ	CONJ	1063	γάρ	γάρ	
John 5:20	Πατὴρ	N-NSM	N-NSM	3962	πατήρ	Πατήρ	
John 5:20	φιλεῖ	V-PAI-3S	V-PAI-3S	5368&5719	φιλέω	φιλεῖ	
John 5:20	τὸν	T-ASM	T-ASM	3588	ὁ	τόν	
John 5:20	Υἱὸν	N-ASM	N-ASM	5207	υἱός	Υἱόν	
John 5:20	καὶ	CONJ	CONJ	2532	καί	καί	
John 5:20	πάντα	A-APN	A-APN	3956	πᾶς	πάντα	
John 5:20	δείκνυσιν	V-PAI-3S	V-PAI-3S	1166&5719	δείκνυμι	δείκνυσιν	
John 5:20	αὐτῷ	P-DSM	P-DSM	846	αὐτός	αὐτῷ	
John 5:20	ἃ	R-APN	R-APN	3739	ὅς	ἅ	
John 5:20	αὐτὸς	P-NSM	P-NSM	846	αὐτός	αὐτός	
John 5:20	ποιεῖ,	V-PAI-3S	V-PAI-3S	4160&5719	ποιέω	ποιεῖ	
John 5:20	καὶ	CONJ	CONJ	2532	καί	καί	
John 5:20	μείζονα	A-APN-C	A-APN-C	3173	μέγας	μείζονα	
John 5:20	τούτων	D-GPN	D-GPN	3778	οὗτος	τούτων	
John 5:20	δείξει	V-FAI-3S	V-FAI-3S	1166&5692	δείκνυμι	δείξει	
John 5:20	αὐτῷ	P-DSM	P-DSM	846	αὐτός	αὐτῷ	
John 5:20	ἔργα,	N-APN	N-APN	2041	ἔργον	ἔργα	
John 5:20	ἵνα	CONJ	CONJ	2443	ἵνα	ἵνα	
John 5:20	ὑμεῖς	P-2NP	P-2NP	4771	σύ	ὑμεῖς	
John 5:20	θαυμάζητε.	V-PAS-2P	V-PAS-2P	2296&5725	θαυμάζω	θαυμάζητε	
John 5:21	ὥσπερ	ADV	ADV	5618	ὥσπερ	ὥσπερ	
John 5:21	γὰρ	CONJ	CONJ	1063	γάρ	γάρ	
John 5:21	ὁ	T-NSM	T-NSM	3588	ὁ	ὁ	
John 5:21	Πατὴρ	N-NSM	N-NSM	3962	πατήρ	Πατήρ	
John 5:21	ἐγείρει	V-PAI-3S	V-PAI-3S	1453&5719	ἐγείρω	ἐγείρει	
John 5:21	τοὺς	T-APM	T-APM	3588	ὁ	τούς	
John 5:21	νεκροὺς	A-APM	A-APM	3498	νεκρός	νεκρούς	
John 5:21	καὶ	CONJ	CONJ	2532	καί	καί	
John 5:21	ζωοποιεῖ,	V-PAI-3S	V-PAI-3S	2227&5719	ζῳοποιέω	ζωοποιεῖ	
John 5:21	οὕτως	ADV	ADV	3779	οὕτω	οὕτως	
John 5:21	καὶ	CONJ	CONJ	2532	καί	καί	
John 5:21	ὁ	T-NSM	T-NSM	3588	ὁ	ὁ	
John 5:21	Υἱὸς	N-NSM	N-NSM	5207	υἱός	Υἱός	
John 5:21	οὓς	R-APM	R-APM	3739	ὅς	οὕς	
John 5:21	θέλει	V-PAI-3S	V-PAI-3S	2309&5719	θέλω	θέλει	
John 5:21	ζωοποιεῖ.	V-PAI-3S	V-PAI-3S	2227&5719	ζῳοποιέω	ζωοποιεῖ	
John 5:22	οὐδὲ	CONJ-N	CONJ-N	3761	οὐδέ	οὐδέ	
John 5:22	γὰρ	CONJ	CONJ	1063	γάρ	γάρ	
John 5:22	ὁ	T-NSM	T-NSM	3588	ὁ	ὁ	
John 5:22	Πατὴρ	N-NSM	N-NSM	3962	πατήρ	Πατήρ	
John 5:22	κρίνει	V-PAI-3S	V-PAI-3S	2919&5719	κρίνω	κρίνει	
John 5:22	οὐδένα,	A-ASM-N	A-ASM-N	3762	οὐδείς	οὐδένα	
John 5:22	ἀλλὰ	CONJ	CONJ	235	ἀλλά	ἀλλά	
John 5:22	τὴν	T-ASF	T-ASF	3588	ὁ	τήν	
John 5:22	κρίσιν	N-ASF	N-ASF	2920	κρίσις	κρίσιν	
John 5:22	πᾶσαν	A-ASF	A-ASF	3956	πᾶς	πᾶσαν	
John 5:22	δέδωκεν	V-RAI-3S	V-RAI-3S	1325&5758	δίδωμι	δέδωκεν	
John 5:22	τῷ	T-DSM	T-DSM	3588	ὁ	τῷ	
John 5:22	Υἱῷ,	N-DSM	N-DSM	5207	υἱός	Υἱῷ	
John 5:23	ἵνα	CONJ	CONJ	2443	ἵνα	ἵνα	
John 5:23	πάντες	A-NPM	A-NPM	3956	πᾶς	πάντες	
John 5:23	τιμῶσι	V-PAS-3P	V-PAS-3P	5091&5725	τιμάω	τιμῶσι	
John 5:23	τὸν	T-ASM	T-ASM	3588	ὁ	τόν	
John 5:23	Υἱὸν	N-ASM	N-ASM	5207	υἱός	Υἱόν	
John 5:23	καθὼς	ADV	ADV	2531	καθώς	καθώς	
John 5:23	τιμῶσι	V-PAI-3P	V-PAI-3P	5091&5719	τιμάω	τιμῶσι	
John 5:23	τὸν	T-ASM	T-ASM	3588	ὁ	τόν	
John 5:23	Πατέρα.	N-ASM	N-ASM	3962	πατήρ	Πατέρα	
John 5:23	ὁ	T-NSM	T-NSM	3588	ὁ	ὁ	
John 5:23	μὴ	PRT-N	PRT-N	3361	μή	μή	
John 5:23	τιμῶν	V-PAP-NSM	V-PAP-NSM	5091&5723	τιμάω	τιμῶν	
John 5:23	τὸν	T-ASM	T-ASM	3588	ὁ	τόν	
John 5:23	Υἱὸν	N-ASM	N-ASM	5207	υἱός	Υἱόν	
John 5:23	οὐ	PRT-N	PRT-N	3756	οὐ	οὐ	
John 5:23	τιμᾷ	V-PAI-3S	V-PAI-3S	5091&5719	τιμάω	τιμᾷ	
John 5:23	τὸν	T-ASM	T-ASM	3588	ὁ	τόν	
John 5:23	Πατέρα	N-ASM	N-ASM	3962	πατήρ	Πατέρα	
John 5:23	τὸν	T-ASM	T-ASM	3588	ὁ	τόν	
John 5:23	πέμψαντα	V-AAP-ASM	V-AAP-ASM	3992&5660	πέμπω	πέμψαντα	
John 5:23	αὐτόν.	P-ASM	P-ASM	846	αὐτός	αὐτόν	
John 5:24	ἀμὴν	HEB	HEB	281	ἀμήν	ἀμήν	
John 5:24	ἀμὴν	HEB	HEB	281	ἀμήν	ἀμήν	
John 5:24	λέγω	V-PAI-1S	V-PAI-1S	3004&5719	λέγω	λέγω	
John 5:24	ὑμῖν	P-2DP	P-2DP	4771	σύ	ὑμῖν	
John 5:24	ὅτι	CONJ	CONJ	3754	ὅτι	ὅτι	
John 5:24	ὁ	T-NSM	T-NSM	3588	ὁ	ὁ	
John 5:24	τὸν	T-ASM	T-ASM	3588	ὁ	τόν	
John 5:24	λόγον	N-ASM	N-ASM	3056	λόγος	λόγον	
John 5:24	μου	P-1GS	P-1GS	1473	ἐγώ	μου	
John 5:24	ἀκούων	V-PAP-NSM	V-PAP-NSM	191&5723	ἀκούω	ἀκούων	
John 5:24	καὶ	CONJ	CONJ	2532	καί	καί	
John 5:24	πιστεύων	V-PAP-NSM	V-PAP-NSM	4100&5723	πιστεύω	πιστεύων	
John 5:24	τῷ	T-DSM	T-DSM	3588	ὁ	τῷ	
John 5:24	πέμψαντί	V-AAP-DSM	V-AAP-DSM	3992&5660	πέμπω	πέμψαντι	
John 5:24	με	P-1AS	P-1AS	1473	ἐγώ	με	
John 5:24	ἔχει	V-PAI-3S	V-PAI-3S	2192&5719	ἔχω	ἔχει	
John 5:24	ζωὴν	N-ASF	N-ASF	2222	ζωή	ζωήν	
John 5:24	αἰώνιον,	A-ASF	A-ASF	166	αἰώνιος	αἰώνιον	
John 5:24	καὶ	CONJ	CONJ	2532	καί	καί	
John 5:24	εἰς	PREP	PREP	1519	εἰς	εἰς	
John 5:24	κρίσιν	N-ASF	N-ASF	2920	κρίσις	κρίσιν	
John 5:24	οὐκ	PRT-N	PRT-N	3756	οὐ	οὐκ	
John 5:24	ἔρχεται	V-PNI-3S	V-PNI-3S	2064&5736	ἔρχομαι	ἔρχεται	
John 5:24	ἀλλὰ	CONJ	CONJ	235	ἀλλά	ἀλλά	
John 5:24	μεταβέβηκεν	V-RAI-3S	V-RAI-3S	3327&5758	μεταβαίνω	μεταβέβηκεν	
John 5:24	ἐκ	PREP	PREP	1537	ἐκ	ἐκ	
John 5:24	τοῦ	T-GSM	T-GSM	3588	ὁ	τοῦ	
John 5:24	θανάτου	N-GSM	N-GSM	2288	θάνατος	θανάτου	
John 5:24	εἰς	PREP	PREP	1519	εἰς	εἰς	
John 5:24	τὴν	T-ASF	T-ASF	3588	ὁ	τήν	
John 5:24	ζωήν.	N-ASF	N-ASF	2222	ζωή	ζωήν	
John 5:25	ἀμὴν	HEB	HEB	281	ἀμήν	ἀμήν	
John 5:25	ἀμὴν	HEB	HEB	281	ἀμήν	ἀμήν	
John 5:25	λέγω	V-PAI-1S	V-PAI-1S	3004&5719	λέγω	λέγω	
John 5:25	ὑμῖν	P-2DP	P-2DP	4771	σύ	ὑμῖν	
John 5:25	ὅτι	CONJ	CONJ	3754	ὅτι	ὅτι	
John 5:25	ἔρχεται	V-PNI-3S	V-PNI-3S	2064&5736	ἔρχομαι	ἔρχεται	
John 5:25	ὥρα	N-NSF	N-NSF	5610	ὥρα	ὥρα	
John 5:25	καὶ	CONJ	CONJ	2532	καί	καί	
John 5:25	νῦν	ADV	ADV	3568	νῦν	νῦν	
John 5:25	ἐστιν	V-PAI-3S	V-PAI-3S	1510	εἰμί	ἐστιν	
John 5:25	ὅτε	ADV	ADV	3753	ὅτε	ὅτε	
John 5:25	οἱ	T-NPM	T-NPM	3588	ὁ	οἱ	
John 5:25	νεκροὶ	A-NPM	A-NPM	3498	νεκρός	νεκροί	
John 5:25	ἀκούσουσιν	V-FAI-3P	V-FAI-3P	191&5692	ἀκούω	ἀκούσουσιν	
John 5:25	τῆς	T-GSF	T-GSF	3588	ὁ	τῆς	
John 5:25	φωνῆς	N-GSF	N-GSF	5456	φωνή	φωνῆς	
John 5:25	τοῦ	T-GSM	T-GSM	3588	ὁ	τοῦ	
John 5:25	Υἱοῦ	N-GSM	N-GSM	5207	υἱός	Υἱοῦ	
John 5:25	τοῦ	T-GSM	T-GSM	3588	ὁ	τοῦ	
John 5:25	Θεοῦ	N-GSM	N-GSM	2316	θεός	Θεοῦ	
John 5:25	καὶ	CONJ	CONJ	2532	καί	καί	
John 5:25	οἱ	T-NPM	T-NPM	3588	ὁ	οἱ	
John 5:25	ἀκούσαντες	V-AAP-NPM	V-AAP-NPM	191&5660	ἀκούω	ἀκούσαντες	
John 5:25	ζήσουσιν.	V-FAI-3P	V-FAI-3P	2198&5692	ζάω	ζήσουσιν	
John 5:26	ὥσπερ	ADV	ADV	5618	ὥσπερ	ὥσπερ	
John 5:26	γὰρ	CONJ	CONJ	1063	γάρ	γάρ	
John 5:26	ὁ	T-NSM	T-NSM	3588	ὁ	ὁ	
John 5:26	Πατὴρ	N-NSM	N-NSM	3962	πατήρ	Πατήρ	
John 5:26	ἔχει	V-PAI-3S	V-PAI-3S	2192&5719	ἔχω	ἔχει	
John 5:26	ζωὴν	N-ASF	N-ASF	2222	ζωή	ζωήν	
John 5:26	ἐν	PREP	PREP	1722	ἐν	ἐν	
John 5:26	ἑαυτῷ,	F-3DSM	F-3DSM	1438	ἑαυτοῦ	ἑαυτῷ	
John 5:26	οὕτως	ADV	ADV	3779	οὕτω	οὕτως	
John 5:26	καὶ	CONJ	CONJ	2532	καί	καί	
John 5:26	τῷ	T-DSM	T-DSM	3588	ὁ	τῷ	
John 5:26	Υἱῷ	N-DSM	N-DSM	5207	υἱός	Υἱῷ	
John 5:26	ἔδωκεν	V-AAI-3S	V-AAI-3S	1325&5656	δίδωμι	ἔδωκεν	
John 5:26	ζωὴν	N-ASF	N-ASF	2222	ζωή	ζωήν	
John 5:26	ἔχειν	V-PAN	V-PAN	2192&5721	ἔχω	ἔχειν	
John 5:26	ἐν	PREP	PREP	1722	ἐν	ἐν	
John 5:26	ἑαυτῷ.	F-3DSM	F-3DSM	1438	ἑαυτοῦ	ἑαυτῷ	
John 5:27	καὶ	CONJ	CONJ	2532	καί	καί	
John 5:27	ἐξουσίαν	N-ASF	N-ASF	1849	ἐξουσία	ἐξουσίαν	
John 5:27	ἔδωκεν	V-AAI-3S	V-AAI-3S	1325&5656	δίδωμι	ἔδωκεν	
John 5:27	αὐτῷ	P-DSM	P-DSM	846	αὐτός	αὐτῷ	
John 5:27	κρίσιν	N-ASF	N-ASF	2920	κρίσις	κρίσιν	
John 5:27	ποιεῖν,	V-PAN	V-PAN	4160&5721	ποιέω	ποιεῖν	
John 5:27	ὅτι	CONJ	CONJ	3754	ὅτι	ὅτι	
John 5:27	Υἱὸς	N-NSM	N-NSM	5207	υἱός	Υἱός	
John 5:27	ἀνθρώπου	N-GSM	N-GSM	444	ἄνθρωπος	ἀνθρώπου	
John 5:27	ἐστίν.	V-PAI-3S	V-PAI-3S	1510&5719	εἰμί	ἐστίν	
John 5:28	μὴ	PRT-N	PRT-N	3361	μή	μή	
John 5:28	θαυμάζετε	V-PAM-2P	V-PAM-2P	2296&5720	θαυμάζω	θαυμάζετε	
John 5:28	τοῦτο,	D-ASN	D-ASN	3778	οὗτος	τοῦτο	
John 5:28	ὅτι	CONJ	CONJ	3754	ὅτι	ὅτι	
John 5:28	ἔρχεται	V-PNI-3S	V-PNI-3S	2064&5736	ἔρχομαι	ἔρχεται	
John 5:28	ὥρα	N-NSF	N-NSF	5610	ὥρα	ὥρα	
John 5:28	ἐν	PREP	PREP	1722	ἐν	ἐν	
John 5:28	ᾗ	R-DSF	R-DSF	3739	ὅς	ᾗ	
John 5:28	πάντες	A-NPM	A-NPM	3956	πᾶς	πάντες	
John 5:28	οἱ	T-NPM	T-NPM	3588	ὁ	οἱ	
John 5:28	ἐν	PREP	PREP	1722	ἐν	ἐν	
John 5:28	τοῖς	T-DPN	T-DPN	3588	ὁ	τοῖς	
John 5:28	μνημείοις	N-DPN	N-DPN	3419	μνημεῖον	μνημείοις	
John 5:28	ἀκούσουσιν	V-FAI-3P	V-FAI-3P	191&5692	ἀκούω	ἀκούσουσιν	
John 5:28	τῆς	T-GSF	T-GSF	3588	ὁ	τῆς	
John 5:28	φωνῆς	N-GSF	N-GSF	5456	φωνή	φωνῆς	
John 5:28	αὐτοῦ	P-GSM	P-GSM	846	αὐτός	αὐτοῦ	
John 5:29	καὶ	CONJ	CONJ	2532	καί	καί	
John 5:29	ἐκπορεύσονται	V-FDI-3P	V-FDI-3P	1607&5695	ἐκπορεύομαι	ἐκπορεύσονται	
John 5:29	οἱ	T-NPM	T-NPM	3588	ὁ	οἱ	
John 5:29	τὰ	T-APN	T-APN	3588	ὁ	τά	
John 5:29	ἀγαθὰ	A-APN	A-APN	18	ἀγαθός	ἀγαθά	
John 5:29	ποιήσαντες	V-AAP-NPM	V-AAP-NPM	4160&5660	ποιέω	ποιήσαντες	
John 5:29	εἰς	PREP	PREP	1519	εἰς	εἰς	
John 5:29	ἀνάστασιν	N-ASF	N-ASF	386	ἀνάστασις	ἀνάστασιν	
John 5:29	ζωῆς,	N-GSF	N-GSF	2222	ζωή	ζωῆς	
John 5:29	οἱ	T-NPM	T-NPM	3588	ὁ	οἱ	
John 5:29	τὰ	T-APN	T-APN	3588	ὁ	τά	
John 5:29	φαῦλα	A-APN	A-APN	5337	φαῦλος	φαῦλα	
John 5:29	πράξαντες	V-AAP-NPM	V-AAP-NPM	4238&5660	πράσσω	πράξαντες	
John 5:29	εἰς	PREP	PREP	1519	εἰς	εἰς	
John 5:29	ἀνάστασιν	N-ASF	N-ASF	386	ἀνάστασις	ἀνάστασιν	
John 5:29	κρίσεως.	N-GSF	N-GSF	2920	κρίσις	κρίσεως	
John 5:30	Οὐ	PRT-N	PRT-N	3756	οὐ	Οὐ	
John 5:30	δύναμαι	V-PNI-1S	V-PNI-1S	1410&5736	δύναμαι	δύναμαι	
John 5:30	ἐγὼ	P-1NS	P-1NS	1473	ἐγώ	ἐγώ	
John 5:30	ποιεῖν	V-PAN	V-PAN	4160&5721	ποιέω	ποιεῖν	
John 5:30	ἀπ’	PREP	PREP	575	ἀπό	ἀπ’	
John 5:30	ἐμαυτοῦ	F-1GSM	F-1GSM	1683	ἐμαυτοῦ	ἐμαυτοῦ	
John 5:30	οὐδέν·	A-ASN-N	A-ASN-N	3762	οὐδείς	οὐδέν	
John 5:30	καθὼς	ADV	ADV	2531	καθώς	καθώς	
John 5:30	ἀκούω	V-PAI-1S	V-PAI-1S	191&5719	ἀκούω	ἀκούω	
John 5:30	κρίνω,	V-PAI-1S	V-PAI-1S	2919&5719	κρίνω	κρίνω	
John 5:30	καὶ	CONJ	CONJ	2532	καί	καί	
John 5:30	ἡ	T-NSF	T-NSF	3588	ὁ	ἡ	
John 5:30	κρίσις	N-NSF	N-NSF	2920	κρίσις	κρίσις	
John 5:30	ἡ	T-NSF	T-NSF	3588	ὁ	ἡ	
John 5:30	ἐμὴ	S-1SNSF	S-1SNSF	1699	ἐμός	ἐμή	
John 5:30	δικαία	A-NSF	A-NSF	1342	δίκαιος	δικαία	
John 5:30	ἐστίν,	V-PAI-3S	V-PAI-3S	1510&5719	εἰμί	ἐστίν	
John 5:30	ὅτι	CONJ	CONJ	3754	ὅτι	ὅτι	
John 5:30	οὐ	PRT-N	PRT-N	3756	οὐ	οὐ	
John 5:30	ζητῶ	V-PAI-1S	V-PAI-1S	2212&5719	ζητέω	ζητῶ	
John 5:30	τὸ	T-ASN	T-ASN	3588	ὁ	τό	
John 5:30	θέλημα	N-ASN	N-ASN	2307	θέλημα	θέλημα	
John 5:30	τὸ	T-ASN	T-ASN	3588	ὁ	τό	
John 5:30	ἐμὸν	S-1SASN	S-1SASN	1699	ἐμός	ἐμόν	
John 5:30	ἀλλὰ	CONJ	CONJ	235	ἀλλά	ἀλλά	
John 5:30	τὸ	T-ASN	T-ASN	3588	ὁ	τό	
John 5:30	θέλημα	N-ASN	N-ASN	2307	θέλημα	θέλημα	
John 5:30	τοῦ	T-GSM	T-GSM	3588	ὁ	τοῦ	
John 5:30	πέμψαντός	V-AAP-GSM	V-AAP-GSM	3992&5660	πέμπω	πέμψαντος	
John 5:30	με.	P-1AS	P-1AS	1473	ἐγώ	με	
John 5:31	Ἐὰν	COND	COND	1437	ἐάν	Ἐάν	
John 5:31	ἐγὼ	P-1NS	P-1NS	1473	ἐγώ	ἐγώ	
John 5:31	μαρτυρῶ	V-PAS-1S	V-PAS-1S	3140&5725	μαρτυρέω	μαρτυρῶ	
John 5:31	περὶ	PREP	PREP	4012	περί	περί	
John 5:31	ἐμαυτοῦ,	F-1GSM	F-1GSM	1683	ἐμαυτοῦ	ἐμαυτοῦ	
John 5:31	ἡ	T-NSF	T-NSF	3588	ὁ	ἡ	
John 5:31	μαρτυρία	N-NSF	N-NSF	3141	μαρτυρία	μαρτυρία	
John 5:31	μου	P-1GS	P-1GS	1473	ἐγώ	μου	
John 5:31	οὐκ	PRT-N	PRT-N	3756	οὐ	οὐκ	
John 5:31	ἔστιν	V-PAI-3S	V-PAI-3S	1510&5719	εἰμί	ἔστιν	
John 5:31	ἀληθής·	A-NSF	A-NSF	227	ἀληθής	ἀληθής	
John 5:32	ἄλλος	A-NSM	A-NSM	243	ἄλλος	ἄλλος	
John 5:32	ἐστὶν	V-PAI-3S	V-PAI-3S	1510&5719	εἰμί	ἐστίν	
John 5:32	ὁ	T-NSM	T-NSM	3588	ὁ	ὁ	
John 5:32	μαρτυρῶν	V-PAP-NSM	V-PAP-NSM	3140&5723	μαρτυρέω	μαρτυρῶν	
John 5:32	περὶ	PREP	PREP	4012	περί	περί	
John 5:32	ἐμοῦ,	P-1GS	P-1GS	1473	ἐγώ	ἐμοῦ	
John 5:32	καὶ	CONJ	CONJ	2532	καί	καί	
John 5:32	οἶδα	V-RAI-1S	V-RAI-1S	1492&5758	οἶδα	οἶδα	
John 5:32	ὅτι	CONJ	CONJ	3754	ὅτι	ὅτι	
John 5:32	ἀληθής	A-NSF	A-NSF	227	ἀληθής	ἀληθής	
John 5:32	ἐστιν	V-PAI-3S	V-PAI-3S	1510&5719	εἰμί	ἐστιν	
John 5:32	ἡ	T-NSF	T-NSF	3588	ὁ	ἡ	
John 5:32	μαρτυρία	N-NSF	N-NSF	3141	μαρτυρία	μαρτυρία	
John 5:32	ἣν	R-ASF	R-ASF	3739	ὅς	ἥν	
John 5:32	μαρτυρεῖ	V-PAI-3S	V-PAI-3S	3140&5719	μαρτυρέω	μαρτυρεῖ	
John 5:32	περὶ	PREP	PREP	4012	περί	περί	
John 5:32	ἐμοῦ.	P-1GS	P-1GS	1473	ἐγώ	ἐμοῦ	
John 5:33	ὑμεῖς	P-2NP	P-2NP	4771	σύ	ὑμεῖς	
John 5:33	ἀπεστάλκατε	V-RAI-2P	V-RAI-2P	649&5758	ἀποστέλλω	ἀπεστάλκατε	
John 5:33	πρὸς	PREP	PREP	4314	πρός	πρός	
John 5:33	Ἰωάνην,	N-ASM	N-ASM	2491	Ἰωάννης	Ἰωάνην	
John 5:33	καὶ	CONJ	CONJ	2532	καί	καί	
John 5:33	μεμαρτύρηκεν	V-RAI-3S	V-RAI-3S	3140	μαρτυρέω	μεμαρτύρηκεν	
John 5:33	τῇ	T-DSF	T-DSF	3588	ὁ	τῇ	
John 5:33	ἀληθείᾳ·	N-DSF	N-DSF	225	ἀλήθεια	ἀληθείᾳ	
John 5:34	ἐγὼ	P-1NS	P-1NS	1473	ἐγώ	ἐγώ	
John 5:34	δὲ	CONJ	CONJ	1161	δέ	δέ	
John 5:34	οὐ	PRT-N	PRT-N	3756	οὐ	οὐ	
John 5:34	παρὰ	PREP	PREP	3844	παρά	παρά	
John 5:34	ἀνθρώπου	N-GSM	N-GSM	444	ἄνθρωπος	ἀνθρώπου	
John 5:34	τὴν	T-ASF	T-ASF	3588	ὁ	τήν	
John 5:34	μαρτυρίαν	N-ASF	N-ASF	3141	μαρτυρία	μαρτυρίαν	
John 5:34	λαμβάνω,	V-PAI-1S	V-PAI-1S	2983&5719	λαμβάνω	λαμβάνω	
John 5:34	ἀλλὰ	CONJ	CONJ	235	ἀλλά	ἀλλά	
John 5:34	ταῦτα	D-APN	D-APN	3778	οὗτος	ταῦτα	
John 5:34	λέγω	V-PAI-1S	V-PAI-1S	3004&5719	λέγω	λέγω	
John 5:34	ἵνα	CONJ	CONJ	2443	ἵνα	ἵνα	
John 5:34	ὑμεῖς	P-2NP	P-2NP	4771	σύ	ὑμεῖς	
John 5:34	σωθῆτε.	V-APS-2P	V-APS-2P	4982&5686	σῴζω	σωθῆτε	
John 5:35	ἐκεῖνος	D-NSM	D-NSM	1565	ἐκεῖνος	ἐκεῖνος	
John 5:35	ἦν	V-IAI-3S	V-IAI-3S	1510&5707	εἰμί	ἦν	
John 5:35	ὁ	T-NSM	T-NSM	3588	ὁ	ὁ	
John 5:35	λύχνος	N-NSM	N-NSM	3088	λύχνος	λύχνος	
John 5:35	ὁ	T-NSM	T-NSM	3588	ὁ	ὁ	
John 5:35	καιόμενος	V-PPP-NSM	V-PEP-NSM	2545&5746	καίω	καιόμενος	
John 5:35	καὶ	CONJ	CONJ	2532	καί	καί	
John 5:35	φαίνων,	V-PAP-NSM	V-PAP-NSM	5316&5723	φαίνω	φαίνων	
John 5:35	ὑμεῖς	P-2NP	P-2NP	4771	σύ	ὑμεῖς	
John 5:35	δὲ	CONJ	CONJ	1161	δέ	δέ	
John 5:35	ἠθελήσατε	V-AAI-2P	V-AAI-2P	2309&5656	θέλω	ἠθελήσατε	
John 5:35	ἀγαλλιαθῆναι	V-AON	V-AON	21&5677	ἀγαλλιάω	ἀγαλλιαθῆναι	
John 5:35	πρὸς	PREP	PREP	4314	πρός	πρός	
John 5:35	ὥραν	N-ASF	N-ASF	5610	ὥρα	ὥραν	
John 5:35	ἐν	PREP	PREP	1722	ἐν	ἐν	
John 5:35	τῷ	T-DSN	T-DSN	3588	ὁ	τῷ	
John 5:35	φωτὶ	N-DSN	N-DSN	5457	φῶς	φωτί	
John 5:35	αὐτοῦ.	P-GSM	P-GSM	846	αὐτός	αὐτοῦ	
John 5:36	ἐγὼ	P-1NS	P-1NS	1473	ἐγώ	ἐγώ	
John 5:36	δὲ	CONJ	CONJ	1161	δέ	δέ	
John 5:36	ἔχω	V-PAI-1S	V-PAI-1S	2192&5719	ἔχω	ἔχω	
John 5:36	τὴν	T-ASF	T-ASF	3588	ὁ	τήν	
John 5:36	μαρτυρίαν	N-ASF	N-ASF	3141	μαρτυρία	μαρτυρίαν	
John 5:36	μείζω	A-ASF-C	A-ASF-C	3173	μέγας	μείζω	
John 5:36	τοῦ	T-GSM	T-GSM	3588	ὁ	τοῦ	
John 5:36	Ἰωάνου·	N-GSM	N-GSM	2491	Ἰωάννης	Ἰωάνου	
John 5:36	τὰ	T-NPN	T-NPN	3588	ὁ	τά	
John 5:36	γὰρ	CONJ	CONJ	1063	γάρ	γάρ	
John 5:36	ἔργα	N-NPN	N-NPN	2041	ἔργον	ἔργα	
John 5:36	ἃ	R-APN	R-APN	3739	ὅς	ἅ	
John 5:36	δέδωκέν	V-RAI-3S	V-RAI-3S	1325&5758	δίδωμι	δέδωκεν	
John 5:36	μοι	P-1DS	P-1DS	1473	ἐγώ	μοι	
John 5:36	ὁ	T-NSM	T-NSM	3588	ὁ	ὁ	
John 5:36	Πατὴρ	N-NSM	N-NSM	3962	πατήρ	Πατήρ	
John 5:36	ἵνα	CONJ	CONJ	2443	ἵνα	ἵνα	
John 5:36	τελειώσω	V-AAS-1S	V-AAS-1S	5048&5661	τελειόω	τελειώσω	
John 5:36	αὐτά,	P-APN	P-APN	846	αὐτός	αὐτά	
John 5:36	αὐτὰ	P-NPN	P-NPN	846	αὐτός	αὐτά	
John 5:36	τὰ	T-NPN	T-NPN	3588	ὁ	τά	
John 5:36	ἔργα	N-NPN	N-NPN	2041	ἔργον	ἔργα	
John 5:36	ἃ	R-APN	R-APN	3739	ὅς	ἅ	
John 5:36	ποιῶ,	V-PAI-1S	V-PAI-1S	4160&5719	ποιέω	ποιῶ	
John 5:36	μαρτυρεῖ	V-PAI-3S	V-PAI-3S	3140&5719	μαρτυρέω	μαρτυρεῖ	
John 5:36	περὶ	PREP	PREP	4012	περί	περί	
John 5:36	ἐμοῦ	P-1GS	P-1GS	1473	ἐγώ	ἐμοῦ	
John 5:36	ὅτι	CONJ	CONJ	3754	ὅτι	ὅτι	
John 5:36	ὁ	T-NSM	T-NSM	3588	ὁ	ὁ	
John 5:36	Πατήρ	N-NSM	N-NSM	3962	πατήρ	Πατήρ	
John 5:36	με	P-1AS	P-1AS	1473	ἐγώ	με	
John 5:36	ἀπέσταλκεν.	V-RAI-3S	V-RAI-3S	649&5758	ἀποστέλλω	ἀπέσταλκεν	
John 5:37	καὶ	CONJ	CONJ	2532	καί	καί	
John 5:37	ὁ	T-NSM	T-NSM	3588	ὁ	ὁ	
John 5:37	πέμψας	V-AAP-NSM	V-AAP-NSM	3992&5660	πέμπω	πέμψας	
John 5:37	με	P-1AS	P-1AS	1473	ἐγώ	με	
John 5:37	Πατὴρ,	N-NSM	N-NSM	3962	πατήρ	Πατήρ	
John 5:37	ἐκεῖνος	D-NSM	D-NSM	1565	ἐκεῖνος	ἐκεῖνος	
John 5:37	μεμαρτύρηκεν	V-RAI-3S	V-RAI-3S	3140&5758	μαρτυρέω	μεμαρτύρηκεν	
John 5:37	περὶ	PREP	PREP	4012	περί	περί	
John 5:37	ἐμοῦ.	P-1GS	P-1GS	1473	ἐγώ	ἐμοῦ	
John 5:37	οὔτε	CONJ-N	CONJ-N	3777	οὔτε	οὔτε	
John 5:37	φωνὴν	N-ASF	N-ASF	5456	φωνή	φωνήν	
John 5:37	αὐτοῦ	P-GSM	P-GSM	846	αὐτός	αὐτοῦ	
John 5:37	πώποτε	ADV	ADV	4455	πώποτε	πώποτε	
John 5:37	ἀκηκόατε	V-2RAI-2P-ATT	V-2RAI-2P-ATT	191&5754	ἀκούω	ἀκηκόατε	
John 5:37	οὔτε	CONJ-N	CONJ-N	3777	οὔτε	οὔτε	
John 5:37	εἶδος	N-ASN	N-ASN	1491	εἶδος	εἶδος	
John 5:37	αὐτοῦ	P-GSM	P-GSM	846	αὐτός	αὐτοῦ	
John 5:37	ἑωράκατε,	V-RAI-2P-ATT	V-RAI-2P-ATT	3708&5758	ὁράω	ἑωράκατε	
John 5:38	καὶ	CONJ	CONJ	2532	καί	καί	
John 5:38	τὸν	T-ASM	T-ASM	3588	ὁ	τόν	
John 5:38	λόγον	N-ASM	N-ASM	3056	λόγος	λόγον	
John 5:38	αὐτοῦ	P-GSM	P-GSM	846	αὐτός	αὐτοῦ	
John 5:38	οὐκ	PRT-N	PRT-N	3756	οὐ	οὐκ	
John 5:38	ἔχετε	V-PAI-2P	V-PAI-2P	2192&5719	ἔχω	ἔχετε	
John 5:38	ἐν	PREP	PREP	1722	ἐν	ἐν	
John 5:38	ὑμῖν	P-2DP	P-2DP	4771	σύ	ὑμῖν	
John 5:38	μένοντα,	V-PAP-ASM	V-PAP-ASM	3306&5723	μένω	μένοντα	
John 5:38	ὅτι	CONJ	CONJ	3754	ὅτι	ὅτι	
John 5:38	ὃν	R-ASM	R-ASM	3739	ὅς	ὅν	
John 5:38	ἀπέστειλεν	V-AAI-3S	V-AAI-3S	649&5656	ἀποστέλλω	ἀπέστειλεν	
John 5:38	ἐκεῖνος,	D-NSM	D-NSM	1565	ἐκεῖνος	ἐκεῖνος	
John 5:38	τούτῳ	D-DSM	D-DSM	3778	οὗτος	τούτῳ	
John 5:38	ὑμεῖς	P-2NP	P-2NP	4771	σύ	ὑμεῖς	
John 5:38	οὐ	PRT-N	PRT-N	3756	οὐ	οὐ	
John 5:38	πιστεύετε.	V-PAI-2P	V-PAI-2P	4100&5719	πιστεύω	πιστεύετε	
John 5:39	ἐραυνᾶτε	V-PAI-2P	V-PAI-2P	2045&5719	ἐραυνάω	ἐραυνᾶτε	
John 5:39	τὰς	T-APF	T-APF	3588	ὁ	τάς	
John 5:39	γραφάς,	N-APF	N-APF	1124	γραφή	γραφάς	
John 5:39	ὅτι	CONJ	CONJ	3754	ὅτι	ὅτι	
John 5:39	ὑμεῖς	P-2NP	P-2NP	4771	σύ	ὑμεῖς	
John 5:39	δοκεῖτε	V-PAI-2P	V-PAI-2P	1380&5719	δοκέω	δοκεῖτε	
John 5:39	ἐν	PREP	PREP	1722	ἐν	ἐν	
John 5:39	αὐταῖς	P-DPF	P-DPF	846	αὐτός	αὐταῖς	
John 5:39	ζωὴν	N-ASF	N-ASF	2222	ζωή	ζωήν	
John 5:39	αἰώνιον	A-ASF	A-ASF	166	αἰώνιος	αἰώνιον	
John 5:39	ἔχειν·	V-PAN	V-PAN	2192&5721	ἔχω	ἔχειν	
John 5:39	καὶ	CONJ	CONJ	2532	καί	καί	
John 5:39	ἐκεῖναί	D-NPF	D-NPF	1565	ἐκεῖνος	ἐκεῖναι	
John 5:39	εἰσιν	V-PAI-3P	V-PAI-3P	1510&5719	εἰμί	εἰσιν	
John 5:39	αἱ	T-NPF	T-NPF	3588	ὁ	αἱ	
John 5:39	μαρτυροῦσαι	V-PAP-NPF	V-PAP-NPF	3140&5723	μαρτυρέω	μαρτυροῦσαι	
John 5:39	περὶ	PREP	PREP	4012	περί	περί	
John 5:39	ἐμοῦ·	P-1GS	P-1GS	1473	ἐγώ	ἐμοῦ	
John 5:40	καὶ	CONJ	CONJ	2532	καί	καί	
John 5:40	οὐ	PRT-N	PRT-N	3756	οὐ	οὐ	
John 5:40	θέλετε	V-PAI-2P	V-PAI-2P	2309&5719	θέλω	θέλετε	
John 5:40	ἐλθεῖν	V-2AAN	V-2AAN	2064&5629	ἔρχομαι	ἐλθεῖν	
John 5:40	πρός	PREP	PREP	4314	πρός	πρός	
John 5:40	με	P-1AS	P-1AS	1473	ἐγώ	με	
John 5:40	ἵνα	CONJ	CONJ	2443	ἵνα	ἵνα	
John 5:40	ζωὴν	N-ASF	N-ASF	2222	ζωή	ζωήν	
John 5:40	ἔχητε.	V-PAS-2P	V-PAS-2P	2192&5725	ἔχω	ἔχητε	
John 5:41	Δόξαν	N-ASF	N-ASF	1391	δόξα	Δόξαν	
John 5:41	παρὰ	PREP	PREP	3844	παρά	παρά	
John 5:41	ἀνθρώπων	N-GPM	N-GPM	444	ἄνθρωπος	ἀνθρώπων	
John 5:41	οὐ	PRT-N	PRT-N	3756	οὐ	οὐ	
John 5:41	λαμβάνω,	V-PAI-1S	V-PAI-1S	2983&5719	λαμβάνω	λαμβάνω	
John 5:42	ἀλλὰ	CONJ	CONJ	235	ἀλλά	ἀλλά	
John 5:42	ἔγνωκα	V-RAI-1S	V-RAI-1S	1097&5758	γινώσκω	ἔγνωκα	
John 5:42	ὑμᾶς	P-2AP	P-2AP	4771	σύ	ὑμᾶς	
John 5:42	ὅτι	CONJ	CONJ	3754	ὅτι	ὅτι	
John 5:42	τὴν	T-ASF	T-ASF	3588	ὁ	τήν	
John 5:42	ἀγάπην	N-ASF	N-ASF	26	ἀγάπη	ἀγάπην	
John 5:42	τοῦ	T-GSM	T-GSM	3588	ὁ	τοῦ	
John 5:42	Θεοῦ	N-GSM	N-GSM	2316	θεός	Θεοῦ	
John 5:42	οὐκ	PRT-N	PRT-N	3756	οὐ	οὐκ	
John 5:42	ἔχετε	V-PAI-2P	V-PAI-2P	2192&5719	ἔχω	ἔχετε	
John 5:42	ἐν	PREP	PREP	1722	ἐν	ἐν	
John 5:42	ἑαυτοῖς.	F-2DPM	F-2DPM	1438	ἑαυτοῦ	ἑαυτοῖς	
John 5:43	ἐγὼ	P-1NS	P-1NS	1473	ἐγώ	ἐγώ	
John 5:43	ἐλήλυθα	V-2RAI-1S	V-2RAI-1S	2064&5754	ἔρχομαι	ἐλήλυθα	
John 5:43	ἐν	PREP	PREP	1722	ἐν	ἐν	
John 5:43	τῷ	T-DSN	T-DSN	3588	ὁ	τῷ	
John 5:43	ὀνόματι	N-DSN	N-DSN	3686	ὄνομα	ὀνόματι	
John 5:43	τοῦ	T-GSM	T-GSM	3588	ὁ	τοῦ	
John 5:43	Πατρός	N-GSM	N-GSM	3962	πατήρ	Πατρός	
John 5:43	μου,	P-1GS	P-1GS	1473	ἐγώ	μου	
John 5:43	καὶ	CONJ	CONJ	2532	καί	καί	
John 5:43	οὐ	PRT-N	PRT-N	3756	οὐ	οὐ	
John 5:43	λαμβάνετέ	V-PAI-2P	V-PAI-2P	2983&5719	λαμβάνω	λαμβάνετε	
John 5:43	με·	P-1AS	P-1AS	1473	ἐγώ	με	
John 5:43	ἐὰν	COND	COND	1437	ἐάν	ἐάν	
John 5:43	ἄλλος	A-NSM	A-NSM	243	ἄλλος	ἄλλος	
John 5:43	ἔλθῃ	V-2AAS-3S	V-2AAS-3S	2064&5632	ἔρχομαι	ἔλθῃ	
John 5:43	ἐν	PREP	PREP	1722	ἐν	ἐν	
John 5:43	τῷ	T-DSN	T-DSN	3588	ὁ	τῷ	
John 5:43	ὀνόματι	N-DSN	N-DSN	3686	ὄνομα	ὀνόματι	
John 5:43	τῷ	T-DSN	T-DSN	3588	ὁ	τῷ	
John 5:43	ἰδίῳ,	A-DSN	A-DSN	2398	ἴδιος	ἰδίῳ	
John 5:43	ἐκεῖνον	D-ASM	D-ASM	1565	ἐκεῖνος	ἐκεῖνον	
John 5:43	λήμψεσθε.	V-FDI-2P	V-FDI-2P	2983&5695	λαμβάνω	λήμψεσθε	
John 5:44	πῶς	ADV-I	ADV-I	4459	πῶς	πῶς	
John 5:44	δύνασθε	V-PNI-2P	V-PNI-2P	1410&5736	δύναμαι	δύνασθε	
John 5:44	ὑμεῖς	P-2NP	P-2NP	4771	σύ	ὑμεῖς	
John 5:44	πιστεῦσαι,	V-AAN	V-AAN	4100&5658	πιστεύω	πιστεῦσαι	
John 5:44	δόξαν	N-ASF	N-ASF	1391	δόξα	δόξαν	
John 5:44	παρὰ	PREP	PREP	3844	παρά	παρά	
John 5:44	ἀλλήλων	C-GPM	C-GPM	240	ἀλλήλων	ἀλλήλων	
John 5:44	λαμβάνοντες,	V-PAP-NPM	V-PAP-NPM	2983&5723	λαμβάνω	λαμβάνοντες	
John 5:44	καὶ	CONJ	CONJ	2532	καί	καί	
John 5:44	τὴν	T-ASF	T-ASF	3588	ὁ	τήν	
John 5:44	δόξαν	N-ASF	N-ASF	1391	δόξα	δόξαν	
John 5:44	τὴν	T-ASF	T-ASF	3588	ὁ	τήν	
John 5:44	παρὰ	PREP	PREP	3844	παρά	παρά	
John 5:44	τοῦ	T-GSM	T-GSM	3588	ὁ	τοῦ	
John 5:44	μόνου	A-GSM	A-GSM	3441	μόνος	μόνου	
John 5:44	Θεοῦ	N-GSM	N-GSM	2316	θεός	Θεοῦ	
John 5:44	οὐ	PRT-N	PRT-N	3756	οὐ	οὐ	
John 5:44	ζητεῖτε;	V-PAI-2P	V-PAI-2P	2212&5719	ζητέω	ζητεῖτε	
John 5:45	μὴ	PRT-N	PRT-N	3361	μή	μή	
John 5:45	δοκεῖτε	V-PAM-2P	V-PAM-2P	1380&5720	δοκέω	δοκεῖτε	
John 5:45	ὅτι	CONJ	CONJ	3754	ὅτι	ὅτι	
John 5:45	ἐγὼ	P-1NS	P-1NS	1473	ἐγώ	ἐγώ	
John 5:45	κατηγορήσω	V-FAI-1S	V-FAI-1S	2723&5692	κατηγορέω	κατηγορήσω	
John 5:45	ὑμῶν	P-2GP	P-2GP	4771	σύ	ὑμῶν	
John 5:45	πρὸς	PREP	PREP	4314	πρός	πρός	
John 5:45	τὸν	T-ASM	T-ASM	3588	ὁ	τόν	
John 5:45	Πατέρα·	N-ASM	N-ASM	3962	πατήρ	Πατέρα	
John 5:45	ἔστιν	V-PAI-3S	V-PAI-3S	1510&5719	εἰμί	ἔστιν	
John 5:45	ὁ	T-NSM	T-NSM	3588	ὁ	ὁ	
John 5:45	κατηγορῶν	V-PAP-NSM	V-PAP-NSM	2723&5723	κατηγορέω	κατηγορῶν	
John 5:45	ὑμῶν	P-2GP	P-2GP	4771	σύ	ὑμῶν	
John 5:45	Μωϋσῆς,	N-NSM	N-NSM	3475	Μωϋσῆς	Μωϋσῆς	
John 5:45	εἰς	PREP	PREP	1519	εἰς	εἰς	
John 5:45	ὃν	R-ASM	R-ASM	3739	ὅς	ὅν	
John 5:45	ὑμεῖς	P-2NP	P-2NP	4771	σύ	ὑμεῖς	
John 5:45	ἠλπίκατε.	V-RAI-2P	V-RAI-2P	1679&5758	ἐλπίζω	ἠλπίκατε	
John 5:46	εἰ	COND	COND	1487	εἰ	εἰ	
John 5:46	γὰρ	CONJ	CONJ	1063	γάρ	γάρ	
John 5:46	ἐπιστεύετε	V-IAI-2P	V-IAI-2P	4100&5707	πιστεύω	ἐπιστεύετε	
John 5:46	Μωϋσεῖ,	N-DSM	N-DSM	3475	Μωϋσῆς	Μωϋσεῖ	
John 5:46	ἐπιστεύετε	V-IAI-2P	V-IAI-2P	4100&5707	πιστεύω	ἐπιστεύετε	
John 5:46	ἂν	PRT	PRT	302	ἄν	ἄν	
John 5:46	ἐμοί·	P-1DS	P-1DS	1473	ἐγώ	ἐμοί	
John 5:46	περὶ	PREP	PREP	4012	περί	περί	
John 5:46	γὰρ	CONJ	CONJ	1063	γάρ	γάρ	
John 5:46	ἐμοῦ	P-1GS	P-1GS	1473	ἐγώ	ἐμοῦ	
John 5:46	ἐκεῖνος	D-NSM	D-NSM	1565	ἐκεῖνος	ἐκεῖνος	
John 5:46	ἔγραψεν.	V-AAI-3S	V-AAI-3S	1125&5656	γράφω	ἔγραψεν	
John 5:47	εἰ	COND	COND	1487	εἰ	εἰ	
John 5:47	δὲ	CONJ	CONJ	1161	δέ	δέ	
John 5:47	τοῖς	T-DPN	T-DPN	3588	ὁ	τοῖς	
John 5:47	ἐκείνου	D-GSM	D-GSM	1565	ἐκεῖνος	ἐκείνου	
John 5:47	γράμμασιν	N-DPN	N-DPN	1121	γράμμα	γράμμασιν	
John 5:47	οὐ	PRT-N	PRT-N	3756	οὐ	οὐ	
John 5:47	πιστεύετε,	V-PAI-2P	V-PAI-2P	4100&5719	πιστεύω	πιστεύετε	
John 5:47	πῶς	ADV-I	ADV-I	4459	πῶς	πῶς	
John 5:47	τοῖς	T-DPN	T-DPN	3588	ὁ	τοῖς	
John 5:47	ἐμοῖς	S-1SDPN	S-1SDPN	1699	ἐμός	ἐμοῖς	
John 5:47	ῥήμασιν	N-DPN	N-DPN	4487	ῥῆμα	ῥήμασιν	
John 5:47	πιστεύσετε;	V-FAI-2P	V-FAI-2P	4100&5692	πιστεύω	πιστεύσετε	
John 6:1	Μετὰ	PREP	PREP	3326	μετά	Μετά	
John 6:1	ταῦτα	D-APN	D-APN	3778	οὗτος	ταῦτα	
John 6:1	ἀπῆλθεν	V-2AAI-3S	V-2AAI-3S	565&5627	ἀπέρχομαι	ἀπῆλθεν	
John 6:1	ὁ	T-NSM	T-NSM	3588	ὁ	ὁ	
John 6:1	Ἰησοῦς	N-NSM	N-NSM	2424	Ἰησοῦς	Ἰησοῦς	
John 6:1	πέραν	ADV	ADV	4008	πέραν	πέραν	
John 6:1	τῆς	T-GSF	T-GSF	3588	ὁ	τῆς	
John 6:1	θαλάσσης	N-GSF	N-GSF	2281	θάλασσα	θαλάσσης	
John 6:1	τῆς	T-GSF	T-GSF	3588	ὁ	τῆς	
John 6:1	Γαλιλαίας	N-GSF	N-GSF	1056	Γαλιλαία	Γαλιλαίας	
John 6:1	τῆς	T-GSF	T-GSF	3588	ὁ	τῆς	
John 6:1	Τιβεριάδος.	N-GSF	N-GSF	5085	Τιβεριάς	Τιβεριάδος	
John 6:2	ἠκολούθει	V-IAI-3S	V-IAI-3S	190&5707	ἀκολουθέω	ἠκολούθει	
John 6:2	δὲ	CONJ	CONJ	1161	δέ	δέ	
John 6:2	αὐτῷ	P-DSM	P-DSM	846	αὐτός	αὐτῷ	
John 6:2	ὄχλος	N-NSM	N-NSM	3793	ὄχλος	ὄχλος	
John 6:2	πολύς,	A-NSM	A-NSM	4183	πολύς	πολύς	
John 6:2	ὅτι	CONJ	CONJ	3754	ὅτι	ὅτι	
John 6:2	ἑώρων	V-IAI-3P	V-IAI-3P	3708	ὁράω	ἑώρων	
John 6:2	τὰ	T-APN	T-APN	3588	ὁ	τά	
John 6:2	σημεῖα	N-APN	N-APN	4592	σημεῖον	σημεῖα	
John 6:2	ἃ	R-APN	R-APN	3739	ὅς	ἅ	
John 6:2	ἐποίει	V-IAI-3S	V-IAI-3S	4160&5707	ποιέω	ἐποίει	
John 6:2	ἐπὶ	PREP	PREP	1909	ἐπί	ἐπί	
John 6:2	τῶν	T-GPM	T-GPM	3588	ὁ	τῶν	
John 6:2	ἀσθενούντων.	V-PAP-GPM	V-PAP-GPM	770&5723	ἀσθενέω	ἀσθενούντων	
John 6:3	ἀνῆλθεν	V-2AAI-3S	V-2AAI-3S	424&5627	ἀνέρχομαι	ἀνῆλθεν	
John 6:3	δὲ	CONJ	CONJ	1161	δέ	δέ	
John 6:3	εἰς	PREP	PREP	1519	εἰς	εἰς	
John 6:3	τὸ	T-ASN	T-ASN	3588	ὁ	τό	
John 6:3	ὄρος	N-ASN	N-ASN	3735	ὄρος	ὄρος	
John 6:3	Ἰησοῦς,	N-NSM	N-NSM	2424	Ἰησοῦς	Ἰησοῦς	
John 6:3	καὶ	CONJ	CONJ	2532	καί	καί	
John 6:3	ἐκεῖ	ADV	ADV	1563	ἐκεῖ	ἐκεῖ	
John 6:3	ἐκάθητο	V-INI-3S	V-INI-3S	2521&5711	κάθημαι	ἐκάθητο	
John 6:3	μετὰ	PREP	PREP	3326	μετά	μετά	
John 6:3	τῶν	T-GPM	T-GPM	3588	ὁ	τῶν	
John 6:3	μαθητῶν	N-GPM	N-GPM	3101	μαθητής	μαθητῶν	
John 6:3	αὐτοῦ.	P-GSM	P-GSM	846	αὐτός	αὐτοῦ	
John 6:4	ἦν	V-IAI-3S	V-IAI-3S	1510&5707	εἰμί	ἦν	
John 6:4	δὲ	CONJ	CONJ	1161	δέ	δέ	
John 6:4	ἐγγὺς	ADV	ADV	1451	ἐγγύς	ἐγγύς	
John 6:4	τὸ	T-NSN	T-NSN	3588	ὁ	τό	
John 6:4	πάσχα,	ARAM	ARAM	3957	πάσχα	πάσχα	
John 6:4	ἡ	T-NSF	T-NSF	3588	ὁ	ἡ	
John 6:4	ἑορτὴ	N-NSF	N-NSF	1859	ἑορτή	ἑορτή	
John 6:4	τῶν	T-GPM	T-GPM	3588	ὁ	τῶν	
John 6:4	Ἰουδαίων.	A-GPM	A-GPM	2453	Ἰουδαῖος	Ἰουδαίων	
John 6:5	ἐπάρας	V-AAP-NSM	V-AAP-NSM	1869&5660	ἐπαίρω	ἐπάρας	
John 6:5	οὖν	CONJ	CONJ	3767	οὖν	οὖν	
John 6:5	τοὺς	T-APM	T-APM	3588	ὁ	τούς	
John 6:5	ὀφθαλμοὺς	N-APM	N-APM	3788	ὀφθαλμός	ὀφθαλμούς	
John 6:5	ὁ	T-NSM	T-NSM	3588	ὁ	ὁ	
John 6:5	Ἰησοῦς	N-NSM	N-NSM	2424	Ἰησοῦς	Ἰησοῦς	
John 6:5	καὶ	CONJ	CONJ	2532	καί	καί	
John 6:5	θεασάμενος	V-ADP-NSM	V-ADP-NSM	2300&5666	θεάομαι	θεασάμενος	
John 6:5	ὅτι	CONJ	CONJ	3754	ὅτι	ὅτι	
John 6:5	πολὺς	A-NSM	A-NSM	4183	πολύς	πολύς	
John 6:5	ὄχλος	N-NSM	N-NSM	3793	ὄχλος	ὄχλος	
John 6:5	ἔρχεται	V-PNI-3S	V-PNI-3S	2064&5736	ἔρχομαι	ἔρχεται	
John 6:5	πρὸς	PREP	PREP	4314	πρός	πρός	
John 6:5	αὐτὸν,	P-ASM	P-ASM	846	αὐτός	αὐτόν	
John 6:5	λέγει	V-PAI-3S	V-PAI-3S	3004&5719	λέγω	λέγει	
John 6:5	πρὸς	PREP	PREP	4314	πρός	πρός	
John 6:5	Φίλιππον	N-ASM	N-ASM	5376	Φίλιππος	Φίλιππον	
John 6:5	Πόθεν	ADV-I	ADV-I	4159	πόθεν	Πόθεν	
John 6:5	ἀγοράσωμεν	V-AAS-1P	V-AAS-1P	59&5661	ἀγοράζω	ἀγοράσωμεν	
John 6:5	ἄρτους	N-APM	N-APM	740	ἄρτος	ἄρτους	
John 6:5	ἵνα	CONJ	CONJ	2443	ἵνα	ἵνα	
John 6:5	φάγωσιν	V-2AAS-3P	V-2AAS-3P	5315&5632	ἐσθίω	φάγωσιν	
John 6:5	οὗτοι;	D-NPM	D-NPM	3778	οὗτος	οὗτοι	
John 6:6	τοῦτο	D-ASN	D-ASN	3778	οὗτος	τοῦτο	
John 6:6	δὲ	CONJ	CONJ	1161	δέ	δέ	
John 6:6	ἔλεγεν	V-IAI-3S	V-IAI-3S	3004&5707	λέγω	ἔλεγεν	
John 6:6	πειράζων	V-PAP-NSM	V-PAP-NSM	3985&5723	πειράζω	πειράζων	
John 6:6	αὐτόν·	P-ASM	P-ASM	846	αὐτός	αὐτόν	
John 6:6	αὐτὸς	P-NSM	P-NSM	846	αὐτός	αὐτός	
John 6:6	γὰρ	CONJ	CONJ	1063	γάρ	γάρ	
John 6:6	ᾔδει	V-2LAI-3S	V-2LAI-3S	1492&5714	οἶδα	ᾔδει	
John 6:6	τί	I-ASN	I-ASN	5101	τίς	τί	
John 6:6	ἔμελλεν	V-IAI-3S	V-IAI-3S	3195&5707	μέλλω	ἔμελλεν	
John 6:6	ποιεῖν.	V-PAN	V-PAN	4160&5721	ποιέω	ποιεῖν	
John 6:7	ἀπεκρίθη	V-ADI-3S	V-ADI-3S	611&5662	ἀποκρίνομαι	ἀπεκρίθη	
John 6:7	αὐτῷ	P-DSM	P-DSM	846	αὐτός	αὐτῷ	
John 6:7	ὁ	T-NSM	T-NSM	3588	ὁ	ὁ	
John 6:7	Φίλιππος	N-NSM	N-NSM	5376	Φίλιππος	Φίλιππος	
John 6:7	Διακοσίων	A-GPN	A-GPN	1250	διακόσιοι	Διακοσίων	
John 6:7	δηναρίων	N-GPN	N-GPN	1220	δηνάριον	δηναρίων	
John 6:7	ἄρτοι	N-NPM	N-NPM	740	ἄρτος	ἄρτοι	
John 6:7	οὐκ	PRT-N	PRT-N	3756	οὐ	οὐκ	
John 6:7	ἀρκοῦσιν	V-PAI-3P	V-PAI-3P	714&5719	ἀρκέω	ἀρκοῦσιν	
John 6:7	αὐτοῖς,	P-DPM	P-DPM	846	αὐτός	αὐτοῖς	
John 6:7	ἵνα	CONJ	CONJ	2443	ἵνα	ἵνα	
John 6:7	ἕκαστος	A-NSM	A-NSM	1538	ἕκαστος	ἕκαστος	
John 6:7	βραχύ	A-ASN	A-ASN	1024	βραχύς	βραχύ	
John 6:7	τι	X-ASN	X-ASN	5100	τὶς	τι	
John 6:7	λάβῃ.	V-2AAS-3S	V-2AAS-3S	2983&5632	λαμβάνω	λάβῃ	
John 6:8	λέγει	V-PAI-3S	V-PAI-3S	3004&5719	λέγω	λέγει	
John 6:8	αὐτῷ	P-DSM	P-DSM	846	αὐτός	αὐτῷ	
John 6:8	εἷς	A-NSM	A-NSM	1520	εἷς	εἷς	
John 6:8	ἐκ	PREP	PREP	1537	ἐκ	ἐκ	
John 6:8	τῶν	T-GPM	T-GPM	3588	ὁ	τῶν	
John 6:8	μαθητῶν	N-GPM	N-GPM	3101	μαθητής	μαθητῶν	
John 6:8	αὐτοῦ,	P-GSM	P-GSM	846	αὐτός	αὐτοῦ	
John 6:8	Ἀνδρέας	N-NSM	N-NSM	406	Ἀνδρέας	Ἀνδρέας	
John 6:8	ὁ	T-NSM	T-NSM	3588	ὁ	ὁ	
John 6:8	ἀδελφὸς	N-NSM	N-NSM	80	ἀδελφός	ἀδελφός	
John 6:8	Σίμωνος	N-GSM	N-GSM	4613	Σίμων	Σίμωνος	
John 6:8	Πέτρου	N-GSM	N-GSM	4074	Πέτρος	Πέτρου	
John 6:9	Ἔστιν	V-PAI-3S	V-PAI-3S	1510&5719	εἰμί	Ἔστιν	
John 6:9	παιδάριον	N-NSN	N-NSN	3808	παιδάριον	παιδάριον	
John 6:9	ὧδε	ADV	ADV	5602	ὧδε	ὧδε	
John 6:9	ὃς	R-NSM	R-NSM	3739	ὅς	ὅς	
John 6:9	ἔχει	V-PAI-3S	V-PAI-3S	2192&5719	ἔχω	ἔχει	
John 6:9	πέντε	A-NUI	A-NUI	4002	πέντε	πέντε	
John 6:9	ἄρτους	N-APM	N-APM	740	ἄρτος	ἄρτους	
John 6:9	κριθίνους	A-APM	A-APM	2916	κρίθινος	κριθίνους	
John 6:9	καὶ	CONJ	CONJ	2532	καί	καί	
John 6:9	δύο	A-NUI	A-NUI	1417	δύο	δύο	
John 6:9	ὀψάρια·	N-APN	N-APN	3795	ὀψάριον	ὀψάρια	
John 6:9	ἀλλὰ	CONJ	CONJ	235	ἀλλά	ἀλλά	
John 6:9	ταῦτα	D-NPN	D-NPN	3778	οὗτος	ταῦτα	
John 6:9	τί	I-NSN	I-NSN	5101	τίς	τί	
John 6:9	ἐστιν	V-PAI-3S	V-PAI-3S	1510&5719	εἰμί	ἐστιν	
John 6:9	εἰς	PREP	PREP	1519	εἰς	εἰς	
John 6:9	τοσούτους;	D-APM	D-APM	5118	τοσοῦτος	τοσούτους	
John 6:10	εἶπεν	V-2AAI-3S	V-2AAI-3S	3004&5627	λέγω	εἶπεν	
John 6:10	ὁ	T-NSM	T-NSM	3588	ὁ	ὁ	
John 6:10	Ἰησοῦς	N-NSM	N-NSM	2424	Ἰησοῦς	Ἰησοῦς	
John 6:10	Ποιήσατε	V-AAM-2P	V-AAM-2P	4160&5657	ποιέω	Ποιήσατε	
John 6:10	τοὺς	T-APM	T-APM	3588	ὁ	τούς	
John 6:10	ἀνθρώπους	N-APM	N-APM	444	ἄνθρωπος	ἀνθρώπους	
John 6:10	ἀναπεσεῖν.	V-2AAN	V-2AAN	377&5629	ἀναπίπτω	ἀναπεσεῖν	
John 6:10	ἦν	V-IAI-3S	V-IAI-3S	1510&5707	εἰμί	ἦν	
John 6:10	δὲ	CONJ	CONJ	1161	δέ	δέ	
John 6:10	χόρτος	N-NSM	N-NSM	5528	χόρτος	χόρτος	
John 6:10	πολὺς	A-NSM	A-NSM	4183	πολύς	πολύς	
John 6:10	ἐν	PREP	PREP	1722	ἐν	ἐν	
John 6:10	τῷ	T-DSM	T-DSM	3588	ὁ	τῷ	
John 6:10	τόπῳ.	N-DSM	N-DSM	5117	τόπος	τόπῳ	
John 6:10	ἀνέπεσαν	V-2AAI-3P	V-2AAI-3P	377&5627	ἀναπίπτω	ἀνέπεσαν	
John 6:10	οὖν	CONJ	CONJ	3767	οὖν	οὖν	
John 6:10	οἱ	T-NPM	T-NPM	3588	ὁ	οἱ	
John 6:10	ἄνδρες	N-NPM	N-NPM	435	ἀνήρ	ἄνδρες	
John 6:10	τὸν	T-ASM	T-ASM	3588	ὁ	τόν	
John 6:10	ἀριθμὸν	N-ASM	N-ASM	706	ἀριθμός	ἀριθμόν	
John 6:10	ὡς	ADV	ADV	5613	ὡς	ὡς	
John 6:10	πεντακισχίλιοι.	A-NPM	A-NPM	4000	πεντακισχίλιοι	πεντακισχίλιοι	
John 6:11	ἔλαβεν	V-2AAI-3S	V-2AAI-3S	2983&5627	λαμβάνω	ἔλαβεν	
John 6:11	οὖν	CONJ	CONJ	3767	οὖν	οὖν	
John 6:11	τοὺς	T-APM	T-APM	3588	ὁ	τούς	
John 6:11	ἄρτους	N-APM	N-APM	740	ἄρτος	ἄρτους	
John 6:11	ὁ	T-NSM	T-NSM	3588	ὁ	ὁ	
John 6:11	Ἰησοῦς	N-NSM	N-NSM	2424	Ἰησοῦς	Ἰησοῦς	
John 6:11	καὶ	CONJ	CONJ	2532	καί	καί	
John 6:11	εὐχαριστήσας	V-AAP-NSM	V-AAP-NSM	2168&5660	εὐχαριστέω	εὐχαριστήσας	
John 6:11	διέδωκεν	V-AAI-3S	V-AAI-3S	1239&5656	διαδίδωμι	διέδωκεν	
John 6:11	τοῖς	T-DPM	T-DPM	3588	ὁ	τοῖς	
John 6:11	ἀνακειμένοις,	V-PNP-DPM	V-PNP-DPM	345&5740	ἀνάκειμαι	ἀνακειμένοις	
John 6:11	ὁμοίως	ADV	ADV	3668	ὁμοίως	ὁμοίως	
John 6:11	καὶ	CONJ	CONJ	2532	καί	καί	
John 6:11	ἐκ	PREP	PREP	1537	ἐκ	ἐκ	
John 6:11	τῶν	T-GPN	T-GPN	3588	ὁ	τῶν	
John 6:11	ὀψαρίων	N-GPN	N-GPN	3795	ὀψάριον	ὀψαρίων	
John 6:11	ὅσον	K-ASN	K-ASN	3745	ὅσος	ὅσον	
John 6:11	ἤθελον.	V-IAI-3P	V-IAI-3P	2309&5707	θέλω	ἤθελον	
John 6:12	ὡς	ADV	ADV	5613	ὡς	ὡς	
John 6:12	δὲ	CONJ	CONJ	1161	δέ	δέ	
John 6:12	ἐνεπλήσθησαν,	V-API-3P	V-API-3P	1705&5681	ἐμπίπλημι	ἐνεπλήσθησαν	
John 6:12	λέγει	V-PAI-3S	V-PAI-3S	3004&5719	λέγω	λέγει	
John 6:12	τοῖς	T-DPM	T-DPM	3588	ὁ	τοῖς	
John 6:12	μαθηταῖς	N-DPM	N-DPM	3101	μαθητής	μαθηταῖς	
John 6:12	αὐτοῦ	P-GSM	P-GSM	846	αὐτός	αὐτοῦ	
John 6:12	Συναγάγετε	V-2AAM-2P	V-2AAM-2P	4863&5628	συνάγω	Συναγάγετε	
John 6:12	τὰ	T-APN	T-APN	3588	ὁ	τά	
John 6:12	περισσεύσαντα	V-AAP-APN	V-AAP-APN	4052&5660	περισσεύω	περισσεύσαντα	
John 6:12	κλάσματα,	N-APN	N-APN	2801	κλάσμα	κλάσματα	
John 6:12	ἵνα	CONJ	CONJ	2443	ἵνα	ἵνα	
John 6:12	μή	PRT-N	PRT-N	3361	μή	μή	
John 6:12	τι	X-NSN	X-NSN	5100	τὶς	τι	
John 6:12	ἀπόληται.	V-2AMS-3S	V-2AMS-3S	622&5643	ἀπόλλυμι	ἀπόληται	
John 6:13	συνήγαγον	V-2AAI-3P	V-2AAI-3P	4863&5627	συνάγω	συνήγαγον	
John 6:13	οὖν,	CONJ	CONJ	3767	οὖν	οὖν	
John 6:13	καὶ	CONJ	CONJ	2532	καί	καί	
John 6:13	ἐγέμισαν	V-AAI-3P	V-AAI-3P	1072&5656	γεμίζω	ἐγέμισαν	
John 6:13	δώδεκα	A-NUI	A-NUI	1427	δώδεκα	δώδεκα	
John 6:13	κοφίνους	N-APM	N-APM	2894	κόφινος	κοφίνους	
John 6:13	κλασμάτων	N-GPN	N-GPN	2801	κλάσμα	κλασμάτων	
John 6:13	ἐκ	PREP	PREP	1537	ἐκ	ἐκ	
John 6:13	τῶν	T-GPM	T-GPM	3588	ὁ	τῶν	
John 6:13	πέντε	A-NUI	A-NUI	4002	πέντε	πέντε	
John 6:13	ἄρτων	N-GPM	N-GPM	740	ἄρτος	ἄρτων	
John 6:13	τῶν	T-GPM	T-GPM	3588	ὁ	τῶν	
John 6:13	κριθίνων	A-GPM	A-GPM	2916	κρίθινος	κριθίνων	
John 6:13	ἃ	R-NPN	R-NPN	3739	ὅς	ἅ	
John 6:13	ἐπερίσσευσαν	V-AAI-3P	V-AAI-3P	4052&5656	περισσεύω	ἐπερίσσευσαν	
John 6:13	τοῖς	T-DPM	T-DPM	3588	ὁ	τοῖς	
John 6:13	βεβρωκόσιν.	V-RAP-DPM	V-RAP-DPM	977&5761	βιβρώσκω	βεβρωκόσιν	
John 6:14	Οἱ	T-NPM	T-NPM	3588	ὁ	Οἱ	
John 6:14	οὖν	CONJ	CONJ	3767	οὖν	οὖν	
John 6:14	ἄνθρωποι	N-NPM	N-NPM	444	ἄνθρωπος	ἄνθρωποι	
John 6:14	ἰδόντες	V-2AAP-NPM	V-2AAP-NPM	3708&5631	ὁράω	ἰδόντες	
John 6:14	ὃ	R-ASN	R-ASN	3739	ὅς	ὅ	
John 6:14	ἐποίησεν	V-AAI-3S	V-AAI-3S	4160&5656	ποιέω	ἐποίησεν	
John 6:14	σημεῖον	N-ASN	N-ASN	4592	σημεῖον	σημεῖον	
John 6:14	ἔλεγον	V-IAI-3P	V-IAI-3P	3004&5707	λέγω	ἔλεγον	
John 6:14	ὅτι	CONJ	CONJ	3754	ὅτι	ὅτι	
John 6:14	Οὗτός	D-NSM	D-NSM	3778	οὗτος	Οὗτος	
John 6:14	ἐστιν	V-PAI-3S	V-PAI-3S	1510&5719	εἰμί	ἐστιν	
John 6:14	ἀληθῶς	ADV	ADV	230	ἀληθῶς	ἀληθῶς	
John 6:14	ὁ	T-NSM	T-NSM	3588	ὁ	ὁ	
John 6:14	προφήτης	N-NSM	N-NSM	4396	προφήτης	προφήτης	
John 6:14	ὁ	T-NSM	T-NSM	3588	ὁ	ὁ	
John 6:14	ἐρχόμενος	V-PNP-NSM	V-PNP-NSM	2064&5740	ἔρχομαι	ἐρχόμενος	
John 6:14	εἰς	PREP	PREP	1519	εἰς	εἰς	
John 6:14	τὸν	T-ASM	T-ASM	3588	ὁ	τόν	
John 6:14	κόσμον.	N-ASM	N-ASM	2889	κόσμος	κόσμον	
John 6:15	Ἰησοῦς	N-NSM	N-NSM	2424	Ἰησοῦς	Ἰησοῦς	
John 6:15	οὖν	CONJ	CONJ	3767	οὖν	οὖν	
John 6:15	γνοὺς	V-2AAP-NSM	V-2AAP-NSM	1097&5631	γινώσκω	γνούς	
John 6:15	ὅτι	CONJ	CONJ	3754	ὅτι	ὅτι	
John 6:15	μέλλουσιν	V-PAI-3P	V-PAI-3P	3195&5719	μέλλω	μέλλουσιν	
John 6:15	ἔρχεσθαι	V-PNN	V-PNN	2064&5738	ἔρχομαι	ἔρχεσθαι	
John 6:15	καὶ	CONJ	CONJ	2532	καί	καί	
John 6:15	ἁρπάζειν	V-PAN	V-PAN	726&5721	ἁρπάζω	ἁρπάζειν	
John 6:15	αὐτὸν	P-ASM	P-ASM	846	αὐτός	αὐτόν	
John 6:15	ἵνα	CONJ	CONJ	2443	ἵνα	ἵνα	
John 6:15	ποιήσωσιν	V-AAS-3P	V-AAS-3P	4160&5661	ποιέω	ποιήσωσιν	
John 6:15	βασιλέα,	N-ASM	N-ASM	935	βασιλεύς	βασιλέα	
John 6:15	ἀνεχώρησεν	V-AAI-3S	V-AAI-3S	402&5656	ἀναχωρέω	ἀνεχώρησεν	
John 6:15	πάλιν	ADV	ADV	3825	πάλιν	πάλιν	
John 6:15	εἰς	PREP	PREP	1519	εἰς	εἰς	
John 6:15	τὸ	T-ASN	T-ASN	3588	ὁ	τό	
John 6:15	ὄρος	N-ASN	N-ASN	3735	ὄρος	ὄρος	
John 6:15	αὐτὸς	P-NSM	P-NSM	846	αὐτός	αὐτός	
John 6:15	μόνος.	A-NSM	A-NSM	3441	μόνος	μόνος	
John 6:16	Ὡς	ADV	ADV	5613	ὡς	Ὡς	
John 6:16	δὲ	CONJ	CONJ	1161	δέ	δέ	
John 6:16	ὀψία	A-NSF	A-NSF	3798	ὄψιος	ὀψία	
John 6:16	ἐγένετο,	V-2ADI-3S	V-2ADI-3S	1096&5633	γίνομαι	ἐγένετο	
John 6:16	κατέβησαν	V-2AAI-3P	V-2AAI-3P	2597&5627	καταβαίνω	κατέβησαν	
John 6:16	οἱ	T-NPM	T-NPM	3588	ὁ	οἱ	
John 6:16	μαθηταὶ	N-NPM	N-NPM	3101	μαθητής	μαθηταί	
John 6:16	αὐτοῦ	P-GSM	P-GSM	846	αὐτός	αὐτοῦ	
John 6:16	ἐπὶ	PREP	PREP	1909	ἐπί	ἐπί	
John 6:16	τὴν	T-ASF	T-ASF	3588	ὁ	τήν	
John 6:16	θάλασσαν,	N-ASF	N-ASF	2281	θάλασσα	θάλασσαν	
John 6:17	καὶ	CONJ	CONJ	2532	καί	καί	
John 6:17	ἐμβάντες	V-2AAP-NPM	V-2AAP-NPM	1684&5631	ἐμβαίνω	ἐμβάντες	
John 6:17	εἰς	PREP	PREP	1519	εἰς	εἰς	
John 6:17	πλοῖον	N-ASN	N-ASN	4143	πλοῖον	πλοῖον	
John 6:17	ἤρχοντο	V-INI-3P	V-INI-3P	2064&5711	ἔρχομαι	ἤρχοντο	
John 6:17	πέραν	ADV	ADV	4008	πέραν	πέραν	
John 6:17	τῆς	T-GSF	T-GSF	3588	ὁ	τῆς	
John 6:17	θαλάσσης	N-GSF	N-GSF	2281	θάλασσα	θαλάσσης	
John 6:17	εἰς	PREP	PREP	1519	εἰς	εἰς	
John 6:17	Καφαρναούμ.	N-PRI	N-PRI	2584	Καφαρναούμ	Καφαρναούμ	
John 6:17	καὶ	CONJ	CONJ	2532	καί	καί	
John 6:17	σκοτία	N-NSF	N-NSF	4653	σκοτία	σκοτία	
John 6:17	ἤδη	ADV	ADV	2235	ἤδη	ἤδη	
John 6:17	ἐγεγόνει	V-2LAI-3S	V-2LAI-3S	1096&5714	γίνομαι	ἐγεγόνει	
John 6:17	καὶ	CONJ	CONJ	2532	καί	καί	
John 6:17	οὔπω	ADV-N	ADV-N	3768	οὔπω	οὔπω	
John 6:17	ἐληλύθει	V-2LAI-3S	V-2LAI-3S	2064&5714	ἔρχομαι	ἐληλύθει	
John 6:17	πρὸς	PREP	PREP	4314	πρός	πρός	
John 6:17	αὐτοὺς	P-APM	P-APM	846	αὐτός	αὐτούς	
John 6:17	ὁ	T-NSM	T-NSM	3588	ὁ	ὁ	
John 6:17	Ἰησοῦς,	N-NSM	N-NSM	2424	Ἰησοῦς	Ἰησοῦς	
John 6:18	ἥ	T-NSF	T-NSF	3588	ὁ	ἥ	
John 6:18	τε	PRT	PRT	5037	τέ	τε	
John 6:18	θάλασσα	N-NSF	N-NSF	2281	θάλασσα	θάλασσα	
John 6:18	ἀνέμου	N-GSM	N-GSM	417	ἄνεμος	ἀνέμου	
John 6:18	μεγάλου	A-GSM	A-GSM	3173	μέγας	μεγάλου	
John 6:18	πνέοντος	V-PAP-GSM	V-PAP-GSM	4154&5723	πνέω	πνέοντος	
John 6:18	διεγείρετο.	V-IPI-3S	V-IEI-3S	1326&5712	διεγείρω	διεγείρετο	
John 6:19	ἐληλακότες	V-RAP-NPM	V-RAP-NPM	1643&5761	ἐλαύνω	ἐληλακότες	
John 6:19	οὖν	CONJ	CONJ	3767	οὖν	οὖν	
John 6:19	ὡς	ADV	ADV	5613	ὡς	ὡς	
John 6:19	σταδίους	N-APM	N-APM	4712	στάδιον	σταδίους	
John 6:19	εἴκοσι	A-NUI	A-NUI	1501	εἴκοσι	εἴκοσι	
John 6:19	πέντε	A-NUI	A-NUI	4002	πέντε	πέντε	
John 6:19	ἢ	PRT	PRT	2228	ἤ	ἤ	
John 6:19	τριάκοντα	A-NUI	A-NUI	5144	τριάκοντα	τριάκοντα	
John 6:19	θεωροῦσιν	V-PAI-3P	V-PAI-3P	2334&5719	θεωρέω	θεωροῦσιν	
John 6:19	τὸν	T-ASM	T-ASM	3588	ὁ	τόν	
John 6:19	Ἰησοῦν	N-ASM	N-ASM	2424	Ἰησοῦς	Ἰησοῦν	
John 6:19	περιπατοῦντα	V-PAP-ASM	V-PAP-ASM	4043&5723	περιπατέω	περιπατοῦντα	
John 6:19	ἐπὶ	PREP	PREP	1909	ἐπί	ἐπί	
John 6:19	τῆς	T-GSF	T-GSF	3588	ὁ	τῆς	
John 6:19	θαλάσσης	N-GSF	N-GSF	2281	θάλασσα	θαλάσσης	
John 6:19	καὶ	CONJ	CONJ	2532	καί	καί	
John 6:19	ἐγγὺς	ADV	ADV	1451	ἐγγύς	ἐγγύς	
John 6:19	τοῦ	T-GSN	T-GSN	3588	ὁ	τοῦ	
John 6:19	πλοίου	N-GSN	N-GSN	4143	πλοῖον	πλοίου	
John 6:19	γινόμενον,	V-PNP-ASM	V-PNP-ASM	1096&5740	γίνομαι	γινόμενον	
John 6:19	καὶ	CONJ	CONJ	2532	καί	καί	
John 6:19	ἐφοβήθησαν.	V-AOI-3P	V-AOI-3P	5399&5675	φοβέω	ἐφοβήθησαν	
John 6:20	ὁ	T-NSM	T-NSM	3588	ὁ	ὁ	
John 6:20	δὲ	CONJ	CONJ	1161	δέ	δέ	
John 6:20	λέγει	V-PAI-3S	V-PAI-3S	3004&5719	λέγω	λέγει	
John 6:20	αὐτοῖς	P-DPM	P-DPM	846	αὐτός	αὐτοῖς	
John 6:20	Ἐγώ	P-1NS	P-1NS	1473	ἐγώ	Ἐγώ	
John 6:20	εἰμι,	V-PAI-1S	V-PAI-1S	1510&5719	εἰμί	εἰμι	
John 6:20	μὴ	PRT-N	PRT-N	3361	μή	μή	
John 6:20	φοβεῖσθε.	V-PNM-2P	V-PNM-2P	5399&5737	φοβέω	φοβεῖσθε	
John 6:21	ἤθελον	V-IAI-3P	V-IAI-3P	2309&5707	θέλω	ἤθελον	
John 6:21	οὖν	CONJ	CONJ	3767	οὖν	οὖν	
John 6:21	λαβεῖν	V-2AAN	V-2AAN	2983&5629	λαμβάνω	λαβεῖν	
John 6:21	αὐτὸν	P-ASM	P-ASM	846	αὐτός	αὐτόν	
John 6:21	εἰς	PREP	PREP	1519	εἰς	εἰς	
John 6:21	τὸ	T-ASN	T-ASN	3588	ὁ	τό	
John 6:21	πλοῖον,	N-ASN	N-ASN	4143	πλοῖον	πλοῖον	
John 6:21	καὶ	CONJ	CONJ	2532	καί	καί	
John 6:21	εὐθέως	ADV	ADV	2112	εὐθέως	εὐθέως	
John 6:21	ἐγένετο	V-2ADI-3S	V-2ADI-3S	1096&5633	γίνομαι	ἐγένετο	
John 6:21	τὸ	T-NSN	T-NSN	3588	ὁ	τό	
John 6:21	πλοῖον	N-NSN	N-NSN	4143	πλοῖον	πλοῖον	
John 6:21	ἐπὶ	PREP	PREP	1909	ἐπί	ἐπί	
John 6:21	τῆς	T-GSF	T-GSF	3588	ὁ	τῆς	
John 6:21	γῆς	N-GSF	N-GSF	1093	γῆ	γῆς	
John 6:21	εἰς	PREP	PREP	1519	εἰς	εἰς	
John 6:21	ἣν	R-ASF	R-ASF	3739	ὅς	ἥν	
John 6:21	ὑπῆγον.	V-IAI-3P	V-IAI-3P	5217&5707	ὑπάγω	ὑπῆγον	
John 6:22	Τῇ	T-DSF	T-DSF	3588	ὁ	Τῇ	
John 6:22	ἐπαύριον	ADV	ADV	1887	ἐπαύριον	ἐπαύριον	
John 6:22	ὁ	T-NSM	T-NSM	3588	ὁ	ὁ	
John 6:22	ὄχλος	N-NSM	N-NSM	3793	ὄχλος	ὄχλος	
John 6:22	ὁ	T-NSM	T-NSM	3588	ὁ	ὁ	
John 6:22	ἑστηκὼς	V-RAP-NSM	V-RAP-NSM	2476&5761	ἵστημι	ἑστηκώς	
John 6:22	πέραν	ADV	ADV	4008	πέραν	πέραν	
John 6:22	τῆς	T-GSF	T-GSF	3588	ὁ	τῆς	
John 6:22	θαλάσσης	N-GSF	N-GSF	2281	θάλασσα	θαλάσσης	
John 6:22	εἶδον	V-2AAI-3P	V-2AAI-3P	3708&5627	ὁράω	εἶδον	
John 6:22	ὅτι	CONJ	CONJ	3754	ὅτι	ὅτι	
John 6:22	πλοιάριον	N-NSN	N-NSN	4142	πλοιάριον	πλοιάριον	
John 6:22	ἄλλο	A-NSN	A-NSN	243	ἄλλος	ἄλλο	
John 6:22	οὐκ	PRT-N	PRT-N	3756	οὐ	οὐκ	
John 6:22	ἦν	V-IAI-3S	V-IAI-3S	1510&5707	εἰμί	ἦν	
John 6:22	ἐκεῖ	ADV	ADV	1563	ἐκεῖ	ἐκεῖ	
John 6:22	εἰ	COND	COND	1487	εἰ	εἰ	
John 6:22	μὴ	PRT-N	PRT-N	3361	μή	μή	
John 6:22	ἕν,	A-NSN	A-NSN	1520	εἷς	ἕν	
John 6:22	καὶ	CONJ	CONJ	2532	καί	καί	
John 6:22	ὅτι	CONJ	CONJ	3754	ὅτι	ὅτι	
John 6:22	οὐ	PRT-N	PRT-N	3756	οὐ	οὐ	
John 6:22	συνεισῆλθεν	V-2AAI-3S	V-2AAI-3S	4897&5627	συνεισέρχομαι	συνεισῆλθεν	
John 6:22	τοῖς	T-DPM	T-DPM	3588	ὁ	τοῖς	
John 6:22	μαθηταῖς	N-DPM	N-DPM	3101	μαθητής	μαθηταῖς	
John 6:22	αὐτοῦ	P-GSM	P-GSM	846	αὐτός	αὐτοῦ	
John 6:22	ὁ	T-NSM	T-NSM	3588	ὁ	ὁ	
John 6:22	Ἰησοῦς	N-NSM	N-NSM	2424	Ἰησοῦς	Ἰησοῦς	
John 6:22	εἰς	PREP	PREP	1519	εἰς	εἰς	
John 6:22	τὸ	T-ASN	T-ASN	3588	ὁ	τό	
John 6:22	πλοῖον	N-ASN	N-ASN	4143	πλοῖον	πλοῖον	
John 6:22	ἀλλὰ	CONJ	CONJ	235	ἀλλά	ἀλλά	
John 6:22	μόνοι	A-NPM	A-NPM	3441	μόνος	μόνοι	
John 6:22	οἱ	T-NPM	T-NPM	3588	ὁ	οἱ	
John 6:22	μαθηταὶ	N-NPM	N-NPM	3101	μαθητής	μαθηταί	
John 6:22	αὐτοῦ	P-GSM	P-GSM	846	αὐτός	αὐτοῦ	
John 6:22	ἀπῆλθον·	V-2AAI-3P	V-2AAI-3P	565&5627	ἀπέρχομαι	ἀπῆλθον	
John 6:23	ἀλλὰ	CONJ	CONJ	235	ἀλλά	ἀλλά	
John 6:23	ἦλθεν	V-2AAI-3S	V-2AAI-3S	2064&5627	ἔρχομαι	ἦλθεν	
John 6:23	πλοιάρια	N-APN	N-APN	4142	πλοιάριον	πλοιάρια	
John 6:23	ἐκ	PREP	PREP	1537	ἐκ	ἐκ	
John 6:23	Τιβεριάδος	N-GSF	N-GSF	5085	Τιβεριάς	Τιβεριάδος	
John 6:23	ἐγγὺς	ADV	ADV	1451	ἐγγύς	ἐγγύς	
John 6:23	τοῦ	T-GSM	T-GSM	3588	ὁ	τοῦ	
John 6:23	τόπου	N-GSM	N-GSM	5117	τόπος	τόπου	
John 6:23	ὅπου	ADV	ADV	3699	ὅπου	ὅπου	
John 6:23	ἔφαγον	V-2AAI-3P	V-2AAI-3P	5315&5627	ἐσθίω	ἔφαγον	
John 6:23	τὸν	T-ASM	T-ASM	3588	ὁ	τόν	
John 6:23	ἄρτον	N-ASM	N-ASM	740	ἄρτος	ἄρτον	
John 6:23	εὐχαριστήσαντος	V-AAP-GSM	V-AAP-GSM	2168&5660	εὐχαριστέω	εὐχαριστήσαντος	
John 6:23	τοῦ	T-GSM	T-GSM	3588	ὁ	τοῦ	
John 6:23	Κυρίου.	N-GSM	N-GSM	2962	κύριος	Κυρίου	
John 6:24	ὅτε	ADV	ADV	3753	ὅτε	ὅτε	
John 6:24	οὖν	CONJ	CONJ	3767	οὖν	οὖν	
John 6:24	εἶδεν	V-2AAI-3S	V-2AAI-3S	3708&5627	ὁράω	εἶδεν	
John 6:24	ὁ	T-NSM	T-NSM	3588	ὁ	ὁ	
John 6:24	ὄχλος	N-NSM	N-NSM	3793	ὄχλος	ὄχλος	
John 6:24	ὅτι	CONJ	CONJ	3754	ὅτι	ὅτι	
John 6:24	Ἰησοῦς	N-NSM	N-NSM	2424	Ἰησοῦς	Ἰησοῦς	
John 6:24	οὐκ	PRT-N	PRT-N	3756	οὐ	οὐκ	
John 6:24	ἔστιν	V-PAI-3S	V-PAI-3S	1510&5719	εἰμί	ἔστιν	
John 6:24	ἐκεῖ	ADV	ADV	1563	ἐκεῖ	ἐκεῖ	
John 6:24	οὐδὲ	CONJ-N	CONJ-N	3761	οὐδέ	οὐδέ	
John 6:24	οἱ	T-NPM	T-NPM	3588	ὁ	οἱ	
John 6:24	μαθηταὶ	N-NPM	N-NPM	3101	μαθητής	μαθηταί	
John 6:24	αὐτοῦ,	P-GSM	P-GSM	846	αὐτός	αὐτοῦ	
John 6:24	ἐνέβησαν	V-2AAI-3P	V-2AAI-3P	1684&5627	ἐμβαίνω	ἐνέβησαν	
John 6:24	αὐτοὶ	P-NPM	P-NPM	846	αὐτός	αὐτοί	
John 6:24	εἰς	PREP	PREP	1519	εἰς	εἰς	
John 6:24	τὰ	T-APN	T-APN	3588	ὁ	τά	
John 6:24	πλοιάρια	N-APN	N-APN	4142	πλοιάριον	πλοιάρια	
John 6:24	καὶ	CONJ	CONJ	2532	καί	καί	
John 6:24	ἦλθον	V-2AAI-3P	V-2AAI-3P	2064&5627	ἔρχομαι	ἦλθον	
John 6:24	εἰς	PREP	PREP	1519	εἰς	εἰς	
John 6:24	Καφαρναοὺμ	N-PRI	N-PRI	2584	Καφαρναούμ	Καφαρναούμ	
John 6:24	ζητοῦντες	V-PAP-NPM	V-PAP-NPM	2212&5723	ζητέω	ζητοῦντες	
John 6:24	τὸν	T-ASM	T-ASM	3588	ὁ	τόν	
John 6:24	Ἰησοῦν.	N-ASM	N-ASM	2424	Ἰησοῦς	Ἰησοῦν	
John 6:25	καὶ	CONJ	CONJ	2532	καί	καί	
John 6:25	εὑρόντες	V-2AAP-NPM	V-2AAP-NPM	2147&5631	εὑρίσκω	εὑρόντες	
John 6:25	αὐτὸν	P-ASM	P-ASM	846	αὐτός	αὐτόν	
John 6:25	πέραν	ADV	ADV	4008	πέραν	πέραν	
John 6:25	τῆς	T-GSF	T-GSF	3588	ὁ	τῆς	
John 6:25	θαλάσσης	N-GSF	N-GSF	2281	θάλασσα	θαλάσσης	
John 6:25	εἶπον	V-2AAI-3P	V-2AAI-3P	3004&5627	λέγω	εἶπον	
John 6:25	αὐτῷ	P-DSM	P-DSM	846	αὐτός	αὐτῷ	
John 6:25	Ῥαββεί,	HEB	HEB	4461	ῥαββί	Ῥαββεί	
John 6:25	πότε	PRT-I	PRT-I	4219	πότε	πότε	
John 6:25	ὧδε	ADV	ADV	5602	ὧδε	ὧδε	
John 6:25	γέγονας;	V-2RAI-2S	V-2RAI-2S	1096&5754	γίνομαι	γέγονας	
John 6:26	ἀπεκρίθη	V-ADI-3S	V-ADI-3S	611&5662	ἀποκρίνομαι	ἀπεκρίθη	
John 6:26	αὐτοῖς	P-DPM	P-DPM	846	αὐτός	αὐτοῖς	
John 6:26	ὁ	T-NSM	T-NSM	3588	ὁ	ὁ	
John 6:26	Ἰησοῦς	N-NSM	N-NSM	2424	Ἰησοῦς	Ἰησοῦς	
John 6:26	καὶ	CONJ	CONJ	2532	καί	καί	
John 6:26	εἶπεν	V-2AAI-3S	V-2AAI-3S	3004&5627	λέγω	εἶπεν	
John 6:26	Ἀμὴν	HEB	HEB	281	ἀμήν	Ἀμήν	
John 6:26	ἀμὴν	HEB	HEB	281	ἀμήν	ἀμήν	
John 6:26	λέγω	V-PAI-1S	V-PAI-1S	3004&5719	λέγω	λέγω	
John 6:26	ὑμῖν,	P-2DP	P-2DP	4771	σύ	ὑμῖν	
John 6:26	ζητεῖτέ	V-PAI-2P	V-PAI-2P	2212&5719	ζητέω	ζητεῖτε	
John 6:26	με	P-1AS	P-1AS	1473	ἐγώ	με	
John 6:26	οὐχ	PRT-N	PRT-N	3756	οὐ	οὐχ	
John 6:26	ὅτι	CONJ	CONJ	3754	ὅτι	ὅτι	
John 6:26	εἴδετε	V-2AAI-2P	V-2AAI-2P	3708&5627	ὁράω	εἴδετε	
John 6:26	σημεῖα,	N-APN	N-APN	4592	σημεῖον	σημεῖα	
John 6:26	ἀλλ’	CONJ	CONJ	235	ἀλλά	ἀλλ’	
John 6:26	ὅτι	CONJ	CONJ	3754	ὅτι	ὅτι	
John 6:26	ἐφάγετε	V-2AAI-2P	V-2AAI-2P	5315&5627	ἐσθίω	ἐφάγετε	
John 6:26	ἐκ	PREP	PREP	1537	ἐκ	ἐκ	
John 6:26	τῶν	T-GPM	T-GPM	3588	ὁ	τῶν	
John 6:26	ἄρτων	N-GPM	N-GPM	740	ἄρτος	ἄρτων	
John 6:26	καὶ	CONJ	CONJ	2532	καί	καί	
John 6:26	ἐχορτάσθητε.	V-API-2P	V-API-2P	5526&5681	χορτάζω	ἐχορτάσθητε	
John 6:27	ἐργάζεσθε	V-PNM-2P	V-PNM-2P	2038&5737	ἐργάζομαι	ἐργάζεσθε	
John 6:27	μὴ	PRT-N	PRT-N	3361	μή	μή	
John 6:27	τὴν	T-ASF	T-ASF	3588	ὁ	τήν	
John 6:27	βρῶσιν	N-ASF	N-ASF	1035	βρῶσις	βρῶσιν	
John 6:27	τὴν	T-ASF	T-ASF	3588	ὁ	τήν	
John 6:27	ἀπολλυμένην,	V-PMP-ASF	V-PEP-ASF	622&5734	ἀπόλλυμι	ἀπολλυμένην	
John 6:27	ἀλλὰ	CONJ	CONJ	235	ἀλλά	ἀλλά	
John 6:27	τὴν	T-ASF	T-ASF	3588	ὁ	τήν	
John 6:27	βρῶσιν	N-ASF	N-ASF	1035	βρῶσις	βρῶσιν	
John 6:27	τὴν	T-ASF	T-ASF	3588	ὁ	τήν	
John 6:27	μένουσαν	V-PAP-ASF	V-PAP-ASF	3306&5723	μένω	μένουσαν	
John 6:27	εἰς	PREP	PREP	1519	εἰς	εἰς	
John 6:27	ζωὴν	N-ASF	N-ASF	2222	ζωή	ζωήν	
John 6:27	αἰώνιον,	A-ASF	A-ASF	166	αἰώνιος	αἰώνιον	
John 6:27	ἣν	R-ASF	R-ASF	3739	ὅς	ἥν	
John 6:27	ὁ	T-NSM	T-NSM	3588	ὁ	ὁ	
John 6:27	Υἱὸς	N-NSM	N-NSM	5207	υἱός	Υἱός	
John 6:27	τοῦ	T-GSM	T-GSM	3588	ὁ	τοῦ	
John 6:27	ἀνθρώπου	N-GSM	N-GSM	444	ἄνθρωπος	ἀνθρώπου	
John 6:27	ὑμῖν	P-2DP	P-2DP	4771	σύ	ὑμῖν	
John 6:27	δώσει·	V-FAI-3S	V-FAI-3S	1325&5692	δίδωμι	δώσει	
John 6:27	τοῦτον	D-ASM	D-ASM	3778	οὗτος	τοῦτον	
John 6:27	γὰρ	CONJ	CONJ	1063	γάρ	γάρ	
John 6:27	ὁ	T-NSM	T-NSM	3588	ὁ	ὁ	
John 6:27	Πατὴρ	N-NSM	N-NSM	3962	πατήρ	Πατήρ	
John 6:27	ἐσφράγισεν	V-AAI-3S	V-AAI-3S	4972&5656	σφραγίζω	ἐσφράγισεν	
John 6:27	ὁ	T-NSM	T-NSM	3588	ὁ	ὁ	
John 6:27	Θεός.	N-NSM	N-NSM	2316	θεός	Θεός	
John 6:28	εἶπον	V-2AAI-3P	V-2AAI-3P	3004&5627	λέγω	εἶπον	
John 6:28	οὖν	CONJ	CONJ	3767	οὖν	οὖν	
John 6:28	πρὸς	PREP	PREP	4314	πρός	πρός	
John 6:28	αὐτόν	P-ASM	P-ASM	846	αὐτός	αὐτόν	
John 6:28	Τί	I-ASN	I-ASN	5101	τίς	Τί	
John 6:28	ποιῶμεν	V-PAS-1P	V-PAS-1P	4160&5725	ποιέω	ποιῶμεν	
John 6:28	ἵνα	CONJ	CONJ	2443	ἵνα	ἵνα	
John 6:28	ἐργαζώμεθα	V-PNS-1P	V-PNS-1P	2038&5741	ἐργάζομαι	ἐργαζώμεθα	
John 6:28	τὰ	T-APN	T-APN	3588	ὁ	τά	
John 6:28	ἔργα	N-APN	N-APN	2041	ἔργον	ἔργα	
John 6:28	τοῦ	T-GSM	T-GSM	3588	ὁ	τοῦ	
John 6:28	Θεοῦ;	N-GSM	N-GSM	2316	θεός	Θεοῦ	
John 6:29	ἀπεκρίθη	V-ADI-3S	V-ADI-3S	611&5662	ἀποκρίνομαι	ἀπεκρίθη	
John 6:29	Ἰησοῦς	N-NSM	N-NSM	2424	Ἰησοῦς	Ἰησοῦς	
John 6:29	καὶ	CONJ	CONJ	2532	καί	καί	
John 6:29	εἶπεν	V-2AAI-3S	V-2AAI-3S	3004&5627	λέγω	εἶπεν	
John 6:29	αὐτοῖς	P-DPM	P-DPM	846	αὐτός	αὐτοῖς	
John 6:29	Τοῦτό	D-NSN	D-NSN	3778	οὗτος	Τοῦτο	
John 6:29	ἐστιν	V-PAI-3S	V-PAI-3S	1510&5719	εἰμί	ἐστιν	
John 6:29	τὸ	T-NSN	T-NSN	3588	ὁ	τό	
John 6:29	ἔργον	N-NSN	N-NSN	2041	ἔργον	ἔργον	
John 6:29	τοῦ	T-GSM	T-GSM	3588	ὁ	τοῦ	
John 6:29	Θεοῦ,	N-GSM	N-GSM	2316	θεός	Θεοῦ	
John 6:29	ἵνα	CONJ	CONJ	2443	ἵνα	ἵνα	
John 6:29	πιστεύητε	V-PAS-2P	V-PAS-2P	4100&5725	πιστεύω	πιστεύητε	
John 6:29	εἰς	PREP	PREP	1519	εἰς	εἰς	
John 6:29	ὃν	R-ASM	R-ASM	3739	ὅς	ὅν	
John 6:29	ἀπέστειλεν	V-AAI-3S	V-AAI-3S	649&5656	ἀποστέλλω	ἀπέστειλεν	
John 6:29	ἐκεῖνος.	D-NSM	D-NSM	1565	ἐκεῖνος	ἐκεῖνος	
John 6:30	εἶπον	V-2AAI-3P	V-2AAI-3P	3004&5627	λέγω	εἶπον	
John 6:30	οὖν	CONJ	CONJ	3767	οὖν	οὖν	
John 6:30	αὐτῷ	P-DSM	P-DSM	846	αὐτός	αὐτῷ	
John 6:30	Τί	I-ASN	I-ASN	5101	τίς	Τί	
John 6:30	οὖν	CONJ	CONJ	3767	οὖν	οὖν	
John 6:30	ποιεῖς	V-PAI-2S	V-PAI-2S	4160&5719	ποιέω	ποιεῖς	
John 6:30	σὺ	P-2NS	P-2NS	4771	σύ	σύ	
John 6:30	σημεῖον,	N-ASN	N-ASN	4592	σημεῖον	σημεῖον	
John 6:30	ἵνα	CONJ	CONJ	2443	ἵνα	ἵνα	
John 6:30	ἴδωμεν	V-2AAS-1P	V-2AAS-1P	3708&5632	ὁράω	ἴδωμεν	
John 6:30	καὶ	CONJ	CONJ	2532	καί	καί	
John 6:30	πιστεύσωμέν	V-AAS-1P	V-AAS-1P	4100&5661	πιστεύω	πιστεύσωμεν	
John 6:30	σοι;	P-2DS	P-2DS	4771	σύ	σοι	
John 6:30	τί	I-ASN	I-ASN	5101	τίς	τί	
John 6:30	ἐργάζῃ;	V-PNI-2S	V-PNI-2S	2038&5736	ἐργάζομαι	ἐργάζῃ	
John 6:31	οἱ	T-NPM	T-NPM	3588	ὁ	οἱ	
John 6:31	πατέρες	N-NPM	N-NPM	3962	πατήρ	πατέρες	
John 6:31	ἡμῶν	P-1GP	P-1GP	1473	ἐγώ	ἡμῶν	
John 6:31	τὸ	T-ASN	T-ASN	3588	ὁ	τό	
John 6:31	μάννα	HEB	HEB	3131	μάννα	μάννα	
John 6:31	ἔφαγον	V-2AAI-3P	V-2AAI-3P	5315&5627	ἐσθίω	ἔφαγον	
John 6:31	ἐν	PREP	PREP	1722	ἐν	ἐν	
John 6:31	τῇ	T-DSF	T-DSF	3588	ὁ	τῇ	
John 6:31	ἐρήμῳ,	A-DSF	A-DSF	2048	ἔρημος	ἐρήμῳ	
John 6:31	καθώς	ADV	ADV	2531	καθώς	καθώς	
John 6:31	ἐστιν	V-PAI-3S	V-PAI-3S	1510&5719	εἰμί	ἐστιν	
John 6:31	γεγραμμένον	V-RPP-NSN	V-RPP-NSN	1125&5772	γράφω	γεγραμμένον	
John 6:31	Ἄρτον	N-ASM	N-ASM	740	ἄρτος	Ἄρτον	
John 6:31	ἐκ	PREP	PREP	1537	ἐκ	ἐκ	
John 6:31	τοῦ	T-GSM	T-GSM	3588	ὁ	τοῦ	
John 6:31	οὐρανοῦ	N-GSM	N-GSM	3772	οὐρανός	οὐρανοῦ	
John 6:31	ἔδωκεν	V-AAI-3S	V-AAI-3S	1325&5656	δίδωμι	ἔδωκεν	
John 6:31	αὐτοῖς	P-DPM	P-DPM	846	αὐτός	αὐτοῖς	
John 6:31	φαγεῖν.	V-2AAN	V-2AAN	5315&5629	ἐσθίω	φαγεῖν	
John 6:32	εἶπεν	V-2AAI-3S	V-2AAI-3S	3004&5627	λέγω	εἶπεν	
John 6:32	οὖν	CONJ	CONJ	3767	οὖν	οὖν	
John 6:32	αὐτοῖς	P-DPM	P-DPM	846	αὐτός	αὐτοῖς	
John 6:32	ὁ	T-NSM	T-NSM	3588	ὁ	ὁ	
John 6:32	Ἰησοῦς	N-NSM	N-NSM	2424	Ἰησοῦς	Ἰησοῦς	
John 6:32	Ἀμὴν	HEB	HEB	281	ἀμήν	Ἀμήν	
John 6:32	ἀμὴν	HEB	HEB	281	ἀμήν	ἀμήν	
John 6:32	λέγω	V-PAI-1S	V-PAI-1S	3004&5719	λέγω	λέγω	
John 6:32	ὑμῖν,	P-2DP	P-2DP	4771	σύ	ὑμῖν	
John 6:32	οὐ	PRT-N	PRT-N	3756	οὐ	οὐ	
John 6:32	Μωϋσῆς	N-NSM	N-NSM	3475	Μωϋσῆς	Μωϋσῆς	
John 6:32	δέδωκεν	V-RAI-3S	V-RAI-3S	1325	δίδωμι	δέδωκεν	
John 6:32	ὑμῖν	P-2DP	P-2DP	4771	σύ	ὑμῖν	
John 6:32	τὸν	T-ASM	T-ASM	3588	ὁ	τόν	
John 6:32	ἄρτον	N-ASM	N-ASM	740	ἄρτος	ἄρτον	
John 6:32	ἐκ	PREP	PREP	1537	ἐκ	ἐκ	
John 6:32	τοῦ	T-GSM	T-GSM	3588	ὁ	τοῦ	
John 6:32	οὐρανοῦ,	N-GSM	N-GSM	3772	οὐρανός	οὐρανοῦ	
John 6:32	ἀλλ’	CONJ	CONJ	235	ἀλλά	ἀλλ’	
John 6:32	ὁ	T-NSM	T-NSM	3588	ὁ	ὁ	
John 6:32	Πατήρ	N-NSM	N-NSM	3962	πατήρ	Πατήρ	
John 6:32	μου	P-1GS	P-1GS	1473	ἐγώ	μου	
John 6:32	δίδωσιν	V-PAI-3S	V-PAI-3S	1325&5719	δίδωμι	δίδωσιν	
John 6:32	ὑμῖν	P-2DP	P-2DP	4771	σύ	ὑμῖν	
John 6:32	τὸν	T-ASM	T-ASM	3588	ὁ	τόν	
John 6:32	ἄρτον	N-ASM	N-ASM	740	ἄρτος	ἄρτον	
John 6:32	ἐκ	PREP	PREP	1537	ἐκ	ἐκ	
John 6:32	τοῦ	T-GSM	T-GSM	3588	ὁ	τοῦ	
John 6:32	οὐρανοῦ	N-GSM	N-GSM	3772	οὐρανός	οὐρανοῦ	
John 6:32	τὸν	T-ASM	T-ASM	3588	ὁ	τόν	
John 6:32	ἀληθινόν·	A-ASM	A-ASM	228	ἀληθινός	ἀληθινόν	
John 6:33	ὁ	T-NSM	T-NSM	3588	ὁ	ὁ	
John 6:33	γὰρ	CONJ	CONJ	1063	γάρ	γάρ	
John 6:33	ἄρτος	N-NSM	N-NSM	740	ἄρτος	ἄρτος	
John 6:33	τοῦ	T-GSM	T-GSM	3588	ὁ	τοῦ	
John 6:33	Θεοῦ	N-GSM	N-GSM	2316	θεός	Θεοῦ	
John 6:33	ἐστιν	V-PAI-3S	V-PAI-3S	1510	εἰμί	ἐστιν	
John 6:33	ὁ	T-NSM	T-NSM	3588	ὁ	ὁ	
John 6:33	καταβαίνων	V-PAP-NSM	V-PAP-NSM	2597&5723	καταβαίνω	καταβαίνων	
John 6:33	ἐκ	PREP	PREP	1537	ἐκ	ἐκ	
John 6:33	τοῦ	T-GSM	T-GSM	3588	ὁ	τοῦ	
John 6:33	οὐρανοῦ	N-GSM	N-GSM	3772	οὐρανός	οὐρανοῦ	
John 6:33	καὶ	CONJ	CONJ	2532	καί	καί	
John 6:33	ζωὴν	N-ASF	N-ASF	2222	ζωή	ζωήν	
John 6:33	διδοὺς	V-PAP-NSM	V-PAP-NSM	1325&5723	δίδωμι	διδούς	
John 6:33	τῷ	T-DSM	T-DSM	3588	ὁ	τῷ	
John 6:33	κόσμῳ.	N-DSM	N-DSM	2889	κόσμος	κόσμῳ	
John 6:34	εἶπον	V-2AAI-3P	V-2AAI-3P	3004&5627	λέγω	εἶπον	
John 6:34	οὖν	CONJ	CONJ	3767	οὖν	οὖν	
John 6:34	πρὸς	PREP	PREP	4314	πρός	πρός	
John 6:34	αὐτόν	P-ASM	P-ASM	846	αὐτός	αὐτόν	
John 6:34	Κύριε,	N-VSM	N-VSM	2962	κύριος	Κύριε	
John 6:34	πάντοτε	ADV	ADV	3842	πάντοτε	πάντοτε	
John 6:34	δὸς	V-2AAM-2S	V-2AAM-2S	1325&5628	δίδωμι	δός	
John 6:34	ἡμῖν	P-1DP	P-1DP	1473	ἐγώ	ἡμῖν	
John 6:34	τὸν	T-ASM	T-ASM	3588	ὁ	τόν	
John 6:34	ἄρτον	N-ASM	N-ASM	740	ἄρτος	ἄρτον	
John 6:34	τοῦτον.	D-ASM	D-ASM	3778	οὗτος	τοῦτον	
John 6:35	εἶπεν	V-2AAI-3S	V-2AAI-3S	3004&5627	λέγω	εἶπεν	
John 6:35	αὐτοῖς	P-DPM	P-DPM	846	αὐτός	αὐτοῖς	
John 6:35	ὁ	T-NSM	T-NSM	3588	ὁ	ὁ	
John 6:35	Ἰησοῦς	N-NSM	N-NSM	2424	Ἰησοῦς	Ἰησοῦς	
John 6:35	Ἐγώ	P-1NS	P-1NS	1473	ἐγώ	Ἐγώ	
John 6:35	εἰμι	V-PAI-1S	V-PAI-1S	1510&5719	εἰμί	εἰμι	
John 6:35	ὁ	T-NSM	T-NSM	3588	ὁ	ὁ	
John 6:35	ἄρτος	N-NSM	N-NSM	740	ἄρτος	ἄρτος	
John 6:35	τῆς	T-GSF	T-GSF	3588	ὁ	τῆς	
John 6:35	ζωῆς·	N-GSF	N-GSF	2222	ζωή	ζωῆς	
John 6:35	ὁ	T-NSM	T-NSM	3588	ὁ	ὁ	
John 6:35	ἐρχόμενος	V-PNP-NSM	V-PNP-NSM	2064&5740	ἔρχομαι	ἐρχόμενος	
John 6:35	πρὸς	PREP	PREP	4314	πρός	πρός	
John 6:35	ἐμὲ	P-1AS	P-1AS	1473	ἐγώ	ἐμέ	
John 6:35	οὐ	PRT-N	PRT-N	3756	οὐ	οὐ	
John 6:35	μὴ	PRT-N	PRT-N	3361	μή	μή	
John 6:35	πεινάσῃ,	V-AAS-3S	V-AAS-3S	3983&5661	πεινάω	πεινάσῃ	
John 6:35	καὶ	CONJ	CONJ	2532	καί	καί	
John 6:35	ὁ	T-NSM	T-NSM	3588	ὁ	ὁ	
John 6:35	πιστεύων	V-PAP-NSM	V-PAP-NSM	4100&5723	πιστεύω	πιστεύων	
John 6:35	εἰς	PREP	PREP	1519	εἰς	εἰς	
John 6:35	ἐμὲ	P-1AS	P-1AS	1473	ἐγώ	ἐμέ	
John 6:35	οὐ	PRT-N	PRT-N	3756	οὐ	οὐ	
John 6:35	μὴ	PRT-N	PRT-N	3361	μή	μή	
John 6:35	διψήσει	V-FAI-3S	V-FAI-3S	1372&5692	διψάω	διψήσει	
John 6:35	πώποτε.	ADV	ADV	4455	πώποτε	πώποτε	
John 6:36	ἀλλ’	CONJ	CONJ	235	ἀλλά	ἀλλ’	
John 6:36	εἶπον	V-2AAI-1S	V-2AAI-1S	3004&5627	λέγω	εἶπον	
John 6:36	ὑμῖν	P-2DP	P-2DP	4771	σύ	ὑμῖν	
John 6:36	ὅτι	CONJ	CONJ	3754	ὅτι	ὅτι	
John 6:36	καὶ	CONJ	CONJ	2532	καί	καί	
John 6:36	ἑωράκατέ	V-RAI-2P-ATT	V-RAI-2P-ATT	3708&5758	ὁράω	ἑωράκατε	
John 6:36	με	P-1AS	P-1AS	1473	ἐγώ	με	
John 6:36	καὶ	CONJ	CONJ	2532	καί	καί	
John 6:36	οὐ	PRT-N	PRT-N	3756	οὐ	οὐ	
John 6:36	πιστεύετε.	V-PAI-2P	V-PAI-2P	4100&5719	πιστεύω	πιστεύετε	
John 6:37	Πᾶν	A-NSN	A-NSN	3956	πᾶς	Πᾶν	
John 6:37	ὃ	R-ASN	R-ASN	3739	ὅς	ὅ	
John 6:37	δίδωσίν	V-PAI-3S	V-PAI-3S	1325&5719	δίδωμι	δίδωσιν	
John 6:37	μοι	P-1DS	P-1DS	1473	ἐγώ	μοι	
John 6:37	ὁ	T-NSM	T-NSM	3588	ὁ	ὁ	
John 6:37	Πατὴρ	N-NSM	N-NSM	3962	πατήρ	Πατήρ	
John 6:37	πρὸς	PREP	PREP	4314	πρός	πρός	
John 6:37	ἐμὲ	P-1AS	P-1AS	1473	ἐγώ	ἐμέ	
John 6:37	ἥξει,	V-FAI-3S	V-FAI-3S	2240&5692	ἥκω	ἥξει	
John 6:37	καὶ	CONJ	CONJ	2532	καί	καί	
John 6:37	τὸν	T-ASM	T-ASM	3588	ὁ	τόν	
John 6:37	ἐρχόμενον	V-PNP-ASM	V-PNP-ASM	2064&5740	ἔρχομαι	ἐρχόμενον	
John 6:37	πρός	PREP	PREP	4314	πρός	πρός	
John 6:37	με	P-1AS	P-1AS	1473	ἐγώ	με	
John 6:37	οὐ	PRT-N	PRT-N	3756	οὐ	οὐ	
John 6:37	μὴ	PRT-N	PRT-N	3361	μή	μή	
John 6:37	ἐκβάλω	V-2AAS-1S	V-2AAS-1S	1544&5632	ἐκβάλλω	ἐκβάλω	
John 6:37	ἔξω,	ADV	ADV	1854	ἔξω	ἔξω	
John 6:38	ὅτι	CONJ	CONJ	3754	ὅτι	ὅτι	
John 6:38	καταβέβηκα	V-RAI-1S	V-RAI-1S	2597&5758	καταβαίνω	καταβέβηκα	
John 6:38	ἀπὸ	PREP	PREP	575	ἀπό	ἀπό	
John 6:38	τοῦ	T-GSM	T-GSM	3588	ὁ	τοῦ	
John 6:38	οὐρανοῦ	N-GSM	N-GSM	3772	οὐρανός	οὐρανοῦ	
John 6:38	οὐχ	PRT-N	PRT-N	3756	οὐ	οὐχ	
John 6:38	ἵνα	CONJ	CONJ	2443	ἵνα	ἵνα	
John 6:38	ποιῶ	V-PAS-1S	V-PAS-1S	4160&5725	ποιέω	ποιῶ	
John 6:38	τὸ	T-ASN	T-ASN	3588	ὁ	τό	
John 6:38	θέλημα	N-ASN	N-ASN	2307	θέλημα	θέλημα	
John 6:38	τὸ	T-ASN	T-ASN	3588	ὁ	τό	
John 6:38	ἐμὸν	S-1SASN	S-1SASN	1699	ἐμός	ἐμόν	
John 6:38	ἀλλὰ	CONJ	CONJ	235	ἀλλά	ἀλλά	
John 6:38	τὸ	T-ASN	T-ASN	3588	ὁ	τό	
John 6:38	θέλημα	N-ASN	N-ASN	2307	θέλημα	θέλημα	
John 6:38	τοῦ	T-GSM	T-GSM	3588	ὁ	τοῦ	
John 6:38	πέμψαντός	V-AAP-GSM	V-AAP-GSM	3992&5660	πέμπω	πέμψαντος	
John 6:38	με.	P-1AS	P-1AS	1473	ἐγώ	με	
John 6:39	τοῦτο	D-NSN	D-NSN	3778	οὗτος	τοῦτο	
John 6:39	δέ	CONJ	CONJ	1161	δέ	δέ	
John 6:39	ἐστιν	V-PAI-3S	V-PAI-3S	1510&5719	εἰμί	ἐστιν	
John 6:39	τὸ	T-NSN	T-NSN	3588	ὁ	τό	
John 6:39	θέλημα	N-NSN	N-NSN	2307	θέλημα	θέλημα	
John 6:39	τοῦ	T-GSM	T-GSM	3588	ὁ	τοῦ	
John 6:39	πέμψαντός	V-AAP-GSM	V-AAP-GSM	3992&5660	πέμπω	πέμψαντος	
John 6:39	με,	P-1AS	P-1AS	1473	ἐγώ	με	
John 6:39	ἵνα	CONJ	CONJ	2443	ἵνα	ἵνα	
John 6:39	πᾶν	A-ASN	A-ASN	3956	πᾶς	πᾶν	
John 6:39	ὃ	R-ASN	R-ASN	3739	ὅς	ὅ	
John 6:39	δέδωκέν	V-RAI-3S	V-RAI-3S	1325&5758	δίδωμι	δέδωκεν	
John 6:39	μοι	P-1DS	P-1DS	1473	ἐγώ	μοι	
John 6:39	μὴ	PRT-N	PRT-N	3361	μή	μή	
John 6:39	ἀπολέσω	V-AAS-1S	V-AAS-1S	622&5661	ἀπόλλυμι	ἀπολέσω	
John 6:39	ἐξ	PREP	PREP	1537	ἐκ	ἐξ	
John 6:39	αὐτοῦ,	P-GSN	P-GSN	846	αὐτός	αὐτοῦ	
John 6:39	ἀλλὰ	CONJ	CONJ	235	ἀλλά	ἀλλά	
John 6:39	ἀναστήσω	V-AAS-1S	V-AAS-1S	450&5661	ἀνίστημι	ἀναστήσω	
John 6:39	αὐτὸ	P-ASN	P-ASN	846	αὐτός	αὐτό	
John 6:39	ἐν	PREP	PREP	1722	ἐν	ἐν	
John 6:39	τῇ	T-DSF	T-DSF	3588	ὁ	τῇ	
John 6:39	ἐσχάτῃ	A-DSF-S	A-DSF-S	2078	ἔσχατος	ἐσχάτῃ	
John 6:39	ἡμέρᾳ.	N-DSF	N-DSF	2250	ἡμέρα	ἡμέρᾳ	
John 6:40	τοῦτο	D-NSN	D-NSN	3778	οὗτος	τοῦτο	
John 6:40	γάρ	CONJ	CONJ	1063	γάρ	γάρ	
John 6:40	ἐστιν	V-PAI-3S	V-PAI-3S	1510&5719	εἰμί	ἐστιν	
John 6:40	τὸ	T-NSN	T-NSN	3588	ὁ	τό	
John 6:40	θέλημα	N-NSN	N-NSN	2307	θέλημα	θέλημα	
John 6:40	τοῦ	T-GSM	T-GSM	3588	ὁ	τοῦ	
John 6:40	Πατρός	N-GSM	N-GSM	3962	πατήρ	Πατρός	
John 6:40	μου,	P-1GS	P-1GS	1473	ἐγώ	μου	
John 6:40	ἵνα	CONJ	CONJ	2443	ἵνα	ἵνα	
John 6:40	πᾶς	A-NSM	A-NSM	3956	πᾶς	πᾶς	
John 6:40	ὁ	T-NSM	T-NSM	3588	ὁ	ὁ	
John 6:40	θεωρῶν	V-PAP-NSM	V-PAP-NSM	2334&5723	θεωρέω	θεωρῶν	
John 6:40	τὸν	T-ASM	T-ASM	3588	ὁ	τόν	
John 6:40	Υἱὸν	N-ASM	N-ASM	5207	υἱός	Υἱόν	
John 6:40	καὶ	CONJ	CONJ	2532	καί	καί	
John 6:40	πιστεύων	V-PAP-NSM	V-PAP-NSM	4100&5723	πιστεύω	πιστεύων	
John 6:40	εἰς	PREP	PREP	1519	εἰς	εἰς	
John 6:40	αὐτὸν	P-ASM	P-ASM	846	αὐτός	αὐτόν	
John 6:40	ἔχῃ	V-PAS-3S	V-PAS-3S	2192&5725	ἔχω	ἔχῃ	
John 6:40	ζωὴν	N-ASF	N-ASF	2222	ζωή	ζωήν	
John 6:40	αἰώνιον,	A-ASF	A-ASF	166	αἰώνιος	αἰώνιον	
John 6:40	καὶ	CONJ	CONJ	2532	καί	καί	
John 6:40	ἀναστήσω	V-AAS-1S	V-AAS-1S	450&5661	ἀνίστημι	ἀναστήσω	
John 6:40	αὐτὸν	P-ASM	P-ASM	846	αὐτός	αὐτόν	
John 6:40	ἐγὼ	P-1NS	P-1NS	1473	ἐγώ	ἐγώ	
John 6:40	ἐν	PREP	PREP	1722	ἐν	ἐν	
John 6:40	τῇ	T-DSF	T-DSF	3588	ὁ	τῇ	
John 6:40	ἐσχάτῃ	A-DSF-S	A-DSF-S	2078	ἔσχατος	ἐσχάτῃ	
John 6:40	ἡμέρᾳ.	N-DSF	N-DSF	2250	ἡμέρα	ἡμέρᾳ	
John 6:41	Ἐγόγγυζον	V-IAI-3P	V-IAI-3P	1111&5707	γογγύζω	Ἐγόγγυζον	
John 6:41	οὖν	CONJ	CONJ	3767	οὖν	οὖν	
John 6:41	οἱ	T-NPM	T-NPM	3588	ὁ	οἱ	
John 6:41	Ἰουδαῖοι	A-NPM	A-NPM	2453	Ἰουδαῖος	Ἰουδαῖοι	
John 6:41	περὶ	PREP	PREP	4012	περί	περί	
John 6:41	αὐτοῦ	P-GSM	P-GSM	846	αὐτός	αὐτοῦ	
John 6:41	ὅτι	CONJ	CONJ	3754	ὅτι	ὅτι	
John 6:41	εἶπεν	V-2AAI-3S	V-2AAI-3S	3004&5627	λέγω	εἶπεν	
John 6:41	Ἐγώ	P-1NS	P-1NS	1473	ἐγώ	Ἐγώ	
John 6:41	εἰμι	V-PAI-1S	V-PAI-1S	1510&5719	εἰμί	εἰμι	
John 6:41	ὁ	T-NSM	T-NSM	3588	ὁ	ὁ	
John 6:41	ἄρτος	N-NSM	N-NSM	740	ἄρτος	ἄρτος	
John 6:41	ὁ	T-NSM	T-NSM	3588	ὁ	ὁ	
John 6:41	καταβὰς	V-2AAP-NSM	V-2AAP-NSM	2597&5631	καταβαίνω	καταβάς	
John 6:41	ἐκ	PREP	PREP	1537	ἐκ	ἐκ	
John 6:41	τοῦ	T-GSM	T-GSM	3588	ὁ	τοῦ	
John 6:41	οὐρανοῦ,	N-GSM	N-GSM	3772	οὐρανός	οὐρανοῦ	
John 6:42	καὶ	CONJ	CONJ	2532	καί	καί	
John 6:42	ἔλεγον	V-IAI-3P	V-IAI-3P	3004&5707	λέγω	ἔλεγον	
John 6:42	Οὐχ	PRT-N	PRT-N	3756	οὐ	Οὐχ	
John 6:42	οὗτός	D-NSM	D-NSM	3778	οὗτος	οὗτος	
John 6:42	ἐστιν	V-PAI-3S	V-PAI-3S	1510&5719	εἰμί	ἐστιν	
John 6:42	Ἰησοῦς	N-NSM	N-NSM	2424	Ἰησοῦς	Ἰησοῦς	
John 6:42	ὁ	T-NSM	T-NSM	3588	ὁ	ὁ	
John 6:42	υἱὸς	N-NSM	N-NSM	5207	υἱός	υἱός	
John 6:42	Ἰωσήφ,	N-PRI	N-PRI	2501	Ἰωσήφ	Ἰωσήφ	
John 6:42	οὗ	R-GSM	R-GSM	3739	ὅς	οὗ	
John 6:42	ἡμεῖς	P-1NP	P-1NP	1473	ἐγώ	ἡμεῖς	
John 6:42	οἴδαμεν	V-RAI-1P	V-RAI-1P	1492&5758	οἶδα	οἴδαμεν	
John 6:42	τὸν	T-ASM	T-ASM	3588	ὁ	τόν	
John 6:42	πατέρα	N-ASM	N-ASM	3962	πατήρ	πατέρα	
John 6:42	καὶ	CONJ	CONJ	2532	καί	καί	
John 6:42	τὴν	T-ASF	T-ASF	3588	ὁ	τήν	
John 6:42	μητέρα;	N-ASF	N-ASF	3384	μήτηρ	μητέρα	
John 6:42	πῶς	ADV-I	ADV-I	4459	πῶς	πῶς	
John 6:42	νῦν	ADV	ADV	3568	νῦν	νῦν	
John 6:42	λέγει	V-PAI-3S	V-PAI-3S	3004&5719	λέγω	λέγει	
John 6:42	ὅτι	CONJ	CONJ	3754	ὅτι	ὅτι	
John 6:42	Ἐκ	PREP	PREP	1537	ἐκ	Ἐκ	
John 6:42	τοῦ	T-GSM	T-GSM	3588	ὁ	τοῦ	
John 6:42	οὐρανοῦ	N-GSM	N-GSM	3772	οὐρανός	οὐρανοῦ	
John 6:42	καταβέβηκα;	V-RAI-1S	V-RAI-1S	2597&5758	καταβαίνω	καταβέβηκα	
John 6:43	ἀπεκρίθη	V-ADI-3S	V-ADI-3S	611&5662	ἀποκρίνομαι	ἀπεκρίθη	
John 6:43	Ἰησοῦς	N-NSM	N-NSM	2424	Ἰησοῦς	Ἰησοῦς	
John 6:43	καὶ	CONJ	CONJ	2532	καί	καί	
John 6:43	εἶπεν	V-2AAI-3S	V-2AAI-3S	3004&5627	λέγω	εἶπεν	
John 6:43	αὐτοῖς	P-DPM	P-DPM	846	αὐτός	αὐτοῖς	
John 6:43	Μὴ	PRT-N	PRT-N	3361	μή	Μή	
John 6:43	γογγύζετε	V-PAM-2P	V-PAM-2P	1111&5720	γογγύζω	γογγύζετε	
John 6:43	μετ’	PREP	PREP	3326	μετά	μετ’	
John 6:43	ἀλλήλων.	C-GPM	C-GPM	240	ἀλλήλων	ἀλλήλων	
John 6:44	οὐδεὶς	A-NSM-N	A-NSM-N	3762	οὐδείς	οὐδείς	
John 6:44	δύναται	V-PNI-3S	V-PNI-3S	1410&5736	δύναμαι	δύναται	
John 6:44	ἐλθεῖν	V-2AAN	V-2AAN	2064&5629	ἔρχομαι	ἐλθεῖν	
John 6:44	πρός	PREP	PREP	4314	πρός	πρός	
John 6:44	με	P-1AS	P-1AS	1473	ἐγώ	με	
John 6:44	ἐὰν	COND	COND	1437	ἐάν	ἐάν	
John 6:44	μὴ	PRT-N	PRT-N	3361	μή	μή	
John 6:44	ὁ	T-NSM	T-NSM	3588	ὁ	ὁ	
John 6:44	Πατὴρ	N-NSM	N-NSM	3962	πατήρ	Πατήρ	
John 6:44	ὁ	T-NSM	T-NSM	3588	ὁ	ὁ	
John 6:44	πέμψας	V-AAP-NSM	V-AAP-NSM	3992&5660	πέμπω	πέμψας	
John 6:44	με	P-1AS	P-1AS	1473	ἐγώ	με	
John 6:44	ἑλκύσῃ	V-AAS-3S	V-AAS-3S	1670&5661	ἕλκω	ἑλκύσῃ	
John 6:44	αὐτόν,	P-ASM	P-ASM	846	αὐτός	αὐτόν	
John 6:44	κἀγὼ	P-1NS-K	P-1NS-K	2504	κἀγώ	κἀγώ	
John 6:44	ἀναστήσω	V-FAI-1S	V-FAI-1S	450&5692	ἀνίστημι	ἀναστήσω	
John 6:44	αὐτὸν	P-ASM	P-ASM	846	αὐτός	αὐτόν	
John 6:44	ἐν	PREP	PREP	1722	ἐν	ἐν	
John 6:44	τῇ	T-DSF	T-DSF	3588	ὁ	τῇ	
John 6:44	ἐσχάτῃ	A-DSF-S	A-DSF-S	2078	ἔσχατος	ἐσχάτῃ	
John 6:44	ἡμέρᾳ.	N-DSF	N-DSF	2250	ἡμέρα	ἡμέρᾳ	
John 6:45	ἔστιν	V-PAI-3S	V-PAI-3S	1510&5719	εἰμί	ἔστιν	
John 6:45	γεγραμμένον	V-RPP-NSN	V-RPP-NSN	1125&5772	γράφω	γεγραμμένον	
John 6:45	ἐν	PREP	PREP	1722	ἐν	ἐν	
John 6:45	τοῖς	T-DPM	T-DPM	3588	ὁ	τοῖς	
John 6:45	προφήταις	N-DPM	N-DPM	4396	προφήτης	προφήταις	
John 6:45	Καὶ	CONJ	CONJ	2532	καί	Καί	
John 6:45	ἔσονται	V-FDI-3P	V-FDI-3P	1510&5695	εἰμί	ἔσονται	
John 6:45	πάντες	A-NPM	A-NPM	3956	πᾶς	πάντες	
John 6:45	διδακτοὶ	A-NPM	A-NPM	1318	διδακτός	διδακτοί	
John 6:45	Θεοῦ·	N-GSM	N-GSM	2316	θεός	Θεοῦ	
John 6:45	πᾶς	A-NSM	A-NSM	3956	πᾶς	πᾶς	
John 6:45	ὁ	T-NSM	T-NSM	3588	ὁ	ὁ	
John 6:45	ἀκούσας	V-AAP-NSM	V-AAP-NSM	191&5660	ἀκούω	ἀκούσας	
John 6:45	παρὰ	PREP	PREP	3844	παρά	παρά	
John 6:45	τοῦ	T-GSM	T-GSM	3588	ὁ	τοῦ	
John 6:45	Πατρὸς	N-GSM	N-GSM	3962	πατήρ	Πατρός	
John 6:45	καὶ	CONJ	CONJ	2532	καί	καί	
John 6:45	μαθὼν	V-2AAP-NSM	V-2AAP-NSM	3129&5631	μανθάνω	μαθών	
John 6:45	ἔρχεται	V-PNI-3S	V-PNI-3S	2064&5736	ἔρχομαι	ἔρχεται	
John 6:45	πρὸς	PREP	PREP	4314	πρός	πρός	
John 6:45	ἐμέ.	P-1AS	P-1AS	1473	ἐγώ	ἐμέ	
John 6:46	οὐχ	PRT-N	PRT-N	3756	οὐ	οὐχ	
John 6:46	ὅτι	CONJ	CONJ	3754	ὅτι	ὅτι	
John 6:46	τὸν	T-ASM	T-ASM	3588	ὁ	τόν	
John 6:46	Πατέρα	N-ASM	N-ASM	3962	πατήρ	Πατέρα	
John 6:46	ἑώρακέν	V-RAI-3S-ATT	V-RAI-3S-ATT	3708&5758	ὁράω	ἑώρακεν	
John 6:46	τις,	X-NSM	X-NSM	5100	τὶς	τις	
John 6:46	εἰ	COND	COND	1487	εἰ	εἰ	
John 6:46	μὴ	PRT-N	PRT-N	3361	μή	μή	
John 6:46	ὁ	T-NSM	T-NSM	3588	ὁ	ὁ	
John 6:46	ὢν	V-PAP-NSM	V-PAP-NSM	1510&5723	εἰμί	ὤν	
John 6:46	παρὰ	PREP	PREP	3844	παρά	παρά	
John 6:46	τοῦ	T-GSM	T-GSM	3588	ὁ	τοῦ	
John 6:46	Θεοῦ,	N-GSM	N-GSM	2316	θεός	Θεοῦ	
John 6:46	οὗτος	D-NSM	D-NSM	3778	οὗτος	οὗτος	
John 6:46	ἑώρακεν	V-RAI-3S-ATT	V-RAI-3S-ATT	3708&5758	ὁράω	ἑώρακεν	
John 6:46	τὸν	T-ASM	T-ASM	3588	ὁ	τόν	
John 6:46	Πατέρα.	N-ASM	N-ASM	3962	πατήρ	Πατέρα	
John 6:47	ἀμὴν	HEB	HEB	281	ἀμήν	ἀμήν	
John 6:47	ἀμὴν	HEB	HEB	281	ἀμήν	ἀμήν	
John 6:47	λέγω	V-PAI-1S	V-PAI-1S	3004&5719	λέγω	λέγω	
John 6:47	ὑμῖν,	P-2DP	P-2DP	4771	σύ	ὑμῖν	
John 6:47	ὁ	T-NSM	T-NSM	3588	ὁ	ὁ	
John 6:47	πιστεύων	V-PAP-NSM	V-PAP-NSM	4100&5723	πιστεύω	πιστεύων	
John 6:47	ἔχει	V-PAI-3S	V-PAI-3S	2192&5719	ἔχω	ἔχει	
John 6:47	ζωὴν	N-ASF	N-ASF	2222	ζωή	ζωήν	
John 6:47	αἰώνιον.	A-ASF	A-ASF	166	αἰώνιος	αἰώνιον	
John 6:48	ἐγώ	P-1NS	P-1NS	1473	ἐγώ	ἐγώ	
John 6:48	εἰμι	V-PAI-1S	V-PAI-1S	1510&5719	εἰμί	εἰμι	
John 6:48	ὁ	T-NSM	T-NSM	3588	ὁ	ὁ	
John 6:48	ἄρτος	N-NSM	N-NSM	740	ἄρτος	ἄρτος	
John 6:48	τῆς	T-GSF	T-GSF	3588	ὁ	τῆς	
John 6:48	ζωῆς.	N-GSF	N-GSF	2222	ζωή	ζωῆς	
John 6:49	οἱ	T-NPM	T-NPM	3588	ὁ	οἱ	
John 6:49	πατέρες	N-NPM	N-NPM	3962	πατήρ	πατέρες	
John 6:49	ὑμῶν	P-2GP	P-2GP	4771	σύ	ὑμῶν	
John 6:49	ἔφαγον	V-2AAI-3P	V-2AAI-3P	5315&5627	ἐσθίω	ἔφαγον	
John 6:49	ἐν	PREP	PREP	1722	ἐν	ἐν	
John 6:49	τῇ	T-DSF	T-DSF	3588	ὁ	τῇ	
John 6:49	ἐρήμῳ	A-DSF	A-DSF	2048	ἔρημος	ἐρήμῳ	
John 6:49	τὸ	T-ASN	T-ASN	3588	ὁ	τό	
John 6:49	μάννα	HEB	HEB	3131	μάννα	μάννα	
John 6:49	καὶ	CONJ	CONJ	2532	καί	καί	
John 6:49	ἀπέθανον·	V-2AAI-3P	V-2AAI-3P	599&5627	ἀποθνῄσκω	ἀπέθανον	
John 6:50	οὗτός	D-NSM	D-NSM	3778	οὗτος	οὗτος	
John 6:50	ἐστιν	V-PAI-3S	V-PAI-3S	1510&5719	εἰμί	ἐστιν	
John 6:50	ὁ	T-NSM	T-NSM	3588	ὁ	ὁ	
John 6:50	ἄρτος	N-NSM	N-NSM	740	ἄρτος	ἄρτος	
John 6:50	ὁ	T-NSM	T-NSM	3588	ὁ	ὁ	
John 6:50	ἐκ	PREP	PREP	1537	ἐκ	ἐκ	
John 6:50	τοῦ	T-GSM	T-GSM	3588	ὁ	τοῦ	
John 6:50	οὐρανοῦ	N-GSM	N-GSM	3772	οὐρανός	οὐρανοῦ	
John 6:50	καταβαίνων,	V-PAP-NSM	V-PAP-NSM	2597&5723	καταβαίνω	καταβαίνων	
John 6:50	ἵνα	CONJ	CONJ	2443	ἵνα	ἵνα	
John 6:50	τις	X-NSM	X-NSM	5100	τὶς	τις	
John 6:50	ἐξ	PREP	PREP	1537	ἐκ	ἐξ	
John 6:50	αὐτοῦ	P-GSM	P-GSM	846	αὐτός	αὐτοῦ	
John 6:50	φάγῃ	V-2AAS-3S	V-2AAS-3S	5315&5632	ἐσθίω	φάγῃ	
John 6:50	καὶ	CONJ	CONJ	2532	καί	καί	
John 6:50	μὴ	PRT-N	PRT-N	3361	μή	μή	
John 6:50	ἀποθάνῃ.	V-2AAS-3S	V-2AAS-3S	599&5632	ἀποθνῄσκω	ἀποθάνῃ	
John 6:51	ἐγώ	P-1NS	P-1NS	1473	ἐγώ	ἐγώ	
John 6:51	εἰμι	V-PAI-1S	V-PAI-1S	1510&5719	εἰμί	εἰμι	
John 6:51	ὁ	T-NSM	T-NSM	3588	ὁ	ὁ	
John 6:51	ἄρτος	N-NSM	N-NSM	740	ἄρτος	ἄρτος	
John 6:51	ὁ	T-NSM	T-NSM	3588	ὁ	ὁ	
John 6:51	ζῶν	V-PAP-NSM	V-PAP-NSM	2198&5723	ζάω	ζῶν	
John 6:51	ὁ	T-NSM	T-NSM	3588	ὁ	ὁ	
John 6:51	ἐκ	PREP	PREP	1537	ἐκ	ἐκ	
John 6:51	τοῦ	T-GSM	T-GSM	3588	ὁ	τοῦ	
John 6:51	οὐρανοῦ	N-GSM	N-GSM	3772	οὐρανός	οὐρανοῦ	
John 6:51	καταβάς·	V-2AAP-NSM	V-2AAP-NSM	2597&5631	καταβαίνω	καταβάς	
John 6:51	ἐάν	COND	COND	1437	ἐάν	ἐάν	
John 6:51	τις	X-NSM	X-NSM	5100	τὶς	τις	
John 6:51	φάγῃ	V-2AAS-3S	V-2AAS-3S	5315&5632	ἐσθίω	φάγῃ	
John 6:51	ἐκ	PREP	PREP	1537	ἐκ	ἐκ	
John 6:51	τούτου	D-GSM	D-GSM	3778	οὗτος	τούτου	
John 6:51	τοῦ	T-GSM	T-GSM	3588	ὁ	τοῦ	
John 6:51	ἄρτου,	N-GSM	N-GSM	740	ἄρτος	ἄρτου	
John 6:51	ζήσει	V-FAI-3S	V-FAI-3S	2198&5692	ζάω	ζήσει	
John 6:51	εἰς	PREP	PREP	1519	εἰς	εἰς	
John 6:51	τὸν	T-ASM	T-ASM	3588	ὁ	τόν	
John 6:51	αἰῶνα·	N-ASM	N-ASM	165	αἰών	αἰῶνα	
John 6:51	καὶ	CONJ	CONJ	2532	καί	καί	
John 6:51	ὁ	T-NSM	T-NSM	3588	ὁ	ὁ	
John 6:51	ἄρτος	N-NSM	N-NSM	740	ἄρτος	ἄρτος	
John 6:51	δὲ	CONJ	CONJ	1161	δέ	δέ	
John 6:51	ὃν	R-ASM	R-ASM	3739	ὅς	ὅν	
John 6:51	ἐγὼ	P-1NS	P-1NS	1473	ἐγώ	ἐγώ	
John 6:51	δώσω	V-FAI-1S	V-FAI-1S	1325&5692	δίδωμι	δώσω	
John 6:51	ἡ	T-NSF	T-NSF	3588	ὁ	ἡ	
John 6:51	σάρξ	N-NSF	N-NSF	4561	σάρξ	σάρξ	
John 6:51	μού	P-1GS	P-1GS	1473	ἐγώ	μού	
John 6:51	ἐστιν	V-PAI-3S	V-PAI-3S	1510	εἰμί	ἐστιν	
John 6:51	ὑπὲρ	PREP	PREP	5228	ὑπέρ	ὑπέρ	
John 6:51	τῆς	T-GSF	T-GSF	3588	ὁ	τῆς	
John 6:51	τοῦ	T-GSM	T-GSM	3588	ὁ	τοῦ	
John 6:51	κόσμου	N-GSM	N-GSM	2889	κόσμος	κόσμου	
John 6:51	ζωῆς.	N-GSF	N-GSF	2222	ζωή	ζωῆς	
John 6:52	Ἐμάχοντο	V-INI-3P	V-INI-3P	3164&5711	μάχομαι	Ἐμάχοντο	
John 6:52	οὖν	CONJ	CONJ	3767	οὖν	οὖν	
John 6:52	πρὸς	PREP	PREP	4314	πρός	πρός	
John 6:52	ἀλλήλους	C-APM	C-APM	240	ἀλλήλων	ἀλλήλους	
John 6:52	οἱ	T-NPM	T-NPM	3588	ὁ	οἱ	
John 6:52	Ἰουδαῖοι	A-NPM	A-NPM	2453	Ἰουδαῖος	Ἰουδαῖοι	
John 6:52	λέγοντες	V-PAP-NPM	V-PAP-NPM	3004&5723	λέγω	λέγοντες	
John 6:52	Πῶς	ADV-I	ADV-I	4459	πῶς	Πῶς	
John 6:52	δύναται	V-PNI-3S	V-PNI-3S	1410&5736	δύναμαι	δύναται	
John 6:52	οὗτος	D-NSM	D-NSM	3778	οὗτος	οὗτος	
John 6:52	ἡμῖν	P-1DP	P-1DP	1473	ἐγώ	ἡμῖν	
John 6:52	δοῦναι	V-2AAN	V-2AAN	1325&5629	δίδωμι	δοῦναι	
John 6:52	τὴν	T-ASF	T-ASF	3588	ὁ	τήν	
John 6:52	σάρκα	N-ASF	N-ASF	4561	σάρξ	σάρκα	
John 6:52	φαγεῖν;	V-2AAN	V-2AAN	5315&5629	ἐσθίω	φαγεῖν	
John 6:53	εἶπεν	V-2AAI-3S	V-2AAI-3S	3004&5627	λέγω	εἶπεν	
John 6:53	οὖν	CONJ	CONJ	3767	οὖν	οὖν	
John 6:53	αὐτοῖς	P-DPM	P-DPM	846	αὐτός	αὐτοῖς	
John 6:53	ὁ	T-NSM	T-NSM	3588	ὁ	ὁ	
John 6:53	Ἰησοῦς	N-NSM	N-NSM	2424	Ἰησοῦς	Ἰησοῦς	
John 6:53	Ἀμὴν	HEB	HEB	281	ἀμήν	Ἀμήν	
John 6:53	ἀμὴν	HEB	HEB	281	ἀμήν	ἀμήν	
John 6:53	λέγω	V-PAI-1S	V-PAI-1S	3004&5719	λέγω	λέγω	
John 6:53	ὑμῖν,	P-2DP	P-2DP	4771	σύ	ὑμῖν	
John 6:53	ἐὰν	COND	COND	1437	ἐάν	ἐάν	
John 6:53	μὴ	PRT-N	PRT-N	3361	μή	μή	
John 6:53	φάγητε	V-2AAS-2P	V-2AAS-2P	5315&5632	ἐσθίω	φάγητε	
John 6:53	τὴν	T-ASF	T-ASF	3588	ὁ	τήν	
John 6:53	σάρκα	N-ASF	N-ASF	4561	σάρξ	σάρκα	
John 6:53	τοῦ	T-GSM	T-GSM	3588	ὁ	τοῦ	
John 6:53	Υἱοῦ	N-GSM	N-GSM	5207	υἱός	Υἱοῦ	
John 6:53	τοῦ	T-GSM	T-GSM	3588	ὁ	τοῦ	
John 6:53	ἀνθρώπου	N-GSM	N-GSM	444	ἄνθρωπος	ἀνθρώπου	
John 6:53	καὶ	CONJ	CONJ	2532	καί	καί	
John 6:53	πίητε	V-2AAS-2P	V-2AAS-2P	4095&5632	πίνω	πίητε	
John 6:53	αὐτοῦ	P-GSM	P-GSM	846	αὐτός	αὐτοῦ	
John 6:53	τὸ	T-ASN	T-ASN	3588	ὁ	τό	
John 6:53	αἷμα,	N-ASN	N-ASN	129	αἷμα	αἷμα	
John 6:53	οὐκ	PRT-N	PRT-N	3756	οὐ	οὐκ	
John 6:53	ἔχετε	V-PAI-2P	V-PAI-2P	2192&5719	ἔχω	ἔχετε	
John 6:53	ζωὴν	N-ASF	N-ASF	2222	ζωή	ζωήν	
John 6:53	ἐν	PREP	PREP	1722	ἐν	ἐν	
John 6:53	ἑαυτοῖς.	F-2DPM	F-2DPM	1438	ἑαυτοῦ	ἑαυτοῖς	
John 6:54	ὁ	T-NSM	T-NSM	3588	ὁ	ὁ	
John 6:54	τρώγων	V-PAP-NSM	V-PAP-NSM	5176&5723	τρώγω	τρώγων	
John 6:54	μου	P-1GS	P-1GS	1473	ἐγώ	μου	
John 6:54	τὴν	T-ASF	T-ASF	3588	ὁ	τήν	
John 6:54	σάρκα	N-ASF	N-ASF	4561	σάρξ	σάρκα	
John 6:54	καὶ	CONJ	CONJ	2532	καί	καί	
John 6:54	πίνων	V-PAP-NSM	V-PAP-NSM	4095&5723	πίνω	πίνων	
John 6:54	μου	P-1GS	P-1GS	1473	ἐγώ	μου	
John 6:54	τὸ	T-ASN	T-ASN	3588	ὁ	τό	
John 6:54	αἷμα	N-ASN	N-ASN	129	αἷμα	αἷμα	
John 6:54	ἔχει	V-PAI-3S	V-PAI-3S	2192&5719	ἔχω	ἔχει	
John 6:54	ζωὴν	N-ASF	N-ASF	2222	ζωή	ζωήν	
John 6:54	αἰώνιον,	A-ASF	A-ASF	166	αἰώνιος	αἰώνιον	
John 6:54	κἀγὼ	P-1NS-K	P-1NS-K	2504	κἀγώ	κἀγώ	
John 6:54	ἀναστήσω	V-FAI-1S	V-FAI-1S	450&5692	ἀνίστημι	ἀναστήσω	
John 6:54	αὐτὸν	P-ASM	P-ASM	846	αὐτός	αὐτόν	
John 6:54	τῇ	T-DSF	T-DSF	3588	ὁ	τῇ	
John 6:54	ἐσχάτῃ	A-DSF-S	A-DSF-S	2078	ἔσχατος	ἐσχάτῃ	
John 6:54	ἡμέρᾳ.	N-DSF	N-DSF	2250	ἡμέρα	ἡμέρᾳ	
John 6:55	ἡ	T-NSF	T-NSF	3588	ὁ	ἡ	
John 6:55	γὰρ	CONJ	CONJ	1063	γάρ	γάρ	
John 6:55	σάρξ	N-NSF	N-NSF	4561	σάρξ	σάρξ	
John 6:55	μου	P-1GS	P-1GS	1473	ἐγώ	μου	
John 6:55	ἀληθής	A-NSF	A-NSF	227	ἀληθής	ἀληθής	
John 6:55	ἐστιν	V-PAI-3S	V-PAI-3S	1510	εἰμί	ἐστιν	
John 6:55	βρῶσις,	N-NSF	N-NSF	1035	βρῶσις	βρῶσις	
John 6:55	καὶ	CONJ	CONJ	2532	καί	καί	
John 6:55	τὸ	T-NSN	T-NSN	3588	ὁ	τό	
John 6:55	αἷμά	N-NSN	N-NSN	129	αἷμα	αἷμα	
John 6:55	μου	P-1GS	P-1GS	1473	ἐγώ	μου	
John 6:55	ἀληθής	A-NSF	A-NSF	227	ἀληθής	ἀληθής	
John 6:55	ἐστιν	V-PAI-3S	V-PAI-3S	1510	εἰμί	ἐστιν	
John 6:55	πόσις.	N-NSF	N-NSF	4213	πόσις	πόσις	
John 6:56	ὁ	T-NSM	T-NSM	3588	ὁ	ὁ	
John 6:56	τρώγων	V-PAP-NSM	V-PAP-NSM	5176&5723	τρώγω	τρώγων	
John 6:56	μου	P-1GS	P-1GS	1473	ἐγώ	μου	
John 6:56	τὴν	T-ASF	T-ASF	3588	ὁ	τήν	
John 6:56	σάρκα	N-ASF	N-ASF	4561	σάρξ	σάρκα	
John 6:56	καὶ	CONJ	CONJ	2532	καί	καί	
John 6:56	πίνων	V-PAP-NSM	V-PAP-NSM	4095&5723	πίνω	πίνων	
John 6:56	μου	P-1GS	P-1GS	1473	ἐγώ	μου	
John 6:56	τὸ	T-ASN	T-ASN	3588	ὁ	τό	
John 6:56	αἷμα	N-ASN	N-ASN	129	αἷμα	αἷμα	
John 6:56	ἐν	PREP	PREP	1722	ἐν	ἐν	
John 6:56	ἐμοὶ	P-1DS	P-1DS	1473	ἐγώ	ἐμοί	
John 6:56	μένει	V-PAI-3S	V-PAI-3S	3306&5719	μένω	μένει	
John 6:56	κἀγὼ	P-1NS-K	P-1NS-K	2504	κἀγώ	κἀγώ	
John 6:56	ἐν	PREP	PREP	1722	ἐν	ἐν	
John 6:56	αὐτῷ.	P-DSM	P-DSM	846	αὐτός	αὐτῷ	
John 6:57	καθὼς	ADV	ADV	2531	καθώς	καθώς	
John 6:57	ἀπέστειλέν	V-AAI-3S	V-AAI-3S	649&5656	ἀποστέλλω	ἀπέστειλεν	
John 6:57	με	P-1AS	P-1AS	1473	ἐγώ	με	
John 6:57	ὁ	T-NSM	T-NSM	3588	ὁ	ὁ	
John 6:57	ζῶν	V-PAP-NSM	V-PAP-NSM	2198&5723	ζάω	ζῶν	
John 6:57	Πατὴρ	N-NSM	N-NSM	3962	πατήρ	Πατήρ	
John 6:57	κἀγὼ	P-1NS-K	P-1NS-K	2504	κἀγώ	κἀγώ	
John 6:57	ζῶ	V-PAI-1S	V-PAI-1S	2198&5719	ζάω	ζῶ	
John 6:57	διὰ	PREP	PREP	1223	διά	διά	
John 6:57	τὸν	T-ASM	T-ASM	3588	ὁ	τόν	
John 6:57	Πατέρα,	N-ASM	N-ASM	3962	πατήρ	Πατέρα	
John 6:57	καὶ	CONJ	CONJ	2532	καί	καί	
John 6:57	ὁ	T-NSM	T-NSM	3588	ὁ	ὁ	
John 6:57	τρώγων	V-PAP-NSM	V-PAP-NSM	5176&5723	τρώγω	τρώγων	
John 6:57	με	P-1AS	P-1AS	1473	ἐγώ	με	
John 6:57	κἀκεῖνος	D-NSM-K	D-NSM-K	2548	κἀκεῖνος	κἀκεῖνος	
John 6:57	ζήσει	V-FAI-3S	V-FAI-3S	2198&5692	ζάω	ζήσει	
John 6:57	δι’	PREP	PREP	1223	διά	δι’	
John 6:57	ἐμέ.	P-1AS	P-1AS	1473	ἐγώ	ἐμέ	
John 6:58	οὗτός	D-NSM	D-NSM	3778	οὗτος	οὗτος	
John 6:58	ἐστιν	V-PAI-3S	V-PAI-3S	1510&5719	εἰμί	ἐστιν	
John 6:58	ὁ	T-NSM	T-NSM	3588	ὁ	ὁ	
John 6:58	ἄρτος	N-NSM	N-NSM	740	ἄρτος	ἄρτος	
John 6:58	ὁ	T-NSM	T-NSM	3588	ὁ	ὁ	
John 6:58	ἐξ	PREP	PREP	1537	ἐκ	ἐξ	
John 6:58	οὐρανοῦ	N-GSM	N-GSM	3772	οὐρανός	οὐρανοῦ	
John 6:58	καταβάς,	V-2AAP-NSM	V-2AAP-NSM	2597&5631	καταβαίνω	καταβάς	
John 6:58	οὐ	PRT-N	PRT-N	3756	οὐ	οὐ	
John 6:58	καθὼς	ADV	ADV	2531	καθώς	καθώς	
John 6:58	ἔφαγον	V-2AAI-3P	V-2AAI-3P	5315&5627	ἐσθίω	ἔφαγον	
John 6:58	οἱ	T-NPM	T-NPM	3588	ὁ	οἱ	
John 6:58	πατέρες	N-NPM	N-NPM	3962	πατήρ	πατέρες	
John 6:58	καὶ	CONJ	CONJ	2532	καί	καί	
John 6:58	ἀπέθανον·	V-2AAI-3P	V-2AAI-3P	599&5627	ἀποθνῄσκω	ἀπέθανον	
John 6:58	ὁ	T-NSM	T-NSM	3588	ὁ	ὁ	
John 6:58	τρώγων	V-PAP-NSM	V-PAP-NSM	5176&5723	τρώγω	τρώγων	
John 6:58	τοῦτον	D-ASM	D-ASM	3778	οὗτος	τοῦτον	
John 6:58	τὸν	T-ASM	T-ASM	3588	ὁ	τόν	
John 6:58	ἄρτον	N-ASM	N-ASM	740	ἄρτος	ἄρτον	
John 6:58	ζήσει	V-FAI-3S	V-FAI-3S	2198&5692	ζάω	ζήσει	
John 6:58	εἰς	PREP	PREP	1519	εἰς	εἰς	
John 6:58	τὸν	T-ASM	T-ASM	3588	ὁ	τόν	
John 6:58	αἰῶνα.	N-ASM	N-ASM	165	αἰών	αἰῶνα	
John 6:59	Ταῦτα	D-APN	D-APN	3778	οὗτος	Ταῦτα	
John 6:59	εἶπεν	V-2AAI-3S	V-2AAI-3S	3004&5627	λέγω	εἶπεν	
John 6:59	ἐν	PREP	PREP	1722	ἐν	ἐν	
John 6:59	συναγωγῇ	N-DSF	N-DSF	4864	συναγωγή	συναγωγῇ	
John 6:59	διδάσκων	V-PAP-NSM	V-PAP-NSM	1321&5723	διδάσκω	διδάσκων	
John 6:59	ἐν	PREP	PREP	1722	ἐν	ἐν	
John 6:59	Καφαρναούμ.	N-PRI	N-PRI	2584	Καφαρναούμ	Καφαρναούμ	
John 6:60	Πολλοὶ	A-NPM	A-NPM	4183	πολύς	Πολλοί	
John 6:60	οὖν	CONJ	CONJ	3767	οὖν	οὖν	
John 6:60	ἀκούσαντες	V-AAP-NPM	V-AAP-NPM	191&5660	ἀκούω	ἀκούσαντες	
John 6:60	ἐκ	PREP	PREP	1537	ἐκ	ἐκ	
John 6:60	τῶν	T-GPM	T-GPM	3588	ὁ	τῶν	
John 6:60	μαθητῶν	N-GPM	N-GPM	3101	μαθητής	μαθητῶν	
John 6:60	αὐτοῦ	P-GSM	P-GSM	846	αὐτός	αὐτοῦ	
John 6:60	εἶπαν	V-2AAI-3P	V-2AAI-3P	3004&5627	λέγω	εἶπαν	
John 6:60	Σκληρός	A-NSM	A-NSM	4642	σκληρός	Σκληρός	
John 6:60	ἐστιν	V-PAI-3S	V-PAI-3S	1510&5719	εἰμί	ἐστιν	
John 6:60	ὁ	T-NSM	T-NSM	3588	ὁ	ὁ	
John 6:60	λόγος	N-NSM	N-NSM	3056	λόγος	λόγος	
John 6:60	οὗτος·	D-NSM	D-NSM	3778	οὗτος	οὗτος	
John 6:60	τίς	I-NSM	I-NSM	5101	τίς	τίς	
John 6:60	δύναται	V-PNI-3S	V-PNI-3S	1410&5736	δύναμαι	δύναται	
John 6:60	αὐτοῦ	P-GSM	P-GSM	846	αὐτός	αὐτοῦ	
John 6:60	ἀκούειν;	V-PAN	V-PAN	191&5721	ἀκούω	ἀκούειν	
John 6:61	εἰδὼς	V-RAP-NSM	V-RAP-NSM	1492&5761	οἶδα	εἰδώς	
John 6:61	δὲ	CONJ	CONJ	1161	δέ	δέ	
John 6:61	ὁ	T-NSM	T-NSM	3588	ὁ	ὁ	
John 6:61	Ἰησοῦς	N-NSM	N-NSM	2424	Ἰησοῦς	Ἰησοῦς	
John 6:61	ἐν	PREP	PREP	1722	ἐν	ἐν	
John 6:61	ἑαυτῷ	F-3DSM	F-3DSM	1438	ἑαυτοῦ	ἑαυτῷ	
John 6:61	ὅτι	CONJ	CONJ	3754	ὅτι	ὅτι	
John 6:61	γογγύζουσιν	V-PAI-3P	V-PAI-3P	1111&5719	γογγύζω	γογγύζουσιν	
John 6:61	περὶ	PREP	PREP	4012	περί	περί	
John 6:61	τούτου	D-GSN	D-GSN	3778	οὗτος	τούτου	
John 6:61	οἱ	T-NPM	T-NPM	3588	ὁ	οἱ	
John 6:61	μαθηταὶ	N-NPM	N-NPM	3101	μαθητής	μαθηταί	
John 6:61	αὐτοῦ,	P-GSM	P-GSM	846	αὐτός	αὐτοῦ	
John 6:61	εἶπεν	V-2AAI-3S	V-2AAI-3S	3004&5627	λέγω	εἶπεν	
John 6:61	αὐτοῖς	P-DPM	P-DPM	846	αὐτός	αὐτοῖς	
John 6:61	Τοῦτο	D-NSN	D-NSN	3778	οὗτος	Τοῦτο	
John 6:61	ὑμᾶς	P-2AP	P-2AP	4771	σύ	ὑμᾶς	
John 6:61	σκανδαλίζει;	V-PAI-3S	V-PAI-3S	4624&5719	σκανδαλίζω	σκανδαλίζει	
John 6:62	ἐὰν	COND	COND	1437	ἐάν	ἐάν	
John 6:62	οὖν	CONJ	CONJ	3767	οὖν	οὖν	
John 6:62	θεωρῆτε	V-PAS-2P	V-PAS-2P	2334&5725	θεωρέω	θεωρῆτε	
John 6:62	τὸν	T-ASM	T-ASM	3588	ὁ	τόν	
John 6:62	Υἱὸν	N-ASM	N-ASM	5207	υἱός	Υἱόν	
John 6:62	τοῦ	T-GSM	T-GSM	3588	ὁ	τοῦ	
John 6:62	ἀνθρώπου	N-GSM	N-GSM	444	ἄνθρωπος	ἀνθρώπου	
John 6:62	ἀναβαίνοντα	V-PAP-ASM	V-PAP-ASM	305&5723	ἀναβαίνω	ἀναβαίνοντα	
John 6:62	ὅπου	ADV	ADV	3699	ὅπου	ὅπου	
John 6:62	ἦν	V-IAI-3S	V-IAI-3S	1510&5707	εἰμί	ἦν	
John 6:62	τὸ	T-ASN	T-ASN	3588	ὁ	τό	
John 6:62	πρότερον;	A-ASN-C	A-ASN-C	4386	πρότερος	πρότερον	
John 6:63	τὸ	T-NSN	T-NSN	3588	ὁ	τό	
John 6:63	πνεῦμά	N-NSN	N-NSN	4151	πνεῦμα	πνεῦμα	
John 6:63	ἐστιν	V-PAI-3S	V-PAI-3S	1510&5719	εἰμί	ἐστιν	
John 6:63	τὸ	T-NSN	T-NSN	3588	ὁ	τό	
John 6:63	ζωοποιοῦν,	V-PAP-NSN	V-PAP-NSN	2227&5723	ζῳοποιέω	ζωοποιοῦν	
John 6:63	ἡ	T-NSF	T-NSF	3588	ὁ	ἡ	
John 6:63	σὰρξ	N-NSF	N-NSF	4561	σάρξ	σάρξ	
John 6:63	οὐκ	PRT-N	PRT-N	3756	οὐ	οὐκ	
John 6:63	ὠφελεῖ	V-PAI-3S	V-PAI-3S	5623&5719	ὠφελέω	ὠφελεῖ	
John 6:63	οὐδέν·	A-ASN-N	A-ASN-N	3762	οὐδείς	οὐδέν	
John 6:63	τὰ	T-NPN	T-NPN	3588	ὁ	τά	
John 6:63	ῥήματα	N-NPN	N-NPN	4487	ῥῆμα	ῥήματα	
John 6:63	ἃ	R-APN	R-APN	3739	ὅς	ἅ	
John 6:63	ἐγὼ	P-1NS	P-1NS	1473	ἐγώ	ἐγώ	
John 6:63	λελάληκα	V-RAI-1S	V-RAI-1S	2980&5758	λαλέω	λελάληκα	
John 6:63	ὑμῖν	P-2DP	P-2DP	4771	σύ	ὑμῖν	
John 6:63	πνεῦμά	N-NSN	N-NSN	4151	πνεῦμα	πνεῦμα	
John 6:63	ἐστιν	V-PAI-3S	V-PAI-3S	1510&5719	εἰμί	ἐστιν	
John 6:63	καὶ	CONJ	CONJ	2532	καί	καί	
John 6:63	ζωή	N-NSF	N-NSF	2222	ζωή	ζωή	
John 6:63	ἐστιν.	V-PAI-3S	V-PAI-3S	1510&5719	εἰμί	ἐστιν	
John 6:64	ἀλλ’	CONJ	CONJ	235	ἀλλά	ἀλλ’	
John 6:64	εἰσὶν	V-PAI-3P	V-PAI-3P	1510&5719	εἰμί	εἰσίν	
John 6:64	ἐξ	PREP	PREP	1537	ἐκ	ἐξ	
John 6:64	ὑμῶν	P-2GP	P-2GP	4771	σύ	ὑμῶν	
John 6:64	τινες	X-NPM	X-NPM	5100	τὶς	τινες	
John 6:64	οἳ	R-NPM	R-NPM	3739	ὅς	οἵ	
John 6:64	οὐ	PRT-N	PRT-N	3756	οὐ	οὐ	
John 6:64	πιστεύουσιν.	V-PAI-3P	V-PAI-3P	4100&5719	πιστεύω	πιστεύουσιν	
John 6:64	ᾔδει	V-2LAI-3S	V-2LAI-3S	1492	οἶδα	ᾔδει	
John 6:64	γὰρ	CONJ	CONJ	1063	γάρ	γάρ	
John 6:64	ἐξ	PREP	PREP	1537	ἐκ	ἐξ	
John 6:64	ἀρχῆς	N-GSF	N-GSF	746	ἀρχή	ἀρχῆς	
John 6:64	ὁ	T-NSM	T-NSM	3588	ὁ	ὁ	
John 6:64	Ἰησοῦς	N-NSM	N-NSM	2424	Ἰησοῦς	Ἰησοῦς	
John 6:64	τίνες	I-NPM	I-NPM	5101	τίς	τίνες	
John 6:64	εἰσὶν	V-PAI-3P	V-PAI-3P	1510&5719	εἰμί	εἰσίν	
John 6:64	οἱ	T-NPM	T-NPM	3588	ὁ	οἱ	
John 6:64	μὴ	PRT-N	PRT-N	3361	μή	μή	
John 6:64	πιστεύοντες	V-PAP-NPM	V-PAP-NPM	4100&5723	πιστεύω	πιστεύοντες	
John 6:64	καὶ	CONJ	CONJ	2532	καί	καί	
John 6:64	τίς	I-NSM	I-NSM	5101	τίς	τίς	
John 6:64	ἐστιν	V-PAI-3S	V-PAI-3S	1510&5719	εἰμί	ἐστιν	
John 6:64	ὁ	T-NSM	T-NSM	3588	ὁ	ὁ	
John 6:64	παραδώσων	V-FAP-NSM	V-FAP-NSM	3860&5694	παραδίδωμι	παραδώσων	
John 6:64	αὐτόν.	P-ASM	P-ASM	846	αὐτός	αὐτόν	
John 6:65	καὶ	CONJ	CONJ	2532	καί	καί	
John 6:65	ἔλεγεν	V-IAI-3S	V-IAI-3S	3004&5707	λέγω	ἔλεγεν	
John 6:65	Διὰ	PREP	PREP	1223	διά	Διά	
John 6:65	τοῦτο	D-ASN	D-ASN	3778	οὗτος	τοῦτο	
John 6:65	εἴρηκα	V-RAI-1S-ATT	V-RAI-1S-ATT	2046&5758	εἶπον	εἴρηκα	
John 6:65	ὑμῖν	P-2DP	P-2DP	4771	σύ	ὑμῖν	
John 6:65	ὅτι	CONJ	CONJ	3754	ὅτι	ὅτι	
John 6:65	οὐδεὶς	A-NSM-N	A-NSM-N	3762	οὐδείς	οὐδείς	
John 6:65	δύναται	V-PNI-3S	V-PNI-3S	1410&5736	δύναμαι	δύναται	
John 6:65	ἐλθεῖν	V-2AAN	V-2AAN	2064&5629	ἔρχομαι	ἐλθεῖν	
John 6:65	πρός	PREP	PREP	4314	πρός	πρός	
John 6:65	με	P-1AS	P-1AS	1473	ἐγώ	με	
John 6:65	ἐὰν	COND	COND	1437	ἐάν	ἐάν	
John 6:65	μὴ	PRT-N	PRT-N	3361	μή	μή	
John 6:65	ᾖ	V-PAS-3S	V-PAS-3S	1510&5725	εἰμί	ᾖ	
John 6:65	δεδομένον	V-RPP-NSN	V-RPP-NSN	1325&5772	δίδωμι	δεδομένον	
John 6:65	αὐτῷ	P-DSM	P-DSM	846	αὐτός	αὐτῷ	
John 6:65	ἐκ	PREP	PREP	1537	ἐκ	ἐκ	
John 6:65	τοῦ	T-GSM	T-GSM	3588	ὁ	τοῦ	
John 6:65	Πατρός.	N-GSM	N-GSM	3962	πατήρ	Πατρός	
John 6:66	Ἐκ	PREP	PREP	1537	ἐκ	Ἐκ	
John 6:66	τούτου	D-GSN	D-GSN	3778	οὗτος	τούτου	
John 6:66	πολλοὶ	A-NPM	A-NPM	4183	πολύς	πολλοί	
John 6:66	τῶν	T-GPM	T-GPM	3588	ὁ	τῶν	
John 6:66	μαθητῶν	N-GPM	N-GPM	3101	μαθητής	μαθητῶν	
John 6:66	αὐτοῦ	P-GSM	P-GSM	846	αὐτός	αὐτοῦ	
John 6:66	ἀπῆλθον	V-2AAI-3P	V-2AAI-3P	565&5627	ἀπέρχομαι	ἀπῆλθον	
John 6:66	εἰς	PREP	PREP	1519	εἰς	εἰς	
John 6:66	τὰ	T-APN	T-APN	3588	ὁ	τά	
John 6:66	ὀπίσω	ADV	ADV	3694	ὀπίσω	ὀπίσω	
John 6:66	καὶ	CONJ	CONJ	2532	καί	καί	
John 6:66	οὐκέτι	ADV-N	ADV-N	3765	οὐκέτι	οὐκέτι	
John 6:66	μετ’	PREP	PREP	3326	μετά	μετ’	
John 6:66	αὐτοῦ	P-GSM	P-GSM	846	αὐτός	αὐτοῦ	
John 6:66	περιεπάτουν.	V-IAI-3P	V-IAI-3P	4043&5707	περιπατέω	περιεπάτουν	
John 6:67	εἶπεν	V-2AAI-3S	V-2AAI-3S	3004&5627	λέγω	εἶπεν	
John 6:67	οὖν	CONJ	CONJ	3767	οὖν	οὖν	
John 6:67	ὁ	T-NSM	T-NSM	3588	ὁ	ὁ	
John 6:67	Ἰησοῦς	N-NSM	N-NSM	2424	Ἰησοῦς	Ἰησοῦς	
John 6:67	τοῖς	T-DPM	T-DPM	3588	ὁ	τοῖς	
John 6:67	δώδεκα	A-NUI	A-NUI	1427	δώδεκα	δώδεκα	
John 6:67	Μὴ	PRT-N	PRT-N	3361	μή	Μή	
John 6:67	καὶ	CONJ	CONJ	2532	καί	καί	
John 6:67	ὑμεῖς	P-2NP	P-2NP	4771	σύ	ὑμεῖς	
John 6:67	θέλετε	V-PAI-2P	V-PAI-2P	2309&5719	θέλω	θέλετε	
John 6:67	ὑπάγειν;	V-PAN	V-PAN	5217&5721	ὑπάγω	ὑπάγειν	
John 6:68	ἀπεκρίθη	V-ADI-3S	V-ADI-3S	611&5662	ἀποκρίνομαι	ἀπεκρίθη	
John 6:68	αὐτῷ	P-DSM	P-DSM	846	αὐτός	αὐτῷ	
John 6:68	Σίμων	N-NSM	N-NSM	4613	Σίμων	Σίμων	
John 6:68	Πέτρος	N-NSM	N-NSM	4074	Πέτρος	Πέτρος	
John 6:68	Κύριε,	N-VSM	N-VSM	2962	κύριος	Κύριε	
John 6:68	πρὸς	PREP	PREP	4314	πρός	πρός	
John 6:68	τίνα	I-ASM	I-ASM	5101	τίς	τίνα	
John 6:68	ἀπελευσόμεθα;	V-FDI-1P	V-FDI-1P	565&5695	ἀπέρχομαι	ἀπελευσόμεθα	
John 6:68	ῥήματα	N-APN	N-APN	4487	ῥῆμα	ῥήματα	
John 6:68	ζωῆς	N-GSF	N-GSF	2222	ζωή	ζωῆς	
John 6:68	αἰωνίου	A-GSF	A-GSF	166	αἰώνιος	αἰωνίου	
John 6:68	ἔχεις·	V-PAI-2S	V-PAI-2S	2192&5719	ἔχω	ἔχεις	
John 6:69	καὶ	CONJ	CONJ	2532	καί	καί	
John 6:69	ἡμεῖς	P-1NP	P-1NP	1473	ἐγώ	ἡμεῖς	
John 6:69	πεπιστεύκαμεν	V-RAI-1P	V-RAI-1P	4100&5758	πιστεύω	πεπιστεύκαμεν	
John 6:69	καὶ	CONJ	CONJ	2532	καί	καί	
John 6:69	ἐγνώκαμεν	V-RAI-1P	V-RAI-1P	1097&5758	γινώσκω	ἐγνώκαμεν	
John 6:69	ὅτι	CONJ	CONJ	3754	ὅτι	ὅτι	
John 6:69	σὺ	P-2NS	P-2NS	4771	σύ	σύ	
John 6:69	εἶ	V-PAI-2S	V-PAI-2S	1510&5719	εἰμί	εἶ	
John 6:69	ὁ	T-NSM	T-NSM	3588	ὁ	ὁ	
John 6:69	Ἅγιος	A-NSM	A-NSM	40	ἅγιος	Ἅγιος	
John 6:69	τοῦ	T-GSM	T-GSM	3588	ὁ	τοῦ	
John 6:69	Θεοῦ.	N-GSM	N-GSM	2316	θεός	Θεοῦ	
John 6:70	ἀπεκρίθη	V-ADI-3S	V-ADI-3S	611&5662	ἀποκρίνομαι	ἀπεκρίθη	
John 6:70	αὐτοῖς	P-DPM	P-DPM	846	αὐτός	αὐτοῖς	
John 6:70	ὁ	T-NSM	T-NSM	3588	ὁ	ὁ	
John 6:70	Ἰησοῦς	N-NSM	N-NSM	2424	Ἰησοῦς	Ἰησοῦς	
John 6:70	Οὐκ	PRT-N	PRT-N	3756	οὐ	Οὐκ	
John 6:70	ἐγὼ	P-1NS	P-1NS	1473	ἐγώ	ἐγώ	
John 6:70	ὑμᾶς	P-2AP	P-2AP	4771	σύ	ὑμᾶς	
John 6:70	τοὺς	T-APM	T-APM	3588	ὁ	τούς	
John 6:70	δώδεκα	A-NUI	A-NUI	1427	δώδεκα	δώδεκα	
John 6:70	ἐξελεξάμην;	V-AMI-1S	V-AMI-1S	1586&5668	ἐκλέγω	ἐξελεξάμην	
John 6:70	καὶ	CONJ	CONJ	2532	καί	καί	
John 6:70	ἐξ	PREP	PREP	1537	ἐκ	ἐξ	
John 6:70	ὑμῶν	P-2GP	P-2GP	4771	σύ	ὑμῶν	
John 6:70	εἷς	A-NSM	A-NSM	1520	εἷς	εἷς	
John 6:70	διάβολός	A-NSM	A-NSM	1228	διάβολος	διάβολος	
John 6:70	ἐστιν.	V-PAI-3S	V-PAI-3S	1510&5719	εἰμί	ἐστιν	
John 6:71	ἔλεγεν	V-IAI-3S	V-IAI-3S	3004&5707	λέγω	ἔλεγεν	
John 6:71	δὲ	CONJ	CONJ	1161	δέ	δέ	
John 6:71	τὸν	T-ASM	T-ASM	3588	ὁ	τόν	
John 6:71	Ἰούδαν	N-ASM	N-ASM	2455	Ἰούδας	Ἰούδαν	
John 6:71	Σίμωνος	N-GSM	N-GSM	4613	Σίμων	Σίμωνος	
John 6:71	Ἰσκαριώτου·	N-GSM	N-GSM	2469	Ἰσκαριώθ	Ἰσκαριώτου	
John 6:71	οὗτος	D-NSM	D-NSM	3778	οὗτος	οὗτος	
John 6:71	γὰρ	CONJ	CONJ	1063	γάρ	γάρ	
John 6:71	ἔμελλεν	V-IAI-3S	V-IAI-3S	3195&5707	μέλλω	ἔμελλεν	
John 6:71	παραδιδόναι	V-PAN	V-PAN	3860&5721	παραδίδωμι	παραδιδόναι	
John 6:71	αὐτόν,	P-ASM	P-ASM	846	αὐτός	αὐτόν	
John 6:71	εἷς	A-NSM	A-NSM	1520	εἷς	εἷς	
John 6:71	ἐκ	PREP	PREP	1537	ἐκ	ἐκ	
John 6:71	τῶν	T-GPM	T-GPM	3588	ὁ	τῶν	
John 6:71	δώδεκα.	A-NUI	A-NUI	1427	δώδεκα	δώδεκα	
John 7:1	Καὶ	CONJ	CONJ	2532	καί	Καί	
John 7:1	μετὰ	PREP	PREP	3326	μετά	μετά	
John 7:1	ταῦτα	D-APN	D-APN	3778	οὗτος	ταῦτα	
John 7:1	περιεπάτει	V-IAI-3S	V-IAI-3S	4043&5707	περιπατέω	περιεπάτει	
John 7:1	ὁ	T-NSM	T-NSM	3588	ὁ	ὁ	
John 7:1	Ἰησοῦς	N-NSM	N-NSM	2424	Ἰησοῦς	Ἰησοῦς	
John 7:1	ἐν	PREP	PREP	1722	ἐν	ἐν	
John 7:1	τῇ	T-DSF	T-DSF	3588	ὁ	τῇ	
John 7:1	Γαλιλαίᾳ·	N-DSF	N-DSF	1056	Γαλιλαία	Γαλιλαίᾳ	
John 7:1	οὐ	PRT-N	PRT-N	3756	οὐ	οὐ	
John 7:1	γὰρ	CONJ	CONJ	1063	γάρ	γάρ	
John 7:1	ἤθελεν	V-IAI-3S	V-IAI-3S	2309&5707	θέλω	ἤθελεν	
John 7:1	ἐν	PREP	PREP	1722	ἐν	ἐν	
John 7:1	τῇ	T-DSF	T-DSF	3588	ὁ	τῇ	
John 7:1	Ἰουδαίᾳ	N-DSF	N-DSF	2449	Ἰουδαία	Ἰουδαίᾳ	
John 7:1	περιπατεῖν,	V-PAN	V-PAN	4043&5721	περιπατέω	περιπατεῖν	
John 7:1	ὅτι	CONJ	CONJ	3754	ὅτι	ὅτι	
John 7:1	ἐζήτουν	V-IAI-3P	V-IAI-3P	2212&5707	ζητέω	ἐζήτουν	
John 7:1	αὐτὸν	P-ASM	P-ASM	846	αὐτός	αὐτόν	
John 7:1	οἱ	T-NPM	T-NPM	3588	ὁ	οἱ	
John 7:1	Ἰουδαῖοι	A-NPM	A-NPM	2453	Ἰουδαῖος	Ἰουδαῖοι	
John 7:1	ἀποκτεῖναι.	V-AAN	V-AAN	615&5658	ἀποκτείνω	ἀποκτεῖναι	
John 7:2	ἦν	V-IAI-3S	V-IAI-3S	1510&5707	εἰμί	ἦν	
John 7:2	δὲ	CONJ	CONJ	1161	δέ	δέ	
John 7:2	ἐγγὺς	ADV	ADV	1451	ἐγγύς	ἐγγύς	
John 7:2	ἡ	T-NSF	T-NSF	3588	ὁ	ἡ	
John 7:2	ἑορτὴ	N-NSF	N-NSF	1859	ἑορτή	ἑορτή	
John 7:2	τῶν	T-GPM	T-GPM	3588	ὁ	τῶν	
John 7:2	Ἰουδαίων	A-GPM	A-GPM	2453	Ἰουδαῖος	Ἰουδαίων	
John 7:2	ἡ	T-NSF	T-NSF	3588	ὁ	ἡ	
John 7:2	σκηνοπηγία.	N-NSF	N-NSF	4634	σκηνοπηγία	σκηνοπηγία	
John 7:3	εἶπον	V-2AAI-3P	V-2AAI-3P	3004&5627	λέγω	εἶπον	
John 7:3	οὖν	CONJ	CONJ	3767	οὖν	οὖν	
John 7:3	πρὸς	PREP	PREP	4314	πρός	πρός	
John 7:3	αὐτὸν	P-ASM	P-ASM	846	αὐτός	αὐτόν	
John 7:3	οἱ	T-NPM	T-NPM	3588	ὁ	οἱ	
John 7:3	ἀδελφοὶ	N-NPM	N-NPM	80	ἀδελφός	ἀδελφοί	
John 7:3	αὐτοῦ	P-GSM	P-GSM	846	αὐτός	αὐτοῦ	
John 7:3	Μετάβηθι	V-2AAM-2S	V-2AAM-2S	3327&5628	μεταβαίνω	Μετάβηθι	
John 7:3	ἐντεῦθεν	ADV	ADV	1782	ἐντεῦθεν	ἐντεῦθεν	
John 7:3	καὶ	CONJ	CONJ	2532	καί	καί	
John 7:3	ὕπαγε	V-PAM-2S	V-PAM-2S	5217&5720	ὑπάγω	ὕπαγε	
John 7:3	εἰς	PREP	PREP	1519	εἰς	εἰς	
John 7:3	τὴν	T-ASF	T-ASF	3588	ὁ	τήν	
John 7:3	Ἰουδαίαν,	N-ASF	N-ASF	2449	Ἰουδαία	Ἰουδαίαν	
John 7:3	ἵνα	CONJ	CONJ	2443	ἵνα	ἵνα	
John 7:3	καὶ	CONJ	CONJ	2532	καί	καί	
John 7:3	οἱ	T-NPM	T-NPM	3588	ὁ	οἱ	
John 7:3	μαθηταί	N-NPM	N-NPM	3101	μαθητής	μαθηταί	
John 7:3	σου	P-2GS	P-2GS	4771	σύ	σου	
John 7:3	θεωρήσουσιν	V-FAI-3P	V-FAI-3P	2334&5692	θεωρέω	θεωρήσουσιν	
John 7:3	τὰ	T-APN	T-APN	3588	ὁ	τά	
John 7:3	ἔργα	N-APN	N-APN	2041	ἔργον	ἔργα	
John 7:3	σοῦ	P-2GS	P-2GS	4771	σύ	σοῦ	
John 7:3	ἃ	R-APN	R-APN	3739	ὅς	ἅ	
John 7:3	ποιεῖς·	V-PAI-2S	V-PAI-2S	4160&5719	ποιέω	ποιεῖς	
John 7:4	οὐδεὶς	A-NSM-N	A-NSM-N	3762	οὐδείς	οὐδείς	
John 7:4	γάρ	CONJ	CONJ	1063	γάρ	γάρ	
John 7:4	τι	X-ASN	X-ASN	5100	τὶς	τι	
John 7:4	ἐν	PREP	PREP	1722	ἐν	ἐν	
John 7:4	κρυπτῷ	A-DSN	A-DSN	2927	κρυπτός	κρυπτῷ	
John 7:4	ποιεῖ	V-PAI-3S	V-PAI-3S	4160&5719	ποιέω	ποιεῖ	
John 7:4	καὶ	CONJ	CONJ	2532	καί	καί	
John 7:4	ζητεῖ	V-PAI-3S	V-PAI-3S	2212&5719	ζητέω	ζητεῖ	
John 7:4	αὐτὸς	P-NSM	P-NSM	846	αὐτός	αὐτός	
John 7:4	ἐν	PREP	PREP	1722	ἐν	ἐν	
John 7:4	παρρησίᾳ	N-DSF	N-DSF	3954	παρρησία	παρρησίᾳ	
John 7:4	εἶναι.	V-PAN	V-PAN	1510&5721	εἰμί	εἶναι	
John 7:4	εἰ	COND	COND	1487	εἰ	εἰ	
John 7:4	ταῦτα	D-APN	D-APN	3778	οὗτος	ταῦτα	
John 7:4	ποιεῖς,	V-PAI-2S	V-PAI-2S	4160&5719	ποιέω	ποιεῖς	
John 7:4	φανέρωσον	V-AAM-2S	V-AAM-2S	5319&5657	φανερόω	φανέρωσον	
John 7:4	σεαυτὸν	F-2ASM	F-2ASM	4572	σεαυτοῦ	σεαυτόν	
John 7:4	τῷ	T-DSM	T-DSM	3588	ὁ	τῷ	
John 7:4	κόσμῳ.	N-DSM	N-DSM	2889	κόσμος	κόσμῳ	
John 7:5	οὐδὲ	CONJ-N	CONJ-N	3761	οὐδέ	οὐδέ	
John 7:5	γὰρ	CONJ	CONJ	1063	γάρ	γάρ	
John 7:5	οἱ	T-NPM	T-NPM	3588	ὁ	οἱ	
John 7:5	ἀδελφοὶ	N-NPM	N-NPM	80	ἀδελφός	ἀδελφοί	
John 7:5	αὐτοῦ	P-GSM	P-GSM	846	αὐτός	αὐτοῦ	
John 7:5	ἐπίστευον	V-IAI-3P	V-IAI-3P	4100&5707	πιστεύω	ἐπίστευον	
John 7:5	εἰς	PREP	PREP	1519	εἰς	εἰς	
John 7:5	αὐτόν.	P-ASM	P-ASM	846	αὐτός	αὐτόν	
John 7:6	λέγει	V-PAI-3S	V-PAI-3S	3004&5719	λέγω	λέγει	
John 7:6	οὖν	CONJ	CONJ	3767	οὖν	οὖν	
John 7:6	αὐτοῖς	P-DPM	P-DPM	846	αὐτός	αὐτοῖς	
John 7:6	ὁ	T-NSM	T-NSM	3588	ὁ	ὁ	
John 7:6	Ἰησοῦς	N-NSM	N-NSM	2424	Ἰησοῦς	Ἰησοῦς	
John 7:6	Ὁ	T-NSM	T-NSM	3588	ὁ	Ὁ	
John 7:6	καιρὸς	N-NSM	N-NSM	2540	καιρός	καιρός	
John 7:6	ὁ	T-NSM	T-NSM	3588	ὁ	ὁ	
John 7:6	ἐμὸς	S-1SNSM	S-1SNSM	1699	ἐμός	ἐμός	
John 7:6	οὔπω	ADV-N	ADV-N	3768	οὔπω	οὔπω	
John 7:6	πάρεστιν,	V-PAI-3S	V-PAI-3S	3918&5719	πάρειμι	πάρεστιν	
John 7:6	ὁ	T-NSM	T-NSM	3588	ὁ	ὁ	
John 7:6	δὲ	CONJ	CONJ	1161	δέ	δέ	
John 7:6	καιρὸς	N-NSM	N-NSM	2540	καιρός	καιρός	
John 7:6	ὁ	T-NSM	T-NSM	3588	ὁ	ὁ	
John 7:6	ὑμέτερος	S-2PNSM	S-2PNSM	5212	ὑμέτερος	ὑμέτερος	
John 7:6	πάντοτέ	ADV	ADV	3842	πάντοτε	πάντοτε	
John 7:6	ἐστιν	V-PAI-3S	V-PAI-3S	1510&5719	εἰμί	ἐστιν	
John 7:6	ἕτοιμος.	A-NSM	A-NSM	2092	ἕτοιμος	ἕτοιμος	
John 7:7	οὐ	PRT-N	PRT-N	3756	οὐ	οὐ	
John 7:7	δύναται	V-PNI-3S	V-PNI-3S	1410&5736	δύναμαι	δύναται	
John 7:7	ὁ	T-NSM	T-NSM	3588	ὁ	ὁ	
John 7:7	κόσμος	N-NSM	N-NSM	2889	κόσμος	κόσμος	
John 7:7	μισεῖν	V-PAN	V-PAN	3404&5721	μισέω	μισεῖν	
John 7:7	ὑμᾶς,	P-2AP	P-2AP	4771	σύ	ὑμᾶς	
John 7:7	ἐμὲ	P-1AS	P-1AS	1473	ἐγώ	ἐμέ	
John 7:7	δὲ	CONJ	CONJ	1161	δέ	δέ	
John 7:7	μισεῖ,	V-PAI-3S	V-PAI-3S	3404&5719	μισέω	μισεῖ	
John 7:7	ὅτι	CONJ	CONJ	3754	ὅτι	ὅτι	
John 7:7	ἐγὼ	P-1NS	P-1NS	1473	ἐγώ	ἐγώ	
John 7:7	μαρτυρῶ	V-PAI-1S	V-PAI-1S	3140&5719	μαρτυρέω	μαρτυρῶ	
John 7:7	περὶ	PREP	PREP	4012	περί	περί	
John 7:7	αὐτοῦ	P-GSM	P-GSM	846	αὐτός	αὐτοῦ	
John 7:7	ὅτι	CONJ	CONJ	3754	ὅτι	ὅτι	
John 7:7	τὰ	T-NPN	T-NPN	3588	ὁ	τά	
John 7:7	ἔργα	N-NPN	N-NPN	2041	ἔργον	ἔργα	
John 7:7	αὐτοῦ	P-GSM	P-GSM	846	αὐτός	αὐτοῦ	
John 7:7	πονηρά	A-NPN	A-NPN	4190	πονηρός	πονηρά	
John 7:7	ἐστιν.	V-PAI-3S	V-PAI-3S	1510&5719	εἰμί	ἐστιν	
John 7:8	ὑμεῖς	P-2NP	P-2NP	4771	σύ	ὑμεῖς	
John 7:8	ἀνάβητε	V-2AAM-2P	V-2AAM-2P	305&5628	ἀναβαίνω	ἀνάβητε	
John 7:8	εἰς	PREP	PREP	1519	εἰς	εἰς	
John 7:8	τὴν	T-ASF	T-ASF	3588	ὁ	τήν	
John 7:8	ἑορτήν·	N-ASF	N-ASF	1859	ἑορτή	ἑορτήν	
John 7:8	ἐγὼ	P-1NS	P-1NS	1473	ἐγώ	ἐγώ	
John 7:8	οὔπω	ADV-N	ADV-N	3768	οὔπω	οὔπω	
John 7:8	ἀναβαίνω	V-PAI-1S	V-PAI-1S	305&5719	ἀναβαίνω	ἀναβαίνω	
John 7:8	εἰς	PREP	PREP	1519	εἰς	εἰς	
John 7:8	τὴν	T-ASF	T-ASF	3588	ὁ	τήν	
John 7:8	ἑορτὴν	N-ASF	N-ASF	1859	ἑορτή	ἑορτήν	
John 7:8	ταύτην,	D-ASF	D-ASF	3778	οὗτος	ταύτην	
John 7:8	ὅτι	CONJ	CONJ	3754	ὅτι	ὅτι	
John 7:8	ὁ	T-NSM	T-NSM	3588	ὁ	ὁ	
John 7:8	ἐμὸς	S-1SNSM	S-1SNSM	1699	ἐμός	ἐμός	
John 7:8	καιρὸς	N-NSM	N-NSM	2540	καιρός	καιρός	
John 7:8	οὔπω	ADV-N	ADV-N	3768	οὔπω	οὔπω	
John 7:8	πεπλήρωται.	V-RPI-3S	V-RPI-3S	4137&5769	πληρόω	πεπλήρωται	
John 7:9	ταῦτα	D-APN	D-APN	3778	οὗτος	ταῦτα	
John 7:9	δὲ	CONJ	CONJ	1161	δέ	δέ	
John 7:9	εἰπὼν	V-2AAP-NSM	V-2AAP-NSM	3004&5631	λέγω	εἰπών	
John 7:9	αὐτοῖς	P-DPM	P-DPM	846	αὐτός	αὐτοῖς	
John 7:9	ἔμεινεν	V-AAI-3S	V-AAI-3S	3306&5656	μένω	ἔμεινεν	
John 7:9	ἐν	PREP	PREP	1722	ἐν	ἐν	
John 7:9	τῇ	T-DSF	T-DSF	3588	ὁ	τῇ	
John 7:9	Γαλιλαίᾳ.	N-DSF	N-DSF	1056	Γαλιλαία	Γαλιλαίᾳ	
John 7:10	Ὡς	ADV	ADV	5613	ὡς	Ὡς	
John 7:10	δὲ	CONJ	CONJ	1161	δέ	δέ	
John 7:10	ἀνέβησαν	V-2AAI-3P	V-2AAI-3P	305&5627	ἀναβαίνω	ἀνέβησαν	
John 7:10	οἱ	T-NPM	T-NPM	3588	ὁ	οἱ	
John 7:10	ἀδελφοὶ	N-NPM	N-NPM	80	ἀδελφός	ἀδελφοί	
John 7:10	αὐτοῦ	P-GSM	P-GSM	846	αὐτός	αὐτοῦ	
John 7:10	εἰς	PREP	PREP	1519	εἰς	εἰς	
John 7:10	τὴν	T-ASF	T-ASF	3588	ὁ	τήν	
John 7:10	ἑορτήν,	N-ASF	N-ASF	1859	ἑορτή	ἑορτήν	
John 7:10	τότε	ADV	ADV	5119	τότε	τότε	
John 7:10	καὶ	CONJ	CONJ	2532	καί	καί	
John 7:10	αὐτὸς	P-NSM	P-NSM	846	αὐτός	αὐτός	
John 7:10	ἀνέβη,	V-2AAI-3S	V-2AAI-3S	305&5627	ἀναβαίνω	ἀνέβη	
John 7:10	οὐ	PRT-N	PRT-N	3756	οὐ	οὐ	
John 7:10	φανερῶς	ADV	ADV	5320	φανερῶς	φανερῶς	
John 7:10	ἀλλὰ	CONJ	CONJ	235	ἀλλά	ἀλλά	
John 7:10	ὡς	ADV	ADV	5613	ὡς	ὡς	
John 7:10	ἐν	PREP	PREP	1722	ἐν	ἐν	
John 7:10	κρυπτῷ.	A-DSN	A-DSN	2927	κρυπτός	κρυπτῷ	
John 7:11	οἱ	T-NPM	T-NPM	3588	ὁ	οἱ	
John 7:11	οὖν	CONJ	CONJ	3767	οὖν	οὖν	
John 7:11	Ἰουδαῖοι	A-NPM	A-NPM	2453	Ἰουδαῖος	Ἰουδαῖοι	
John 7:11	ἐζήτουν	V-IAI-3P	V-IAI-3P	2212&5707	ζητέω	ἐζήτουν	
John 7:11	αὐτὸν	P-ASM	P-ASM	846	αὐτός	αὐτόν	
John 7:11	ἐν	PREP	PREP	1722	ἐν	ἐν	
John 7:11	τῇ	T-DSF	T-DSF	3588	ὁ	τῇ	
John 7:11	ἑορτῇ	N-DSF	N-DSF	1859	ἑορτή	ἑορτῇ	
John 7:11	καὶ	CONJ	CONJ	2532	καί	καί	
John 7:11	ἔλεγον	V-IAI-3P	V-IAI-3P	3004&5707	λέγω	ἔλεγον	
John 7:11	Ποῦ	ADV-I	ADV-I	4226	ποῦ	Ποῦ	
John 7:11	ἐστιν	V-PAI-3S	V-PAI-3S	1510	εἰμί	ἐστιν	
John 7:11	ἐκεῖνος;	D-NSM	D-NSM	1565	ἐκεῖνος	ἐκεῖνος	
John 7:12	καὶ	CONJ	CONJ	2532	καί	καί	
John 7:12	γογγυσμὸς	N-NSM	N-NSM	1112	γογγυσμός	γογγυσμός	
John 7:12	περὶ	PREP	PREP	4012	περί	περί	
John 7:12	αὐτοῦ	P-GSM	P-GSM	846	αὐτός	αὐτοῦ	
John 7:12	ἦν	V-IAI-3S	V-IAI-3S	1510&5707	εἰμί	ἦν	
John 7:12	πολὺς	A-NSM	A-NSM	4183	πολύς	πολύς	
John 7:12	ἐν	PREP	PREP	1722	ἐν	ἐν	
John 7:12	τοῖς	T-DPM	T-DPM	3588	ὁ	τοῖς	
John 7:12	ὄχλοις·	N-DPM	N-DPM	3793	ὄχλος	ὄχλοις	
John 7:12	οἱ	T-NPM	T-NPM	3588	ὁ	οἱ	
John 7:12	μὲν	PRT	PRT	3303	μέν	μέν	
John 7:12	ἔλεγον	V-IAI-3P	V-IAI-3P	3004&5707	λέγω	ἔλεγον	
John 7:12	ὅτι	CONJ	CONJ	3754	ὅτι	ὅτι	
John 7:12	Ἀγαθός	A-NSM	A-NSM	18	ἀγαθός	Ἀγαθός	
John 7:12	ἐστιν,	V-PAI-3S	V-PAI-3S	1510&5719	εἰμί	ἐστιν	
John 7:12	ἄλλοι	A-NPM	A-NPM	243	ἄλλος	ἄλλοι	
John 7:12	δὲ	CONJ	CONJ	1161	δέ	δέ	
John 7:12	ἔλεγον	V-IAI-3P	V-IAI-3P	3004&5707	λέγω	ἔλεγον	
John 7:12	Οὔ,	PRT-N	PRT-N	3756	οὐ	Οὔ	
John 7:12	ἀλλὰ	CONJ	CONJ	235	ἀλλά	ἀλλά	
John 7:12	πλανᾷ	V-PAI-3S	V-PAI-3S	4105&5719	πλανάω	πλανᾷ	
John 7:12	τὸν	T-ASM	T-ASM	3588	ὁ	τόν	
John 7:12	ὄχλον.	N-ASM	N-ASM	3793	ὄχλος	ὄχλον	
John 7:13	οὐδεὶς	A-NSM-N	A-NSM-N	3762	οὐδείς	οὐδείς	
John 7:13	μέντοι	CONJ	CONJ	3305	μέντοι	μέντοι	
John 7:13	παρρησίᾳ	N-DSF	N-DSF	3954	παρρησία	παρρησίᾳ	
John 7:13	ἐλάλει	V-IAI-3S	V-IAI-3S	2980&5707	λαλέω	ἐλάλει	
John 7:13	περὶ	PREP	PREP	4012	περί	περί	
John 7:13	αὐτοῦ	P-GSM	P-GSM	846	αὐτός	αὐτοῦ	
John 7:13	διὰ	PREP	PREP	1223	διά	διά	
John 7:13	τὸν	T-ASM	T-ASM	3588	ὁ	τόν	
John 7:13	φόβον	N-ASM	N-ASM	5401	φόβος	φόβον	
John 7:13	τῶν	T-GPM	T-GPM	3588	ὁ	τῶν	
John 7:13	Ἰουδαίων.	A-GPM	A-GPM	2453	Ἰουδαῖος	Ἰουδαίων	
John 7:14	Ἤδη	ADV	ADV	2235	ἤδη	Ἤδη	
John 7:14	δὲ	CONJ	CONJ	1161	δέ	δέ	
John 7:14	τῆς	T-GSF	T-GSF	3588	ὁ	τῆς	
John 7:14	ἑορτῆς	N-GSF	N-GSF	1859	ἑορτή	ἑορτῆς	
John 7:14	μεσούσης	V-PAP-GSF	V-PAP-GSF	3322&5723	μεσόω	μεσούσης	
John 7:14	ἀνέβη	V-2AAI-3S	V-2AAI-3S	305&5627	ἀναβαίνω	ἀνέβη	
John 7:14	Ἰησοῦς	N-NSM	N-NSM	2424	Ἰησοῦς	Ἰησοῦς	
John 7:14	εἰς	PREP	PREP	1519	εἰς	εἰς	
John 7:14	τὸ	T-ASN	T-ASN	3588	ὁ	τό	
John 7:14	ἱερὸν	N-ASN	N-ASN	2411	ἱερός	ἱερόν	
John 7:14	καὶ	CONJ	CONJ	2532	καί	καί	
John 7:14	ἐδίδασκεν.	V-IAI-3S	V-IAI-3S	1321&5707	διδάσκω	ἐδίδασκεν	
John 7:15	ἐθαύμαζον	V-IAI-3P	V-IAI-3P	2296&5707	θαυμάζω	ἐθαύμαζον	
John 7:15	οὖν	CONJ	CONJ	3767	οὖν	οὖν	
John 7:15	οἱ	T-NPM	T-NPM	3588	ὁ	οἱ	
John 7:15	Ἰουδαῖοι	A-NPM	A-NPM	2453	Ἰουδαῖος	Ἰουδαῖοι	
John 7:15	λέγοντες	V-PAP-NPM	V-PAP-NPM	3004&5723	λέγω	λέγοντες	
John 7:15	Πῶς	ADV-I	ADV-I	4459	πῶς	Πῶς	
John 7:15	οὗτος	D-NSM	D-NSM	3778	οὗτος	οὗτος	
John 7:15	γράμματα	N-APN	N-APN	1121	γράμμα	γράμματα	
John 7:15	οἶδεν	V-RAI-3S	V-RAI-3S	1492&5758	οἶδα	οἶδεν	
John 7:15	μὴ	PRT-N	PRT-N	3361	μή	μή	
John 7:15	μεμαθηκώς;	V-RAP-NSM	V-RAP-NSM	3129&5761	μανθάνω	μεμαθηκώς	
John 7:16	ἀπεκρίθη	V-ADI-3S	V-ADI-3S	611&5662	ἀποκρίνομαι	ἀπεκρίθη	
John 7:16	οὖν	CONJ	CONJ	3767	οὖν	οὖν	
John 7:16	αὐτοῖς	P-DPM	P-DPM	846	αὐτός	αὐτοῖς	
John 7:16	Ἰησοῦς	N-NSM	N-NSM	2424	Ἰησοῦς	Ἰησοῦς	
John 7:16	καὶ	CONJ	CONJ	2532	καί	καί	
John 7:16	εἶπεν	V-2AAI-3S	V-2AAI-3S	3004&5627	λέγω	εἶπεν	
John 7:16	Ἡ	T-NSF	T-NSF	3588	ὁ	Ἡ	
John 7:16	ἐμὴ	S-1SNSF	S-1SNSF	1699	ἐμός	ἐμή	
John 7:16	διδαχὴ	N-NSF	N-NSF	1322	διδαχή	διδαχή	
John 7:16	οὐκ	PRT-N	PRT-N	3756	οὐ	οὐκ	
John 7:16	ἔστιν	V-PAI-3S	V-PAI-3S	1510&5719	εἰμί	ἔστιν	
John 7:16	ἐμὴ	S-1SNSF	S-1SNSF	1699	ἐμός	ἐμή	
John 7:16	ἀλλὰ	CONJ	CONJ	235	ἀλλά	ἀλλά	
John 7:16	τοῦ	T-GSM	T-GSM	3588	ὁ	τοῦ	
John 7:16	πέμψαντός	V-AAP-GSM	V-AAP-GSM	3992&5660	πέμπω	πέμψαντος	
John 7:16	με·	P-1AS	P-1AS	1473	ἐγώ	με	
John 7:17	ἐάν	COND	COND	1437	ἐάν	ἐάν	
John 7:17	τις	X-NSM	X-NSM	5100	τὶς	τις	
John 7:17	θέλῃ	V-PAS-3S	V-PAS-3S	2309&5725	θέλω	θέλῃ	
John 7:17	τὸ	T-ASN	T-ASN	3588	ὁ	τό	
John 7:17	θέλημα	N-ASN	N-ASN	2307	θέλημα	θέλημα	
John 7:17	αὐτοῦ	P-GSM	P-GSM	846	αὐτός	αὐτοῦ	
John 7:17	ποιεῖν,	V-PAN	V-PAN	4160&5721	ποιέω	ποιεῖν	
John 7:17	γνώσεται	V-FDI-3S	V-FDI-3S	1097&5695	γινώσκω	γνώσεται	
John 7:17	περὶ	PREP	PREP	4012	περί	περί	
John 7:17	τῆς	T-GSF	T-GSF	3588	ὁ	τῆς	
John 7:17	διδαχῆς,	N-GSF	N-GSF	1322	διδαχή	διδαχῆς	
John 7:17	πότερον	ADV-I	ADV-I	4220	πότερον	πότερον	
John 7:17	ἐκ	PREP	PREP	1537	ἐκ	ἐκ	
John 7:17	τοῦ	T-GSM	T-GSM	3588	ὁ	τοῦ	
John 7:17	Θεοῦ	N-GSM	N-GSM	2316	θεός	Θεοῦ	
John 7:17	ἐστιν	V-PAI-3S	V-PAI-3S	1510	εἰμί	ἐστιν	
John 7:17	ἢ	PRT	PRT	2228	ἤ	ἤ	
John 7:17	ἐγὼ	P-1NS	P-1NS	1473	ἐγώ	ἐγώ	
John 7:17	ἀπ’	PREP	PREP	575	ἀπό	ἀπ’	
John 7:17	ἐμαυτοῦ	F-1GSM	F-1GSM	1683	ἐμαυτοῦ	ἐμαυτοῦ	
John 7:17	λαλῶ.	V-PAI-1S	V-PAI-1S	2980&5719	λαλέω	λαλῶ	
John 7:18	ὁ	T-NSM	T-NSM	3588	ὁ	ὁ	
John 7:18	ἀφ’	PREP	PREP	575	ἀπό	ἀφ’	
John 7:18	ἑαυτοῦ	F-3GSM	F-3GSM	1438	ἑαυτοῦ	ἑαυτοῦ	
John 7:18	λαλῶν	V-PAP-NSM	V-PAP-NSM	2980&5723	λαλέω	λαλῶν	
John 7:18	τὴν	T-ASF	T-ASF	3588	ὁ	τήν	
John 7:18	δόξαν	N-ASF	N-ASF	1391	δόξα	δόξαν	
John 7:18	τὴν	T-ASF	T-ASF	3588	ὁ	τήν	
John 7:18	ἰδίαν	A-ASF	A-ASF	2398	ἴδιος	ἰδίαν	
John 7:18	ζητεῖ·	V-PAI-3S	V-PAI-3S	2212&5719	ζητέω	ζητεῖ	
John 7:18	ὁ	T-NSM	T-NSM	3588	ὁ	ὁ	
John 7:18	δὲ	CONJ	CONJ	1161	δέ	δέ	
John 7:18	ζητῶν	V-PAP-NSM	V-PAP-NSM	2212&5723	ζητέω	ζητῶν	
John 7:18	τὴν	T-ASF	T-ASF	3588	ὁ	τήν	
John 7:18	δόξαν	N-ASF	N-ASF	1391	δόξα	δόξαν	
John 7:18	τοῦ	T-GSM	T-GSM	3588	ὁ	τοῦ	
John 7:18	πέμψαντος	V-AAP-GSM	V-AAP-GSM	3992&5660	πέμπω	πέμψαντος	
John 7:18	αὐτὸν,	P-ASM	P-ASM	846	αὐτός	αὐτόν	
John 7:18	οὗτος	D-NSM	D-NSM	3778	οὗτος	οὗτος	
John 7:18	ἀληθής	A-NSM	A-NSM	227	ἀληθής	ἀληθής	
John 7:18	ἐστιν	V-PAI-3S	V-PAI-3S	1510&5719	εἰμί	ἐστιν	
John 7:18	καὶ	CONJ	CONJ	2532	καί	καί	
John 7:18	ἀδικία	N-NSF	N-NSF	93	ἀδικία	ἀδικία	
John 7:18	ἐν	PREP	PREP	1722	ἐν	ἐν	
John 7:18	αὐτῷ	P-DSM	P-DSM	846	αὐτός	αὐτῷ	
John 7:18	οὐκ	PRT-N	PRT-N	3756	οὐ	οὐκ	
John 7:18	ἔστιν.	V-PAI-3S	V-PAI-3S	1510&5719	εἰμί	ἔστιν	
John 7:19	οὐ	PRT-N	PRT-N	3756	οὐ	οὐ	
John 7:19	Μωϋσῆς	N-NSM	N-NSM	3475	Μωϋσῆς	Μωϋσῆς	
John 7:19	ἔδωκεν	V-AAI-3S	V-AAI-3S	1325&5656	δίδωμι	ἔδωκεν	
John 7:19	ὑμῖν	P-2DP	P-2DP	4771	σύ	ὑμῖν	
John 7:19	τὸν	T-ASM	T-ASM	3588	ὁ	τόν	
John 7:19	νόμον;	N-ASM	N-ASM	3551	νόμος	νόμον	
John 7:19	καὶ	CONJ	CONJ	2532	καί	καί	
John 7:19	οὐδεὶς	A-NSM-N	A-NSM-N	3762	οὐδείς	οὐδείς	
John 7:19	ἐξ	PREP	PREP	1537	ἐκ	ἐξ	
John 7:19	ὑμῶν	P-2GP	P-2GP	4771	σύ	ὑμῶν	
John 7:19	ποιεῖ	V-PAI-3S	V-PAI-3S	4160&5719	ποιέω	ποιεῖ	
John 7:19	τὸν	T-ASM	T-ASM	3588	ὁ	τόν	
John 7:19	νόμον.	N-ASM	N-ASM	3551	νόμος	νόμον	
John 7:19	τί	I-ASN	I-ASN	5101	τίς	τί	
John 7:19	με	P-1AS	P-1AS	1473	ἐγώ	με	
John 7:19	ζητεῖτε	V-PAI-2P	V-PAI-2P	2212&5719	ζητέω	ζητεῖτε	
John 7:19	ἀποκτεῖναι;	V-AAN	V-AAN	615&5658	ἀποκτείνω	ἀποκτεῖναι	
John 7:20	ἀπεκρίθη	V-ADI-3S	V-ADI-3S	611&5662	ἀποκρίνομαι	ἀπεκρίθη	
John 7:20	ὁ	T-NSM	T-NSM	3588	ὁ	ὁ	
John 7:20	ὄχλος	N-NSM	N-NSM	3793	ὄχλος	ὄχλος	
John 7:20	Δαιμόνιον	N-ASN	N-ASN	1140	δαιμόνιον	Δαιμόνιον	
John 7:20	ἔχεις·	V-PAI-2S	V-PAI-2S	2192&5719	ἔχω	ἔχεις	
John 7:20	τίς	I-NSM	I-NSM	5101	τίς	τίς	
John 7:20	σε	P-2AS	P-2AS	4771	σύ	σε	
John 7:20	ζητεῖ	V-PAI-3S	V-PAI-3S	2212&5719	ζητέω	ζητεῖ	
John 7:20	ἀποκτεῖναι;	V-AAN	V-AAN	615&5658	ἀποκτείνω	ἀποκτεῖναι	
John 7:21	ἀπεκρίθη	V-ADI-3S	V-ADI-3S	611&5662	ἀποκρίνομαι	ἀπεκρίθη	
John 7:21	Ἰησοῦς	N-NSM	N-NSM	2424	Ἰησοῦς	Ἰησοῦς	
John 7:21	καὶ	CONJ	CONJ	2532	καί	καί	
John 7:21	εἶπεν	V-2AAI-3S	V-2AAI-3S	3004&5627	λέγω	εἶπεν	
John 7:21	αὐτοῖς	P-DPM	P-DPM	846	αὐτός	αὐτοῖς	
John 7:21	Ἓν	A-ASN	A-ASN	1520	εἷς	Ἕν	
John 7:21	ἔργον	N-ASN	N-ASN	2041	ἔργον	ἔργον	
John 7:21	ἐποίησα	V-AAI-1S	V-AAI-1S	4160&5656	ποιέω	ἐποίησα	
John 7:21	καὶ	CONJ	CONJ	2532	καί	καί	
John 7:21	πάντες	A-NPM	A-NPM	3956	πᾶς	πάντες	
John 7:21	θαυμάζετε.	V-PAI-2P	V-PAI-2P	2296&5719	θαυμάζω	θαυμάζετε	
John 7:22	διὰ	PREP	PREP	1223	διά	διά	
John 7:22	τοῦτο	D-ASN	D-ASN	3778	οὗτος	τοῦτο	
John 7:22	Μωϋσῆς	N-NSM	N-NSM	3475	Μωϋσῆς	Μωϋσῆς	
John 7:22	δέδωκεν	V-RAI-3S	V-RAI-3S	1325&5758	δίδωμι	δέδωκεν	
John 7:22	ὑμῖν	P-2DP	P-2DP	4771	σύ	ὑμῖν	
John 7:22	τὴν	T-ASF	T-ASF	3588	ὁ	τήν	
John 7:22	περιτομήν,	N-ASF	N-ASF	4061	περιτομή	περιτομήν	
John 7:22	—οὐχ	PRT-N	PRT-N	3756	οὐ	οὐχ	
John 7:22	ὅτι	CONJ	CONJ	3754	ὅτι	ὅτι	
John 7:22	ἐκ	PREP	PREP	1537	ἐκ	ἐκ	
John 7:22	τοῦ	T-GSM	T-GSM	3588	ὁ	τοῦ	
John 7:22	Μωϋσέως	N-GSM	N-GSM	3475	Μωϋσῆς	Μωϋσέως	
John 7:22	ἐστὶν	V-PAI-3S	V-PAI-3S	1510&5719	εἰμί	ἐστίν	
John 7:22	ἀλλ’	CONJ	CONJ	235	ἀλλά	ἀλλ’	
John 7:22	ἐκ	PREP	PREP	1537	ἐκ	ἐκ	
John 7:22	τῶν	T-GPM	T-GPM	3588	ὁ	τῶν	
John 7:22	πατέρων,—	N-GPM	N-GPM	3962	πατήρ	πατέρων	
John 7:22	καὶ	CONJ	CONJ	2532	καί	καί	
John 7:22	ἐν	PREP	PREP	1722	ἐν	ἐν	
John 7:22	σαββάτῳ	N-DSN	N-DSN	4521	σάββατον	σαββάτῳ	
John 7:22	περιτέμνετε	V-PAI-2P	V-PAI-2P	4059&5719	περιτέμνω	περιτέμνετε	
John 7:22	ἄνθρωπον.	N-ASM	N-ASM	444	ἄνθρωπος	ἄνθρωπον	
John 7:23	εἰ	COND	COND	1487	εἰ	εἰ	
John 7:23	περιτομὴν	N-ASF	N-ASF	4061	περιτομή	περιτομήν	
John 7:23	λαμβάνει	V-PAI-3S	V-PAI-3S	2983&5719	λαμβάνω	λαμβάνει	
John 7:23	ἄνθρωπος	N-NSM	N-NSM	444	ἄνθρωπος	ἄνθρωπος	
John 7:23	ἐν	PREP	PREP	1722	ἐν	ἐν	
John 7:23	σαββάτῳ	N-DSN	N-DSN	4521	σάββατον	σαββάτῳ	
John 7:23	ἵνα	CONJ	CONJ	2443	ἵνα	ἵνα	
John 7:23	μὴ	PRT-N	PRT-N	3361	μή	μή	
John 7:23	λυθῇ	V-APS-3S	V-APS-3S	3089&5686	λύω	λυθῇ	
John 7:23	ὁ	T-NSM	T-NSM	3588	ὁ	ὁ	
John 7:23	νόμος	N-NSM	N-NSM	3551	νόμος	νόμος	
John 7:23	Μωϋσέως,	N-GSM	N-GSM	3475	Μωϋσῆς	Μωϋσέως	
John 7:23	ἐμοὶ	P-1DS	P-1DS	1473	ἐγώ	ἐμοί	
John 7:23	χολᾶτε	V-PAI-2P	V-PAI-2P	5520&5719	χολάω	χολᾶτε	
John 7:23	ὅτι	CONJ	CONJ	3754	ὅτι	ὅτι	
John 7:23	ὅλον	A-ASM	A-ASM	3650	ὅλος	ὅλον	
John 7:23	ἄνθρωπον	N-ASM	N-ASM	444	ἄνθρωπος	ἄνθρωπον	
John 7:23	ὑγιῆ	A-ASM	A-ASM	5199	ὑγιής	ὑγιῆ	
John 7:23	ἐποίησα	V-AAI-1S	V-AAI-1S	4160&5656	ποιέω	ἐποίησα	
John 7:23	ἐν	PREP	PREP	1722	ἐν	ἐν	
John 7:23	σαββάτῳ;	N-DSN	N-DSN	4521	σάββατον	σαββάτῳ	
John 7:24	μὴ	PRT-N	PRT-N	3361	μή	μή	
John 7:24	κρίνετε	V-PAM-2P	V-PAM-2P	2919&5720	κρίνω	κρίνετε	
John 7:24	κατ’	PREP	PREP	2596	κατά	κατ’	
John 7:24	ὄψιν,	N-ASF	N-ASF	3799	ὄψις	ὄψιν	
John 7:24	ἀλλὰ	CONJ	CONJ	235	ἀλλά	ἀλλά	
John 7:24	τὴν	T-ASF	T-ASF	3588	ὁ	τήν	
John 7:24	δικαίαν	A-ASF	A-ASF	1342	δίκαιος	δικαίαν	
John 7:24	κρίσιν	N-ASF	N-ASF	2920	κρίσις	κρίσιν	
John 7:24	κρίνατε.	V-AAM-2P	V-AAM-2P	2919	κρίνω	κρίνατε	
John 7:25	Ἔλεγον	V-IAI-3P	V-IAI-3P	3004&5707	λέγω	Ἔλεγον	
John 7:25	οὖν	CONJ	CONJ	3767	οὖν	οὖν	
John 7:25	τινες	X-NPM	X-NPM	5100	τὶς	τινες	
John 7:25	ἐκ	PREP	PREP	1537	ἐκ	ἐκ	
John 7:25	τῶν	T-GPM	T-GPM	3588	ὁ	τῶν	
John 7:25	Ἱεροσολυμειτῶν	N-GPM	N-GPM	2415	Ἱεροσολυμίτης	Ἱεροσολυμειτῶν	
John 7:25	Οὐχ	PRT-N	PRT-N	3756	οὐ	Οὐχ	
John 7:25	οὗτός	D-NSM	D-NSM	3778	οὗτος	οὗτος	
John 7:25	ἐστιν	V-PAI-3S	V-PAI-3S	1510&5719	εἰμί	ἐστιν	
John 7:25	ὃν	R-ASM	R-ASM	3739	ὅς	ὅν	
John 7:25	ζητοῦσιν	V-PAI-3P	V-PAI-3P	2212&5719	ζητέω	ζητοῦσιν	
John 7:25	ἀποκτεῖναι;	V-AAN	V-AAN	615&5658	ἀποκτείνω	ἀποκτεῖναι	
John 7:26	καὶ	CONJ	CONJ	2532	καί	καί	
John 7:26	ἴδε	V-2AAM-2S	V-2AAM-2S	3708&5628	ὁράω	ἴδε	
John 7:26	παρρησίᾳ	N-DSF	N-DSF	3954	παρρησία	παρρησίᾳ	
John 7:26	λαλεῖ	V-PAI-3S	V-PAI-3S	2980&5719	λαλέω	λαλεῖ	
John 7:26	καὶ	CONJ	CONJ	2532	καί	καί	
John 7:26	οὐδὲν	A-ASN-N	A-ASN-N	3762	οὐδείς	οὐδέν	
John 7:26	αὐτῷ	P-DSM	P-DSM	846	αὐτός	αὐτῷ	
John 7:26	λέγουσιν.	V-PAI-3P	V-PAI-3P	3004&5719	λέγω	λέγουσιν	
John 7:26	Μή	PRT-N	PRT-N	3361	μή	Μή	
John 7:26	ποτε	ADV	ADV	4219	πότε	ποτε	
John 7:26	ἀληθῶς	ADV	ADV	230	ἀληθῶς	ἀληθῶς	
John 7:26	ἔγνωσαν	V-2AAI-3P	V-2AAI-3P	1097&5627	γινώσκω	ἔγνωσαν	
John 7:26	οἱ	T-NPM	T-NPM	3588	ὁ	οἱ	
John 7:26	ἄρχοντες	N-NPM	N-NPM	758	ἄρχων	ἄρχοντες	
John 7:26	ὅτι	CONJ	CONJ	3754	ὅτι	ὅτι	
John 7:26	οὗτός	D-NSM	D-NSM	3778	οὗτος	οὗτος	
John 7:26	ἐστιν	V-PAI-3S	V-PAI-3S	1510&5719	εἰμί	ἐστιν	
John 7:26	ὁ	T-NSM	T-NSM	3588	ὁ	ὁ	
John 7:26	Χριστός;	N-NSM	N-NSM	5547	Χριστός	Χριστός	
John 7:27	ἀλλὰ	CONJ	CONJ	235	ἀλλά	ἀλλά	
John 7:27	τοῦτον	D-ASM	D-ASM	3778	οὗτος	τοῦτον	
John 7:27	οἴδαμεν	V-RAI-1P	V-RAI-1P	1492&5758	οἶδα	οἴδαμεν	
John 7:27	πόθεν	ADV-I	ADV-I	4159	πόθεν	πόθεν	
John 7:27	ἐστίν·	V-PAI-3S	V-PAI-3S	1510&5719	εἰμί	ἐστίν	
John 7:27	ὁ	T-NSM	T-NSM	3588	ὁ	ὁ	
John 7:27	δὲ	CONJ	CONJ	1161	δέ	δέ	
John 7:27	Χριστὸς	N-NSM	N-NSM	5547	Χριστός	Χριστός	
John 7:27	ὅταν	CONJ	CONJ	3752	ὅταν	ὅταν	
John 7:27	ἔρχηται,	V-PNS-3S	V-PNS-3S	2064&5741	ἔρχομαι	ἔρχηται	
John 7:27	οὐδεὶς	A-NSM-N	A-NSM-N	3762	οὐδείς	οὐδείς	
John 7:27	γινώσκει	V-PAI-3S	V-PAI-3S	1097&5719	γινώσκω	γινώσκει	
John 7:27	πόθεν	ADV-I	ADV-I	4159	πόθεν	πόθεν	
John 7:27	ἐστίν.	V-PAI-3S	V-PAI-3S	1510&5719	εἰμί	ἐστίν	
John 7:28	ἔκραξεν	V-AAI-3S	V-AAI-3S	2896&5656	κράζω	ἔκραξεν	
John 7:28	οὖν	CONJ	CONJ	3767	οὖν	οὖν	
John 7:28	ἐν	PREP	PREP	1722	ἐν	ἐν	
John 7:28	τῷ	T-DSN	T-DSN	3588	ὁ	τῷ	
John 7:28	ἱερῷ	N-DSN	N-DSN	2411	ἱερός	ἱερῷ	
John 7:28	διδάσκων	V-PAP-NSM	V-PAP-NSM	1321&5723	διδάσκω	διδάσκων	
John 7:28	ὁ	T-NSM	T-NSM	3588	ὁ	ὁ	
John 7:28	Ἰησοῦς	N-NSM	N-NSM	2424	Ἰησοῦς	Ἰησοῦς	
John 7:28	καὶ	CONJ	CONJ	2532	καί	καί	
John 7:28	λέγων	V-PAP-NSM	V-PAP-NSM	3004&5723	λέγω	λέγων	
John 7:28	Κἀμὲ	P-1AS-K	P-1AS-K	2504	κἀγώ	Κἀμέ	
John 7:28	οἴδατε	V-RAI-2P	V-RAI-2P	1492&5758	οἶδα	οἴδατε	
John 7:28	καὶ	CONJ	CONJ	2532	καί	καί	
John 7:28	οἴδατε	V-RAI-2P	V-RAI-2P	1492&5758	οἶδα	οἴδατε	
John 7:28	πόθεν	ADV-I	ADV-I	4159	πόθεν	πόθεν	
John 7:28	εἰμί·	V-PAI-1S	V-PAI-1S	1510&5719	εἰμί	εἰμί	
John 7:28	καὶ	CONJ	CONJ	2532	καί	καί	
John 7:28	ἀπ’	PREP	PREP	575	ἀπό	ἀπ’	
John 7:28	ἐμαυτοῦ	F-1GSM	F-1GSM	1683	ἐμαυτοῦ	ἐμαυτοῦ	
John 7:28	οὐκ	PRT-N	PRT-N	3756	οὐ	οὐκ	
John 7:28	ἐλήλυθα,	V-2RAI-1S	V-2RAI-1S	2064&5754	ἔρχομαι	ἐλήλυθα	
John 7:28	ἀλλ’	CONJ	CONJ	235	ἀλλά	ἀλλ’	
John 7:28	ἔστιν	V-PAI-3S	V-PAI-3S	1510&5719	εἰμί	ἔστιν	
John 7:28	ἀληθινὸς	A-NSM	A-NSM	228	ἀληθινός	ἀληθινός	
John 7:28	ὁ	T-NSM	T-NSM	3588	ὁ	ὁ	
John 7:28	πέμψας	V-AAP-NSM	V-AAP-NSM	3992&5660	πέμπω	πέμψας	
John 7:28	με,	P-1AS	P-1AS	1473	ἐγώ	με	
John 7:28	ὃν	R-ASM	R-ASM	3739	ὅς	ὅν	
John 7:28	ὑμεῖς	P-2NP	P-2NP	4771	σύ	ὑμεῖς	
John 7:28	οὐκ	PRT-N	PRT-N	3756	οὐ	οὐκ	
John 7:28	οἴδατε·	V-RAI-2P	V-RAI-2P	1492&5758	οἶδα	οἴδατε	
John 7:29	ἐγὼ	P-1NS	P-1NS	1473	ἐγώ	ἐγώ	
John 7:29	οἶδα	V-RAI-1S	V-RAI-1S	1492&5758	οἶδα	οἶδα	
John 7:29	αὐτόν,	P-ASM	P-ASM	846	αὐτός	αὐτόν	
John 7:29	ὅτι	CONJ	CONJ	3754	ὅτι	ὅτι	
John 7:29	παρ’	PREP	PREP	3844	παρά	παρ’	
John 7:29	αὐτοῦ	P-GSM	P-GSM	846	αὐτός	αὐτοῦ	
John 7:29	εἰμι	V-PAI-1S	V-PAI-1S	1510	εἰμί	εἰμι	
John 7:29	κἀκεῖνός	D-NSM-K	D-NSM-K	2548	κἀκεῖνος	κἀκεῖνος	
John 7:29	με	P-1AS	P-1AS	1473	ἐγώ	με	
John 7:29	ἀπέστειλεν.	V-AAI-3S	V-AAI-3S	649&5656	ἀποστέλλω	ἀπέστειλεν	
John 7:30	Ἐζήτουν	V-IAI-3P	V-IAI-3P	2212&5707	ζητέω	Ἐζήτουν	
John 7:30	οὖν	CONJ	CONJ	3767	οὖν	οὖν	
John 7:30	αὐτὸν	P-ASM	P-ASM	846	αὐτός	αὐτόν	
John 7:30	πιάσαι,	V-AAN	V-AAN	4084&5658	πιάζω	πιάσαι	
John 7:30	καὶ	CONJ	CONJ	2532	καί	καί	
John 7:30	οὐδεὶς	A-NSM-N	A-NSM-N	3762	οὐδείς	οὐδείς	
John 7:30	ἐπέβαλεν	V-2AAI-3S	V-2AAI-3S	1911&5627	ἐπιβάλλω	ἐπέβαλεν	
John 7:30	ἐπ’	PREP	PREP	1909	ἐπί	ἐπ’	
John 7:30	αὐτὸν	P-ASM	P-ASM	846	αὐτός	αὐτόν	
John 7:30	τὴν	T-ASF	T-ASF	3588	ὁ	τήν	
John 7:30	χεῖρα,	N-ASF	N-ASF	5495	χείρ	χεῖρα	
John 7:30	ὅτι	CONJ	CONJ	3754	ὅτι	ὅτι	
John 7:30	οὔπω	ADV-N	ADV-N	3768	οὔπω	οὔπω	
John 7:30	ἐληλύθει	V-2LAI-3S	V-2LAI-3S	2064&5714	ἔρχομαι	ἐληλύθει	
John 7:30	ἡ	T-NSF	T-NSF	3588	ὁ	ἡ	
John 7:30	ὥρα	N-NSF	N-NSF	5610	ὥρα	ὥρα	
John 7:30	αὐτοῦ.	P-GSM	P-GSM	846	αὐτός	αὐτοῦ	
John 7:31	Ἐκ	PREP	PREP	1537	ἐκ	Ἐκ	
John 7:31	τοῦ	T-GSM	T-GSM	3588	ὁ	τοῦ	
John 7:31	ὄχλου	N-GSM	N-GSM	3793	ὄχλος	ὄχλου	
John 7:31	δὲ	CONJ	CONJ	1161	δέ	δέ	
John 7:31	πολλοὶ	A-NPM	A-NPM	4183	πολύς	πολλοί	
John 7:31	ἐπίστευσαν	V-AAI-3P	V-AAI-3P	4100&5656	πιστεύω	ἐπίστευσαν	
John 7:31	εἰς	PREP	PREP	1519	εἰς	εἰς	
John 7:31	αὐτόν,	P-ASM	P-ASM	846	αὐτός	αὐτόν	
John 7:31	καὶ	CONJ	CONJ	2532	καί	καί	
John 7:31	ἔλεγον	V-IAI-3P	V-IAI-3P	3004&5707	λέγω	ἔλεγον	
John 7:31	Ὁ	T-NSM	T-NSM	3588	ὁ	Ὁ	
John 7:31	Χριστὸς	N-NSM	N-NSM	5547	Χριστός	Χριστός	
John 7:31	ὅταν	CONJ	CONJ	3752	ὅταν	ὅταν	
John 7:31	ἔλθῃ,	V-2AAS-3S	V-2AAS-3S	2064&5632	ἔρχομαι	ἔλθῃ	
John 7:31	μὴ	PRT-N	PRT-N	3361	μή	μή	
John 7:31	πλείονα	A-APN-C	A-APN-C	4183	πολύς	πλείονα	
John 7:31	σημεῖα	N-APN	N-APN	4592	σημεῖον	σημεῖα	
John 7:31	ποιήσει	V-FAI-3S	V-FAI-3S	4160&5692	ποιέω	ποιήσει	
John 7:31	ὧν	R-GPN	R-GPN	3739	ὅς	ὧν	
John 7:31	οὗτος	D-NSM	D-NSM	3778	οὗτος	οὗτος	
John 7:31	ἐποίησεν;	V-AAI-3S	V-AAI-3S	4160&5656	ποιέω	ἐποίησεν	
John 7:32	Ἤκουσαν	V-AAI-3P	V-AAI-3P	191&5656	ἀκούω	Ἤκουσαν	
John 7:32	οἱ	T-NPM	T-NPM	3588	ὁ	οἱ	
John 7:32	Φαρισαῖοι	N-NPM	N-NPM	5330	Φαρισαῖος	Φαρισαῖοι	
John 7:32	τοῦ	T-GSM	T-GSM	3588	ὁ	τοῦ	
John 7:32	ὄχλου	N-GSM	N-GSM	3793	ὄχλος	ὄχλου	
John 7:32	γογγύζοντος	V-PAP-GSM	V-PAP-GSM	1111&5723	γογγύζω	γογγύζοντος	
John 7:32	περὶ	PREP	PREP	4012	περί	περί	
John 7:32	αὐτοῦ	P-GSM	P-GSM	846	αὐτός	αὐτοῦ	
John 7:32	ταῦτα,	D-APN	D-APN	3778	οὗτος	ταῦτα	
John 7:32	καὶ	CONJ	CONJ	2532	καί	καί	
John 7:32	ἀπέστειλαν	V-AAI-3P	V-AAI-3P	649&5656	ἀποστέλλω	ἀπέστειλαν	
John 7:32	οἱ	T-NPM	T-NPM	3588	ὁ	οἱ	
John 7:32	ἀρχιερεῖς	N-NPM	N-NPM	749	ἀρχιερεύς	ἀρχιερεῖς	
John 7:32	καὶ	CONJ	CONJ	2532	καί	καί	
John 7:32	οἱ	T-NPM	T-NPM	3588	ὁ	οἱ	
John 7:32	Φαρισαῖοι	N-NPM	N-NPM	5330	Φαρισαῖος	Φαρισαῖοι	
John 7:32	ὑπηρέτας	N-APM	N-APM	5257	ὑπηρέτης	ὑπηρέτας	
John 7:32	ἵνα	CONJ	CONJ	2443	ἵνα	ἵνα	
John 7:32	πιάσωσιν	V-AAS-3P	V-AAS-3P	4084&5661	πιάζω	πιάσωσιν	
John 7:32	αὐτόν.	P-ASM	P-ASM	846	αὐτός	αὐτόν	
John 7:33	εἶπεν	V-2AAI-3S	V-2AAI-3S	3004&5627	λέγω	εἶπεν	
John 7:33	οὖν	CONJ	CONJ	3767	οὖν	οὖν	
John 7:33	ὁ	T-NSM	T-NSM	3588	ὁ	ὁ	
John 7:33	Ἰησοῦς	N-NSM	N-NSM	2424	Ἰησοῦς	Ἰησοῦς	
John 7:33	Ἔτι	ADV	ADV	2089	ἔτι	Ἔτι	
John 7:33	χρόνον	N-ASM	N-ASM	5550	χρόνος	χρόνον	
John 7:33	μικρὸν	A-ASM	A-ASM	3398	μικρός	μικρόν	
John 7:33	μεθ’	PREP	PREP	3326	μετά	μεθ’	
John 7:33	ὑμῶν	P-2GP	P-2GP	4771	σύ	ὑμῶν	
John 7:33	εἰμι	V-PAI-1S	V-PAI-1S	1510	εἰμί	εἰμι	
John 7:33	καὶ	CONJ	CONJ	2532	καί	καί	
John 7:33	ὑπάγω	V-PAI-1S	V-PAI-1S	5217&5719	ὑπάγω	ὑπάγω	
John 7:33	πρὸς	PREP	PREP	4314	πρός	πρός	
John 7:33	τὸν	T-ASM	T-ASM	3588	ὁ	τόν	
John 7:33	πέμψαντά	V-AAP-ASM	V-AAP-ASM	3992&5660	πέμπω	πέμψαντα	
John 7:33	με.	P-1AS	P-1AS	1473	ἐγώ	με	
John 7:34	ζητήσετέ	V-FAI-2P	V-FAI-2P	2212&5692	ζητέω	ζητήσετε	
John 7:34	με	P-1AS	P-1AS	1473	ἐγώ	με	
John 7:34	καὶ	CONJ	CONJ	2532	καί	καί	
John 7:34	οὐχ	PRT-N	PRT-N	3756	οὐ	οὐχ	
John 7:34	εὑρήσετέ,	V-FAI-2P	V-FAI-2P	2147&5692	εὑρίσκω	εὑρήσετε	
John 7:34	καὶ	CONJ	CONJ	2532	καί	καί	
John 7:34	ὅπου	ADV	ADV	3699	ὅπου	ὅπου	
John 7:34	εἰμὶ	V-PAI-1S	V-PAI-1S	1510&5719	εἰμί	εἰμί	
John 7:34	ἐγὼ	P-1NS	P-1NS	1473	ἐγώ	ἐγώ	
John 7:34	ὑμεῖς	P-2NP	P-2NP	4771	σύ	ὑμεῖς	
John 7:34	οὐ	PRT-N	PRT-N	3756	οὐ	οὐ	
John 7:34	δύνασθε	V-PNI-2P	V-PNI-2P	1410&5736	δύναμαι	δύνασθε	
John 7:34	ἐλθεῖν.	V-2AAN	V-2AAN	2064&5629	ἔρχομαι	ἐλθεῖν	
John 7:35	εἶπον	V-2AAI-3P	V-2AAI-3P	3004&5627	λέγω	εἶπον	
John 7:35	οὖν	CONJ	CONJ	3767	οὖν	οὖν	
John 7:35	οἱ	T-NPM	T-NPM	3588	ὁ	οἱ	
John 7:35	Ἰουδαῖοι	A-NPM	A-NPM	2453	Ἰουδαῖος	Ἰουδαῖοι	
John 7:35	πρὸς	PREP	PREP	4314	πρός	πρός	
John 7:35	ἑαυτούς	F-3APM	F-3APM	1438	ἑαυτοῦ	ἑαυτούς	
John 7:35	Ποῦ	ADV-I	ADV-I	4226	ποῦ	Ποῦ	
John 7:35	οὗτος	D-NSM	D-NSM	3778	οὗτος	οὗτος	
John 7:35	μέλλει	V-PAI-3S	V-PAI-3S	3195&5719	μέλλω	μέλλει	
John 7:35	πορεύεσθαι,	V-PNN	V-PNN	4198&5738	πορεύομαι	πορεύεσθαι	
John 7:35	ὅτι	CONJ	CONJ	3754	ὅτι	ὅτι	
John 7:35	ἡμεῖς	P-1NP	P-1NP	1473	ἐγώ	ἡμεῖς	
John 7:35	οὐχ	PRT-N	PRT-N	3756	οὐ	οὐχ	
John 7:35	εὑρήσομεν	V-FAI-1P	V-FAI-1P	2147&5692	εὑρίσκω	εὑρήσομεν	
John 7:35	αὐτόν;	P-ASM	P-ASM	846	αὐτός	αὐτόν	
John 7:35	μὴ	PRT-N	PRT-N	3361	μή	μή	
John 7:35	εἰς	PREP	PREP	1519	εἰς	εἰς	
John 7:35	τὴν	T-ASF	T-ASF	3588	ὁ	τήν	
John 7:35	Διασπορὰν	N-ASF	N-ASF	1290	διασπορά	Διασποράν	
John 7:35	τῶν	T-GPM	T-GPM	3588	ὁ	τῶν	
John 7:35	Ἑλλήνων	N-GPM	N-GPM	1672	Ἕλλην	Ἑλλήνων	
John 7:35	μέλλει	V-PAI-3S	V-PAI-3S	3195&5719	μέλλω	μέλλει	
John 7:35	πορεύεσθαι	V-PNN	V-PNN	4198&5738	πορεύομαι	πορεύεσθαι	
John 7:35	καὶ	CONJ	CONJ	2532	καί	καί	
John 7:35	διδάσκειν	V-PAN	V-PAN	1321&5721	διδάσκω	διδάσκειν	
John 7:35	τοὺς	T-APM	T-APM	3588	ὁ	τούς	
John 7:35	Ἕλληνας;	N-APM	N-APM	1672	Ἕλλην	Ἕλληνας	
John 7:36	τίς	I-NSM	I-NSM	5101	τίς	τίς	
John 7:36	ἐστιν	V-PAI-3S	V-PAI-3S	1510&5719	εἰμί	ἐστιν	
John 7:36	ὁ	T-NSM	T-NSM	3588	ὁ	ὁ	
John 7:36	λόγος	N-NSM	N-NSM	3056	λόγος	λόγος	
John 7:36	οὗτος	D-NSM	D-NSM	3778	οὗτος	οὗτος	
John 7:36	ὃν	R-ASM	R-ASM	3739	ὅς	ὅν	
John 7:36	εἶπεν	V-2AAI-3S	V-2AAI-3S	3004	λέγω	εἶπεν	
John 7:36	Ζητήσετέ	V-FAI-2P	V-FAI-2P	2212&5692	ζητέω	Ζητήσετε	
John 7:36	με	P-1AS	P-1AS	1473	ἐγώ	με	
John 7:36	καὶ	CONJ	CONJ	2532	καί	καί	
John 7:36	οὐχ	PRT-N	PRT-N	3756	οὐ	οὐχ	
John 7:36	εὑρήσετέ,	V-FAI-2P	V-FAI-2P	2147&5692	εὑρίσκω	εὑρήσετε	
John 7:36	καὶ	CONJ	CONJ	2532	καί	καί	
John 7:36	ὅπου	ADV	ADV	3699	ὅπου	ὅπου	
John 7:36	εἰμὶ	V-PAI-1S	V-PAI-1S	1510&5719	εἰμί	εἰμί	
John 7:36	ἐγὼ	P-1NS	P-1NS	1473	ἐγώ	ἐγώ	
John 7:36	ὑμεῖς	P-2NP	P-2NP	4771	σύ	ὑμεῖς	
John 7:36	οὐ	PRT-N	PRT-N	3756	οὐ	οὐ	
John 7:36	δύνασθε	V-PNI-2P	V-PNI-2P	1410&5736	δύναμαι	δύνασθε	
John 7:36	ἐλθεῖν;	V-2AAN	V-2AAN	2064&5629	ἔρχομαι	ἐλθεῖν	
John 7:37	Ἐν	PREP	PREP	1722	ἐν	Ἐν	
John 7:37	δὲ	CONJ	CONJ	1161	δέ	δέ	
John 7:37	τῇ	T-DSF	T-DSF	3588	ὁ	τῇ	
John 7:37	ἐσχάτῃ	A-DSF-S	A-DSF-S	2078	ἔσχατος	ἐσχάτῃ	
John 7:37	ἡμέρᾳ	N-DSF	N-DSF	2250	ἡμέρα	ἡμέρᾳ	
John 7:37	τῇ	T-DSF	T-DSF	3588	ὁ	τῇ	
John 7:37	μεγάλῃ	A-DSF	A-DSF	3173	μέγας	μεγάλῃ	
John 7:37	τῆς	T-GSF	T-GSF	3588	ὁ	τῆς	
John 7:37	ἑορτῆς	N-GSF	N-GSF	1859	ἑορτή	ἑορτῆς	
John 7:37	εἱστήκει	V-LAI-3S	V-LAI-3S	2476&5715	ἵστημι	εἱστήκει	
John 7:37	ὁ	T-NSM	T-NSM	3588	ὁ	ὁ	
John 7:37	Ἰησοῦς,	N-NSM	N-NSM	2424	Ἰησοῦς	Ἰησοῦς	
John 7:37	καὶ	CONJ	CONJ	2532	καί	καί	
John 7:37	ἔκραξεν	V-AAI-3S	V-AAI-3S	2896&5656	κράζω	ἔκραξεν	
John 7:37	λέγων	V-PAP-NSM	V-PAP-NSM	3004&5723	λέγω	λέγων	
John 7:37	Ἐάν	COND	COND	1437	ἐάν	Ἐάν	
John 7:37	τις	X-NSM	X-NSM	5100	τὶς	τις	
John 7:37	διψᾷ,	V-PAS-3S	V-PAS-3S	1372&5725	διψάω	διψᾷ	
John 7:37	ἐρχέσθω	V-PNM-3S	V-PNM-3S	2064&5737	ἔρχομαι	ἐρχέσθω	
John 7:37	πρός	PREP	PREP	4314	πρός	πρός	
John 7:37	με	P-1AS	P-1AS	1473	ἐγώ	με	
John 7:37	καὶ	CONJ	CONJ	2532	καί	καί	
John 7:37	πινέτω.	V-PAM-3S	V-PAM-3S	4095&5720	πίνω	πινέτω	
John 7:38	ὁ	T-NSM	T-NSM	3588	ὁ	ὁ	
John 7:38	πιστεύων	V-PAP-NSM	V-PAP-NSM	4100&5723	πιστεύω	πιστεύων	
John 7:38	εἰς	PREP	PREP	1519	εἰς	εἰς	
John 7:38	ἐμέ,	P-1AS	P-1AS	1473	ἐγώ	ἐμέ	
John 7:38	καθὼς	ADV	ADV	2531	καθώς	καθώς	
John 7:38	εἶπεν	V-2AAI-3S	V-2AAI-3S	3004&5627	λέγω	εἶπεν	
John 7:38	ἡ	T-NSF	T-NSF	3588	ὁ	ἡ	
John 7:38	γραφή,	N-NSF	N-NSF	1124	γραφή	γραφή	
John 7:38	ποταμοὶ	N-NPM	N-NPM	4215	ποταμός	ποταμοί	
John 7:38	ἐκ	PREP	PREP	1537	ἐκ	ἐκ	
John 7:38	τῆς	T-GSF	T-GSF	3588	ὁ	τῆς	
John 7:38	κοιλίας	N-GSF	N-GSF	2836	κοιλία	κοιλίας	
John 7:38	αὐτοῦ	P-GSM	P-GSM	846	αὐτός	αὐτοῦ	
John 7:38	ῥεύσουσιν	V-FAI-3P	V-FAI-3P	4482&5692	ῥέω	ῥεύσουσιν	
John 7:38	ὕδατος	N-GSN	N-GSN	5204	ὕδωρ	ὕδατος	
John 7:38	ζῶντος.	V-PAP-GSN	V-PAP-GSN	2198&5723	ζάω	ζῶντος	
John 7:39	τοῦτο	D-ASN	D-ASN	3778	οὗτος	τοῦτο	
John 7:39	δὲ	CONJ	CONJ	1161	δέ	δέ	
John 7:39	εἶπεν	V-2AAI-3S	V-2AAI-3S	3004&5627	λέγω	εἶπεν	
John 7:39	περὶ	PREP	PREP	4012	περί	περί	
John 7:39	τοῦ	T-GSN	T-GSN	3588	ὁ	τοῦ	
John 7:39	Πνεύματος	N-GSN	N-GSN	4151	πνεῦμα	Πνεύματος	
John 7:39	οὗ	R-GSN	R-GSN	3739	ὅς	οὗ	
John 7:39	ἔμελλον	V-IAI-3P	V-IAI-3P	3195&5707	μέλλω	ἔμελλον	
John 7:39	λαμβάνειν	V-PAN	V-PAN	2983&5721	λαμβάνω	λαμβάνειν	
John 7:39	οἱ	T-NPM	T-NPM	3588	ὁ	οἱ	
John 7:39	πιστεύσαντες	V-AAP-NPM	V-AAP-NPM	4100&5660	πιστεύω	πιστεύσαντες	
John 7:39	εἰς	PREP	PREP	1519	εἰς	εἰς	
John 7:39	αὐτόν·	P-ASM	P-ASM	846	αὐτός	αὐτόν	
John 7:39	οὔπω	ADV-N	ADV-N	3768	οὔπω	οὔπω	
John 7:39	γὰρ	CONJ	CONJ	1063	γάρ	γάρ	
John 7:39	ἦν	V-IAI-3S	V-IAI-3S	1510&5707	εἰμί	ἦν	
John 7:39	Πνεῦμα,	N-NSN	N-NSN	4151	πνεῦμα	Πνεῦμα	
John 7:39	ὅτι	CONJ	CONJ	3754	ὅτι	ὅτι	
John 7:39	Ἰησοῦς	N-NSM	N-NSM	2424	Ἰησοῦς	Ἰησοῦς	
John 7:39	οὐδέπω	ADV-N	ADV-N	3764	οὐδέπω	οὐδέπω	
John 7:39	ἐδοξάσθη.	V-API-3S	V-API-3S	1392&5681	δοξάζω	ἐδοξάσθη	
John 7:40	Ἐκ	PREP	PREP	1537	ἐκ	Ἐκ	
John 7:40	τοῦ	T-GSM	T-GSM	3588	ὁ	τοῦ	
John 7:40	ὄχλου	N-GSM	N-GSM	3793	ὄχλος	ὄχλου	
John 7:40	οὖν	CONJ	CONJ	3767	οὖν	οὖν	
John 7:40	ἀκούσαντες	V-AAP-NPM	V-AAP-NPM	191&5660	ἀκούω	ἀκούσαντες	
John 7:40	τῶν	T-GPM	T-GPM	3588	ὁ	τῶν	
John 7:40	λόγων	N-GPM	N-GPM	3056	λόγος	λόγων	
John 7:40	τούτων	D-GPM	D-GPM	3778	οὗτος	τούτων	
John 7:40	ἔλεγον	V-IAI-3P	V-IAI-3P	3004&5707	λέγω	ἔλεγον	
John 7:40	Οὗτός	D-NSM	D-NSM	3778	οὗτος	Οὗτος	
John 7:40	ἐστιν	V-PAI-3S	V-PAI-3S	1510&5719	εἰμί	ἐστιν	
John 7:40	ἀληθῶς	ADV	ADV	230	ἀληθῶς	ἀληθῶς	
John 7:40	ὁ	T-NSM	T-NSM	3588	ὁ	ὁ	
John 7:40	προφήτης·	N-NSM	N-NSM	4396	προφήτης	προφήτης	
John 7:41	ἄλλοι	A-NPM	A-NPM	243	ἄλλος	ἄλλοι	
John 7:41	ἔλεγον	V-IAI-3P	V-IAI-3P	3004&5707	λέγω	ἔλεγον	
John 7:41	Οὗτός	D-NSM	D-NSM	3778	οὗτος	Οὗτος	
John 7:41	ἐστιν	V-PAI-3S	V-PAI-3S	1510&5719	εἰμί	ἐστιν	
John 7:41	ὁ	T-NSM	T-NSM	3588	ὁ	ὁ	
John 7:41	Χριστός·	N-NSM	N-NSM	5547	Χριστός	Χριστός	
John 7:41	οἱ	T-NPM	T-NPM	3588	ὁ	οἱ	
John 7:41	δὲ	CONJ	CONJ	1161	δέ	δέ	
John 7:41	ἔλεγον	V-IAI-3P	V-IAI-3P	3004&5707	λέγω	ἔλεγον	
John 7:41	Μὴ	PRT-N	PRT-N	3361	μή	Μή	
John 7:41	γὰρ	CONJ	CONJ	1063	γάρ	γάρ	
John 7:41	ἐκ	PREP	PREP	1537	ἐκ	ἐκ	
John 7:41	τῆς	T-GSF	T-GSF	3588	ὁ	τῆς	
John 7:41	Γαλιλαίας	N-GSF	N-GSF	1056	Γαλιλαία	Γαλιλαίας	
John 7:41	ὁ	T-NSM	T-NSM	3588	ὁ	ὁ	
John 7:41	Χριστὸς	N-NSM	N-NSM	5547	Χριστός	Χριστός	
John 7:41	ἔρχεται;	V-PNI-3S	V-PNI-3S	2064&5736	ἔρχομαι	ἔρχεται	
John 7:42	οὐχ	PRT-N	PRT-N	3756	οὐ	οὐχ	
John 7:42	ἡ	T-NSF	T-NSF	3588	ὁ	ἡ	
John 7:42	γραφὴ	N-NSF	N-NSF	1124	γραφή	γραφή	
John 7:42	εἶπεν	V-2AAI-3S	V-2AAI-3S	3004&5627	λέγω	εἶπεν	
John 7:42	ὅτι	CONJ	CONJ	3754	ὅτι	ὅτι	
John 7:42	ἐκ	PREP	PREP	1537	ἐκ	ἐκ	
John 7:42	τοῦ	T-GSN	T-GSN	3588	ὁ	τοῦ	
John 7:42	σπέρματος	N-GSN	N-GSN	4690	σπέρμα	σπέρματος	
John 7:42	Δαυεὶδ,	N-PRI	N-PRI	1138	Δαυίδ	Δαυείδ	
John 7:42	καὶ	CONJ	CONJ	2532	καί	καί	
John 7:42	ἀπὸ	PREP	PREP	575	ἀπό	ἀπό	
John 7:42	Βηθλεὲμ	N-PRI	N-PRI	965	Βηθλέεμ	Βηθλεέμ	
John 7:42	τῆς	T-GSF	T-GSF	3588	ὁ	τῆς	
John 7:42	κώμης	N-GSF	N-GSF	2968	κώμη	κώμης	
John 7:42	ὅπου	ADV	ADV	3699	ὅπου	ὅπου	
John 7:42	ἦν	V-IAI-3S	V-IAI-3S	1510&5707	εἰμί	ἦν	
John 7:42	Δαυεὶδ,	N-PRI	N-PRI	1138	Δαυίδ	Δαυείδ	
John 7:42	ἔρχεται	V-PNI-3S	V-PNI-3S	2064&5736	ἔρχομαι	ἔρχεται	
John 7:42	ὁ	T-NSM	T-NSM	3588	ὁ	ὁ	
John 7:42	Χριστός;	N-NSM	N-NSM	5547	Χριστός	Χριστός	
John 7:43	σχίσμα	N-NSN	N-NSN	4978	σχίσμα	σχίσμα	
John 7:43	οὖν	CONJ	CONJ	3767	οὖν	οὖν	
John 7:43	ἐγένετο	V-2ADI-3S	V-2ADI-3S	1096&5633	γίνομαι	ἐγένετο	
John 7:43	ἐν	PREP	PREP	1722	ἐν	ἐν	
John 7:43	τῷ	T-DSM	T-DSM	3588	ὁ	τῷ	
John 7:43	ὄχλῳ	N-DSM	N-DSM	3793	ὄχλος	ὄχλῳ	
John 7:43	δι’	PREP	PREP	1223	διά	δι’	
John 7:43	αὐτόν·	P-ASM	P-ASM	846	αὐτός	αὐτόν	
John 7:44	τινὲς	X-NPM	X-NPM	5100	τὶς	τινές	
John 7:44	δὲ	CONJ	CONJ	1161	δέ	δέ	
John 7:44	ἤθελον	V-IAI-3P	V-IAI-3P	2309&5707	θέλω	ἤθελον	
John 7:44	ἐξ	PREP	PREP	1537	ἐκ	ἐξ	
John 7:44	αὐτῶν	P-GPM	P-GPM	846	αὐτός	αὐτῶν	
John 7:44	πιάσαι	V-AAN	V-AAN	4084&5658	πιάζω	πιάσαι	
John 7:44	αὐτόν,	P-ASM	P-ASM	846	αὐτός	αὐτόν	
John 7:44	ἀλλ’	CONJ	CONJ	235	ἀλλά	ἀλλ’	
John 7:44	οὐδεὶς	A-NSM-N	A-NSM-N	3762	οὐδείς	οὐδείς	
John 7:44	ἐπέβαλεν	V-2AAI-3S	V-2AAI-3S	1911	ἐπιβάλλω	ἐπέβαλεν	
John 7:44	ἐπ’	PREP	PREP	1909	ἐπί	ἐπ’	
John 7:44	αὐτὸν	P-ASM	P-ASM	846	αὐτός	αὐτόν	
John 7:44	τὰς	T-APF	T-APF	3588	ὁ	τάς	
John 7:44	χεῖρας.	N-APF	N-APF	5495	χείρ	χεῖρας	
John 7:45	Ἦλθον	V-2AAI-3P	V-2AAI-3P	2064&5627	ἔρχομαι	Ἦλθον	
John 7:45	οὖν	CONJ	CONJ	3767	οὖν	οὖν	
John 7:45	οἱ	T-NPM	T-NPM	3588	ὁ	οἱ	
John 7:45	ὑπηρέται	N-NPM	N-NPM	5257	ὑπηρέτης	ὑπηρέται	
John 7:45	πρὸς	PREP	PREP	4314	πρός	πρός	
John 7:45	τοὺς	T-APM	T-APM	3588	ὁ	τούς	
John 7:45	ἀρχιερεῖς	N-APM	N-APM	749	ἀρχιερεύς	ἀρχιερεῖς	
John 7:45	καὶ	CONJ	CONJ	2532	καί	καί	
John 7:45	Φαρισαίους,	N-APM	N-APM	5330	Φαρισαῖος	Φαρισαίους	
John 7:45	καὶ	CONJ	CONJ	2532	καί	καί	
John 7:45	εἶπον	V-2AAI-3P	V-2AAI-3P	3004&5627	λέγω	εἶπον	
John 7:45	αὐτοῖς	P-DPM	P-DPM	846	αὐτός	αὐτοῖς	
John 7:45	ἐκεῖνοι	D-NPM	D-NPM	1565	ἐκεῖνος	ἐκεῖνοι	
John 7:45	Διὰ	PREP	PREP	1223	διά	Διά	
John 7:45	τί	I-ASN	I-ASN	5101	τίς	τί	
John 7:45	οὐκ	PRT-N	PRT-N	3756	οὐ	οὐκ	
John 7:45	ἠγάγετε	V-2AAI-2P	V-2AAI-2P	71&5627	ἄγω	ἠγάγετε	
John 7:45	αὐτόν;	P-ASM	P-ASM	846	αὐτός	αὐτόν	
John 7:46	ἀπεκρίθησαν	V-ADI-3P	V-ADI-3P	611&5662	ἀποκρίνομαι	ἀπεκρίθησαν	
John 7:46	οἱ	T-NPM	T-NPM	3588	ὁ	οἱ	
John 7:46	ὑπηρέται	N-NPM	N-NPM	5257	ὑπηρέτης	ὑπηρέται	
John 7:46	Οὐδέποτε	ADV-N	ADV-N	3763	οὐδέποτε	Οὐδέποτε	
John 7:46	ἐλάλησεν	V-AAI-3S	V-AAI-3S	2980&5656	λαλέω	ἐλάλησεν	
John 7:46	οὕτως	ADV	ADV	3779	οὕτω	οὕτως	
John 7:46	ἄνθρωπος,	N-NSM	N-NSM	444	ἄνθρωπος	ἄνθρωπος	
John 7:46	ὡς	ADV	ADV	5613	ὡς	ὡς	
John 7:46	οὗτος	D-NSM	D-NSM	3778	οὗτος	οὗτος	
John 7:46	λαλεῖ	V-PAI-3S	V-PAI-3S	2980	λαλέω	λαλεῖ	
John 7:46	ὁ	T-NSM	T-NSM	3588	ὁ	ὁ	
John 7:46	ἄνθρωπος.	N-NSM	N-NSM	444	ἄνθρωπος	ἄνθρωπος	
John 7:47	ἀπεκρίθησαν	V-ADI-3P	V-ADI-3P	611&5662	ἀποκρίνομαι	ἀπεκρίθησαν	
John 7:47	οὖν	CONJ	CONJ	3767	οὖν	οὖν	
John 7:47	αὐτοῖς	P-DPM	P-DPM	846	αὐτός	αὐτοῖς	
John 7:47	οἱ	T-NPM	T-NPM	3588	ὁ	οἱ	
John 7:47	Φαρισαῖοι	N-NPM	N-NPM	5330	Φαρισαῖος	Φαρισαῖοι	
John 7:47	Μὴ	PRT-N	PRT-N	3361	μή	Μή	
John 7:47	καὶ	CONJ	CONJ	2532	καί	καί	
John 7:47	ὑμεῖς	P-2NP	P-2NP	4771	σύ	ὑμεῖς	
John 7:47	πεπλάνησθε;	V-RPI-2P	V-RPI-2P	4105&5769	πλανάω	πεπλάνησθε	
John 7:48	μή	PRT-N	PRT-N	3361	μή	μή	
John 7:48	τις	X-NSM	X-NSM	5100	τὶς	τις	
John 7:48	ἐκ	PREP	PREP	1537	ἐκ	ἐκ	
John 7:48	τῶν	T-GPM	T-GPM	3588	ὁ	τῶν	
John 7:48	ἀρχόντων	N-GPM	N-GPM	758	ἄρχων	ἀρχόντων	
John 7:48	ἐπίστευσεν	V-AAI-3S	V-AAI-3S	4100&5656	πιστεύω	ἐπίστευσεν	
John 7:48	εἰς	PREP	PREP	1519	εἰς	εἰς	
John 7:48	αὐτὸν	P-ASM	P-ASM	846	αὐτός	αὐτόν	
John 7:48	ἢ	PRT	PRT	2228	ἤ	ἤ	
John 7:48	ἐκ	PREP	PREP	1537	ἐκ	ἐκ	
John 7:48	τῶν	T-GPM	T-GPM	3588	ὁ	τῶν	
John 7:48	Φαρισαίων;	N-GPM	N-GPM	5330	Φαρισαῖος	Φαρισαίων	
John 7:49	ἀλλὰ	CONJ	CONJ	235	ἀλλά	ἀλλά	
John 7:49	ὁ	T-NSM	T-NSM	3588	ὁ	ὁ	
John 7:49	ὄχλος	N-NSM	N-NSM	3793	ὄχλος	ὄχλος	
John 7:49	οὗτος	D-NSM	D-NSM	3778	οὗτος	οὗτος	
John 7:49	ὁ	T-NSM	T-NSM	3588	ὁ	ὁ	
John 7:49	μὴ	PRT-N	PRT-N	3361	μή	μή	
John 7:49	γινώσκων	V-PAP-NSM	V-PAP-NSM	1097&5723	γινώσκω	γινώσκων	
John 7:49	τὸν	T-ASM	T-ASM	3588	ὁ	τόν	
John 7:49	νόμον	N-ASM	N-ASM	3551	νόμος	νόμον	
John 7:49	ἐπάρατοί	A-NPM	A-NPM	01944	ἐπάρατος	ἐπάρατοι	
John 7:49	εἰσιν.	V-PAI-3P	V-PAI-3P	1510&5719	εἰμί	εἰσιν	
John 7:50	λέγει	V-PAI-3S	V-PAI-3S	3004&5719	λέγω	λέγει	
John 7:50	Νικόδημος	N-NSM	N-NSM	3530	Νικόδημος	Νικόδημος	
John 7:50	πρὸς	PREP	PREP	4314	πρός	πρός	
John 7:50	αὐτούς,	P-APM	P-APM	846	αὐτός	αὐτούς	
John 7:50	ὁ	T-NSM	T-NSM	3588	ὁ	ὁ	
John 7:50	ἐλθὼν	V-2AAP-NSM	V-2AAP-NSM	2064&5631	ἔρχομαι	ἐλθών	
John 7:50	πρὸς	PREP	PREP	4314	πρός	πρός	
John 7:50	αὐτὸν	P-ASM	P-ASM	846	αὐτός	αὐτόν	
John 7:50	πρότερον,	ADV-C	ADV-C	4386	πρότερος	πρότερον	
John 7:50	εἷς	A-NSM	A-NSM	1520	εἷς	εἷς	
John 7:50	ὢν	V-PAP-NSM	V-PAP-NSM	1510&5723	εἰμί	ὤν	
John 7:50	ἐξ	PREP	PREP	1537	ἐκ	ἐξ	
John 7:50	αὐτῶν	P-GPM	P-GPM	846	αὐτός	αὐτῶν	
John 7:51	Μὴ	PRT-N	PRT-N	3361	μή	Μή	
John 7:51	ὁ	T-NSM	T-NSM	3588	ὁ	ὁ	
John 7:51	νόμος	N-NSM	N-NSM	3551	νόμος	νόμος	
John 7:51	ἡμῶν	P-1GP	P-1GP	1473	ἐγώ	ἡμῶν	
John 7:51	κρίνει	V-PAI-3S	V-PAI-3S	2919&5719	κρίνω	κρίνει	
John 7:51	τὸν	T-ASM	T-ASM	3588	ὁ	τόν	
John 7:51	ἄνθρωπον	N-ASM	N-ASM	444	ἄνθρωπος	ἄνθρωπον	
John 7:51	ἐὰν	COND	COND	1437	ἐάν	ἐάν	
John 7:51	μὴ	PRT-N	PRT-N	3361	μή	μή	
John 7:51	ἀκούσῃ	V-AAS-3S	V-AAS-3S	191&5661	ἀκούω	ἀκούσῃ	
John 7:51	πρῶτον	ADV-S	ADV-S	4412	πρῶτος	πρῶτον	
John 7:51	παρ’	PREP	PREP	3844	παρά	παρ’	
John 7:51	αὐτοῦ	P-GSM	P-GSM	846	αὐτός	αὐτοῦ	
John 7:51	καὶ	CONJ	CONJ	2532	καί	καί	
John 7:51	γνῷ	V-2AAS-3S	V-2AAS-3S	1097&5632	γινώσκω	γνῷ	
John 7:51	τί	I-ASN	I-ASN	5101	τίς	τί	
John 7:51	ποιεῖ;	V-PAI-3S	V-PAI-3S	4160&5719	ποιέω	ποιεῖ	
John 7:52	ἀπεκρίθησαν	V-ADI-3P	V-ADI-3P	611&5662	ἀποκρίνομαι	ἀπεκρίθησαν	
John 7:52	καὶ	CONJ	CONJ	2532	καί	καί	
John 7:52	εἶπαν	V-2AAI-3P	V-2AAI-3P	3004&5627	λέγω	εἶπαν	
John 7:52	αὐτῷ	P-DSM	P-DSM	846	αὐτός	αὐτῷ	
John 7:52	Μὴ	PRT-N	PRT-N	3361	μή	Μή	
John 7:52	καὶ	CONJ	CONJ	2532	καί	καί	
John 7:52	σὺ	P-2NS	P-2NS	4771	σύ	σύ	
John 7:52	ἐκ	PREP	PREP	1537	ἐκ	ἐκ	
John 7:52	τῆς	T-GSF	T-GSF	3588	ὁ	τῆς	
John 7:52	Γαλιλαίας	N-GSF	N-GSF	1056	Γαλιλαία	Γαλιλαίας	
John 7:52	εἶ;	V-PAI-2S	V-PAI-2S	1510&5719	εἰμί	εἶ	
John 7:52	ἐραύνησον	V-AAM-2S	V-AAM-2S	2045&5657	ἐραυνάω	ἐραύνησον	
John 7:52	καὶ	CONJ	CONJ	2532	καί	καί	
John 7:52	ἴδε	V-2AAM-2S	V-2AAM-2S	3708&5628	ὁράω	ἴδε	
John 7:52	ὅτι	CONJ	CONJ	3754	ὅτι	ὅτι	
John 7:52	ἐκ	PREP	PREP	1537	ἐκ	ἐκ	
John 7:52	τῆς	T-GSF	T-GSF	3588	ὁ	τῆς	
John 7:52	Γαλιλαίας	N-GSF	N-GSF	1056	Γαλιλαία	Γαλιλαίας	
John 7:52	προφήτης	N-NSM	N-NSM	4396	προφήτης	προφήτης	
John 7:52	οὐκ	PRT-N	PRT-N	3756	οὐ	οὐκ	
John 7:52	ἐγείρεται.	V-PPI-3S	V-PEI-3S	1453&5743	ἐγείρω	ἐγείρεται	
John 7:53	(Καὶ	CONJ	CONJ	2532	καί	Καί	
John 7:53	ἐπορεύθη	V-AOI-3S	V-AOI-3S	4198	πορεύομαι	ἐπορεύθη	
John 7:53	ἕκαστος	A-NSM	A-NSM	1538	ἕκαστος	ἕκαστος	
John 7:53	εἰς	PREP	PREP	1519	εἰς	εἰς	
John 7:53	τὸν	T-ASM	T-ASM	3588	ὁ	τόν	
John 7:53	οἶκον	N-ASM	N-ASM	3624	οἶκος	οἶκον	
John 7:53	αὐτοῦ.	P-GSM	P-GSM	846	αὐτός	αὐτοῦ	
John 8:1	Ἰησοῦς	N-NSM	N-NSM	2424	Ἰησοῦς	Ἰησοῦς	
John 8:1	δὲ	CONJ	CONJ	1161	δέ	δέ	
John 8:1	ἐπορεύθη	V-AOI-3S	V-AOI-3S	4198&5675	πορεύομαι	ἐπορεύθη	
John 8:1	εἰς	PREP	PREP	1519	εἰς	εἰς	
John 8:1	τὸ	T-ASN	T-ASN	3588	ὁ	τό	
John 8:1	ὄρος	N-ASN	N-ASN	3735	ὄρος	ὄρος	
John 8:1	τῶν	T-GPF	T-GPF	3588	ὁ	τῶν	
John 8:1	ἐλαιῶν.	N-GPF	N-GPF	1636	ἐλαία	ἐλαιῶν	
John 8:2	Ὄρθρου	N-GSM	N-GSM	3722	ὄρθρος	Ὄρθρου	
John 8:2	δὲ	CONJ	CONJ	1161	δέ	δέ	
John 8:2	πάλιν	ADV	ADV	3825	πάλιν	πάλιν	
John 8:2	παρεγένετο	V-2ADI-3S	V-2ADI-3S	3854&5633	παραγίνομαι	παρεγένετο	
John 8:2	εἰς	PREP	PREP	1519	εἰς	εἰς	
John 8:2	τὸ	T-ASN	T-ASN	3588	ὁ	τό	
John 8:2	ἱερόν,	N-ASN	N-ASN	2411	ἱερός	ἱερόν	
John 8:2	καὶ	CONJ	CONJ	2532	καί	καί	
John 8:2	πᾶς	A-NSM	A-NSM	3956	πᾶς	πᾶς	
John 8:2	ὁ	T-NSM	T-NSM	3588	ὁ	ὁ	
John 8:2	λαὸς	N-NSM	N-NSM	2992	λαός	λαός	
John 8:2	ἤρχετο	V-INI-3S	V-INI-3S	2064&5711	ἔρχομαι	ἤρχετο	
John 8:2	πρὸς	PREP	PREP	4314	πρός	πρός	
John 8:2	αὐτόν.	P-ASM	P-ASM	846	αὐτός	αὐτόν	
John 8:2	καὶ	CONJ	CONJ	2532	καί	καί	
John 8:2	καθίσας	V-AAP-NSM	V-AAP-NSM	2523&5660	καθίζω	καθίσας	
John 8:2	ἐδίδασκεν	V-IAI-3S	V-IAI-3S	1321&5707	διδάσκω	ἐδίδασκεν	
John 8:2	αὐτούς.	P-APM	P-APM	846	αὐτός	αὐτούς	
John 8:3	ἄγουσι	V-PAI-3P	V-PAI-3P	71&5719	ἄγω	ἄγουσι	
John 8:3	δὲ	CONJ	CONJ	1161	δέ	δέ	
John 8:3	οἱ	T-NPM	T-NPM	3588	ὁ	οἱ	
John 8:3	γραμματεῖς	N-NPM	N-NPM	1122	γραμματεύς	γραμματεῖς	
John 8:3	καὶ	CONJ	CONJ	2532	καί	καί	
John 8:3	οἱ	T-NPM	T-NPM	3588	ὁ	οἱ	
John 8:3	Φαρισαῖοι	N-NPM	N-NPM	5330	Φαρισαῖος	Φαρισαῖοι	
John 8:3	πρὸς	PREP	PREP	4314	πρός	πρός	
John 8:3	αὐτὸν	P-ASM	P-ASM	846	αὐτός	αὐτόν	
John 8:3	γυναῖκα	N-ASF	N-ASF	1135	γυνή	γυναῖκα	
John 8:3	ἐν	PREP	PREP	1722	ἐν	ἐν	
John 8:3	μοιχείᾳ	N-DSF	N-DSF	3430	μοιχεία	μοιχείᾳ	
John 8:3	κατειλημμένην,	V-RPP-ASF	V-RPP-ASF	2638&5772	καταλαμβάνω	κατειλημμένην	
John 8:3	καὶ	CONJ	CONJ	2532	καί	καί	
John 8:3	στήσαντες	V-AAP-NPM	V-AAP-NPM	2476&5660	ἵστημι	στήσαντες	
John 8:3	αὐτὴν	P-ASF	P-ASF	846	αὐτός	αὐτήν	
John 8:3	ἐν	PREP	PREP	1722	ἐν	ἐν	
John 8:3	μέσῳ,	A-DSN	A-DSN	3319	μέσος	μέσῳ	
John 8:4	λέγουσιν	V-PAI-3P	V-PAI-3P	3004&5719	λέγω	λέγουσιν	
John 8:4	αὐτῷ,	P-DSM	P-DSM	846	αὐτός	αὐτῷ	
John 8:4	Διδάσκαλε,	N-VSM	N-VSM	1320	διδάσκαλος	Διδάσκαλε	
John 8:4	αὕτη	D-NSF	D-NSF	3778	οὗτος	αὕτη	
John 8:4	ἡ	T-NSF	T-NSF	3588	ὁ	ἡ	
John 8:4	γυνὴ	N-NSF	N-NSF	1135	γυνή	γυνή	
John 8:4	κατελήφθη	V-API-3S	V-API-3S	2638	καταλαμβάνω	κατελήφθη	
John 8:4	ἐπαυτοφώρῳ	A-DSN	A-DSN	01888	ἐπαυτοφώρῳ	ἐπαυτοφώρῳ	
John 8:4	μοιχευομένη.	V-PPP-NSF	V-PEP-NSF	3431&5746	μοιχεύω	μοιχευομένη	
John 8:5	ἐν	PREP	PREP	1722	ἐν	ἐν	
John 8:5	δὲ	CONJ	CONJ	1161	δέ	δέ	
John 8:5	τῷ	T-DSM	T-DSM	3588	ὁ	τῷ	
John 8:5	νόμῳ	N-DSM	N-DSM	3551	νόμος	νόμῳ	
John 8:5	Μωσῆς	N-NSM	N-NSM	3475	Μωϋσῆς	Μωσῆς	
John 8:5	ἡμῖν	P-1DP	P-1DP	1473	ἐγώ	ἡμῖν	
John 8:5	ἐνετείλατο	V-ADI-3S	V-ADI-3S	1781&5662	ἐντέλλομαι	ἐνετείλατο	
John 8:5	τὰς	T-APF	T-APF	3588	ὁ	τάς	
John 8:5	τοιαύτας	D-APF	D-APF	5108	τοιοῦτος	τοιαύτας	
John 8:5	λιθοβολεῖσθαι·	V-PPN	V-PEN	3036	λιθοβολέω	λιθοβολεῖσθαι	
John 8:5	σὺ	P-2NS	P-2NS	4771	σύ	σύ	
John 8:5	οὖν	CONJ	CONJ	3767	οὖν	οὖν	
John 8:5	τί	I-ASN	I-ASN	5101	τίς	τί	
John 8:5	λέγεις;	V-PAI-2S	V-PAI-2S	3004&5719	λέγω	λέγεις	
John 8:6	τοῦτο	D-ASN	D-ASN	3778	οὗτος	τοῦτο	
John 8:6	δὲ	CONJ	CONJ	1161	δέ	δέ	
John 8:6	ἔλεγον	V-IAI-3P	V-IAI-3P	3004&5707	λέγω	ἔλεγον	
John 8:6	πειράζοντες	V-PAP-NPM	V-PAP-NPM	3985&5723	πειράζω	πειράζοντες	
John 8:6	αὐτόν,	P-ASM	P-ASM	846	αὐτός	αὐτόν	
John 8:6	ἵνα	CONJ	CONJ	2443	ἵνα	ἵνα	
John 8:6	ἔχωσι	V-PAS-3P	V-PAS-3P	2192&5725	ἔχω	ἔχωσι	
John 8:6	κατηγορεῖν	V-PAN	V-PAN	2723&5721	κατηγορέω	κατηγορεῖν	
John 8:6	αὐτοῦ.	P-GSM	P-GSM	846	αὐτός	αὐτοῦ	
John 8:6	ὁ	T-NSM	T-NSM	3588	ὁ	ὁ	
John 8:6	δὲ	CONJ	CONJ	1161	δέ	δέ	
John 8:6	Ἰησοῦς	N-NSM	N-NSM	2424	Ἰησοῦς	Ἰησοῦς	
John 8:6	κάτω	ADV	ADV	2736	κάτω	κάτω	
John 8:6	κύψας,	V-AAP-NSM	V-AAP-NSM	2955&5660	κύπτω	κύψας	
John 8:6	τῷ	T-DSM	T-DSM	3588	ὁ	τῷ	
John 8:6	δακτύλῳ	N-DSM	N-DSM	1147	δάκτυλος	δακτύλῳ	
John 8:6	ἔγραφεν	V-IAI-3S	V-IAI-3S	1125	γράφω	ἔγραφεν	
John 8:6	εἰς	PREP	PREP	1519	εἰς	εἰς	
John 8:6	τὴν	T-ASF	T-ASF	3588	ὁ	τήν	
John 8:6	γῆν·	N-ASF	N-ASF	1093	γῆ	γῆν	
John 8:7	ὡς	ADV	ADV	5613	ὡς	ὡς	
John 8:7	δὲ	CONJ	CONJ	1161	δέ	δέ	
John 8:7	ἐπέμενον	V-IAI-3P	V-IAI-3P	1961&5707	ἐπιμένω	ἐπέμενον	
John 8:7	ἐρωτῶντες	V-PAP-NPM	V-PAP-NPM	2065&5723	ἐρωτάω	ἐρωτῶντες	
John 8:7	αὐτόν,	P-ASM	P-ASM	846	αὐτός	αὐτόν	
John 8:7	ἀνάκυψας	V-AAP-NSM	V-AAP-NSM	352	ἀνακύπτω	ἀνάκυψας	
John 8:7	εἶπε	V-2AAI-3S	V-2AAI-3S	3004	λέγω	εἶπε	
John 8:7	πρὸς	PREP	PREP	4314	πρός	πρός	
John 8:7	αὐτοὺς,	P-APM	P-APM	846	αὐτός	αὐτούς	
John 8:7	Ὁ	T-NSM	T-NSM	3588	ὁ	Ὁ	
John 8:7	ἀναμάρτητος	A-NSM	A-NSM	361	ἀναμάρτητος	ἀναμάρτητος	
John 8:7	ὑμῶν	P-2GP	P-2GP	4771	σύ	ὑμῶν	
John 8:7	πρῶτος	A-NSM-S	A-NSM-S	4413	πρῶτος	πρῶτος	
John 8:7	τὸν	T-ASM	T-ASM	3588	ὁ	τόν	
John 8:7	λίθον	N-ASM	N-ASM	3037	λίθος	λίθον	
John 8:7	ἐπ’	PREP	PREP	1909	ἐπί	ἐπ’	
John 8:7	αὐτῇ	P-DSF	P-DSF	846	αὐτός	αὐτῇ	
John 8:7	βαλέτω.	V-2AAM-3S	V-2AAM-3S	906&5628	βάλλω	βαλέτω	
John 8:8	καὶ	CONJ	CONJ	2532	καί	καί	
John 8:8	πάλιν	ADV	ADV	3825	πάλιν	πάλιν	
John 8:8	κάτω	ADV	ADV	2736	κάτω	κάτω	
John 8:8	κύψας	V-AAP-NSM	V-AAP-NSM	2955	κύπτω	κύψας	
John 8:8	ἔγραφεν	V-IAI-3S	V-IAI-3S	1125&5707	γράφω	ἔγραφεν	
John 8:8	εἰς	PREP	PREP	1519	εἰς	εἰς	
John 8:8	τὴν	T-ASF	T-ASF	3588	ὁ	τήν	
John 8:8	γῆν.	N-ASF	N-ASF	1093	γῆ	γῆν	
John 8:9	οἱ	T-NPM	T-NPM	3588	ὁ	οἱ	
John 8:9	δὲ,	CONJ	CONJ	1161	δέ	δέ	
John 8:9	ἀκούσαντες	V-AAP-NPM	V-AAP-NPM	191&5660	ἀκούω	ἀκούσαντες	
John 8:9	καὶ	CONJ	CONJ	2532	καί	καί	
John 8:9	ὑπὸ	PREP	PREP	5259	ὑπό	ὑπό	
John 8:9	τῆς	T-GSF	T-GSF	3588	ὁ	τῆς	
John 8:9	συνειδήσεως	N-GSF	N-GSF	4893	συνείδησις	συνειδήσεως	
John 8:9	ἐλεγχόμενοι,	V-PPP-NPM	V-PEP-NPM	1651	ἐλέγχω	ἐλεγχόμενοι	
John 8:9	ἐξήρχοντο	V-INI-3P	V-INI-3P	1831&5711	ἐξέρχομαι	ἐξήρχοντο	
John 8:9	εἷς	A-NSM	A-NSM	1520	εἷς	εἷς	
John 8:9	καθεῖς,	ADV	ADV	02596	καθεῖς	καθεῖς	
John 8:9	ἀρξάμενοι	V-AMP-NPM	V-AMP-NPM	756&5671	ἄρχω	ἀρξάμενοι	
John 8:9	ἀπὸ	PREP	PREP	575	ἀπό	ἀπό	
John 8:9	τῶν	T-GPM	T-GPM	3588	ὁ	τῶν	
John 8:9	πρεσβυτέρων	A-GPM-C	A-GPM-C	4245	πρεσβύτερος	πρεσβυτέρων	
John 8:9	ἕως	ADV	ADV	2193	ἕως	ἕως	
John 8:9	τῶν	T-GPM	T-GPM	3588	ὁ	τῶν	
John 8:9	ἐσχάτων·	A-GPM-S	A-GPM-S	2078	ἔσχατος	ἐσχάτων	
John 8:9	καὶ	CONJ	CONJ	2532	καί	καί	
John 8:9	κατελείφθη	V-API-3S	V-API-3S	2641&5681	καταλείπω	κατελείφθη	
John 8:9	μόνος	A-NSM	A-NSM	3441	μόνος	μόνος	
John 8:9	ὁ	T-NSM	T-NSM	3588	ὁ	ὁ	
John 8:9	Ἰησοῦς,	N-NSM	N-NSM	2424	Ἰησοῦς	Ἰησοῦς	
John 8:9	καὶ	CONJ	CONJ	2532	καί	καί	
John 8:9	ἡ	T-NSF	T-NSF	3588	ὁ	ἡ	
John 8:9	γυνὴ	N-NSF	N-NSF	1135	γυνή	γυνή	
John 8:9	ἐν	PREP	PREP	1722	ἐν	ἐν	
John 8:9	μέσῳ	A-DSN	A-DSN	3319	μέσος	μέσῳ	
John 8:9	ἑστῶσα.	V-RAP-NSF	V-RAP-NSF	2476	ἵστημι	ἑστῶσα	
John 8:10	ἀνακύψας	V-AAP-NSM	V-AAP-NSM	352&5660	ἀνακύπτω	ἀνακύψας	
John 8:10	δὲ	CONJ	CONJ	1161	δέ	δέ	
John 8:10	ὁ	T-NSM	T-NSM	3588	ὁ	ὁ	
John 8:10	Ἰησοῦς,	N-NSM	N-NSM	2424	Ἰησοῦς	Ἰησοῦς	
John 8:10	καὶ	CONJ	CONJ	2532	καί	καί	
John 8:10	μηδένα	A-ASM-N	A-ASM-N	3367	μηδείς	μηδένα	
John 8:10	θεασάμενος	V-ADP-NSM	V-ADP-NSM	2300	θεάομαι	θεασάμενος	
John 8:10	πλὴν	ADV	ADV	4133	πλήν	πλήν	
John 8:10	τῆς	T-GSF	T-GSF	3588	ὁ	τῆς	
John 8:10	γυναικὸς,	N-GSF	N-GSF	1135	γυνή	γυναικός	
John 8:10	εἶπεν	V-2AAI-3S	V-2AAI-3S	3004&5627	λέγω	εἶπεν	
John 8:10	αὐτῇ,	P-DSF	P-DSF	846	αὐτός	αὐτῇ	
John 8:10	Ἡ	T-NSF	T-NSF	3588	ὁ	Ἡ	
John 8:10	γυνὴ,	N-NSF	N-NSF	1135	γυνή	γυνή	
John 8:10	ποῦ	ADV-I	ADV-I	4226	ποῦ	ποῦ	
John 8:10	εἰσιν	V-PAI-3P	V-PAI-3P	1510	εἰμί	εἰσιν	
John 8:10	ἐκεῖνοι	D-NPM	D-NPM	1565	ἐκεῖνος	ἐκεῖνοι	
John 8:10	οἱ	T-NPM	T-NPM	3588	ὁ	οἱ	
John 8:10	κατήγοροί	N-NPM	N-NPM	2725	κατήγορος	κατήγοροι	
John 8:10	σου;	P-2GS	P-2GS	4771	σύ	σου	
John 8:10	οὐδείς	A-NSM-N	A-NSM-N	3762	οὐδείς	οὐδείς	
John 8:10	σε	P-2AS	P-2AS	4771	σύ	σε	
John 8:10	κατέκρινεν;	V-AAI-3S	V-AAI-3S	2632&5656	κατακρίνω	κατέκρινεν	
John 8:11	ἡ	T-NSF	T-NSF	3588	ὁ	ἡ	
John 8:11	δὲ	CONJ	CONJ	1161	δέ	δέ	
John 8:11	εἶπεν,	V-2AAI-3S	V-2AAI-3S	3004&5627	λέγω	εἶπεν	
John 8:11	Οὐδείς,	A-NSM-N	A-NSM-N	3762	οὐδείς	Οὐδείς	
John 8:11	κύριε.	N-VSM	N-VSM	2962	κύριος	κύριε	
John 8:11	εἶπε	V-2AAI-3S	V-2AAI-3S	3004	λέγω	εἶπε	
John 8:11	δὲ	CONJ	CONJ	1161	δέ	δέ	
John 8:11	αὐτῇ	P-DSF	P-DSF	846	αὐτός	αὐτῇ	
John 8:11	ὁ	T-NSM	T-NSM	3588	ὁ	ὁ	
John 8:11	Ἰησοῦς,	N-NSM	N-NSM	2424	Ἰησοῦς	Ἰησοῦς	
John 8:11	Οὐδὲ	CONJ-N	CONJ-N	3761	οὐδέ	Οὐδέ	
John 8:11	ἐγώ	P-1NS	P-1NS	1473	ἐγώ	ἐγώ	
John 8:11	σε	P-2AS	P-2AS	4771	σύ	σε	
John 8:11	κατακρίνω·	V-PAI-1S	V-PAI-1S	2632&5719	κατακρίνω	κατακρίνω	
John 8:11	πορεύου	V-PNM-2S	V-PNM-2S	4198&5737	πορεύομαι	πορεύου	
John 8:11	καὶ	CONJ	CONJ	2532	καί	καί	
John 8:11	μηκέτι	ADV-N	ADV-N	3371	μηκέτι	μηκέτι	
John 8:11	ἁμάρτανε.)	V-PAM-2S	V-PAM-2S	264&5720	ἁμαρτάνω	ἁμάρτανε	
John 8:12	Πάλιν	ADV	ADV	3825	πάλιν	Πάλιν	
John 8:12	οὖν	CONJ	CONJ	3767	οὖν	οὖν	
John 8:12	αὐτοῖς	P-DPM	P-DPM	846	αὐτός	αὐτοῖς	
John 8:12	ἐλάλησεν	V-AAI-3S	V-AAI-3S	2980&5656	λαλέω	ἐλάλησεν	
John 8:12	ὁ	T-NSM	T-NSM	3588	ὁ	ὁ	
John 8:12	Ἰησοῦς	N-NSM	N-NSM	2424	Ἰησοῦς	Ἰησοῦς	
John 8:12	λέγων	V-PAP-NSM	V-PAP-NSM	3004&5723	λέγω	λέγων	
John 8:12	Ἐγώ	P-1NS	P-1NS	1473	ἐγώ	Ἐγώ	
John 8:12	εἰμι	V-PAI-1S	V-PAI-1S	1510&5719	εἰμί	εἰμι	
John 8:12	τὸ	T-NSN	T-NSN	3588	ὁ	τό	
John 8:12	φῶς	N-NSN	N-NSN	5457	φῶς	φῶς	
John 8:12	τοῦ	T-GSM	T-GSM	3588	ὁ	τοῦ	
John 8:12	κόσμου·	N-GSM	N-GSM	2889	κόσμος	κόσμου	
John 8:12	ὁ	T-NSM	T-NSM	3588	ὁ	ὁ	
John 8:12	ἀκολουθῶν	V-PAP-NSM	V-PAP-NSM	190&5723	ἀκολουθέω	ἀκολουθῶν	
John 8:12	μοι	P-1DS	P-1DS	1473	ἐγώ	μοι	
John 8:12	οὐ	PRT-N	PRT-N	3756	οὐ	οὐ	
John 8:12	μὴ	PRT-N	PRT-N	3361	μή	μή	
John 8:12	περιπατήσῃ	V-AAS-3S	V-AAS-3S	4043&5661	περιπατέω	περιπατήσῃ	
John 8:12	ἐν	PREP	PREP	1722	ἐν	ἐν	
John 8:12	τῇ	T-DSF	T-DSF	3588	ὁ	τῇ	
John 8:12	σκοτίᾳ,	N-DSF	N-DSF	4653	σκοτία	σκοτίᾳ	
John 8:12	ἀλλ’	CONJ	CONJ	235	ἀλλά	ἀλλ’	
John 8:12	ἕξει	V-FAI-3S	V-FAI-3S	2192&5692	ἔχω	ἕξει	
John 8:12	τὸ	T-ASN	T-ASN	3588	ὁ	τό	
John 8:12	φῶς	N-ASN	N-ASN	5457	φῶς	φῶς	
John 8:12	τῆς	T-GSF	T-GSF	3588	ὁ	τῆς	
John 8:12	ζωῆς.	N-GSF	N-GSF	2222	ζωή	ζωῆς	
John 8:13	εἶπον	V-2AAI-3P	V-2AAI-3P	3004&5627	λέγω	εἶπον	
John 8:13	οὖν	CONJ	CONJ	3767	οὖν	οὖν	
John 8:13	αὐτῷ	P-DSM	P-DSM	846	αὐτός	αὐτῷ	
John 8:13	οἱ	T-NPM	T-NPM	3588	ὁ	οἱ	
John 8:13	Φαρισαῖοι	N-NPM	N-NPM	5330	Φαρισαῖος	Φαρισαῖοι	
John 8:13	Σὺ	P-2NS	P-2NS	4771	σύ	Σύ	
John 8:13	περὶ	PREP	PREP	4012	περί	περί	
John 8:13	σεαυτοῦ	F-2GSM	F-2GSM	4572	σεαυτοῦ	σεαυτοῦ	
John 8:13	μαρτυρεῖς·	V-PAI-2S	V-PAI-2S	3140&5719	μαρτυρέω	μαρτυρεῖς	
John 8:13	ἡ	T-NSF	T-NSF	3588	ὁ	ἡ	
John 8:13	μαρτυρία	N-NSF	N-NSF	3141	μαρτυρία	μαρτυρία	
John 8:13	σου	P-2GS	P-2GS	4771	σύ	σου	
John 8:13	οὐκ	PRT-N	PRT-N	3756	οὐ	οὐκ	
John 8:13	ἔστιν	V-PAI-3S	V-PAI-3S	1510&5719	εἰμί	ἔστιν	
John 8:13	ἀληθής.	A-NSF	A-NSF	227	ἀληθής	ἀληθής	
John 8:14	ἀπεκρίθη	V-ADI-3S	V-ADI-3S	611&5662	ἀποκρίνομαι	ἀπεκρίθη	
John 8:14	Ἰησοῦς	N-NSM	N-NSM	2424	Ἰησοῦς	Ἰησοῦς	
John 8:14	καὶ	CONJ	CONJ	2532	καί	καί	
John 8:14	εἶπεν	V-2AAI-3S	V-2AAI-3S	3004&5627	λέγω	εἶπεν	
John 8:14	αὐτοῖς	P-DPM	P-DPM	846	αὐτός	αὐτοῖς	
John 8:14	Κἂν	COND-K	COND-K	2579	κἄν	Κἄν	
John 8:14	ἐγὼ	P-1NS	P-1NS	1473	ἐγώ	ἐγώ	
John 8:14	μαρτυρῶ	V-PAS-1S	V-PAS-1S	3140&5725	μαρτυρέω	μαρτυρῶ	
John 8:14	περὶ	PREP	PREP	4012	περί	περί	
John 8:14	ἐμαυτοῦ,	F-1GSM	F-1GSM	1683	ἐμαυτοῦ	ἐμαυτοῦ	
John 8:14	ἀληθής	A-NSF	A-NSF	227	ἀληθής	ἀληθής	
John 8:14	ἐστιν	V-PAI-3S	V-PAI-3S	1510&5719	εἰμί	ἐστιν	
John 8:14	ἡ	T-NSF	T-NSF	3588	ὁ	ἡ	
John 8:14	μαρτυρία	N-NSF	N-NSF	3141	μαρτυρία	μαρτυρία	
John 8:14	μου,	P-1GS	P-1GS	1473	ἐγώ	μου	
John 8:14	ὅτι	CONJ	CONJ	3754	ὅτι	ὅτι	
John 8:14	οἶδα	V-RAI-1S	V-RAI-1S	1492&5758	οἶδα	οἶδα	
John 8:14	πόθεν	ADV-I	ADV-I	4159	πόθεν	πόθεν	
John 8:14	ἦλθον	V-2AAI-1S	V-2AAI-1S	2064&5627	ἔρχομαι	ἦλθον	
John 8:14	καὶ	CONJ	CONJ	2532	καί	καί	
John 8:14	ποῦ	ADV-I	ADV-I	4226	ποῦ	ποῦ	
John 8:14	ὑπάγω·	V-PAI-1S	V-PAI-1S	5217&5719	ὑπάγω	ὑπάγω	
John 8:14	ὑμεῖς	P-2NP	P-2NP	4771	σύ	ὑμεῖς	
John 8:14	δὲ	CONJ	CONJ	1161	δέ	δέ	
John 8:14	οὐκ	PRT-N	PRT-N	3756	οὐ	οὐκ	
John 8:14	οἴδατε	V-RAI-2P	V-RAI-2P	1492&5758	οἶδα	οἴδατε	
John 8:14	πόθεν	ADV-I	ADV-I	4159	πόθεν	πόθεν	
John 8:14	ἔρχομαι	V-PNI-1S	V-PNI-1S	2064&5736	ἔρχομαι	ἔρχομαι	
John 8:14	ἢ	PRT	PRT	2228	ἤ	ἤ	
John 8:14	ποῦ	ADV-I	ADV-I	4226	ποῦ	ποῦ	
John 8:14	ὑπάγω.	V-PAI-1S	V-PAI-1S	5217&5719	ὑπάγω	ὑπάγω	
John 8:15	ὑμεῖς	P-2NP	P-2NP	4771	σύ	ὑμεῖς	
John 8:15	κατὰ	PREP	PREP	2596	κατά	κατά	
John 8:15	τὴν	T-ASF	T-ASF	3588	ὁ	τήν	
John 8:15	σάρκα	N-ASF	N-ASF	4561	σάρξ	σάρκα	
John 8:15	κρίνετε,	V-PAI-2P	V-PAI-2P	2919&5719	κρίνω	κρίνετε	
John 8:15	ἐγὼ	P-1NS	P-1NS	1473	ἐγώ	ἐγώ	
John 8:15	οὐ	PRT-N	PRT-N	3756	οὐ	οὐ	
John 8:15	κρίνω	V-PAI-1S	V-PAI-1S	2919&5719	κρίνω	κρίνω	
John 8:15	οὐδένα.	A-ASM-N	A-ASM-N	3762	οὐδείς	οὐδένα	
John 8:16	καὶ	CONJ	CONJ	2532	καί	καί	
John 8:16	ἐὰν	COND	COND	1437	ἐάν	ἐάν	
John 8:16	κρίνω	V-PAS-1S	V-PAS-1S	2919&5725	κρίνω	κρίνω	
John 8:16	δὲ	CONJ	CONJ	1161	δέ	δέ	
John 8:16	ἐγώ,	P-1NS	P-1NS	1473	ἐγώ	ἐγώ	
John 8:16	ἡ	T-NSF	T-NSF	3588	ὁ	ἡ	
John 8:16	κρίσις	N-NSF	N-NSF	2920	κρίσις	κρίσις	
John 8:16	ἡ	T-NSF	T-NSF	3588	ὁ	ἡ	
John 8:16	ἐμὴ	S-1SNSF	S-1SNSF	1699	ἐμός	ἐμή	
John 8:16	ἀληθινή	A-NSF	A-NSF	228	ἀληθινός	ἀληθινή	
John 8:16	ἐστιν,	V-PAI-3S	V-PAI-3S	1510&5719	εἰμί	ἐστιν	
John 8:16	ὅτι	CONJ	CONJ	3754	ὅτι	ὅτι	
John 8:16	μόνος	A-NSM	A-NSM	3441	μόνος	μόνος	
John 8:16	οὐκ	PRT-N	PRT-N	3756	οὐ	οὐκ	
John 8:16	εἰμί,	V-PAI-1S	V-PAI-1S	1510&5719	εἰμί	εἰμί	
John 8:16	ἀλλ’	CONJ	CONJ	235	ἀλλά	ἀλλ’	
John 8:16	ἐγὼ	P-1NS	P-1NS	1473	ἐγώ	ἐγώ	
John 8:16	καὶ	CONJ	CONJ	2532	καί	καί	
John 8:16	ὁ	T-NSM	T-NSM	3588	ὁ	ὁ	
John 8:16	πέμψας	V-AAP-NSM	V-AAP-NSM	3992&5660	πέμπω	πέμψας	
John 8:16	με.	P-1AS	P-1AS	1473	ἐγώ	με	
John 8:17	καὶ	CONJ	CONJ	2532	καί	καί	
John 8:17	ἐν	PREP	PREP	1722	ἐν	ἐν	
John 8:17	τῷ	T-DSM	T-DSM	3588	ὁ	τῷ	
John 8:17	νόμῳ	N-DSM	N-DSM	3551	νόμος	νόμῳ	
John 8:17	δὲ	CONJ	CONJ	1161	δέ	δέ	
John 8:17	τῷ	T-DSM	T-DSM	3588	ὁ	τῷ	
John 8:17	ὑμετέρῳ	S-2PDSM	S-2PDSM	5212	ὑμέτερος	ὑμετέρῳ	
John 8:17	γέγραπται	V-RPI-3S	V-RPI-3S	1125&5769	γράφω	γέγραπται	
John 8:17	ὅτι	CONJ	CONJ	3754	ὅτι	ὅτι	
John 8:17	δύο	A-NUI	A-NUI	1417	δύο	δύο	
John 8:17	ἀνθρώπων	N-GPM	N-GPM	444	ἄνθρωπος	ἀνθρώπων	
John 8:17	ἡ	T-NSF	T-NSF	3588	ὁ	ἡ	
John 8:17	μαρτυρία	N-NSF	N-NSF	3141	μαρτυρία	μαρτυρία	
John 8:17	ἀληθής	A-NSF	A-NSF	227	ἀληθής	ἀληθής	
John 8:17	ἐστιν.	V-PAI-3S	V-PAI-3S	1510&5719	εἰμί	ἐστιν	
John 8:18	ἐγώ	P-1NS	P-1NS	1473	ἐγώ	ἐγώ	
John 8:18	εἰμι	V-PAI-1S	V-PAI-1S	1510&5719	εἰμί	εἰμι	
John 8:18	ὁ	T-NSM	T-NSM	3588	ὁ	ὁ	
John 8:18	μαρτυρῶν	V-PAP-NSM	V-PAP-NSM	3140&5723	μαρτυρέω	μαρτυρῶν	
John 8:18	περὶ	PREP	PREP	4012	περί	περί	
John 8:18	ἐμαυτοῦ,	F-1GSM	F-1GSM	1683	ἐμαυτοῦ	ἐμαυτοῦ	
John 8:18	καὶ	CONJ	CONJ	2532	καί	καί	
John 8:18	μαρτυρεῖ	V-PAI-3S	V-PAI-3S	3140&5719	μαρτυρέω	μαρτυρεῖ	
John 8:18	περὶ	PREP	PREP	4012	περί	περί	
John 8:18	ἐμοῦ	P-1GS	P-1GS	1473	ἐγώ	ἐμοῦ	
John 8:18	ὁ	T-NSM	T-NSM	3588	ὁ	ὁ	
John 8:18	πέμψας	V-AAP-NSM	V-AAP-NSM	3992&5660	πέμπω	πέμψας	
John 8:18	με	P-1AS	P-1AS	1473	ἐγώ	με	
John 8:18	Πατήρ.	N-NSM	N-NSM	3962	πατήρ	Πατήρ	
John 8:19	ἔλεγον	V-IAI-3P	V-IAI-3P	3004&5707	λέγω	ἔλεγον	
John 8:19	οὖν	CONJ	CONJ	3767	οὖν	οὖν	
John 8:19	αὐτῷ	P-DSM	P-DSM	846	αὐτός	αὐτῷ	
John 8:19	Ποῦ	ADV-I	ADV-I	4226	ποῦ	Ποῦ	
John 8:19	ἐστιν	V-PAI-3S	V-PAI-3S	1510	εἰμί	ἐστιν	
John 8:19	ὁ	T-NSM	T-NSM	3588	ὁ	ὁ	
John 8:19	Πατήρ	N-NSM	N-NSM	3962	πατήρ	Πατήρ	
John 8:19	σου;	P-2GS	P-2GS	4771	σύ	σου	
John 8:19	ἀπεκρίθη	V-ADI-3S	V-ADI-3S	611&5662	ἀποκρίνομαι	ἀπεκρίθη	
John 8:19	Ἰησοῦς	N-NSM	N-NSM	2424	Ἰησοῦς	Ἰησοῦς	
John 8:19	Οὔτε	CONJ-N	CONJ-N	3777	οὔτε	Οὔτε	
John 8:19	ἐμὲ	P-1AS	P-1AS	1473	ἐγώ	ἐμέ	
John 8:19	οἴδατε	V-RAI-2P	V-RAI-2P	1492&5758	οἶδα	οἴδατε	
John 8:19	οὔτε	CONJ-N	CONJ-N	3777	οὔτε	οὔτε	
John 8:19	τὸν	T-ASM	T-ASM	3588	ὁ	τόν	
John 8:19	Πατέρα	N-ASM	N-ASM	3962	πατήρ	Πατέρα	
John 8:19	μου·	P-1GS	P-1GS	1473	ἐγώ	μου	
John 8:19	εἰ	COND	COND	1487	εἰ	εἰ	
John 8:19	ἐμὲ	P-1AS	P-1AS	1473	ἐγώ	ἐμέ	
John 8:19	ᾔδειτε,	V-2LAI-2P	V-2LAI-2P	1492&5714	οἶδα	ᾔδειτε	
John 8:19	καὶ	CONJ	CONJ	2532	καί	καί	
John 8:19	τὸν	T-ASM	T-ASM	3588	ὁ	τόν	
John 8:19	Πατέρα	N-ASM	N-ASM	3962	πατήρ	Πατέρα	
John 8:19	μου	P-1GS	P-1GS	1473	ἐγώ	μου	
John 8:19	ἂν	PRT	PRT	302	ἄν	ἄν	
John 8:19	ᾔδειτε.	V-2LAI-2P	V-2LAI-2P	1492&5714	οἶδα	ᾔδειτε	
John 8:20	Ταῦτα	D-APN	D-APN	3778	οὗτος	Ταῦτα	
John 8:20	τὰ	T-APN	T-APN	3588	ὁ	τά	
John 8:20	ῥήματα	N-APN	N-APN	4487	ῥῆμα	ῥήματα	
John 8:20	ἐλάλησεν	V-AAI-3S	V-AAI-3S	2980&5656	λαλέω	ἐλάλησεν	
John 8:20	ἐν	PREP	PREP	1722	ἐν	ἐν	
John 8:20	τῷ	T-DSN	T-DSN	3588	ὁ	τῷ	
John 8:20	γαζοφυλακίῳ	N-DSN	N-DSN	1049	γαζοφυλάκιον	γαζοφυλακίῳ	
John 8:20	διδάσκων	V-PAP-NSM	V-PAP-NSM	1321&5723	διδάσκω	διδάσκων	
John 8:20	ἐν	PREP	PREP	1722	ἐν	ἐν	
John 8:20	τῷ	T-DSN	T-DSN	3588	ὁ	τῷ	
John 8:20	ἱερῷ·	N-DSN	N-DSN	2411	ἱερός	ἱερῷ	
John 8:20	καὶ	CONJ	CONJ	2532	καί	καί	
John 8:20	οὐδεὶς	A-NSM-N	A-NSM-N	3762	οὐδείς	οὐδείς	
John 8:20	ἐπίασεν	V-AAI-3S	V-AAI-3S	4084&5656	πιάζω	ἐπίασεν	
John 8:20	αὐτόν,	P-ASM	P-ASM	846	αὐτός	αὐτόν	
John 8:20	ὅτι	CONJ	CONJ	3754	ὅτι	ὅτι	
John 8:20	οὔπω	ADV-N	ADV-N	3768	οὔπω	οὔπω	
John 8:20	ἐληλύθει	V-2LAI-3S	V-2LAI-3S	2064&5714	ἔρχομαι	ἐληλύθει	
John 8:20	ἡ	T-NSF	T-NSF	3588	ὁ	ἡ	
John 8:20	ὥρα	N-NSF	N-NSF	5610	ὥρα	ὥρα	
John 8:20	αὐτοῦ.	P-GSM	P-GSM	846	αὐτός	αὐτοῦ	
John 8:21	Εἶπεν	V-2AAI-3S	V-2AAI-3S	3004&5627	λέγω	Εἶπεν	
John 8:21	οὖν	CONJ	CONJ	3767	οὖν	οὖν	
John 8:21	πάλιν	ADV	ADV	3825	πάλιν	πάλιν	
John 8:21	αὐτοῖς	P-DPM	P-DPM	846	αὐτός	αὐτοῖς	
John 8:21	Ἐγὼ	P-1NS	P-1NS	1473	ἐγώ	Ἐγώ	
John 8:21	ὑπάγω	V-PAI-1S	V-PAI-1S	5217&5719	ὑπάγω	ὑπάγω	
John 8:21	καὶ	CONJ	CONJ	2532	καί	καί	
John 8:21	ζητήσετέ	V-FAI-2P	V-FAI-2P	2212&5692	ζητέω	ζητήσετε	
John 8:21	με,	P-1AS	P-1AS	1473	ἐγώ	με	
John 8:21	καὶ	CONJ	CONJ	2532	καί	καί	
John 8:21	ἐν	PREP	PREP	1722	ἐν	ἐν	
John 8:21	τῇ	T-DSF	T-DSF	3588	ὁ	τῇ	
John 8:21	ἁμαρτίᾳ	N-DSF	N-DSF	266	ἁμαρτία	ἁμαρτίᾳ	
John 8:21	ὑμῶν	P-2GP	P-2GP	4771	σύ	ὑμῶν	
John 8:21	ἀποθανεῖσθε·	V-FDI-2P	V-FDI-2P	599&5695	ἀποθνῄσκω	ἀποθανεῖσθε	
John 8:21	ὅπου	ADV	ADV	3699	ὅπου	ὅπου	
John 8:21	ἐγὼ	P-1NS	P-1NS	1473	ἐγώ	ἐγώ	
John 8:21	ὑπάγω	V-PAI-1S	V-PAI-1S	5217&5719	ὑπάγω	ὑπάγω	
John 8:21	ὑμεῖς	P-2NP	P-2NP	4771	σύ	ὑμεῖς	
John 8:21	οὐ	PRT-N	PRT-N	3756	οὐ	οὐ	
John 8:21	δύνασθε	V-PNI-2P	V-PNI-2P	1410&5736	δύναμαι	δύνασθε	
John 8:21	ἐλθεῖν.	V-2AAN	V-2AAN	2064&5629	ἔρχομαι	ἐλθεῖν	
John 8:22	ἔλεγον	V-IAI-3P	V-IAI-3P	3004&5707	λέγω	ἔλεγον	
John 8:22	οὖν	CONJ	CONJ	3767	οὖν	οὖν	
John 8:22	οἱ	T-NPM	T-NPM	3588	ὁ	οἱ	
John 8:22	Ἰουδαῖοι	A-NPM	A-NPM	2453	Ἰουδαῖος	Ἰουδαῖοι	
John 8:22	Μήτι	PRT-I	PRT-I	3385	μήτι	Μήτι	
John 8:22	ἀποκτενεῖ	V-FAI-3S	V-FAI-3S	615&5692	ἀποκτείνω	ἀποκτενεῖ	
John 8:22	ἑαυτὸν,	F-3ASM	F-3ASM	1438	ἑαυτοῦ	ἑαυτόν	
John 8:22	ὅτι	CONJ	CONJ	3754	ὅτι	ὅτι	
John 8:22	λέγει	V-PAI-3S	V-PAI-3S	3004&5719	λέγω	λέγει	
John 8:22	Ὅπου	ADV	ADV	3699	ὅπου	Ὅπου	
John 8:22	ἐγὼ	P-1NS	P-1NS	1473	ἐγώ	ἐγώ	
John 8:22	ὑπάγω	V-PAI-1S	V-PAI-1S	5217&5719	ὑπάγω	ὑπάγω	
John 8:22	ὑμεῖς	P-2NP	P-2NP	4771	σύ	ὑμεῖς	
John 8:22	οὐ	PRT-N	PRT-N	3756	οὐ	οὐ	
John 8:22	δύνασθε	V-PNI-2P	V-PNI-2P	1410&5736	δύναμαι	δύνασθε	
John 8:22	ἐλθεῖν;	V-2AAN	V-2AAN	2064&5629	ἔρχομαι	ἐλθεῖν	
John 8:23	καὶ	CONJ	CONJ	2532	καί	καί	
John 8:23	ἔλεγεν	V-IAI-3S	V-IAI-3S	3004&5707	λέγω	ἔλεγεν	
John 8:23	αὐτοῖς	P-DPM	P-DPM	846	αὐτός	αὐτοῖς	
John 8:23	Ὑμεῖς	P-2NP	P-2NP	4771	σύ	Ὑμεῖς	
John 8:23	ἐκ	PREP	PREP	1537	ἐκ	ἐκ	
John 8:23	τῶν	T-GPM	T-GPM	3588	ὁ	τῶν	
John 8:23	κάτω	ADV	ADV	2736	κάτω	κάτω	
John 8:23	ἐστέ,	V-PAI-2P	V-PAI-2P	1510&5719	εἰμί	ἐστέ	
John 8:23	ἐγὼ	P-1NS	P-1NS	1473	ἐγώ	ἐγώ	
John 8:23	ἐκ	PREP	PREP	1537	ἐκ	ἐκ	
John 8:23	τῶν	T-GPM	T-GPM	3588	ὁ	τῶν	
John 8:23	ἄνω	ADV	ADV	507	ἄνω	ἄνω	
John 8:23	εἰμί·	V-PAI-1S	V-PAI-1S	1510&5719	εἰμί	εἰμί	
John 8:23	ὑμεῖς	P-2NP	P-2NP	4771	σύ	ὑμεῖς	
John 8:23	ἐκ	PREP	PREP	1537	ἐκ	ἐκ	
John 8:23	τούτου	D-GSM	D-GSM	3778	οὗτος	τούτου	
John 8:23	τοῦ	T-GSM	T-GSM	3588	ὁ	τοῦ	
John 8:23	κόσμου	N-GSM	N-GSM	2889	κόσμος	κόσμου	
John 8:23	ἐστέ,	V-PAI-2P	V-PAI-2P	1510&5719	εἰμί	ἐστέ	
John 8:23	ἐγὼ	P-1NS	P-1NS	1473	ἐγώ	ἐγώ	
John 8:23	οὐκ	PRT-N	PRT-N	3756	οὐ	οὐκ	
John 8:23	εἰμὶ	V-PAI-1S	V-PAI-1S	1510&5719	εἰμί	εἰμί	
John 8:23	ἐκ	PREP	PREP	1537	ἐκ	ἐκ	
John 8:23	τοῦ	T-GSM	T-GSM	3588	ὁ	τοῦ	
John 8:23	κόσμου	N-GSM	N-GSM	2889	κόσμος	κόσμου	
John 8:23	τούτου.	D-GSM	D-GSM	3778	οὗτος	τούτου	
John 8:24	εἶπον	V-2AAI-1S	V-2AAI-1S	3004&5627	λέγω	εἶπον	
John 8:24	οὖν	CONJ	CONJ	3767	οὖν	οὖν	
John 8:24	ὑμῖν	P-2DP	P-2DP	4771	σύ	ὑμῖν	
John 8:24	ὅτι	CONJ	CONJ	3754	ὅτι	ὅτι	
John 8:24	ἀποθανεῖσθε	V-FDI-2P	V-FDI-2P	599&5695	ἀποθνῄσκω	ἀποθανεῖσθε	
John 8:24	ἐν	PREP	PREP	1722	ἐν	ἐν	
John 8:24	ταῖς	T-DPF	T-DPF	3588	ὁ	ταῖς	
John 8:24	ἁμαρτίαις	N-DPF	N-DPF	266	ἁμαρτία	ἁμαρτίαις	
John 8:24	ὑμῶν·	P-2GP	P-2GP	4771	σύ	ὑμῶν	
John 8:24	ἐὰν	COND	COND	1437	ἐάν	ἐάν	
John 8:24	γὰρ	CONJ	CONJ	1063	γάρ	γάρ	
John 8:24	μὴ	PRT-N	PRT-N	3361	μή	μή	
John 8:24	πιστεύσητε	V-AAS-2P	V-AAS-2P	4100&5661	πιστεύω	πιστεύσητε	
John 8:24	ὅτι	CONJ	CONJ	3754	ὅτι	ὅτι	
John 8:24	ἐγώ	P-1NS	P-1NS	1473	ἐγώ	ἐγώ	
John 8:24	εἰμι,	V-PAI-1S	V-PAI-1S	1510&5719	εἰμί	εἰμι	
John 8:24	ἀποθανεῖσθε	V-FDI-2P	V-FDI-2P	599&5695	ἀποθνῄσκω	ἀποθανεῖσθε	
John 8:24	ἐν	PREP	PREP	1722	ἐν	ἐν	
John 8:24	ταῖς	T-DPF	T-DPF	3588	ὁ	ταῖς	
John 8:24	ἁμαρτίαις	N-DPF	N-DPF	266	ἁμαρτία	ἁμαρτίαις	
John 8:24	ὑμῶν.	P-2GP	P-2GP	4771	σύ	ὑμῶν	
John 8:25	ἔλεγον	V-IAI-3P	V-IAI-3P	3004&5707	λέγω	ἔλεγον	
John 8:25	οὖν	CONJ	CONJ	3767	οὖν	οὖν	
John 8:25	αὐτῷ	P-DSM	P-DSM	846	αὐτός	αὐτῷ	
John 8:25	Σὺ	P-2NS	P-2NS	4771	σύ	Σύ	
John 8:25	τίς	I-NSM	I-NSM	5101	τίς	τίς	
John 8:25	εἶ;	V-PAI-2S	V-PAI-2S	1510&5719	εἰμί	εἶ	
John 8:25	εἶπεν	V-2AAI-3S	V-2AAI-3S	3004&5627	λέγω	εἶπεν	
John 8:25	αὐτοῖς	P-DPM	P-DPM	846	αὐτός	αὐτοῖς	
John 8:25	ὁ	T-NSM	T-NSM	3588	ὁ	ὁ	
John 8:25	Ἰησοῦς	N-NSM	N-NSM	2424	Ἰησοῦς	Ἰησοῦς	
John 8:25	Τὴν	T-ASF	T-ASF	3588	ὁ	Τήν	
John 8:25	ἀρχὴν	N-ASF	N-ASF	746	ἀρχή	ἀρχήν	
John 8:25	ὅ	R-ASN	R-ASN	3739	ὅς	ὅ	
John 8:25	τι	X-ASN	X-ASN	5100	τὶς	τι	
John 8:25	καὶ	CONJ	CONJ	2532	καί	καί	
John 8:25	λαλῶ	V-PAI-1S	V-PAI-1S	2980&5719	λαλέω	λαλῶ	
John 8:25	ὑμῖν;	P-2DP	P-2DP	4771	σύ	ὑμῖν	
John 8:26	πολλὰ	A-APN	A-APN	4183	πολύς	πολλά	
John 8:26	ἔχω	V-PAI-1S	V-PAI-1S	2192&5719	ἔχω	ἔχω	
John 8:26	περὶ	PREP	PREP	4012	περί	περί	
John 8:26	ὑμῶν	P-2GP	P-2GP	4771	σύ	ὑμῶν	
John 8:26	λαλεῖν	V-PAN	V-PAN	2980&5721	λαλέω	λαλεῖν	
John 8:26	καὶ	CONJ	CONJ	2532	καί	καί	
John 8:26	κρίνειν·	V-PAN	V-PAN	2919&5721	κρίνω	κρίνειν	
John 8:26	ἀλλ’	CONJ	CONJ	235	ἀλλά	ἀλλ’	
John 8:26	ὁ	T-NSM	T-NSM	3588	ὁ	ὁ	
John 8:26	πέμψας	V-AAP-NSM	V-AAP-NSM	3992&5660	πέμπω	πέμψας	
John 8:26	με	P-1AS	P-1AS	1473	ἐγώ	με	
John 8:26	ἀληθής	A-NSM	A-NSM	227	ἀληθής	ἀληθής	
John 8:26	ἐστιν,	V-PAI-3S	V-PAI-3S	1510&5719	εἰμί	ἐστιν	
John 8:26	κἀγὼ	P-1NS-K	P-1NS-K	2504	κἀγώ	κἀγώ	
John 8:26	ἃ	R-APN	R-APN	3739	ὅς	ἅ	
John 8:26	ἤκουσα	V-AAI-1S	V-AAI-1S	191&5656	ἀκούω	ἤκουσα	
John 8:26	παρ’	PREP	PREP	3844	παρά	παρ’	
John 8:26	αὐτοῦ,	P-GSM	P-GSM	846	αὐτός	αὐτοῦ	
John 8:26	ταῦτα	D-APN	D-APN	3778	οὗτος	ταῦτα	
John 8:26	λαλῶ	V-PAI-1S	V-PAI-1S	2980&5719	λαλέω	λαλῶ	
John 8:26	εἰς	PREP	PREP	1519	εἰς	εἰς	
John 8:26	τὸν	T-ASM	T-ASM	3588	ὁ	τόν	
John 8:26	κόσμον.	N-ASM	N-ASM	2889	κόσμος	κόσμον	
John 8:27	οὐκ	PRT-N	PRT-N	3756	οὐ	οὐκ	
John 8:27	ἔγνωσαν	V-2AAI-3P	V-2AAI-3P	1097&5627	γινώσκω	ἔγνωσαν	
John 8:27	ὅτι	CONJ	CONJ	3754	ὅτι	ὅτι	
John 8:27	τὸν	T-ASM	T-ASM	3588	ὁ	τόν	
John 8:27	Πατέρα	N-ASM	N-ASM	3962	πατήρ	Πατέρα	
John 8:27	αὐτοῖς	P-DPM	P-DPM	846	αὐτός	αὐτοῖς	
John 8:27	ἔλεγεν.	V-IAI-3S	V-IAI-3S	3004&5707	λέγω	ἔλεγεν	
John 8:28	εἶπεν	V-2AAI-3S	V-2AAI-3S	3004&5627	λέγω	εἶπεν	
John 8:28	οὖν	CONJ	CONJ	3767	οὖν	οὖν	
John 8:28	ὁ	T-NSM	T-NSM	3588	ὁ	ὁ	
John 8:28	Ἰησοῦς	N-NSM	N-NSM	2424	Ἰησοῦς	Ἰησοῦς	
John 8:28	Ὅταν	CONJ	CONJ	3752	ὅταν	Ὅταν	
John 8:28	ὑψώσητε	V-AAS-2P	V-AAS-2P	5312&5661	ὑψόω	ὑψώσητε	
John 8:28	τὸν	T-ASM	T-ASM	3588	ὁ	τόν	
John 8:28	Υἱὸν	N-ASM	N-ASM	5207	υἱός	Υἱόν	
John 8:28	τοῦ	T-GSM	T-GSM	3588	ὁ	τοῦ	
John 8:28	ἀνθρώπου,	N-GSM	N-GSM	444	ἄνθρωπος	ἀνθρώπου	
John 8:28	τότε	ADV	ADV	5119	τότε	τότε	
John 8:28	γνώσεσθε	V-FDI-2P	V-FDI-2P	1097&5695	γινώσκω	γνώσεσθε	
John 8:28	ὅτι	CONJ	CONJ	3754	ὅτι	ὅτι	
John 8:28	ἐγώ	P-1NS	P-1NS	1473	ἐγώ	ἐγώ	
John 8:28	εἰμι,	V-PAI-1S	V-PAI-1S	1510&5719	εἰμί	εἰμι	
John 8:28	καὶ	CONJ	CONJ	2532	καί	καί	
John 8:28	ἀπ’	PREP	PREP	575	ἀπό	ἀπ’	
John 8:28	ἐμαυτοῦ	F-1GSM	F-1GSM	1683	ἐμαυτοῦ	ἐμαυτοῦ	
John 8:28	ποιῶ	V-PAI-1S	V-PAI-1S	4160&5719	ποιέω	ποιῶ	
John 8:28	οὐδέν,	A-ASN-N	A-ASN-N	3762	οὐδείς	οὐδέν	
John 8:28	ἀλλὰ	CONJ	CONJ	235	ἀλλά	ἀλλά	
John 8:28	καθὼς	ADV	ADV	2531	καθώς	καθώς	
John 8:28	ἐδίδαξέν	V-AAI-3S	V-AAI-3S	1321&5656	διδάσκω	ἐδίδαξεν	
John 8:28	με	P-1AS	P-1AS	1473	ἐγώ	με	
John 8:28	ὁ	T-NSM	T-NSM	3588	ὁ	ὁ	
John 8:28	Πατὴρ,	N-NSM	N-NSM	3962	πατήρ	Πατήρ	
John 8:28	ταῦτα	D-APN	D-APN	3778	οὗτος	ταῦτα	
John 8:28	λαλῶ.	V-PAI-1S	V-PAI-1S	2980&5719	λαλέω	λαλῶ	
John 8:29	καὶ	CONJ	CONJ	2532	καί	καί	
John 8:29	ὁ	T-NSM	T-NSM	3588	ὁ	ὁ	
John 8:29	πέμψας	V-AAP-NSM	V-AAP-NSM	3992&5660	πέμπω	πέμψας	
John 8:29	με	P-1AS	P-1AS	1473	ἐγώ	με	
John 8:29	μετ’	PREP	PREP	3326	μετά	μετ’	
John 8:29	ἐμοῦ	P-1GS	P-1GS	1473	ἐγώ	ἐμοῦ	
John 8:29	ἐστιν·	V-PAI-3S	V-PAI-3S	1510	εἰμί	ἐστιν	
John 8:29	οὐκ	PRT-N	PRT-N	3756	οὐ	οὐκ	
John 8:29	ἀφῆκέν	V-AAI-3S	V-AAI-3S	863&5656	ἀφίημι	ἀφῆκεν	
John 8:29	με	P-1AS	P-1AS	1473	ἐγώ	με	
John 8:29	μόνον,	A-ASM	A-ASM	3441	μόνος	μόνον	
John 8:29	ὅτι	CONJ	CONJ	3754	ὅτι	ὅτι	
John 8:29	ἐγὼ	P-1NS	P-1NS	1473	ἐγώ	ἐγώ	
John 8:29	τὰ	T-APN	T-APN	3588	ὁ	τά	
John 8:29	ἀρεστὰ	A-APN	A-APN	701	ἀρεστός	ἀρεστά	
John 8:29	αὐτῷ	P-DSM	P-DSM	846	αὐτός	αὐτῷ	
John 8:29	ποιῶ	V-PAI-1S	V-PAI-1S	4160&5719	ποιέω	ποιῶ	
John 8:29	πάντοτε.	ADV	ADV	3842	πάντοτε	πάντοτε	
John 8:30	Ταῦτα	D-APN	D-APN	3778	οὗτος	Ταῦτα	
John 8:30	αὐτοῦ	P-GSM	P-GSM	846	αὐτός	αὐτοῦ	
John 8:30	λαλοῦντος	V-PAP-GSM	V-PAP-GSM	2980&5723	λαλέω	λαλοῦντος	
John 8:30	πολλοὶ	A-NPM	A-NPM	4183	πολύς	πολλοί	
John 8:30	ἐπίστευσαν	V-AAI-3P	V-AAI-3P	4100&5656	πιστεύω	ἐπίστευσαν	
John 8:30	εἰς	PREP	PREP	1519	εἰς	εἰς	
John 8:30	αὐτόν.	P-ASM	P-ASM	846	αὐτός	αὐτόν	
John 8:31	Ἔλεγεν	V-IAI-3S	V-IAI-3S	3004&5707	λέγω	Ἔλεγεν	
John 8:31	οὖν	CONJ	CONJ	3767	οὖν	οὖν	
John 8:31	ὁ	T-NSM	T-NSM	3588	ὁ	ὁ	
John 8:31	Ἰησοῦς	N-NSM	N-NSM	2424	Ἰησοῦς	Ἰησοῦς	
John 8:31	πρὸς	PREP	PREP	4314	πρός	πρός	
John 8:31	τοὺς	T-APM	T-APM	3588	ὁ	τούς	
John 8:31	πεπιστευκότας	V-RAP-APM	V-RAP-APM	4100&5761	πιστεύω	πεπιστευκότας	
John 8:31	αὐτῷ	P-DSM	P-DSM	846	αὐτός	αὐτῷ	
John 8:31	Ἰουδαίους	A-APM	A-APM	2453	Ἰουδαῖος	Ἰουδαίους	
John 8:31	Ἐὰν	COND	COND	1437	ἐάν	Ἐάν	
John 8:31	ὑμεῖς	P-2NP	P-2NP	4771	σύ	ὑμεῖς	
John 8:31	μείνητε	V-AAS-2P	V-AAS-2P	3306&5661	μένω	μείνητε	
John 8:31	ἐν	PREP	PREP	1722	ἐν	ἐν	
John 8:31	τῷ	T-DSM	T-DSM	3588	ὁ	τῷ	
John 8:31	λόγῳ	N-DSM	N-DSM	3056	λόγος	λόγῳ	
John 8:31	τῷ	T-DSM	T-DSM	3588	ὁ	τῷ	
John 8:31	ἐμῷ,	S-1SDSM	S-1SDSM	1699	ἐμός	ἐμῷ	
John 8:31	ἀληθῶς	ADV	ADV	230	ἀληθῶς	ἀληθῶς	
John 8:31	μαθηταί	N-NPM	N-NPM	3101	μαθητής	μαθηταί	
John 8:31	μού	P-1GS	P-1GS	1473	ἐγώ	μού	
John 8:31	ἐστε,	V-PAI-2P	V-PAI-2P	1510&5719	εἰμί	ἐστε	
John 8:32	καὶ	CONJ	CONJ	2532	καί	καί	
John 8:32	γνώσεσθε	V-FDI-2P	V-FDI-2P	1097&5695	γινώσκω	γνώσεσθε	
John 8:32	τὴν	T-ASF	T-ASF	3588	ὁ	τήν	
John 8:32	ἀλήθειαν,	N-ASF	N-ASF	225	ἀλήθεια	ἀλήθειαν	
John 8:32	καὶ	CONJ	CONJ	2532	καί	καί	
John 8:32	ἡ	T-NSF	T-NSF	3588	ὁ	ἡ	
John 8:32	ἀλήθεια	N-NSF	N-NSF	225	ἀλήθεια	ἀλήθεια	
John 8:32	ἐλευθερώσει	V-FAI-3S	V-FAI-3S	1659&5692	ἐλευθερόω	ἐλευθερώσει	
John 8:32	ὑμᾶς.	P-2AP	P-2AP	4771	σύ	ὑμᾶς	
John 8:33	ἀπεκρίθησαν	V-ADI-3P	V-ADI-3P	611&5662	ἀποκρίνομαι	ἀπεκρίθησαν	
John 8:33	πρὸς	PREP	PREP	4314	πρός	πρός	
John 8:33	αὐτόν	P-ASM	P-ASM	846	αὐτός	αὐτόν	
John 8:33	Σπέρμα	N-NSN	N-NSN	4690	σπέρμα	Σπέρμα	
John 8:33	Ἀβραάμ	N-PRI	N-PRI	11	Ἀβραάμ	Ἀβραάμ	
John 8:33	ἐσμεν,	V-PAI-1P	V-PAI-1P	1510&5719	εἰμί	ἐσμεν	
John 8:33	καὶ	CONJ	CONJ	2532	καί	καί	
John 8:33	οὐδενὶ	A-DSM-N	A-DSM-N	3762	οὐδείς	οὐδενί	
John 8:33	δεδουλεύκαμεν	V-RAI-1P	V-RAI-1P	1398&5758	δουλεύω	δεδουλεύκαμεν	
John 8:33	πώποτε·	ADV	ADV	4455	πώποτε	πώποτε	
John 8:33	πῶς	ADV-I	ADV-I	4459	πῶς	πῶς	
John 8:33	σὺ	P-2NS	P-2NS	4771	σύ	σύ	
John 8:33	λέγεις	V-PAI-2S	V-PAI-2S	3004&5719	λέγω	λέγεις	
John 8:33	ὅτι	CONJ	CONJ	3754	ὅτι	ὅτι	
John 8:33	Ἐλεύθεροι	A-NPM	A-NPM	1658	ἐλεύθερος	Ἐλεύθεροι	
John 8:33	γενήσεσθε;	V-FDI-2P	V-FDI-2P	1096&5695	γίνομαι	γενήσεσθε	
John 8:34	ἀπεκρίθη	V-ADI-3S	V-ADI-3S	611&5662	ἀποκρίνομαι	ἀπεκρίθη	
John 8:34	αὐτοῖς	P-DPM	P-DPM	846	αὐτός	αὐτοῖς	
John 8:34	ὁ	T-NSM	T-NSM	3588	ὁ	ὁ	
John 8:34	Ἰησοῦς	N-NSM	N-NSM	2424	Ἰησοῦς	Ἰησοῦς	
John 8:34	Ἀμὴν	HEB	HEB	281	ἀμήν	Ἀμήν	
John 8:34	ἀμὴν	HEB	HEB	281	ἀμήν	ἀμήν	
John 8:34	λέγω	V-PAI-1S	V-PAI-1S	3004&5719	λέγω	λέγω	
John 8:34	ὑμῖν	P-2DP	P-2DP	4771	σύ	ὑμῖν	
John 8:34	ὅτι	CONJ	CONJ	3754	ὅτι	ὅτι	
John 8:34	πᾶς	A-NSM	A-NSM	3956	πᾶς	πᾶς	
John 8:34	ὁ	T-NSM	T-NSM	3588	ὁ	ὁ	
John 8:34	ποιῶν	V-PAP-NSM	V-PAP-NSM	4160&5723	ποιέω	ποιῶν	
John 8:34	τὴν	T-ASF	T-ASF	3588	ὁ	τήν	
John 8:34	ἁμαρτίαν	N-ASF	N-ASF	266	ἁμαρτία	ἁμαρτίαν	
John 8:34	δοῦλός	N-NSM	N-NSM	1401	δοῦλος (II)	δοῦλος	
John 8:34	ἐστιν	V-PAI-3S	V-PAI-3S	1510&5719	εἰμί	ἐστιν	
John 8:34	τῆς	T-GSF	T-GSF	3588	ὁ	τῆς	
John 8:34	ἁμαρτίας.	N-GSF	N-GSF	266	ἁμαρτία	ἁμαρτίας	
John 8:35	ὁ	T-NSM	T-NSM	3588	ὁ	ὁ	
John 8:35	δὲ	CONJ	CONJ	1161	δέ	δέ	
John 8:35	δοῦλος	N-NSM	N-NSM	1401	δοῦλος (II)	δοῦλος	
John 8:35	οὐ	PRT-N	PRT-N	3756	οὐ	οὐ	
John 8:35	μένει	V-PAI-3S	V-PAI-3S	3306&5719	μένω	μένει	
John 8:35	ἐν	PREP	PREP	1722	ἐν	ἐν	
John 8:35	τῇ	T-DSF	T-DSF	3588	ὁ	τῇ	
John 8:35	οἰκίᾳ	N-DSF	N-DSF	3614	οἰκία	οἰκίᾳ	
John 8:35	εἰς	PREP	PREP	1519	εἰς	εἰς	
John 8:35	τὸν	T-ASM	T-ASM	3588	ὁ	τόν	
John 8:35	αἰῶνα·	N-ASM	N-ASM	165	αἰών	αἰῶνα	
John 8:35	ὁ	T-NSM	T-NSM	3588	ὁ	ὁ	
John 8:35	υἱὸς	N-NSM	N-NSM	5207	υἱός	υἱός	
John 8:35	μένει	V-PAI-3S	V-PAI-3S	3306&5719	μένω	μένει	
John 8:35	εἰς	PREP	PREP	1519	εἰς	εἰς	
John 8:35	τὸν	T-ASM	T-ASM	3588	ὁ	τόν	
John 8:35	αἰῶνα.	N-ASM	N-ASM	165	αἰών	αἰῶνα	
John 8:36	ἐὰν	COND	COND	1437	ἐάν	ἐάν	
John 8:36	οὖν	CONJ	CONJ	3767	οὖν	οὖν	
John 8:36	ὁ	T-NSM	T-NSM	3588	ὁ	ὁ	
John 8:36	Υἱὸς	N-NSM	N-NSM	5207	υἱός	Υἱός	
John 8:36	ὑμᾶς	P-2AP	P-2AP	4771	σύ	ὑμᾶς	
John 8:36	ἐλευθερώσῃ,	V-AAS-3S	V-AAS-3S	1659&5661	ἐλευθερόω	ἐλευθερώσῃ	
John 8:36	ὄντως	ADV	ADV	3689	ὄντως	ὄντως	
John 8:36	ἐλεύθεροι	A-NPM	A-NPM	1658	ἐλεύθερος	ἐλεύθεροι	
John 8:36	ἔσεσθε.	V-FDI-2P	V-FDI-2P	1510&5695	εἰμί	ἔσεσθε	
John 8:37	οἶδα	V-RAI-1S	V-RAI-1S	1492&5758	οἶδα	οἶδα	
John 8:37	ὅτι	CONJ	CONJ	3754	ὅτι	ὅτι	
John 8:37	σπέρμα	N-NSN	N-NSN	4690	σπέρμα	σπέρμα	
John 8:37	Ἀβραάμ	N-PRI	N-PRI	11	Ἀβραάμ	Ἀβραάμ	
John 8:37	ἐστε·	V-PAI-2P	V-PAI-2P	1510&5719	εἰμί	ἐστε	
John 8:37	ἀλλὰ	CONJ	CONJ	235	ἀλλά	ἀλλά	
John 8:37	ζητεῖτέ	V-PAI-2P	V-PAI-2P	2212&5719	ζητέω	ζητεῖτε	
John 8:37	με	P-1AS	P-1AS	1473	ἐγώ	με	
John 8:37	ἀποκτεῖναι,	V-AAN	V-AAN	615&5658	ἀποκτείνω	ἀποκτεῖναι	
John 8:37	ὅτι	CONJ	CONJ	3754	ὅτι	ὅτι	
John 8:37	ὁ	T-NSM	T-NSM	3588	ὁ	ὁ	
John 8:37	λόγος	N-NSM	N-NSM	3056	λόγος	λόγος	
John 8:37	ὁ	T-NSM	T-NSM	3588	ὁ	ὁ	
John 8:37	ἐμὸς	S-1SNSM	S-1SNSM	1699	ἐμός	ἐμός	
John 8:37	οὐ	PRT-N	PRT-N	3756	οὐ	οὐ	
John 8:37	χωρεῖ	V-PAI-3S	V-PAI-3S	5562&5719	χωρέω	χωρεῖ	
John 8:37	ἐν	PREP	PREP	1722	ἐν	ἐν	
John 8:37	ὑμῖν.	P-2DP	P-2DP	4771	σύ	ὑμῖν	
John 8:38	ἃ	R-APN	R-APN	3739	ὅς	ἅ	
John 8:38	ἐγὼ	P-1NS	P-1NS	1473	ἐγώ	ἐγώ	
John 8:38	ἑώρακα	V-RAI-1S-ATT	V-RAI-1S-ATT	3708&5758	ὁράω	ἑώρακα	
John 8:38	παρὰ	PREP	PREP	3844	παρά	παρά	
John 8:38	τῷ	T-DSM	T-DSM	3588	ὁ	τῷ	
John 8:38	Πατρὶ	N-DSM	N-DSM	3962	πατήρ	Πατρί	
John 8:38	λαλῶ·	V-PAI-1S	V-PAI-1S	2980&5719	λαλέω	λαλῶ	
John 8:38	καὶ	CONJ	CONJ	2532	καί	καί	
John 8:38	ὑμεῖς	P-2NP	P-2NP	4771	σύ	ὑμεῖς	
John 8:38	οὖν	CONJ	CONJ	3767	οὖν	οὖν	
John 8:38	ἃ	R-APN	R-APN	3739	ὅς	ἅ	
John 8:38	ἠκούσατε	V-AAI-2P	V-AAI-2P	191&5656	ἀκούω	ἠκούσατε	
John 8:38	παρὰ	PREP	PREP	3844	παρά	παρά	
John 8:38	τοῦ	T-GSM	T-GSM	3588	ὁ	τοῦ	
John 8:38	πατρὸς	N-GSM	N-GSM	3962	πατήρ	πατρός	
John 8:38	ποιεῖτε.	V-PAI-2P	V-PAI-2P	4160&5719	ποιέω	ποιεῖτε	
John 8:39	ἀπεκρίθησαν	V-ADI-3P	V-ADI-3P	611&5662	ἀποκρίνομαι	ἀπεκρίθησαν	
John 8:39	καὶ	CONJ	CONJ	2532	καί	καί	
John 8:39	εἶπαν	V-2AAI-3P	V-2AAI-3P	3004&5627	λέγω	εἶπαν	
John 8:39	αὐτῷ	P-DSM	P-DSM	846	αὐτός	αὐτῷ	
John 8:39	Ὁ	T-NSM	T-NSM	3588	ὁ	Ὁ	
John 8:39	πατὴρ	N-NSM	N-NSM	3962	πατήρ	πατήρ	
John 8:39	ἡμῶν	P-1GP	P-1GP	1473	ἐγώ	ἡμῶν	
John 8:39	Ἀβραάμ	N-PRI	N-PRI	11	Ἀβραάμ	Ἀβραάμ	
John 8:39	ἐστιν.	V-PAI-3S	V-PAI-3S	1510&5719	εἰμί	ἐστιν	
John 8:39	λέγει	V-PAI-3S	V-PAI-3S	3004&5719	λέγω	λέγει	
John 8:39	αὐτοῖς	P-DPM	P-DPM	846	αὐτός	αὐτοῖς	
John 8:39	ὁ	T-NSM	T-NSM	3588	ὁ	ὁ	
John 8:39	Ἰησοῦς	N-NSM	N-NSM	2424	Ἰησοῦς	Ἰησοῦς	
John 8:39	Εἰ	COND	COND	1487	εἰ	Εἰ	
John 8:39	τέκνα	N-NPN	N-NPN	5043	τέκνον	τέκνα	
John 8:39	τοῦ	T-GSM	T-GSM	3588	ὁ	τοῦ	
John 8:39	Ἀβραάμ	N-PRI	N-PRI	11	Ἀβραάμ	Ἀβραάμ	
John 8:39	ἐστε,	V-PAI-2P	V-PAI-2P	1510&5719	εἰμί	ἐστε	
John 8:39	τὰ	T-APN	T-APN	3588	ὁ	τά	
John 8:39	ἔργα	N-APN	N-APN	2041	ἔργον	ἔργα	
John 8:39	τοῦ	T-GSM	T-GSM	3588	ὁ	τοῦ	
John 8:39	Ἀβραὰμ	N-PRI	N-PRI	11	Ἀβραάμ	Ἀβραάμ	
John 8:39	ποιεῖτε·	V-PAM-2P	V-PAM-2P	4160&5720	ποιέω	ποιεῖτε	
John 8:40	νῦν	ADV	ADV	3568	νῦν	νῦν	
John 8:40	δὲ	CONJ	CONJ	1161	δέ	δέ	
John 8:40	ζητεῖτέ	V-PAI-2P	V-PAI-2P	2212&5719	ζητέω	ζητεῖτε	
John 8:40	με	P-1AS	P-1AS	1473	ἐγώ	με	
John 8:40	ἀποκτεῖναι,	V-AAN	V-AAN	615&5658	ἀποκτείνω	ἀποκτεῖναι	
John 8:40	ἄνθρωπον	N-ASM	N-ASM	444	ἄνθρωπος	ἄνθρωπον	
John 8:40	ὃς	R-NSM	R-NSM	3739	ὅς	ὅς	
John 8:40	τὴν	T-ASF	T-ASF	3588	ὁ	τήν	
John 8:40	ἀλήθειαν	N-ASF	N-ASF	225	ἀλήθεια	ἀλήθειαν	
John 8:40	ὑμῖν	P-2DP	P-2DP	4771	σύ	ὑμῖν	
John 8:40	λελάληκα,	V-RAI-1S	V-RAI-1S	2980&5758	λαλέω	λελάληκα	
John 8:40	ἣν	R-ASF	R-ASF	3739	ὅς	ἥν	
John 8:40	ἤκουσα	V-AAI-1S	V-AAI-1S	191&5656	ἀκούω	ἤκουσα	
John 8:40	παρὰ	PREP	PREP	3844	παρά	παρά	
John 8:40	τοῦ	T-GSM	T-GSM	3588	ὁ	τοῦ	
John 8:40	Θεοῦ·	N-GSM	N-GSM	2316	θεός	Θεοῦ	
John 8:40	τοῦτο	D-ASN	D-ASN	3778	οὗτος	τοῦτο	
John 8:40	Ἀβραὰμ	N-PRI	N-PRI	11	Ἀβραάμ	Ἀβραάμ	
John 8:40	οὐκ	PRT-N	PRT-N	3756	οὐ	οὐκ	
John 8:40	ἐποίησεν.	V-AAI-3S	V-AAI-3S	4160&5656	ποιέω	ἐποίησεν	
John 8:41	ὑμεῖς	P-2NP	P-2NP	4771	σύ	ὑμεῖς	
John 8:41	ποιεῖτε	V-PAI-2P	V-PAI-2P	4160&5719	ποιέω	ποιεῖτε	
John 8:41	τὰ	T-APN	T-APN	3588	ὁ	τά	
John 8:41	ἔργα	N-APN	N-APN	2041	ἔργον	ἔργα	
John 8:41	τοῦ	T-GSM	T-GSM	3588	ὁ	τοῦ	
John 8:41	πατρὸς	N-GSM	N-GSM	3962	πατήρ	πατρός	
John 8:41	ὑμῶν.	P-2GP	P-2GP	4771	σύ	ὑμῶν	
John 8:41	εἶπαν	V-2AAI-3P	V-2AAI-3P	3004&5627	λέγω	εἶπαν	
John 8:41	αὐτῷ	P-DSM	P-DSM	846	αὐτός	αὐτῷ	
John 8:41	Ἡμεῖς	P-1NP	P-1NP	1473	ἐγώ	Ἡμεῖς	
John 8:41	ἐκ	PREP	PREP	1537	ἐκ	ἐκ	
John 8:41	πορνείας	N-GSF	N-GSF	4202	πορνεία	πορνείας	
John 8:41	οὐκ	PRT-N	PRT-N	3756	οὐ	οὐκ	
John 8:41	ἐγεννήθημεν,	V-API-1P	V-API-1P	1080&5681	γεννάω	ἐγεννήθημεν	
John 8:41	ἕνα	A-ASM	A-ASM	1520	εἷς	ἕνα	
John 8:41	Πατέρα	N-ASM	N-ASM	3962	πατήρ	Πατέρα	
John 8:41	ἔχομεν	V-PAI-1P	V-PAI-1P	2192&5719	ἔχω	ἔχομεν	
John 8:41	τὸν	T-ASM	T-ASM	3588	ὁ	τόν	
John 8:41	Θεόν.	N-ASM	N-ASM	2316	θεός	Θεόν	
John 8:42	εἶπεν	V-2AAI-3S	V-2AAI-3S	3004&5627	λέγω	εἶπεν	
John 8:42	αὐτοῖς	P-DPM	P-DPM	846	αὐτός	αὐτοῖς	
John 8:42	ὁ	T-NSM	T-NSM	3588	ὁ	ὁ	
John 8:42	Ἰησοῦς	N-NSM	N-NSM	2424	Ἰησοῦς	Ἰησοῦς	
John 8:42	Εἰ	COND	COND	1487	εἰ	Εἰ	
John 8:42	ὁ	T-NSM	T-NSM	3588	ὁ	ὁ	
John 8:42	Θεὸς	N-NSM	N-NSM	2316	θεός	Θεός	
John 8:42	Πατὴρ	N-NSM	N-NSM	3962	πατήρ	Πατήρ	
John 8:42	ὑμῶν	P-2GP	P-2GP	4771	σύ	ὑμῶν	
John 8:42	ἦν,	V-IAI-3S	V-IAI-3S	1510&5707	εἰμί	ἦν	
John 8:42	ἠγαπᾶτε	V-IAI-2P	V-IAI-2P	25&5707	ἀγαπάω	ἠγαπᾶτε	
John 8:42	ἂν	PRT	PRT	302	ἄν	ἄν	
John 8:42	ἐμέ·	P-1AS	P-1AS	1473	ἐγώ	ἐμέ	
John 8:42	ἐγὼ	P-1NS	P-1NS	1473	ἐγώ	ἐγώ	
John 8:42	γὰρ	CONJ	CONJ	1063	γάρ	γάρ	
John 8:42	ἐκ	PREP	PREP	1537	ἐκ	ἐκ	
John 8:42	τοῦ	T-GSM	T-GSM	3588	ὁ	τοῦ	
John 8:42	Θεοῦ	N-GSM	N-GSM	2316	θεός	Θεοῦ	
John 8:42	ἐξῆλθον	V-2AAI-1S	V-2AAI-1S	1831&5627	ἐξέρχομαι	ἐξῆλθον	
John 8:42	καὶ	CONJ	CONJ	2532	καί	καί	
John 8:42	ἥκω·	V-PAI-1S	V-PAI-1S	2240&5719	ἥκω	ἥκω	
John 8:42	οὐδὲ	CONJ-N	CONJ-N	3761	οὐδέ	οὐδέ	
John 8:42	γὰρ	CONJ	CONJ	1063	γάρ	γάρ	
John 8:42	ἀπ’	PREP	PREP	575	ἀπό	ἀπ’	
John 8:42	ἐμαυτοῦ	F-1GSM	F-1GSM	1683	ἐμαυτοῦ	ἐμαυτοῦ	
John 8:42	ἐλήλυθα,	V-2RAI-1S	V-2RAI-1S	2064&5754	ἔρχομαι	ἐλήλυθα	
John 8:42	ἀλλ’	CONJ	CONJ	235	ἀλλά	ἀλλ’	
John 8:42	ἐκεῖνός	D-NSM	D-NSM	1565	ἐκεῖνος	ἐκεῖνος	
John 8:42	με	P-1AS	P-1AS	1473	ἐγώ	με	
John 8:42	ἀπέστειλεν.	V-AAI-3S	V-AAI-3S	649&5656	ἀποστέλλω	ἀπέστειλεν	
John 8:43	διὰ	PREP	PREP	1223	διά	διά	
John 8:43	τί	I-ASN	I-ASN	5101	τίς	τί	
John 8:43	τὴν	T-ASF	T-ASF	3588	ὁ	τήν	
John 8:43	λαλιὰν	N-ASF	N-ASF	2981	λαλιά	λαλιάν	
John 8:43	τὴν	T-ASF	T-ASF	3588	ὁ	τήν	
John 8:43	ἐμὴν	S-1SASF	S-1SASF	1699	ἐμός	ἐμήν	
John 8:43	οὐ	PRT-N	PRT-N	3756	οὐ	οὐ	
John 8:43	γινώσκετε;	V-PAI-2P	V-PAI-2P	1097&5719	γινώσκω	γινώσκετε	
John 8:43	ὅτι	CONJ	CONJ	3754	ὅτι	ὅτι	
John 8:43	οὐ	PRT-N	PRT-N	3756	οὐ	οὐ	
John 8:43	δύνασθε	V-PNI-2P	V-PNI-2P	1410&5736	δύναμαι	δύνασθε	
John 8:43	ἀκούειν	V-PAN	V-PAN	191&5721	ἀκούω	ἀκούειν	
John 8:43	τὸν	T-ASM	T-ASM	3588	ὁ	τόν	
John 8:43	λόγον	N-ASM	N-ASM	3056	λόγος	λόγον	
John 8:43	τὸν	T-ASM	T-ASM	3588	ὁ	τόν	
John 8:43	ἐμόν.	S-1SASM	S-1SASM	1699	ἐμός	ἐμόν	
John 8:44	ὑμεῖς	P-2NP	P-2NP	4771	σύ	ὑμεῖς	
John 8:44	ἐκ	PREP	PREP	1537	ἐκ	ἐκ	
John 8:44	τοῦ	T-GSM	T-GSM	3588	ὁ	τοῦ	
John 8:44	πατρὸς	N-GSM	N-GSM	3962	πατήρ	πατρός	
John 8:44	τοῦ	T-GSM	T-GSM	3588	ὁ	τοῦ	
John 8:44	διαβόλου	A-GSM	A-GSM	1228	διάβολος	διαβόλου	
John 8:44	ἐστὲ	V-PAI-2P	V-PAI-2P	1510&5719	εἰμί	ἐστέ	
John 8:44	καὶ	CONJ	CONJ	2532	καί	καί	
John 8:44	τὰς	T-APF	T-APF	3588	ὁ	τάς	
John 8:44	ἐπιθυμίας	N-APF	N-APF	1939	ἐπιθυμία	ἐπιθυμίας	
John 8:44	τοῦ	T-GSM	T-GSM	3588	ὁ	τοῦ	
John 8:44	πατρὸς	N-GSM	N-GSM	3962	πατήρ	πατρός	
John 8:44	ὑμῶν	P-2GP	P-2GP	4771	σύ	ὑμῶν	
John 8:44	θέλετε	V-PAI-2P	V-PAI-2P	2309&5719	θέλω	θέλετε	
John 8:44	ποιεῖν.	V-PAN	V-PAN	4160&5721	ποιέω	ποιεῖν	
John 8:44	ἐκεῖνος	D-NSM	D-NSM	1565	ἐκεῖνος	ἐκεῖνος	
John 8:44	ἀνθρωποκτόνος	A-NSM	A-NSM	443	ἀνθρωποκτόνος	ἀνθρωποκτόνος	
John 8:44	ἦν	V-IAI-3S	V-IAI-3S	1510&5707	εἰμί	ἦν	
John 8:44	ἀπ’	PREP	PREP	575	ἀπό	ἀπ’	
John 8:44	ἀρχῆς,	N-GSF	N-GSF	746	ἀρχή	ἀρχῆς	
John 8:44	καὶ	CONJ	CONJ	2532	καί	καί	
John 8:44	ἐν	PREP	PREP	1722	ἐν	ἐν	
John 8:44	τῇ	T-DSF	T-DSF	3588	ὁ	τῇ	
John 8:44	ἀληθείᾳ	N-DSF	N-DSF	225	ἀλήθεια	ἀληθείᾳ	
John 8:44	οὐκ	PRT-N	PRT-N	3756	οὐ	οὐκ	
John 8:44	ἔστηκεν,	V-IAI-3S	V-IAI-3S	4739&5707	στήκω	ἔστηκεν	
John 8:44	ὅτι	CONJ	CONJ	3754	ὅτι	ὅτι	
John 8:44	οὐκ	PRT-N	PRT-N	3756	οὐ	οὐκ	
John 8:44	ἔστιν	V-PAI-3S	V-PAI-3S	1510&5719	εἰμί	ἔστιν	
John 8:44	ἀλήθεια	N-NSF	N-NSF	225	ἀλήθεια	ἀλήθεια	
John 8:44	ἐν	PREP	PREP	1722	ἐν	ἐν	
John 8:44	αὐτῷ.	P-DSM	P-DSM	846	αὐτός	αὐτῷ	
John 8:44	ὅταν	CONJ	CONJ	3752	ὅταν	ὅταν	
John 8:44	λαλῇ	V-PAS-3S	V-PAS-3S	2980&5725	λαλέω	λαλῇ	
John 8:44	τὸ	T-ASN	T-ASN	3588	ὁ	τό	
John 8:44	ψεῦδος,	N-ASN	N-ASN	5579	ψεῦδος	ψεῦδος	
John 8:44	ἐκ	PREP	PREP	1537	ἐκ	ἐκ	
John 8:44	τῶν	T-GPN	T-GPN	3588	ὁ	τῶν	
John 8:44	ἰδίων	A-GPN	A-GPN	2398	ἴδιος	ἰδίων	
John 8:44	λαλεῖ,	V-PAI-3S	V-PAI-3S	2980&5719	λαλέω	λαλεῖ	
John 8:44	ὅτι	CONJ	CONJ	3754	ὅτι	ὅτι	
John 8:44	ψεύστης	N-NSM	N-NSM	5583	ψεύστης	ψεύστης	
John 8:44	ἐστὶν	V-PAI-3S	V-PAI-3S	1510&5719	εἰμί	ἐστίν	
John 8:44	καὶ	CONJ	CONJ	2532	καί	καί	
John 8:44	ὁ	T-NSM	T-NSM	3588	ὁ	ὁ	
John 8:44	πατὴρ	N-NSM	N-NSM	3962	πατήρ	πατήρ	
John 8:44	αὐτοῦ.	P-GSN	P-GSN	846	αὐτός	αὐτοῦ	
John 8:45	ἐγὼ	P-1NS	P-1NS	1473	ἐγώ	ἐγώ	
John 8:45	δὲ	CONJ	CONJ	1161	δέ	δέ	
John 8:45	ὅτι	CONJ	CONJ	3754	ὅτι	ὅτι	
John 8:45	τὴν	T-ASF	T-ASF	3588	ὁ	τήν	
John 8:45	ἀλήθειαν	N-ASF	N-ASF	225	ἀλήθεια	ἀλήθειαν	
John 8:45	λέγω,	V-PAI-1S	V-PAI-1S	3004&5719	λέγω	λέγω	
John 8:45	οὐ	PRT-N	PRT-N	3756	οὐ	οὐ	
John 8:45	πιστεύετέ	V-PAI-2P	V-PAI-2P	4100&5719	πιστεύω	πιστεύετε	
John 8:45	μοι.	P-1DS	P-1DS	1473	ἐγώ	μοι	
John 8:46	τίς	I-NSM	I-NSM	5101	τίς	τίς	
John 8:46	ἐξ	PREP	PREP	1537	ἐκ	ἐξ	
John 8:46	ὑμῶν	P-2GP	P-2GP	4771	σύ	ὑμῶν	
John 8:46	ἐλέγχει	V-PAI-3S	V-PAI-3S	1651&5719	ἐλέγχω	ἐλέγχει	
John 8:46	με	P-1AS	P-1AS	1473	ἐγώ	με	
John 8:46	περὶ	PREP	PREP	4012	περί	περί	
John 8:46	ἁμαρτίας;	N-GSF	N-GSF	266	ἁμαρτία	ἁμαρτίας	
John 8:46	εἰ	COND	COND	1487	εἰ	εἰ	
John 8:46	ἀλήθειαν	N-ASF	N-ASF	225	ἀλήθεια	ἀλήθειαν	
John 8:46	λέγω,	V-PAI-1S	V-PAI-1S	3004&5719	λέγω	λέγω	
John 8:46	διὰ	PREP	PREP	1223	διά	διά	
John 8:46	τί	I-ASN	I-ASN	5101	τίς	τί	
John 8:46	ὑμεῖς	P-2NP	P-2NP	4771	σύ	ὑμεῖς	
John 8:46	οὐ	PRT-N	PRT-N	3756	οὐ	οὐ	
John 8:46	πιστεύετέ	V-PAI-2P	V-PAI-2P	4100&5719	πιστεύω	πιστεύετε	
John 8:46	μοι;	P-1DS	P-1DS	1473	ἐγώ	μοι	
John 8:47	ὁ	T-NSM	T-NSM	3588	ὁ	ὁ	
John 8:47	ὢν	V-PAP-NSM	V-PAP-NSM	1510&5723	εἰμί	ὤν	
John 8:47	ἐκ	PREP	PREP	1537	ἐκ	ἐκ	
John 8:47	τοῦ	T-GSM	T-GSM	3588	ὁ	τοῦ	
John 8:47	Θεοῦ	N-GSM	N-GSM	2316	θεός	Θεοῦ	
John 8:47	τὰ	T-APN	T-APN	3588	ὁ	τά	
John 8:47	ῥήματα	N-APN	N-APN	4487	ῥῆμα	ῥήματα	
John 8:47	τοῦ	T-GSM	T-GSM	3588	ὁ	τοῦ	
John 8:47	Θεοῦ	N-GSM	N-GSM	2316	θεός	Θεοῦ	
John 8:47	ἀκούει·	V-PAI-3S	V-PAI-3S	191&5719	ἀκούω	ἀκούει	
John 8:47	διὰ	PREP	PREP	1223	διά	διά	
John 8:47	τοῦτο	D-ASN	D-ASN	3778	οὗτος	τοῦτο	
John 8:47	ὑμεῖς	P-2NP	P-2NP	4771	σύ	ὑμεῖς	
John 8:47	οὐκ	PRT-N	PRT-N	3756	οὐ	οὐκ	
John 8:47	ἀκούετε,	V-PAI-2P	V-PAI-2P	191&5719	ἀκούω	ἀκούετε	
John 8:47	ὅτι	CONJ	CONJ	3754	ὅτι	ὅτι	
John 8:47	ἐκ	PREP	PREP	1537	ἐκ	ἐκ	
John 8:47	τοῦ	T-GSM	T-GSM	3588	ὁ	τοῦ	
John 8:47	Θεοῦ	N-GSM	N-GSM	2316	θεός	Θεοῦ	
John 8:47	οὐκ	PRT-N	PRT-N	3756	οὐ	οὐκ	
John 8:47	ἐστέ.	V-PAI-2P	V-PAI-2P	1510&5719	εἰμί	ἐστέ	
John 8:48	Ἀπεκρίθησαν	V-ADI-3P	V-ADI-3P	611&5662	ἀποκρίνομαι	Ἀπεκρίθησαν	
John 8:48	οἱ	T-NPM	T-NPM	3588	ὁ	οἱ	
John 8:48	Ἰουδαῖοι	A-NPM	A-NPM	2453	Ἰουδαῖος	Ἰουδαῖοι	
John 8:48	καὶ	CONJ	CONJ	2532	καί	καί	
John 8:48	εἶπαν	V-2AAI-3P	V-2AAI-3P	3004&5627	λέγω	εἶπαν	
John 8:48	αὐτῷ	P-DSM	P-DSM	846	αὐτός	αὐτῷ	
John 8:48	Οὐ	PRT-N	PRT-N	3756	οὐ	Οὐ	
John 8:48	καλῶς	ADV	ADV	2573	καλῶς	καλῶς	
John 8:48	λέγομεν	V-PAI-1P	V-PAI-1P	3004&5719	λέγω	λέγομεν	
John 8:48	ἡμεῖς	P-1NP	P-1NP	1473	ἐγώ	ἡμεῖς	
John 8:48	ὅτι	CONJ	CONJ	3754	ὅτι	ὅτι	
John 8:48	Σαμαρείτης	N-NSM	N-NSM	4541	Σαμαρίτης	Σαμαρείτης	
John 8:48	εἶ	V-PAI-2S	V-PAI-2S	1510&5719	εἰμί	εἶ	
John 8:48	σὺ	P-2NS	P-2NS	4771	σύ	σύ	
John 8:48	καὶ	CONJ	CONJ	2532	καί	καί	
John 8:48	δαιμόνιον	N-ASN	N-ASN	1140	δαιμόνιον	δαιμόνιον	
John 8:48	ἔχεις;	V-PAI-2S	V-PAI-2S	2192&5719	ἔχω	ἔχεις	
John 8:49	ἀπεκρίθη	V-ADI-3S	V-ADI-3S	611&5662	ἀποκρίνομαι	ἀπεκρίθη	
John 8:49	Ἰησοῦς	N-NSM	N-NSM	2424	Ἰησοῦς	Ἰησοῦς	
John 8:49	Ἐγὼ	P-1NS	P-1NS	1473	ἐγώ	Ἐγώ	
John 8:49	δαιμόνιον	N-ASN	N-ASN	1140	δαιμόνιον	δαιμόνιον	
John 8:49	οὐκ	PRT-N	PRT-N	3756	οὐ	οὐκ	
John 8:49	ἔχω,	V-PAI-1S	V-PAI-1S	2192&5719	ἔχω	ἔχω	
John 8:49	ἀλλὰ	CONJ	CONJ	235	ἀλλά	ἀλλά	
John 8:49	τιμῶ	V-PAI-1S	V-PAI-1S	5091&5719	τιμάω	τιμῶ	
John 8:49	τὸν	T-ASM	T-ASM	3588	ὁ	τόν	
John 8:49	Πατέρα	N-ASM	N-ASM	3962	πατήρ	Πατέρα	
John 8:49	μου,	P-1GS	P-1GS	1473	ἐγώ	μου	
John 8:49	καὶ	CONJ	CONJ	2532	καί	καί	
John 8:49	ὑμεῖς	P-2NP	P-2NP	4771	σύ	ὑμεῖς	
John 8:49	ἀτιμάζετέ	V-PAI-2P	V-PAI-2P	818&5719	ἀτιμάζω	ἀτιμάζετε	
John 8:49	με.	P-1AS	P-1AS	1473	ἐγώ	με	
John 8:50	ἐγὼ	P-1NS	P-1NS	1473	ἐγώ	ἐγώ	
John 8:50	δὲ	CONJ	CONJ	1161	δέ	δέ	
John 8:50	οὐ	PRT-N	PRT-N	3756	οὐ	οὐ	
John 8:50	ζητῶ	V-PAI-1S	V-PAI-1S	2212&5719	ζητέω	ζητῶ	
John 8:50	τὴν	T-ASF	T-ASF	3588	ὁ	τήν	
John 8:50	δόξαν	N-ASF	N-ASF	1391	δόξα	δόξαν	
John 8:50	μου·	P-1GS	P-1GS	1473	ἐγώ	μου	
John 8:50	ἔστιν	V-PAI-3S	V-PAI-3S	1510&5719	εἰμί	ἔστιν	
John 8:50	ὁ	T-NSM	T-NSM	3588	ὁ	ὁ	
John 8:50	ζητῶν	V-PAP-NSM	V-PAP-NSM	2212&5723	ζητέω	ζητῶν	
John 8:50	καὶ	CONJ	CONJ	2532	καί	καί	
John 8:50	κρίνων.	V-PAP-NSM	V-PAP-NSM	2919&5723	κρίνω	κρίνων	
John 8:51	ἀμὴν	HEB	HEB	281	ἀμήν	ἀμήν	
John 8:51	ἀμὴν	HEB	HEB	281	ἀμήν	ἀμήν	
John 8:51	λέγω	V-PAI-1S	V-PAI-1S	3004&5719	λέγω	λέγω	
John 8:51	ὑμῖν,	P-2DP	P-2DP	4771	σύ	ὑμῖν	
John 8:51	ἐάν	COND	COND	1437	ἐάν	ἐάν	
John 8:51	τις	X-NSM	X-NSM	5100	τὶς	τις	
John 8:51	τὸν	T-ASM	T-ASM	3588	ὁ	τόν	
John 8:51	ἐμὸν	S-1SASM	S-1SASM	1699	ἐμός	ἐμόν	
John 8:51	λόγον	N-ASM	N-ASM	3056	λόγος	λόγον	
John 8:51	τηρήσῃ,	V-AAS-3S	V-AAS-3S	5083&5661	τηρέω	τηρήσῃ	
John 8:51	θάνατον	N-ASM	N-ASM	2288	θάνατος	θάνατον	
John 8:51	οὐ	PRT-N	PRT-N	3756	οὐ	οὐ	
John 8:51	μὴ	PRT-N	PRT-N	3361	μή	μή	
John 8:51	θεωρήσῃ	V-AAS-3S	V-AAS-3S	2334&5661	θεωρέω	θεωρήσῃ	
John 8:51	εἰς	PREP	PREP	1519	εἰς	εἰς	
John 8:51	τὸν	T-ASM	T-ASM	3588	ὁ	τόν	
John 8:51	αἰῶνα.	N-ASM	N-ASM	165	αἰών	αἰῶνα	
John 8:52	εἶπαν	V-2AAI-3P	V-2AAI-3P	3004&5627	λέγω	εἶπαν	
John 8:52	αὐτῷ	P-DSM	P-DSM	846	αὐτός	αὐτῷ	
John 8:52	οἱ	T-NPM	T-NPM	3588	ὁ	οἱ	
John 8:52	Ἰουδαῖοι	A-NPM	A-NPM	2453	Ἰουδαῖος	Ἰουδαῖοι	
John 8:52	Νῦν	ADV	ADV	3568	νῦν	Νῦν	
John 8:52	ἐγνώκαμεν	V-RAI-1P	V-RAI-1P	1097&5758	γινώσκω	ἐγνώκαμεν	
John 8:52	ὅτι	CONJ	CONJ	3754	ὅτι	ὅτι	
John 8:52	δαιμόνιον	N-ASN	N-ASN	1140	δαιμόνιον	δαιμόνιον	
John 8:52	ἔχεις.	V-PAI-2S	V-PAI-2S	2192&5719	ἔχω	ἔχεις	
John 8:52	Ἀβραὰμ	N-PRI	N-PRI	11	Ἀβραάμ	Ἀβραάμ	
John 8:52	ἀπέθανεν	V-2AAI-3S	V-2AAI-3S	599&5627	ἀποθνῄσκω	ἀπέθανεν	
John 8:52	καὶ	CONJ	CONJ	2532	καί	καί	
John 8:52	οἱ	T-NPM	T-NPM	3588	ὁ	οἱ	
John 8:52	προφῆται,	N-NPM	N-NPM	4396	προφήτης	προφῆται	
John 8:52	καὶ	CONJ	CONJ	2532	καί	καί	
John 8:52	σὺ	P-2NS	P-2NS	4771	σύ	σύ	
John 8:52	λέγεις	V-PAI-2S	V-PAI-2S	3004&5719	λέγω	λέγεις	
John 8:52	Ἐάν	COND	COND	1437	ἐάν	Ἐάν	
John 8:52	τις	X-NSM	X-NSM	5100	τὶς	τις	
John 8:52	τὸν	T-ASM	T-ASM	3588	ὁ	τόν	
John 8:52	λόγον	N-ASM	N-ASM	3056	λόγος	λόγον	
John 8:52	μου	P-1GS	P-1GS	1473	ἐγώ	μου	
John 8:52	τηρήσῃ,	V-AAS-3S	V-AAS-3S	5083&5661	τηρέω	τηρήσῃ	
John 8:52	οὐ	PRT-N	PRT-N	3756	οὐ	οὐ	
John 8:52	μὴ	PRT-N	PRT-N	3361	μή	μή	
John 8:52	γεύσηται	V-ADS-3S	V-ADS-3S	1089&5667	γεύομαι	γεύσηται	
John 8:52	θανάτου	N-GSM	N-GSM	2288	θάνατος	θανάτου	
John 8:52	εἰς	PREP	PREP	1519	εἰς	εἰς	
John 8:52	τὸν	T-ASM	T-ASM	3588	ὁ	τόν	
John 8:52	αἰῶνα.	N-ASM	N-ASM	165	αἰών	αἰῶνα	
John 8:53	μὴ	PRT-N	PRT-N	3361	μή	μή	
John 8:53	σὺ	P-2NS	P-2NS	4771	σύ	σύ	
John 8:53	μείζων	A-NSM-C	A-NSM-C	3173	μέγας	μείζων	
John 8:53	εἶ	V-PAI-2S	V-PAI-2S	1510&5719	εἰμί	εἶ	
John 8:53	τοῦ	T-GSM	T-GSM	3588	ὁ	τοῦ	
John 8:53	πατρὸς	N-GSM	N-GSM	3962	πατήρ	πατρός	
John 8:53	ἡμῶν	P-1GP	P-1GP	1473	ἐγώ	ἡμῶν	
John 8:53	Ἀβραάμ,	N-PRI	N-PRI	11	Ἀβραάμ	Ἀβραάμ	
John 8:53	ὅστις	R-NSM	R-NSM	3748	ὅστις	ὅστις	
John 8:53	ἀπέθανεν;	V-2AAI-3S	V-2AAI-3S	599&5627	ἀποθνῄσκω	ἀπέθανεν	
John 8:53	καὶ	CONJ	CONJ	2532	καί	καί	
John 8:53	οἱ	T-NPM	T-NPM	3588	ὁ	οἱ	
John 8:53	προφῆται	N-NPM	N-NPM	4396	προφήτης	προφῆται	
John 8:53	ἀπέθανον·	V-2AAI-3P	V-2AAI-3P	599&5627	ἀποθνῄσκω	ἀπέθανον	
John 8:53	τίνα	I-ASM	I-ASM	5101	τίς	τίνα	
John 8:53	σεαυτὸν	F-2ASM	F-2ASM	4572	σεαυτοῦ	σεαυτόν	
John 8:53	ποιεῖς;	V-PAI-2S	V-PAI-2S	4160&5719	ποιέω	ποιεῖς	
John 8:54	ἀπεκρίθη	V-ADI-3S	V-ADI-3S	611&5662	ἀποκρίνομαι	ἀπεκρίθη	
John 8:54	Ἰησοῦς	N-NSM	N-NSM	2424	Ἰησοῦς	Ἰησοῦς	
John 8:54	Ἐὰν	COND	COND	1437	ἐάν	Ἐάν	
John 8:54	ἐγὼ	P-1NS	P-1NS	1473	ἐγώ	ἐγώ	
John 8:54	δοξάσω	V-AAS-1S	V-AAS-1S	1392&5661	δοξάζω	δοξάσω	
John 8:54	ἐμαυτόν,	F-1ASM	F-1ASM	1683	ἐμαυτοῦ	ἐμαυτόν	
John 8:54	ἡ	T-NSF	T-NSF	3588	ὁ	ἡ	
John 8:54	δόξα	N-NSF	N-NSF	1391	δόξα	δόξα	
John 8:54	μου	P-1GS	P-1GS	1473	ἐγώ	μου	
John 8:54	οὐδέν	A-NSN-N	A-NSN-N	3762	οὐδείς	οὐδέν	
John 8:54	ἐστιν·	V-PAI-3S	V-PAI-3S	1510&5719	εἰμί	ἐστιν	
John 8:54	ἔστιν	V-PAI-3S	V-PAI-3S	1510&5719	εἰμί	ἔστιν	
John 8:54	ὁ	T-NSM	T-NSM	3588	ὁ	ὁ	
John 8:54	Πατήρ	N-NSM	N-NSM	3962	πατήρ	Πατήρ	
John 8:54	μου	P-1GS	P-1GS	1473	ἐγώ	μου	
John 8:54	ὁ	T-NSM	T-NSM	3588	ὁ	ὁ	
John 8:54	δοξάζων	V-PAP-NSM	V-PAP-NSM	1392&5723	δοξάζω	δοξάζων	
John 8:54	με,	P-1AS	P-1AS	1473	ἐγώ	με	
John 8:54	ὃν	R-ASM	R-ASM	3739	ὅς	ὅν	
John 8:54	ὑμεῖς	P-2NP	P-2NP	4771	σύ	ὑμεῖς	
John 8:54	λέγετε	V-PAI-2P	V-PAI-2P	3004&5719	λέγω	λέγετε	
John 8:54	ὅτι	CONJ	CONJ	3754	ὅτι	ὅτι	
John 8:54	Θεὸς	N-NSM	N-NSM	2316	θεός	Θεός	
John 8:54	ἡμῶν	P-1GP	P-1GP	1473	ἐγώ	ἡμῶν	
John 8:54	ἐστιν,	V-PAI-3S	V-PAI-3S	1510	εἰμί	ἐστιν	
John 8:55	καὶ	CONJ	CONJ	2532	καί	καί	
John 8:55	οὐκ	PRT-N	PRT-N	3756	οὐ	οὐκ	
John 8:55	ἐγνώκατε	V-RAI-2P	V-RAI-2P	1097&5758	γινώσκω	ἐγνώκατε	
John 8:55	αὐτόν,	P-ASM	P-ASM	846	αὐτός	αὐτόν	
John 8:55	ἐγὼ	P-1NS	P-1NS	1473	ἐγώ	ἐγώ	
John 8:55	δὲ	CONJ	CONJ	1161	δέ	δέ	
John 8:55	οἶδα	V-RAI-1S	V-RAI-1S	1492&5758	οἶδα	οἶδα	
John 8:55	αὐτόν.	P-ASM	P-ASM	846	αὐτός	αὐτόν	
John 8:55	κἂν	COND-K	COND-K	2579	κἄν	κἄν	
John 8:55	εἴπω	V-2AAS-1S	V-2AAS-1S	3004&5632	λέγω	εἴπω	
John 8:55	ὅτι	CONJ	CONJ	3754	ὅτι	ὅτι	
John 8:55	οὐκ	PRT-N	PRT-N	3756	οὐ	οὐκ	
John 8:55	οἶδα	V-RAI-1S	V-RAI-1S	1492&5758	οἶδα	οἶδα	
John 8:55	αὐτόν,	P-ASM	P-ASM	846	αὐτός	αὐτόν	
John 8:55	ἔσομαι	V-FDI-1S	V-FDI-1S	1510&5695	εἰμί	ἔσομαι	
John 8:55	ὅμοιος	A-NSM	A-NSM	3664	ὅμοιος	ὅμοιος	
John 8:55	ὑμῖν	P-2DP	P-2DP	4771	σύ	ὑμῖν	
John 8:55	ψεύστης·	N-NSM	N-NSM	5583	ψεύστης	ψεύστης	
John 8:55	ἀλλὰ	CONJ	CONJ	235	ἀλλά	ἀλλά	
John 8:55	οἶδα	V-RAI-1S	V-RAI-1S	1492&5758	οἶδα	οἶδα	
John 8:55	αὐτὸν	P-ASM	P-ASM	846	αὐτός	αὐτόν	
John 8:55	καὶ	CONJ	CONJ	2532	καί	καί	
John 8:55	τὸν	T-ASM	T-ASM	3588	ὁ	τόν	
John 8:55	λόγον	N-ASM	N-ASM	3056	λόγος	λόγον	
John 8:55	αὐτοῦ	P-GSM	P-GSM	846	αὐτός	αὐτοῦ	
John 8:55	τηρῶ.	V-PAI-1S	V-PAI-1S	5083&5719	τηρέω	τηρῶ	
John 8:56	Ἀβραὰμ	N-PRI	N-PRI	11	Ἀβραάμ	Ἀβραάμ	
John 8:56	ὁ	T-NSM	T-NSM	3588	ὁ	ὁ	
John 8:56	πατὴρ	N-NSM	N-NSM	3962	πατήρ	πατήρ	
John 8:56	ὑμῶν	P-2GP	P-2GP	4771	σύ	ὑμῶν	
John 8:56	ἠγαλλιάσατο	V-ADI-3S	V-ADI-3S	21&5662	ἀγαλλιάω	ἠγαλλιάσατο	
John 8:56	ἵνα	CONJ	CONJ	2443	ἵνα	ἵνα	
John 8:56	ἴδῃ	V-2AAS-3S	V-2AAS-3S	3708&5632	ὁράω	ἴδῃ	
John 8:56	τὴν	T-ASF	T-ASF	3588	ὁ	τήν	
John 8:56	ἡμέραν	N-ASF	N-ASF	2250	ἡμέρα	ἡμέραν	
John 8:56	τὴν	T-ASF	T-ASF	3588	ὁ	τήν	
John 8:56	ἐμήν,	S-1SASF	S-1SASF	1699	ἐμός	ἐμήν	
John 8:56	καὶ	CONJ	CONJ	2532	καί	καί	
John 8:56	εἶδεν	V-2AAI-3S	V-2AAI-3S	3708&5627	ὁράω	εἶδεν	
John 8:56	καὶ	CONJ	CONJ	2532	καί	καί	
John 8:56	ἐχάρη.	V-2AOI-3S	V-2AOI-3S	5463&5644	χαίρω	ἐχάρη	
John 8:57	εἶπαν	V-2AAI-3P	V-2AAI-3P	3004&5627	λέγω	εἶπαν	
John 8:57	οὖν	CONJ	CONJ	3767	οὖν	οὖν	
John 8:57	οἱ	T-NPM	T-NPM	3588	ὁ	οἱ	
John 8:57	Ἰουδαῖοι	A-NPM	A-NPM	2453	Ἰουδαῖος	Ἰουδαῖοι	
John 8:57	πρὸς	PREP	PREP	4314	πρός	πρός	
John 8:57	αὐτόν	P-ASM	P-ASM	846	αὐτός	αὐτόν	
John 8:57	Πεντήκοντα	A-NUI	A-NUI	4004	πεντήκοντα	Πεντήκοντα	
John 8:57	ἔτη	N-APN	N-APN	2094	ἔτος	ἔτη	
John 8:57	οὔπω	ADV-N	ADV-N	3768	οὔπω	οὔπω	
John 8:57	ἔχεις	V-PAI-2S	V-PAI-2S	2192&5719	ἔχω	ἔχεις	
John 8:57	καὶ	CONJ	CONJ	2532	καί	καί	
John 8:57	Ἀβραὰμ	N-PRI	N-PRI	11	Ἀβραάμ	Ἀβραάμ	
John 8:57	ἑώρακας;	V-RAI-2S-ATT	V-RAI-2S-ATT	3708&5758	ὁράω	ἑώρακας	
John 8:58	εἶπεν	V-2AAI-3S	V-2AAI-3S	3004&5627	λέγω	εἶπεν	
John 8:58	αὐτοῖς	P-DPM	P-DPM	846	αὐτός	αὐτοῖς	
John 8:58	Ἰησοῦς	N-NSM	N-NSM	2424	Ἰησοῦς	Ἰησοῦς	
John 8:58	Ἀμὴν	HEB	HEB	281	ἀμήν	Ἀμήν	
John 8:58	ἀμὴν	HEB	HEB	281	ἀμήν	ἀμήν	
John 8:58	λέγω	V-PAI-1S	V-PAI-1S	3004&5719	λέγω	λέγω	
John 8:58	ὑμῖν,	P-2DP	P-2DP	4771	σύ	ὑμῖν	
John 8:58	πρὶν	ADV	ADV	4250	πρίν	πρίν	
John 8:58	Ἀβραὰμ	N-PRI	N-PRI	11	Ἀβραάμ	Ἀβραάμ	
John 8:58	γενέσθαι	V-2ADN	V-2ADN	1096&5635	γίνομαι	γενέσθαι	
John 8:58	ἐγὼ	P-1NS	P-1NS	1473	ἐγώ	ἐγώ	
John 8:58	εἰμί.	V-PAI-1S	V-PAI-1S	1510&5719	εἰμί	εἰμί	
John 8:59	ἦραν	V-AAI-3P	V-AAI-3P	142&5656	αἴρω	ἦραν	
John 8:59	οὖν	CONJ	CONJ	3767	οὖν	οὖν	
John 8:59	λίθους	N-APM	N-APM	3037	λίθος	λίθους	
John 8:59	ἵνα	CONJ	CONJ	2443	ἵνα	ἵνα	
John 8:59	βάλωσιν	V-2AAS-3P	V-2AAS-3P	906&5632	βάλλω	βάλωσιν	
John 8:59	ἐπ’	PREP	PREP	1909	ἐπί	ἐπ’	
John 8:59	αὐτόν·	P-ASM	P-ASM	846	αὐτός	αὐτόν	
John 8:59	Ἰησοῦς	N-NSM	N-NSM	2424	Ἰησοῦς	Ἰησοῦς	
John 8:59	δὲ	CONJ	CONJ	1161	δέ	δέ	
John 8:59	ἐκρύβη	V-2API-3S	V-2API-3S	2928&5648	κρύπτω	ἐκρύβη	
John 8:59	καὶ	CONJ	CONJ	2532	καί	καί	
John 8:59	ἐξῆλθεν	V-2AAI-3S	V-2AAI-3S	1831&5627	ἐξέρχομαι	ἐξῆλθεν	
John 8:59	ἐκ	PREP	PREP	1537	ἐκ	ἐκ	
John 8:59	τοῦ	T-GSN	T-GSN	3588	ὁ	τοῦ	
John 8:59	ἱεροῦ.	N-GSN	N-GSN	2411	ἱερός	ἱεροῦ	
John 9:1	Καὶ	CONJ	CONJ	2532	καί	Καί	
John 9:1	παράγων	V-PAP-NSM	V-PAP-NSM	3855&5723	παράγω	παράγων	
John 9:1	εἶδεν	V-2AAI-3S	V-2AAI-3S	3708&5627	ὁράω	εἶδεν	
John 9:1	ἄνθρωπον	N-ASM	N-ASM	444	ἄνθρωπος	ἄνθρωπον	
John 9:1	τυφλὸν	A-ASM	A-ASM	5185	τυφλός	τυφλόν	
John 9:1	ἐκ	PREP	PREP	1537	ἐκ	ἐκ	
John 9:1	γενετῆς.	N-GSF	N-GSF	1079	γενετή	γενετῆς	
John 9:2	καὶ	CONJ	CONJ	2532	καί	καί	
John 9:2	ἠρώτησαν	V-AAI-3P	V-AAI-3P	2065&5656	ἐρωτάω	ἠρώτησαν	
John 9:2	αὐτὸν	P-ASM	P-ASM	846	αὐτός	αὐτόν	
John 9:2	οἱ	T-NPM	T-NPM	3588	ὁ	οἱ	
John 9:2	μαθηταὶ	N-NPM	N-NPM	3101	μαθητής	μαθηταί	
John 9:2	αὐτοῦ	P-GSM	P-GSM	846	αὐτός	αὐτοῦ	
John 9:2	λέγοντες	V-PAP-NPM	V-PAP-NPM	3004&5723	λέγω	λέγοντες	
John 9:2	Ῥαββεί,	HEB	HEB	4461	ῥαββί	Ῥαββεί	
John 9:2	τίς	I-NSM	I-NSM	5101	τίς	τίς	
John 9:2	ἥμαρτεν,	V-2AAI-3S	V-2AAI-3S	264&5627	ἁμαρτάνω	ἥμαρτεν	
John 9:2	οὗτος	D-NSM	D-NSM	3778	οὗτος	οὗτος	
John 9:2	ἢ	PRT	PRT	2228	ἤ	ἤ	
John 9:2	οἱ	T-NPM	T-NPM	3588	ὁ	οἱ	
John 9:2	γονεῖς	N-NPM	N-NPM	1118	γονεύς	γονεῖς	
John 9:2	αὐτοῦ,	P-GSM	P-GSM	846	αὐτός	αὐτοῦ	
John 9:2	ἵνα	CONJ	CONJ	2443	ἵνα	ἵνα	
John 9:2	τυφλὸς	A-NSM	A-NSM	5185	τυφλός	τυφλός	
John 9:2	γεννηθῇ;	V-APS-3S	V-APS-3S	1080&5686	γεννάω	γεννηθῇ	
John 9:3	ἀπεκρίθη	V-ADI-3S	V-ADI-3S	611&5662	ἀποκρίνομαι	ἀπεκρίθη	
John 9:3	Ἰησοῦς	N-NSM	N-NSM	2424	Ἰησοῦς	Ἰησοῦς	
John 9:3	Οὔτε	CONJ-N	CONJ-N	3777	οὔτε	Οὔτε	
John 9:3	οὗτος	D-NSM	D-NSM	3778	οὗτος	οὗτος	
John 9:3	ἥμαρτεν	V-2AAI-3S	V-2AAI-3S	264&5627	ἁμαρτάνω	ἥμαρτεν	
John 9:3	οὔτε	CONJ-N	CONJ-N	3777	οὔτε	οὔτε	
John 9:3	οἱ	T-NPM	T-NPM	3588	ὁ	οἱ	
John 9:3	γονεῖς	N-NPM	N-NPM	1118	γονεύς	γονεῖς	
John 9:3	αὐτοῦ,	P-GSM	P-GSM	846	αὐτός	αὐτοῦ	
John 9:3	ἀλλ’	CONJ	CONJ	235	ἀλλά	ἀλλ’	
John 9:3	ἵνα	CONJ	CONJ	2443	ἵνα	ἵνα	
John 9:3	φανερωθῇ	V-APS-3S	V-APS-3S	5319&5686	φανερόω	φανερωθῇ	
John 9:3	τὰ	T-NPN	T-NPN	3588	ὁ	τά	
John 9:3	ἔργα	N-NPN	N-NPN	2041	ἔργον	ἔργα	
John 9:3	τοῦ	T-GSM	T-GSM	3588	ὁ	τοῦ	
John 9:3	Θεοῦ	N-GSM	N-GSM	2316	θεός	Θεοῦ	
John 9:3	ἐν	PREP	PREP	1722	ἐν	ἐν	
John 9:3	αὐτῷ.	P-DSM	P-DSM	846	αὐτός	αὐτῷ	
John 9:4	ἡμᾶς	P-1AP	P-1AP	1473	ἐγώ	ἡμᾶς	
John 9:4	δεῖ	V-PAI-3S	V-PAI-3S	1163&5719	δεῖ	δεῖ	
John 9:4	ἐργάζεσθαι	V-PNN	V-PNN	2038&5738	ἐργάζομαι	ἐργάζεσθαι	
John 9:4	τὰ	T-APN	T-APN	3588	ὁ	τά	
John 9:4	ἔργα	N-APN	N-APN	2041	ἔργον	ἔργα	
John 9:4	τοῦ	T-GSM	T-GSM	3588	ὁ	τοῦ	
John 9:4	πέμψαντός	V-AAP-GSM	V-AAP-GSM	3992&5660	πέμπω	πέμψαντος	
John 9:4	με	P-1AS	P-1AS	1473	ἐγώ	με	
John 9:4	ἕως	ADV	ADV	2193	ἕως	ἕως	
John 9:4	ἡμέρα	N-NSF	N-NSF	2250	ἡμέρα	ἡμέρα	
John 9:4	ἐστίν·	V-PAI-3S	V-PAI-3S	1510&5719	εἰμί	ἐστίν	
John 9:4	ἔρχεται	V-PNI-3S	V-PNI-3S	2064&5736	ἔρχομαι	ἔρχεται	
John 9:4	νὺξ	N-NSF	N-NSF	3571	νύξ	νύξ	
John 9:4	ὅτε	ADV	ADV	3753	ὅτε	ὅτε	
John 9:4	οὐδεὶς	A-NSM-N	A-NSM-N	3762	οὐδείς	οὐδείς	
John 9:4	δύναται	V-PNI-3S	V-PNI-3S	1410&5736	δύναμαι	δύναται	
John 9:4	ἐργάζεσθαι.	V-PNN	V-PNN	2038&5738	ἐργάζομαι	ἐργάζεσθαι	
John 9:5	ὅταν	CONJ	CONJ	3752	ὅταν	ὅταν	
John 9:5	ἐν	PREP	PREP	1722	ἐν	ἐν	
John 9:5	τῷ	T-DSM	T-DSM	3588	ὁ	τῷ	
John 9:5	κόσμῳ	N-DSM	N-DSM	2889	κόσμος	κόσμῳ	
John 9:5	ὦ,	V-PAS-1S	V-PAS-1S	1510&5725	εἰμί	ὦ	
John 9:5	φῶς	N-NSN	N-NSN	5457	φῶς	φῶς	
John 9:5	εἰμι	V-PAI-1S	V-PAI-1S	1510	εἰμί	εἰμι	
John 9:5	τοῦ	T-GSM	T-GSM	3588	ὁ	τοῦ	
John 9:5	κόσμου.	N-GSM	N-GSM	2889	κόσμος	κόσμου	
John 9:6	ταῦτα	D-APN	D-APN	3778	οὗτος	ταῦτα	
John 9:6	εἰπὼν	V-2AAP-NSM	V-2AAP-NSM	3004&5631	λέγω	εἰπών	
John 9:6	ἔπτυσεν	V-AAI-3S	V-AAI-3S	4429&5656	πτύω	ἔπτυσεν	
John 9:6	χαμαὶ	ADV	ADV	5476	χαμαί	χαμαί	
John 9:6	καὶ	CONJ	CONJ	2532	καί	καί	
John 9:6	ἐποίησεν	V-AAI-3S	V-AAI-3S	4160&5656	ποιέω	ἐποίησεν	
John 9:6	πηλὸν	N-ASM	N-ASM	4081	πηλός	πηλόν	
John 9:6	ἐκ	PREP	PREP	1537	ἐκ	ἐκ	
John 9:6	τοῦ	T-GSN	T-GSN	3588	ὁ	τοῦ	
John 9:6	πτύσματος,	N-GSN	N-GSN	4427	πτύσμα	πτύσματος	
John 9:6	καὶ	CONJ	CONJ	2532	καί	καί	
John 9:6	ἐπέθηκεν	V-AAI-3S	V-AAI-3S	2007&5656	ἐπιτίθημι	ἐπέθηκεν	
John 9:6	αὐτοῦ	P-GSM	P-GSM	846	αὐτός	αὐτοῦ	
John 9:6	τὸν	T-ASM	T-ASM	3588	ὁ	τόν	
John 9:6	πηλὸν	N-ASM	N-ASM	4081	πηλός	πηλόν	
John 9:6	ἐπὶ	PREP	PREP	1909	ἐπί	ἐπί	
John 9:6	τοὺς	T-APM	T-APM	3588	ὁ	τούς	
John 9:6	ὀφθαλμούς,	N-APM	N-APM	3788	ὀφθαλμός	ὀφθαλμούς	
John 9:7	καὶ	CONJ	CONJ	2532	καί	καί	
John 9:7	εἶπεν	V-2AAI-3S	V-2AAI-3S	3004&5627	λέγω	εἶπεν	
John 9:7	αὐτῷ	P-DSM	P-DSM	846	αὐτός	αὐτῷ	
John 9:7	Ὕπαγε	V-PAM-2S	V-PAM-2S	5217&5720	ὑπάγω	Ὕπαγε	
John 9:7	νίψαι	V-AMM-2S	V-AMM-2S	3538&5669	νίπτω	νίψαι	
John 9:7	εἰς	PREP	PREP	1519	εἰς	εἰς	
John 9:7	τὴν	T-ASF	T-ASF	3588	ὁ	τήν	
John 9:7	κολυμβήθραν	N-ASF	N-ASF	2861	κολυμβήθρα	κολυμβήθραν	
John 9:7	τοῦ	T-GSM	T-GSM	3588	ὁ	τοῦ	
John 9:7	Σιλωάμ	N-PRI	N-PRI	4611	Σιλωάμ	Σιλωάμ	
John 9:7	(ὃ	R-NSN	R-NSN	3739	ὅς	ὅ	
John 9:7	ἑρμηνεύεται	V-PPI-3S	V-PEI-3S	2059&5743	ἑρμηνεύω	ἑρμηνεύεται	
John 9:7	Ἀπεσταλμένος).	V-RPP-NSM	V-RPP-NSM	649&5772	ἀποστέλλω	Ἀπεσταλμένος	
John 9:7	ἀπῆλθεν	V-2AAI-3S	V-2AAI-3S	565&5627	ἀπέρχομαι	ἀπῆλθεν	
John 9:7	οὖν	CONJ	CONJ	3767	οὖν	οὖν	
John 9:7	καὶ	CONJ	CONJ	2532	καί	καί	
John 9:7	ἐνίψατο,	V-AMI-3S	V-AMI-3S	3538&5668	νίπτω	ἐνίψατο	
John 9:7	καὶ	CONJ	CONJ	2532	καί	καί	
John 9:7	ἦλθεν	V-2AAI-3S	V-2AAI-3S	2064&5627	ἔρχομαι	ἦλθεν	
John 9:7	βλέπων.	V-PAP-NSM	V-PAP-NSM	991&5723	βλέπω	βλέπων	
John 9:8	Οἱ	T-NPM	T-NPM	3588	ὁ	Οἱ	
John 9:8	οὖν	CONJ	CONJ	3767	οὖν	οὖν	
John 9:8	γείτονες	N-NPM	N-NPM	1069	γείτων	γείτονες	
John 9:8	καὶ	CONJ	CONJ	2532	καί	καί	
John 9:8	οἱ	T-NPM	T-NPM	3588	ὁ	οἱ	
John 9:8	θεωροῦντες	V-PAP-NPM	V-PAP-NPM	2334&5723	θεωρέω	θεωροῦντες	
John 9:8	αὐτὸν	P-ASM	P-ASM	846	αὐτός	αὐτόν	
John 9:8	τὸ	T-ASN	T-ASN	3588	ὁ	τό	
John 9:8	πρότερον,	A-ASN-C	A-ASN-C	4386	πρότερος	πρότερον	
John 9:8	ὅτι	CONJ	CONJ	3754	ὅτι	ὅτι	
John 9:8	προσαίτης	N-NSM	N-NSM	04319	προσαίτης	προσαίτης	
John 9:8	ἦν,	V-IAI-3S	V-IAI-3S	1510&5707	εἰμί	ἦν	
John 9:8	ἔλεγον	V-IAI-3P	V-IAI-3P	3004&5707	λέγω	ἔλεγον	
John 9:8	Οὐχ	PRT-N	PRT-N	3756	οὐ	Οὐχ	
John 9:8	οὗτός	D-NSM	D-NSM	3778	οὗτος	οὗτος	
John 9:8	ἐστιν	V-PAI-3S	V-PAI-3S	1510&5719	εἰμί	ἐστιν	
John 9:8	ὁ	T-NSM	T-NSM	3588	ὁ	ὁ	
John 9:8	καθήμενος	V-PNP-NSM	V-PNP-NSM	2521&5740	κάθημαι	καθήμενος	
John 9:8	καὶ	CONJ	CONJ	2532	καί	καί	
John 9:8	προσαιτῶν;	V-PAP-NSM	V-PAP-NSM	4319&5723	προσαιτέω	προσαιτῶν	
John 9:9	ἄλλοι	A-NPM	A-NPM	243	ἄλλος	ἄλλοι	
John 9:9	ἔλεγον	V-IAI-3P	V-IAI-3P	3004&5707	λέγω	ἔλεγον	
John 9:9	ὅτι	CONJ	CONJ	3754	ὅτι	ὅτι	
John 9:9	Οὗτός	D-NSM	D-NSM	3778	οὗτος	Οὗτος	
John 9:9	ἐστιν·	V-PAI-3S	V-PAI-3S	1510&5719	εἰμί	ἐστιν	
John 9:9	ἄλλοι	A-NPM	A-NPM	243	ἄλλος	ἄλλοι	
John 9:9	ἔλεγον	V-IAI-3P	V-IAI-3P	3004&5707	λέγω	ἔλεγον	
John 9:9	Οὐχί,	PRT-N	PRT-N	3780	οὐχί	Οὐχί	
John 9:9	ἀλλὰ	CONJ	CONJ	235	ἀλλά	ἀλλά	
John 9:9	ὅμοιος	A-NSM	A-NSM	3664	ὅμοιος	ὅμοιος	
John 9:9	αὐτῷ	P-DSM	P-DSM	846	αὐτός	αὐτῷ	
John 9:9	ἐστιν.	V-PAI-3S	V-PAI-3S	1510	εἰμί	ἐστιν	
John 9:9	ἐκεῖνος	D-NSM	D-NSM	1565	ἐκεῖνος	ἐκεῖνος	
John 9:9	ἔλεγεν	V-IAI-3S	V-IAI-3S	3004&5707	λέγω	ἔλεγεν	
John 9:9	ὅτι	CONJ	CONJ	3754	ὅτι	ὅτι	
John 9:9	Ἐγώ	P-1NS	P-1NS	1473	ἐγώ	Ἐγώ	
John 9:9	εἰμι.	V-PAI-1S	V-PAI-1S	1510&5719	εἰμί	εἰμι	
John 9:10	ἔλεγον	V-IAI-3P	V-IAI-3P	3004&5707	λέγω	ἔλεγον	
John 9:10	οὖν	CONJ	CONJ	3767	οὖν	οὖν	
John 9:10	αὐτῷ	P-DSM	P-DSM	846	αὐτός	αὐτῷ	
John 9:10	Πῶς	ADV-I	ADV-I	4459	πῶς	Πῶς	
John 9:10	οὖν	CONJ	CONJ	3767	οὖν	οὖν	
John 9:10	ἠνεῴχθησάν	V-API-3P	V-API-3P	455&5681	ἀνοίγω	ἠνεῴχθησαν	
John 9:10	σου	P-2GS	P-2GS	4771	σύ	σου	
John 9:10	οἱ	T-NPM	T-NPM	3588	ὁ	οἱ	
John 9:10	ὀφθαλμοί;	N-NPM	N-NPM	3788	ὀφθαλμός	ὀφθαλμοί	
John 9:11	ἀπεκρίθη	V-ADI-3S	V-ADI-3S	611&5662	ἀποκρίνομαι	ἀπεκρίθη	
John 9:11	ἐκεῖνος	D-NSM	D-NSM	1565	ἐκεῖνος	ἐκεῖνος	
John 9:11	Ὁ	T-NSM	T-NSM	3588	ὁ	Ὁ	
John 9:11	ἄνθρωπος	N-NSM	N-NSM	444	ἄνθρωπος	ἄνθρωπος	
John 9:11	ὁ	T-NSM	T-NSM	3588	ὁ	ὁ	
John 9:11	λεγόμενος	V-PPP-NSM	V-PEP-NSM	3004&5746	λέγω	λεγόμενος	
John 9:11	Ἰησοῦς	N-NSM	N-NSM	2424	Ἰησοῦς	Ἰησοῦς	
John 9:11	πηλὸν	N-ASM	N-ASM	4081	πηλός	πηλόν	
John 9:11	ἐποίησεν	V-AAI-3S	V-AAI-3S	4160&5656	ποιέω	ἐποίησεν	
John 9:11	καὶ	CONJ	CONJ	2532	καί	καί	
John 9:11	ἐπέχρισέν	V-AAI-3S	V-AAI-3S	2025&5656	ἐπιχρίω	ἐπέχρισεν	
John 9:11	μου	P-1GS	P-1GS	1473	ἐγώ	μου	
John 9:11	τοὺς	T-APM	T-APM	3588	ὁ	τούς	
John 9:11	ὀφθαλμοὺς	N-APM	N-APM	3788	ὀφθαλμός	ὀφθαλμούς	
John 9:11	καὶ	CONJ	CONJ	2532	καί	καί	
John 9:11	εἶπέν	V-2AAI-3S	V-2AAI-3S	3004&5627	λέγω	εἶπεν	
John 9:11	μοι	P-1DS	P-1DS	1473	ἐγώ	μοι	
John 9:11	ὅτι	CONJ	CONJ	3754	ὅτι	ὅτι	
John 9:11	Ὕπαγε	V-PAM-2S	V-PAM-2S	5217&5720	ὑπάγω	Ὕπαγε	
John 9:11	εἰς	PREP	PREP	1519	εἰς	εἰς	
John 9:11	τὸν	T-ASM	T-ASM	3588	ὁ	τόν	
John 9:11	Σιλωὰμ	N-PRI	N-PRI	4611	Σιλωάμ	Σιλωάμ	
John 9:11	καὶ	CONJ	CONJ	2532	καί	καί	
John 9:11	νίψαι·	V-AMM-2S	V-AMM-2S	3538&5669	νίπτω	νίψαι	
John 9:11	ἀπελθὼν	V-2AAP-NSM	V-2AAP-NSM	565&5631	ἀπέρχομαι	ἀπελθών	
John 9:11	οὖν	CONJ	CONJ	3767	οὖν	οὖν	
John 9:11	καὶ	CONJ	CONJ	2532	καί	καί	
John 9:11	νιψάμενος	V-AMP-NSM	V-AMP-NSM	3538&5671	νίπτω	νιψάμενος	
John 9:11	ἀνέβλεψα.	V-AAI-1S	V-AAI-1S	308&5656	ἀναβλέπω	ἀνέβλεψα	
John 9:12	καὶ	CONJ	CONJ	2532	καί	καί	
John 9:12	εἶπαν	V-2AAI-3P	V-2AAI-3P	3004&5627	λέγω	εἶπαν	
John 9:12	αὐτῷ	P-DSM	P-DSM	846	αὐτός	αὐτῷ	
John 9:12	Ποῦ	ADV-I	ADV-I	4226	ποῦ	Ποῦ	
John 9:12	ἐστιν	V-PAI-3S	V-PAI-3S	1510	εἰμί	ἐστιν	
John 9:12	ἐκεῖνος;	D-NSM	D-NSM	1565	ἐκεῖνος	ἐκεῖνος	
John 9:12	λέγει	V-PAI-3S	V-PAI-3S	3004&5719	λέγω	λέγει	
John 9:12	Οὐκ	PRT-N	PRT-N	3756	οὐ	Οὐκ	
John 9:12	οἶδα.	V-RAI-1S	V-RAI-1S	1492&5758	οἶδα	οἶδα	
John 9:13	Ἄγουσιν	V-PAI-3P	V-PAI-3P	71&5719	ἄγω	Ἄγουσιν	
John 9:13	αὐτὸν	P-ASM	P-ASM	846	αὐτός	αὐτόν	
John 9:13	πρὸς	PREP	PREP	4314	πρός	πρός	
John 9:13	τοὺς	T-APM	T-APM	3588	ὁ	τούς	
John 9:13	Φαρισαίους,	N-APM	N-APM	5330	Φαρισαῖος	Φαρισαίους	
John 9:13	τόν	T-ASM	T-ASM	3588	ὁ	τόν	
John 9:13	ποτε	PRT	PRT	4218	ποτέ	ποτε	
John 9:13	τυφλόν.	A-ASM	A-ASM	5185	τυφλός	τυφλόν	
John 9:14	ἦν	V-IAI-3S	V-IAI-3S	1510&5707	εἰμί	ἦν	
John 9:14	δὲ	CONJ	CONJ	1161	δέ	δέ	
John 9:14	σάββατον	N-NSN	N-NSN	4521	σάββατον	σάββατον	
John 9:14	ἐν	PREP	PREP	1722	ἐν	ἐν	
John 9:14	ᾗ	R-DSF	R-DSF	3739	ὅς	ᾗ	
John 9:14	ἡμέρᾳ	N-DSF	N-DSF	2250	ἡμέρα	ἡμέρᾳ	
John 9:14	τὸν	T-ASM	T-ASM	3588	ὁ	τόν	
John 9:14	πηλὸν	N-ASM	N-ASM	4081	πηλός	πηλόν	
John 9:14	ἐποίησεν	V-AAI-3S	V-AAI-3S	4160&5656	ποιέω	ἐποίησεν	
John 9:14	ὁ	T-NSM	T-NSM	3588	ὁ	ὁ	
John 9:14	Ἰησοῦς	N-NSM	N-NSM	2424	Ἰησοῦς	Ἰησοῦς	
John 9:14	καὶ	CONJ	CONJ	2532	καί	καί	
John 9:14	ἀνέῳξεν	V-AAI-3S	V-AAI-3S	455&5656	ἀνοίγω	ἀνέῳξεν	
John 9:14	αὐτοῦ	P-GSM	P-GSM	846	αὐτός	αὐτοῦ	
John 9:14	τοὺς	T-APM	T-APM	3588	ὁ	τούς	
John 9:14	ὀφθαλμούς.	N-APM	N-APM	3788	ὀφθαλμός	ὀφθαλμούς	
John 9:15	πάλιν	ADV	ADV	3825	πάλιν	πάλιν	
John 9:15	οὖν	CONJ	CONJ	3767	οὖν	οὖν	
John 9:15	ἠρώτων	V-IAI-3P	V-IAI-3P	2065&5707	ἐρωτάω	ἠρώτων	
John 9:15	αὐτὸν	P-ASM	P-ASM	846	αὐτός	αὐτόν	
John 9:15	καὶ	CONJ	CONJ	2532	καί	καί	
John 9:15	οἱ	T-NPM	T-NPM	3588	ὁ	οἱ	
John 9:15	Φαρισαῖοι	N-NPM	N-NPM	5330	Φαρισαῖος	Φαρισαῖοι	
John 9:15	πῶς	ADV-I	ADV-I	4459	πῶς	πῶς	
John 9:15	ἀνέβλεψεν.	V-AAI-3S	V-AAI-3S	308&5656	ἀναβλέπω	ἀνέβλεψεν	
John 9:15	ὁ	T-NSM	T-NSM	3588	ὁ	ὁ	
John 9:15	δὲ	CONJ	CONJ	1161	δέ	δέ	
John 9:15	εἶπεν	V-2AAI-3S	V-2AAI-3S	3004&5627	λέγω	εἶπεν	
John 9:15	αὐτοῖς	P-DPM	P-DPM	846	αὐτός	αὐτοῖς	
John 9:15	Πηλὸν	N-ASM	N-ASM	4081	πηλός	Πηλόν	
John 9:15	ἐπέθηκέν	V-AAI-3S	V-AAI-3S	2007&5656	ἐπιτίθημι	ἐπέθηκεν	
John 9:15	μου	P-1GS	P-1GS	1473	ἐγώ	μου	
John 9:15	ἐπὶ	PREP	PREP	1909	ἐπί	ἐπί	
John 9:15	τοὺς	T-APM	T-APM	3588	ὁ	τούς	
John 9:15	ὀφθαλμούς,	N-APM	N-APM	3788	ὀφθαλμός	ὀφθαλμούς	
John 9:15	καὶ	CONJ	CONJ	2532	καί	καί	
John 9:15	ἐνιψάμην,	V-AMI-1S	V-AMI-1S	3538&5668	νίπτω	ἐνιψάμην	
John 9:15	καὶ	CONJ	CONJ	2532	καί	καί	
John 9:15	βλέπω.	V-PAI-1S	V-PAI-1S	991&5719	βλέπω	βλέπω	
John 9:16	ἔλεγον	V-IAI-3P	V-IAI-3P	3004&5707	λέγω	ἔλεγον	
John 9:16	οὖν	CONJ	CONJ	3767	οὖν	οὖν	
John 9:16	ἐκ	PREP	PREP	1537	ἐκ	ἐκ	
John 9:16	τῶν	T-GPM	T-GPM	3588	ὁ	τῶν	
John 9:16	Φαρισαίων	N-GPM	N-GPM	5330	Φαρισαῖος	Φαρισαίων	
John 9:16	τινές	X-NPM	X-NPM	5100	τὶς	τινές	
John 9:16	Οὐκ	PRT-N	PRT-N	3756	οὐ	Οὐκ	
John 9:16	ἔστιν	V-PAI-3S	V-PAI-3S	1510&5719	εἰμί	ἔστιν	
John 9:16	οὗτος	D-NSM	D-NSM	3778	οὗτος	οὗτος	
John 9:16	παρὰ	PREP	PREP	3844	παρά	παρά	
John 9:16	Θεοῦ	N-GSM	N-GSM	2316	θεός	Θεοῦ	
John 9:16	ὁ	T-NSM	T-NSM	3588	ὁ	ὁ	
John 9:16	ἄνθρωπος,	N-NSM	N-NSM	444	ἄνθρωπος	ἄνθρωπος	
John 9:16	ὅτι	CONJ	CONJ	3754	ὅτι	ὅτι	
John 9:16	τὸ	T-ASN	T-ASN	3588	ὁ	τό	
John 9:16	σάββατον	N-ASN	N-ASN	4521	σάββατον	σάββατον	
John 9:16	οὐ	PRT-N	PRT-N	3756	οὐ	οὐ	
John 9:16	τηρεῖ.	V-PAI-3S	V-PAI-3S	5083&5719	τηρέω	τηρεῖ	
John 9:16	ἄλλοι	A-NPM	A-NPM	243	ἄλλος	ἄλλοι	
John 9:16	ἔλεγον	V-IAI-3P	V-IAI-3P	3004&5707	λέγω	ἔλεγον	
John 9:16	Πῶς	ADV-I	ADV-I	4459	πῶς	Πῶς	
John 9:16	δύναται	V-PNI-3S	V-PNI-3S	1410&5736	δύναμαι	δύναται	
John 9:16	ἄνθρωπος	N-NSM	N-NSM	444	ἄνθρωπος	ἄνθρωπος	
John 9:16	ἁμαρτωλὸς	A-NSM	A-NSM	268	ἁμαρτωλός	ἁμαρτωλός	
John 9:16	τοιαῦτα	D-APN	D-APN	5108	τοιοῦτος	τοιαῦτα	
John 9:16	σημεῖα	N-APN	N-APN	4592	σημεῖον	σημεῖα	
John 9:16	ποιεῖν;	V-PAN	V-PAN	4160&5721	ποιέω	ποιεῖν	
John 9:16	καὶ	CONJ	CONJ	2532	καί	καί	
John 9:16	σχίσμα	N-NSN	N-NSN	4978	σχίσμα	σχίσμα	
John 9:16	ἦν	V-IAI-3S	V-IAI-3S	1510&5707	εἰμί	ἦν	
John 9:16	ἐν	PREP	PREP	1722	ἐν	ἐν	
John 9:16	αὐτοῖς.	P-DPM	P-DPM	846	αὐτός	αὐτοῖς	
John 9:17	λέγουσιν	V-PAI-3P	V-PAI-3P	3004&5719	λέγω	λέγουσιν	
John 9:17	οὖν	CONJ	CONJ	3767	οὖν	οὖν	
John 9:17	τῷ	T-DSM	T-DSM	3588	ὁ	τῷ	
John 9:17	τυφλῷ	A-DSM	A-DSM	5185	τυφλός	τυφλῷ	
John 9:17	πάλιν	ADV	ADV	3825	πάλιν	πάλιν	
John 9:17	Τί	I-ASN	I-ASN	5101	τίς	Τί	
John 9:17	σὺ	P-2NS	P-2NS	4771	σύ	σύ	
John 9:17	λέγεις	V-PAI-2S	V-PAI-2S	3004&5719	λέγω	λέγεις	
John 9:17	περὶ	PREP	PREP	4012	περί	περί	
John 9:17	αὐτοῦ,	P-GSM	P-GSM	846	αὐτός	αὐτοῦ	
John 9:17	ὅτι	CONJ	CONJ	3754	ὅτι	ὅτι	
John 9:17	ἠνέῳξέν	V-AAI-3S	V-AAI-3S	455&5656	ἀνοίγω	ἠνέῳξεν	
John 9:17	σου	P-2GS	P-2GS	4771	σύ	σου	
John 9:17	τοὺς	T-APM	T-APM	3588	ὁ	τούς	
John 9:17	ὀφθαλμούς;	N-APM	N-APM	3788	ὀφθαλμός	ὀφθαλμούς	
John 9:17	ὁ	T-NSM	T-NSM	3588	ὁ	ὁ	
John 9:17	δὲ	CONJ	CONJ	1161	δέ	δέ	
John 9:17	εἶπεν	V-2AAI-3S	V-2AAI-3S	3004&5627	λέγω	εἶπεν	
John 9:17	ὅτι	CONJ	CONJ	3754	ὅτι	ὅτι	
John 9:17	Προφήτης	N-NSM	N-NSM	4396	προφήτης	Προφήτης	
John 9:17	ἐστίν.	V-PAI-3S	V-PAI-3S	1510&5719	εἰμί	ἐστίν	
John 9:18	οὐκ	PRT-N	PRT-N	3756	οὐ	οὐκ	
John 9:18	ἐπίστευσαν	V-AAI-3P	V-AAI-3P	4100&5656	πιστεύω	ἐπίστευσαν	
John 9:18	οὖν	CONJ	CONJ	3767	οὖν	οὖν	
John 9:18	οἱ	T-NPM	T-NPM	3588	ὁ	οἱ	
John 9:18	Ἰουδαῖοι	A-NPM	A-NPM	2453	Ἰουδαῖος	Ἰουδαῖοι	
John 9:18	περὶ	PREP	PREP	4012	περί	περί	
John 9:18	αὐτοῦ	P-GSM	P-GSM	846	αὐτός	αὐτοῦ	
John 9:18	ὅτι	CONJ	CONJ	3754	ὅτι	ὅτι	
John 9:18	ἦν	V-IAI-3S	V-IAI-3S	1510&5707	εἰμί	ἦν	
John 9:18	τυφλὸς	A-NSM	A-NSM	5185	τυφλός	τυφλός	
John 9:18	καὶ	CONJ	CONJ	2532	καί	καί	
John 9:18	ἀνέβλεψεν,	V-AAI-3S	V-AAI-3S	308&5656	ἀναβλέπω	ἀνέβλεψεν	
John 9:18	ἕως	ADV	ADV	2193	ἕως	ἕως	
John 9:18	ὅτου	R-GSN-ATT	R-GSN-ATT	3755	ὅστις	ὅτου	
John 9:18	ἐφώνησαν	V-AAI-3P	V-AAI-3P	5455&5656	φωνέω	ἐφώνησαν	
John 9:18	τοὺς	T-APM	T-APM	3588	ὁ	τούς	
John 9:18	γονεῖς	N-APM	N-APM	1118	γονεύς	γονεῖς	
John 9:18	αὐτοῦ	P-GSM	P-GSM	846	αὐτός	αὐτοῦ	
John 9:18	τοῦ	T-GSM	T-GSM	3588	ὁ	τοῦ	
John 9:18	ἀναβλέψαντος	V-AAP-GSM	V-AAP-GSM	308&5660	ἀναβλέπω	ἀναβλέψαντος	
John 9:19	καὶ	CONJ	CONJ	2532	καί	καί	
John 9:19	ἠρώτησαν	V-AAI-3P	V-AAI-3P	2065&5656	ἐρωτάω	ἠρώτησαν	
John 9:19	αὐτοὺς	P-APM	P-APM	846	αὐτός	αὐτούς	
John 9:19	λέγοντες	V-PAP-NPM	V-PAP-NPM	3004&5723	λέγω	λέγοντες	
John 9:19	Οὗτός	D-NSM	D-NSM	3778	οὗτος	Οὗτος	
John 9:19	ἐστιν	V-PAI-3S	V-PAI-3S	1510&5719	εἰμί	ἐστιν	
John 9:19	ὁ	T-NSM	T-NSM	3588	ὁ	ὁ	
John 9:19	υἱὸς	N-NSM	N-NSM	5207	υἱός	υἱός	
John 9:19	ὑμῶν,	P-2GP	P-2GP	4771	σύ	ὑμῶν	
John 9:19	ὃν	R-ASM	R-ASM	3739	ὅς	ὅν	
John 9:19	ὑμεῖς	P-2NP	P-2NP	4771	σύ	ὑμεῖς	
John 9:19	λέγετε	V-PAI-2P	V-PAI-2P	3004&5719	λέγω	λέγετε	
John 9:19	ὅτι	CONJ	CONJ	3754	ὅτι	ὅτι	
John 9:19	τυφλὸς	A-NSM	A-NSM	5185	τυφλός	τυφλός	
John 9:19	ἐγεννήθη;	V-API-3S	V-API-3S	1080&5681	γεννάω	ἐγεννήθη	
John 9:19	πῶς	ADV-I	ADV-I	4459	πῶς	πῶς	
John 9:19	οὖν	CONJ	CONJ	3767	οὖν	οὖν	
John 9:19	βλέπει	V-PAI-3S	V-PAI-3S	991&5719	βλέπω	βλέπει	
John 9:19	ἄρτι;	ADV	ADV	737	ἄρτι	ἄρτι	
John 9:20	ἀπεκρίθησαν	V-ADI-3P	V-ADI-3P	611&5662	ἀποκρίνομαι	ἀπεκρίθησαν	
John 9:20	οὖν	CONJ	CONJ	3767	οὖν	οὖν	
John 9:20	οἱ	T-NPM	T-NPM	3588	ὁ	οἱ	
John 9:20	γονεῖς	N-NPM	N-NPM	1118	γονεύς	γονεῖς	
John 9:20	αὐτοῦ	P-GSM	P-GSM	846	αὐτός	αὐτοῦ	
John 9:20	καὶ	CONJ	CONJ	2532	καί	καί	
John 9:20	εἶπαν	V-2AAI-3P	V-2AAI-3P	3004&5627	λέγω	εἶπαν	
John 9:20	Οἴδαμεν	V-RAI-1P	V-RAI-1P	1492&5758	οἶδα	Οἴδαμεν	
John 9:20	ὅτι	CONJ	CONJ	3754	ὅτι	ὅτι	
John 9:20	οὗτός	D-NSM	D-NSM	3778	οὗτος	οὗτος	
John 9:20	ἐστιν	V-PAI-3S	V-PAI-3S	1510&5719	εἰμί	ἐστιν	
John 9:20	ὁ	T-NSM	T-NSM	3588	ὁ	ὁ	
John 9:20	υἱὸς	N-NSM	N-NSM	5207	υἱός	υἱός	
John 9:20	ἡμῶν	P-1GP	P-1GP	1473	ἐγώ	ἡμῶν	
John 9:20	καὶ	CONJ	CONJ	2532	καί	καί	
John 9:20	ὅτι	CONJ	CONJ	3754	ὅτι	ὅτι	
John 9:20	τυφλὸς	A-NSM	A-NSM	5185	τυφλός	τυφλός	
John 9:20	ἐγεννήθη·	V-API-3S	V-API-3S	1080&5681	γεννάω	ἐγεννήθη	
John 9:21	πῶς	ADV-I	ADV-I	4459	πῶς	πῶς	
John 9:21	δὲ	CONJ	CONJ	1161	δέ	δέ	
John 9:21	νῦν	ADV	ADV	3568	νῦν	νῦν	
John 9:21	βλέπει	V-PAI-3S	V-PAI-3S	991&5719	βλέπω	βλέπει	
John 9:21	οὐκ	PRT-N	PRT-N	3756	οὐ	οὐκ	
John 9:21	οἴδαμεν,	V-RAI-1P	V-RAI-1P	1492&5758	οἶδα	οἴδαμεν	
John 9:21	ἢ	PRT	PRT	2228	ἤ	ἤ	
John 9:21	τίς	I-NSM	I-NSM	5101	τίς	τίς	
John 9:21	ἤνοιξεν	V-AAI-3S	V-AAI-3S	455&5656	ἀνοίγω	ἤνοιξεν	
John 9:21	αὐτοῦ	P-GSM	P-GSM	846	αὐτός	αὐτοῦ	
John 9:21	τοὺς	T-APM	T-APM	3588	ὁ	τούς	
John 9:21	ὀφθαλμοὺς	N-APM	N-APM	3788	ὀφθαλμός	ὀφθαλμούς	
John 9:21	ἡμεῖς	P-1NP	P-1NP	1473	ἐγώ	ἡμεῖς	
John 9:21	οὐκ	PRT-N	PRT-N	3756	οὐ	οὐκ	
John 9:21	οἴδαμεν·	V-RAI-1P	V-RAI-1P	1492&5758	οἶδα	οἴδαμεν	
John 9:21	αὐτὸν	P-ASM	P-ASM	846	αὐτός	αὐτόν	
John 9:21	ἐρωτήσατε,	V-AAM-2P	V-AAM-2P	2065&5657	ἐρωτάω	ἐρωτήσατε	
John 9:21	ἡλικίαν	N-ASF	N-ASF	2244	ἡλικία	ἡλικίαν	
John 9:21	ἔχει,	V-PAI-3S	V-PAI-3S	2192&5719	ἔχω	ἔχει	
John 9:21	αὐτὸς	P-NSM	P-NSM	846	αὐτός	αὐτός	
John 9:21	περὶ	PREP	PREP	4012	περί	περί	
John 9:21	ἑαυτοῦ	F-3GSM	F-3GSM	1438	ἑαυτοῦ	ἑαυτοῦ	
John 9:21	λαλήσει.	V-FAI-3S	V-FAI-3S	2980&5692	λαλέω	λαλήσει	
John 9:22	ταῦτα	D-APN	D-APN	3778	οὗτος	ταῦτα	
John 9:22	εἶπαν	V-2AAI-3P	V-2AAI-3P	3004&5627	λέγω	εἶπαν	
John 9:22	οἱ	T-NPM	T-NPM	3588	ὁ	οἱ	
John 9:22	γονεῖς	N-NPM	N-NPM	1118	γονεύς	γονεῖς	
John 9:22	αὐτοῦ	P-GSM	P-GSM	846	αὐτός	αὐτοῦ	
John 9:22	ὅτι	CONJ	CONJ	3754	ὅτι	ὅτι	
John 9:22	ἐφοβοῦντο	V-INI-3P	V-INI-3P	5399&5711	φοβέω	ἐφοβοῦντο	
John 9:22	τοὺς	T-APM	T-APM	3588	ὁ	τούς	
John 9:22	Ἰουδαίους·	A-APM	A-APM	2453	Ἰουδαῖος	Ἰουδαίους	
John 9:22	ἤδη	ADV	ADV	2235	ἤδη	ἤδη	
John 9:22	γὰρ	CONJ	CONJ	1063	γάρ	γάρ	
John 9:22	συνετέθειντο	V-LMI-3P	V-LMI-3P	4934&5717	συντίθημι	συνετέθειντο	
John 9:22	οἱ	T-NPM	T-NPM	3588	ὁ	οἱ	
John 9:22	Ἰουδαῖοι	A-NPM	A-NPM	2453	Ἰουδαῖος	Ἰουδαῖοι	
John 9:22	ἵνα	CONJ	CONJ	2443	ἵνα	ἵνα	
John 9:22	ἐάν	COND	COND	1437	ἐάν	ἐάν	
John 9:22	τις	X-NSM	X-NSM	5100	τὶς	τις	
John 9:22	αὐτὸν	P-ASM	P-ASM	846	αὐτός	αὐτόν	
John 9:22	ὁμολογήσῃ	V-AAS-3S	V-AAS-3S	3670&5661	ὁμολογέω	ὁμολογήσῃ	
John 9:22	Χριστόν,	N-ASM	N-ASM	5547	Χριστός	Χριστόν	
John 9:22	ἀποσυνάγωγος	A-NSM	A-NSM	656	ἀποσυνάγωγος	ἀποσυνάγωγος	
John 9:22	γένηται.	V-2ADS-3S	V-2ADS-3S	1096&5638	γίνομαι	γένηται	
John 9:23	διὰ	PREP	PREP	1223	διά	διά	
John 9:23	τοῦτο	D-ASN	D-ASN	3778	οὗτος	τοῦτο	
John 9:23	οἱ	T-NPM	T-NPM	3588	ὁ	οἱ	
John 9:23	γονεῖς	N-NPM	N-NPM	1118	γονεύς	γονεῖς	
John 9:23	αὐτοῦ	P-GSM	P-GSM	846	αὐτός	αὐτοῦ	
John 9:23	εἶπαν	V-2AAI-3P	V-2AAI-3P	3004&5627	λέγω	εἶπαν	
John 9:23	ὅτι	CONJ	CONJ	3754	ὅτι	ὅτι	
John 9:23	Ἡλικίαν	N-ASF	N-ASF	2244	ἡλικία	Ἡλικίαν	
John 9:23	ἔχει,	V-PAI-3S	V-PAI-3S	2192&5719	ἔχω	ἔχει	
John 9:23	αὐτὸν	P-ASM	P-ASM	846	αὐτός	αὐτόν	
John 9:23	ἐπερωτήσατε.	V-AAM-2P	V-AAM-2P	1905&5657	ἐπερωτάω	ἐπερωτήσατε	
John 9:24	Ἐφώνησαν	V-AAI-3P	V-AAI-3P	5455&5656	φωνέω	Ἐφώνησαν	
John 9:24	οὖν	CONJ	CONJ	3767	οὖν	οὖν	
John 9:24	τὸν	T-ASM	T-ASM	3588	ὁ	τόν	
John 9:24	ἄνθρωπον	N-ASM	N-ASM	444	ἄνθρωπος	ἄνθρωπον	
John 9:24	ἐκ	PREP	PREP	1537	ἐκ	ἐκ	
John 9:24	δευτέρου	A-GSN	A-GSN	1208	δεύτερος	δευτέρου	
John 9:24	ὃς	R-NSM	R-NSM	3739	ὅς	ὅς	
John 9:24	ἦν	V-IAI-3S	V-IAI-3S	1510&5707	εἰμί	ἦν	
John 9:24	τυφλὸς,	A-NSM	A-NSM	5185	τυφλός	τυφλός	
John 9:24	καὶ	CONJ	CONJ	2532	καί	καί	
John 9:24	εἶπαν	V-2AAI-3P	V-2AAI-3P	3004&5627	λέγω	εἶπαν	
John 9:24	αὐτῷ	P-DSM	P-DSM	846	αὐτός	αὐτῷ	
John 9:24	Δὸς	V-2AAM-2S	V-2AAM-2S	1325&5628	δίδωμι	Δός	
John 9:24	δόξαν	N-ASF	N-ASF	1391	δόξα	δόξαν	
John 9:24	τῷ	T-DSM	T-DSM	3588	ὁ	τῷ	
John 9:24	Θεῷ·	N-DSM	N-DSM	2316	θεός	Θεῷ	
John 9:24	ἡμεῖς	P-1NP	P-1NP	1473	ἐγώ	ἡμεῖς	
John 9:24	οἴδαμεν	V-RAI-1P	V-RAI-1P	1492&5758	οἶδα	οἴδαμεν	
John 9:24	ὅτι	CONJ	CONJ	3754	ὅτι	ὅτι	
John 9:24	οὗτος	D-NSM	D-NSM	3778	οὗτος	οὗτος	
John 9:24	ὁ	T-NSM	T-NSM	3588	ὁ	ὁ	
John 9:24	ἄνθρωπος	N-NSM	N-NSM	444	ἄνθρωπος	ἄνθρωπος	
John 9:24	ἁμαρτωλός	A-NSM	A-NSM	268	ἁμαρτωλός	ἁμαρτωλός	
John 9:24	ἐστιν.	V-PAI-3S	V-PAI-3S	1510&5719	εἰμί	ἐστιν	
John 9:25	ἀπεκρίθη	V-ADI-3S	V-ADI-3S	611&5662	ἀποκρίνομαι	ἀπεκρίθη	
John 9:25	οὖν	CONJ	CONJ	3767	οὖν	οὖν	
John 9:25	ἐκεῖνος	D-NSM	D-NSM	1565	ἐκεῖνος	ἐκεῖνος	
John 9:25	Εἰ	COND	COND	1487	εἰ	Εἰ	
John 9:25	ἁμαρτωλός	A-NSM	A-NSM	268	ἁμαρτωλός	ἁμαρτωλός	
John 9:25	ἐστιν	V-PAI-3S	V-PAI-3S	1510&5719	εἰμί	ἐστιν	
John 9:25	οὐκ	PRT-N	PRT-N	3756	οὐ	οὐκ	
John 9:25	οἶδα·	V-RAI-1S	V-RAI-1S	1492&5758	οἶδα	οἶδα	
John 9:25	ἓν	A-ASN	A-ASN	1520	εἷς	ἕν	
John 9:25	οἶδα,	V-RAI-1S	V-RAI-1S	1492&5758	οἶδα	οἶδα	
John 9:25	ὅτι	CONJ	CONJ	3754	ὅτι	ὅτι	
John 9:25	τυφλὸς	A-NSM	A-NSM	5185	τυφλός	τυφλός	
John 9:25	ὢν	V-PAP-NSM	V-PAP-NSM	1510&5723	εἰμί	ὤν	
John 9:25	ἄρτι	ADV	ADV	737	ἄρτι	ἄρτι	
John 9:25	βλέπω.	V-PAI-1S	V-PAI-1S	991&5719	βλέπω	βλέπω	
John 9:26	εἶπαν	V-2AAI-3P	V-2AAI-3P	3004&5627	λέγω	εἶπαν	
John 9:26	οὖν	CONJ	CONJ	3767	οὖν	οὖν	
John 9:26	αὐτῷ	P-DSM	P-DSM	846	αὐτός	αὐτῷ	
John 9:26	Τί	I-ASN	I-ASN	5101	τίς	Τί	
John 9:26	ἐποίησέν	V-AAI-3S	V-AAI-3S	4160&5656	ποιέω	ἐποίησεν	
John 9:26	σοι;	P-2DS	P-2DS	4771	σύ	σοι	
John 9:26	πῶς	ADV-I	ADV-I	4459	πῶς	πῶς	
John 9:26	ἤνοιξέν	V-AAI-3S	V-AAI-3S	455&5656	ἀνοίγω	ἤνοιξεν	
John 9:26	σου	P-2GS	P-2GS	4771	σύ	σου	
John 9:26	τοὺς	T-APM	T-APM	3588	ὁ	τούς	
John 9:26	ὀφθαλμούς;	N-APM	N-APM	3788	ὀφθαλμός	ὀφθαλμούς	
John 9:27	ἀπεκρίθη	V-ADI-3S	V-ADI-3S	611&5662	ἀποκρίνομαι	ἀπεκρίθη	
John 9:27	αὐτοῖς	P-DPM	P-DPM	846	αὐτός	αὐτοῖς	
John 9:27	Εἶπον	V-2AAI-1S	V-2AAI-1S	3004&5627	λέγω	Εἶπον	
John 9:27	ὑμῖν	P-2DP	P-2DP	4771	σύ	ὑμῖν	
John 9:27	ἤδη	ADV	ADV	2235	ἤδη	ἤδη	
John 9:27	καὶ	CONJ	CONJ	2532	καί	καί	
John 9:27	οὐκ	PRT-N	PRT-N	3756	οὐ	οὐκ	
John 9:27	ἠκούσατε·	V-AAI-2P	V-AAI-2P	191&5656	ἀκούω	ἠκούσατε	
John 9:27	τί	I-ASN	I-ASN	5101	τίς	τί	
John 9:27	πάλιν	ADV	ADV	3825	πάλιν	πάλιν	
John 9:27	θέλετε	V-PAI-2P	V-PAI-2P	2309&5719	θέλω	θέλετε	
John 9:27	ἀκούειν;	V-PAN	V-PAN	191&5721	ἀκούω	ἀκούειν	
John 9:27	μὴ	PRT-N	PRT-N	3361	μή	μή	
John 9:27	καὶ	CONJ	CONJ	2532	καί	καί	
John 9:27	ὑμεῖς	P-2NP	P-2NP	4771	σύ	ὑμεῖς	
John 9:27	θέλετε	V-PAI-2P	V-PAI-2P	2309&5719	θέλω	θέλετε	
John 9:27	αὐτοῦ	P-GSM	P-GSM	846	αὐτός	αὐτοῦ	
John 9:27	μαθηταὶ	N-NPM	N-NPM	3101	μαθητής	μαθηταί	
John 9:27	γενέσθαι;	V-2ADN	V-2ADN	1096&5635	γίνομαι	γενέσθαι	
John 9:28	καὶ	CONJ	CONJ	2532	καί	καί	
John 9:28	ἐλοιδόρησαν	V-AAI-3P	V-AAI-3P	3058&5656	λοιδορέω	ἐλοιδόρησαν	
John 9:28	αὐτὸν	P-ASM	P-ASM	846	αὐτός	αὐτόν	
John 9:28	καὶ	CONJ	CONJ	2532	καί	καί	
John 9:28	εἶπαν	V-2AAI-3P	V-2AAI-3P	3004&5627	λέγω	εἶπαν	
John 9:28	Σὺ	P-2NS	P-2NS	4771	σύ	Σύ	
John 9:28	μαθητὴς	N-NSM	N-NSM	3101	μαθητής	μαθητής	
John 9:28	εἶ	V-PAI-2S	V-PAI-2S	1510&5719	εἰμί	εἶ	
John 9:28	ἐκείνου,	D-GSM	D-GSM	1565	ἐκεῖνος	ἐκείνου	
John 9:28	ἡμεῖς	P-1NP	P-1NP	1473	ἐγώ	ἡμεῖς	
John 9:28	δὲ	CONJ	CONJ	1161	δέ	δέ	
John 9:28	τοῦ	T-GSM	T-GSM	3588	ὁ	τοῦ	
John 9:28	Μωϋσέως	N-GSM	N-GSM	3475	Μωϋσῆς	Μωϋσέως	
John 9:28	ἐσμὲν	V-PAI-1P	V-PAI-1P	1510&5719	εἰμί	ἐσμέν	
John 9:28	μαθηταί·	N-NPM	N-NPM	3101	μαθητής	μαθηταί	
John 9:29	ἡμεῖς	P-1NP	P-1NP	1473	ἐγώ	ἡμεῖς	
John 9:29	οἴδαμεν	V-RAI-1P	V-RAI-1P	1492&5758	οἶδα	οἴδαμεν	
John 9:29	ὅτι	CONJ	CONJ	3754	ὅτι	ὅτι	
John 9:29	Μωϋσεῖ	N-DSM	N-DSM	3475	Μωϋσῆς	Μωϋσεῖ	
John 9:29	λελάληκεν	V-RAI-3S	V-RAI-3S	2980&5758	λαλέω	λελάληκεν	
John 9:29	ὁ	T-NSM	T-NSM	3588	ὁ	ὁ	
John 9:29	Θεός,	N-NSM	N-NSM	2316	θεός	Θεός	
John 9:29	τοῦτον	D-ASM	D-ASM	3778	οὗτος	τοῦτον	
John 9:29	δὲ	CONJ	CONJ	1161	δέ	δέ	
John 9:29	οὐκ	PRT-N	PRT-N	3756	οὐ	οὐκ	
John 9:29	οἴδαμεν	V-RAI-1P	V-RAI-1P	1492&5758	οἶδα	οἴδαμεν	
John 9:29	πόθεν	ADV-I	ADV-I	4159	πόθεν	πόθεν	
John 9:29	ἐστίν.	V-PAI-3S	V-PAI-3S	1510&5719	εἰμί	ἐστίν	
John 9:30	ἀπεκρίθη	V-ADI-3S	V-ADI-3S	611&5662	ἀποκρίνομαι	ἀπεκρίθη	
John 9:30	ὁ	T-NSM	T-NSM	3588	ὁ	ὁ	
John 9:30	ἄνθρωπος	N-NSM	N-NSM	444	ἄνθρωπος	ἄνθρωπος	
John 9:30	καὶ	CONJ	CONJ	2532	καί	καί	
John 9:30	εἶπεν	V-2AAI-3S	V-2AAI-3S	3004&5627	λέγω	εἶπεν	
John 9:30	αὐτοῖς	P-DPM	P-DPM	846	αὐτός	αὐτοῖς	
John 9:30	Ἐν	PREP	PREP	1722	ἐν	Ἐν	
John 9:30	τούτῳ	D-DSN	D-DSN	3778	οὗτος	τούτῳ	
John 9:30	γὰρ	CONJ	CONJ	1063	γάρ	γάρ	
John 9:30	τὸ	T-NSN	T-NSN	3588	ὁ	τό	
John 9:30	θαυμαστόν	A-NSN	A-NSN	2298	θαυμαστός	θαυμαστόν	
John 9:30	ἐστιν,	V-PAI-3S	V-PAI-3S	1510&5719	εἰμί	ἐστιν	
John 9:30	ὅτι	CONJ	CONJ	3754	ὅτι	ὅτι	
John 9:30	ὑμεῖς	P-2NP	P-2NP	4771	σύ	ὑμεῖς	
John 9:30	οὐκ	PRT-N	PRT-N	3756	οὐ	οὐκ	
John 9:30	οἴδατε	V-RAI-2P	V-RAI-2P	1492&5758	οἶδα	οἴδατε	
John 9:30	πόθεν	ADV-I	ADV-I	4159	πόθεν	πόθεν	
John 9:30	ἐστίν,	V-PAI-3S	V-PAI-3S	1510&5719	εἰμί	ἐστίν	
John 9:30	καὶ	CONJ	CONJ	2532	καί	καί	
John 9:30	ἤνοιξέν	V-AAI-3S	V-AAI-3S	455&5656	ἀνοίγω	ἤνοιξεν	
John 9:30	μου	P-1GS	P-1GS	1473	ἐγώ	μου	
John 9:30	τοὺς	T-APM	T-APM	3588	ὁ	τούς	
John 9:30	ὀφθαλμούς.	N-APM	N-APM	3788	ὀφθαλμός	ὀφθαλμούς	
John 9:31	οἴδαμεν	V-RAI-1P	V-RAI-1P	1492&5758	οἶδα	οἴδαμεν	
John 9:31	ὅτι	CONJ	CONJ	3754	ὅτι	ὅτι	
John 9:31	ὁ	T-NSM	T-NSM	3588	ὁ	ὁ	
John 9:31	Θεὸς	N-NSM	N-NSM	2316	θεός	Θεός	
John 9:31	ἁμαρτωλῶν	A-GPM	A-GPM	268	ἁμαρτωλός	ἁμαρτωλῶν	
John 9:31	οὐκ	PRT-N	PRT-N	3756	οὐ	οὐκ	
John 9:31	ἀκούει,	V-PAI-3S	V-PAI-3S	191&5719	ἀκούω	ἀκούει	
John 9:31	ἀλλ’	CONJ	CONJ	235	ἀλλά	ἀλλ’	
John 9:31	ἐάν	COND	COND	1437	ἐάν	ἐάν	
John 9:31	τις	X-NSM	X-NSM	5100	τὶς	τις	
John 9:31	θεοσεβὴς	A-NSM	A-NSM	2318	θεοσεβής	θεοσεβής	
John 9:31	ᾖ	V-PAS-3S	V-PAS-3S	1510&5725	εἰμί	ᾖ	
John 9:31	καὶ	CONJ	CONJ	2532	καί	καί	
John 9:31	τὸ	T-ASN	T-ASN	3588	ὁ	τό	
John 9:31	θέλημα	N-ASN	N-ASN	2307	θέλημα	θέλημα	
John 9:31	αὐτοῦ	P-GSM	P-GSM	846	αὐτός	αὐτοῦ	
John 9:31	ποιῇ,	V-PAS-3S	V-PAS-3S	4160&5725	ποιέω	ποιῇ	
John 9:31	τούτου	D-GSM	D-GSM	3778	οὗτος	τούτου	
John 9:31	ἀκούει.	V-PAI-3S	V-PAI-3S	191&5719	ἀκούω	ἀκούει	
John 9:32	ἐκ	PREP	PREP	1537	ἐκ	ἐκ	
John 9:32	τοῦ	T-GSM	T-GSM	3588	ὁ	τοῦ	
John 9:32	αἰῶνος	N-GSM	N-GSM	165	αἰών	αἰῶνος	
John 9:32	οὐκ	PRT-N	PRT-N	3756	οὐ	οὐκ	
John 9:32	ἠκούσθη	V-API-3S	V-API-3S	191&5681	ἀκούω	ἠκούσθη	
John 9:32	ὅτι	CONJ	CONJ	3754	ὅτι	ὅτι	
John 9:32	ἠνέῳξέν	V-AAI-3S	V-AAI-3S	455&5656	ἀνοίγω	ἠνέῳξεν	
John 9:32	τις	X-NSM	X-NSM	5100	τὶς	τις	
John 9:32	ὀφθαλμοὺς	N-APM	N-APM	3788	ὀφθαλμός	ὀφθαλμούς	
John 9:32	τυφλοῦ	A-GSM	A-GSM	5185	τυφλός	τυφλοῦ	
John 9:32	γεγεννημένου·	V-RPP-GSM	V-RPP-GSM	1080&5772	γεννάω	γεγεννημένου	
John 9:33	εἰ	COND	COND	1487	εἰ	εἰ	
John 9:33	μὴ	PRT-N	PRT-N	3361	μή	μή	
John 9:33	ἦν	V-IAI-3S	V-IAI-3S	1510&5707	εἰμί	ἦν	
John 9:33	οὗτος	D-NSM	D-NSM	3778	οὗτος	οὗτος	
John 9:33	παρὰ	PREP	PREP	3844	παρά	παρά	
John 9:33	Θεοῦ,	N-GSM	N-GSM	2316	θεός	Θεοῦ	
John 9:33	οὐκ	PRT-N	PRT-N	3756	οὐ	οὐκ	
John 9:33	ἠδύνατο	V-INI-3S-ATT	V-INI-3S-ATT	1410&5711	δύναμαι	ἠδύνατο	
John 9:33	ποιεῖν	V-PAN	V-PAN	4160&5721	ποιέω	ποιεῖν	
John 9:33	οὐδέν.	A-ASN-N	A-ASN-N	3762	οὐδείς	οὐδέν	
John 9:34	ἀπεκρίθησαν	V-ADI-3P	V-ADI-3P	611&5662	ἀποκρίνομαι	ἀπεκρίθησαν	
John 9:34	καὶ	CONJ	CONJ	2532	καί	καί	
John 9:34	εἶπαν	V-2AAI-3P	V-2AAI-3P	3004&5627	λέγω	εἶπαν	
John 9:34	αὐτῷ	P-DSM	P-DSM	846	αὐτός	αὐτῷ	
John 9:34	Ἐν	PREP	PREP	1722	ἐν	Ἐν	
John 9:34	ἁμαρτίαις	N-DPF	N-DPF	266	ἁμαρτία	ἁμαρτίαις	
John 9:34	σὺ	P-2NS	P-2NS	4771	σύ	σύ	
John 9:34	ἐγεννήθης	V-API-2S	V-API-2S	1080&5681	γεννάω	ἐγεννήθης	
John 9:34	ὅλος,	A-NSM	A-NSM	3650	ὅλος	ὅλος	
John 9:34	καὶ	CONJ	CONJ	2532	καί	καί	
John 9:34	σὺ	P-2NS	P-2NS	4771	σύ	σύ	
John 9:34	διδάσκεις	V-PAI-2S	V-PAI-2S	1321&5719	διδάσκω	διδάσκεις	
John 9:34	ἡμᾶς;	P-1AP	P-1AP	1473	ἐγώ	ἡμᾶς	
John 9:34	καὶ	CONJ	CONJ	2532	καί	καί	
John 9:34	ἐξέβαλον	V-2AAI-3P	V-2AAI-3P	1544&5627	ἐκβάλλω	ἐξέβαλον	
John 9:34	αὐτὸν	P-ASM	P-ASM	846	αὐτός	αὐτόν	
John 9:34	ἔξω.	ADV	ADV	1854	ἔξω	ἔξω	
John 9:35	Ἤκουσεν	V-AAI-3S	V-AAI-3S	191&5656	ἀκούω	Ἤκουσεν	
John 9:35	Ἰησοῦς	N-NSM	N-NSM	2424	Ἰησοῦς	Ἰησοῦς	
John 9:35	ὅτι	CONJ	CONJ	3754	ὅτι	ὅτι	
John 9:35	ἐξέβαλον	V-2AAI-3P	V-2AAI-3P	1544&5627	ἐκβάλλω	ἐξέβαλον	
John 9:35	αὐτὸν	P-ASM	P-ASM	846	αὐτός	αὐτόν	
John 9:35	ἔξω,	ADV	ADV	1854	ἔξω	ἔξω	
John 9:35	καὶ	CONJ	CONJ	2532	καί	καί	
John 9:35	εὑρὼν	V-2AAP-NSM	V-2AAP-NSM	2147&5631	εὑρίσκω	εὑρών	
John 9:35	αὐτὸν	P-ASM	P-ASM	846	αὐτός	αὐτόν	
John 9:35	εἶπεν	V-2AAI-3S	V-2AAI-3S	3004&5627	λέγω	εἶπεν	
John 9:35	Σὺ	P-2NS	P-2NS	4771	σύ	Σύ	
John 9:35	πιστεύεις	V-PAI-2S	V-PAI-2S	4100&5719	πιστεύω	πιστεύεις	
John 9:35	εἰς	PREP	PREP	1519	εἰς	εἰς	
John 9:35	τὸν	T-ASM	T-ASM	3588	ὁ	τόν	
John 9:35	Υἱὸν	N-ASM	N-ASM	5207	υἱός	Υἱόν	
John 9:35	τοῦ	T-GSM	T-GSM	3588	ὁ	τοῦ	
John 9:35	ἀνθρώπου;	N-GSM	N-GSM	444	ἄνθρωπος	ἀνθρώπου	
John 9:36	ἀπεκρίθη	V-ADI-3S	V-ADI-3S	611&5662	ἀποκρίνομαι	ἀπεκρίθη	
John 9:36	ἐκεῖνος	D-NSM	D-NSM	1565	ἐκεῖνος	ἐκεῖνος	
John 9:36	καὶ	CONJ	CONJ	2532	καί	καί	
John 9:36	εἶπεν	V-2AAI-3S	V-2AAI-3S	3004&5627	λέγω	εἶπεν	
John 9:36	Καὶ	CONJ	CONJ	2532	καί	Καί	
John 9:36	τίς	I-NSM	I-NSM	5101	τίς	τίς	
John 9:36	ἐστιν,	V-PAI-3S	V-PAI-3S	1510&5719	εἰμί	ἐστιν	
John 9:36	Κύριε,	N-VSM	N-VSM	2962	κύριος	Κύριε	
John 9:36	ἵνα	CONJ	CONJ	2443	ἵνα	ἵνα	
John 9:36	πιστεύσω	V-AAS-1S	V-AAS-1S	4100&5661	πιστεύω	πιστεύσω	
John 9:36	εἰς	PREP	PREP	1519	εἰς	εἰς	
John 9:36	αὐτόν;	P-ASM	P-ASM	846	αὐτός	αὐτόν	
John 9:37	εἶπεν	V-2AAI-3S	V-2AAI-3S	3004&5627	λέγω	εἶπεν	
John 9:37	αὐτῷ	P-DSM	P-DSM	846	αὐτός	αὐτῷ	
John 9:37	ὁ	T-NSM	T-NSM	3588	ὁ	ὁ	
John 9:37	Ἰησοῦς	N-NSM	N-NSM	2424	Ἰησοῦς	Ἰησοῦς	
John 9:37	Καὶ	CONJ	CONJ	2532	καί	Καί	
John 9:37	ἑώρακας	V-RAI-2S-ATT	V-RAI-2S-ATT	3708&5758	ὁράω	ἑώρακας	
John 9:37	αὐτὸν	P-ASM	P-ASM	846	αὐτός	αὐτόν	
John 9:37	καὶ	CONJ	CONJ	2532	καί	καί	
John 9:37	ὁ	T-NSM	T-NSM	3588	ὁ	ὁ	
John 9:37	λαλῶν	V-PAP-NSM	V-PAP-NSM	2980&5723	λαλέω	λαλῶν	
John 9:37	μετὰ	PREP	PREP	3326	μετά	μετά	
John 9:37	σοῦ	P-2GS	P-2GS	4771	σύ	σοῦ	
John 9:37	ἐκεῖνός	D-NSM	D-NSM	1565	ἐκεῖνος	ἐκεῖνος	
John 9:37	ἐστιν.	V-PAI-3S	V-PAI-3S	1510&5719	εἰμί	ἐστιν	
John 9:38	ὁ	T-NSM	T-NSM	3588	ὁ	ὁ	
John 9:38	δὲ	CONJ	CONJ	1161	δέ	δέ	
John 9:38	ἔφη	V-IAI-3S	V-IAI-3S	5346&5707	φημί	ἔφη	
John 9:38	Πιστεύω,	V-PAI-1S	V-PAI-1S	4100&5719	πιστεύω	Πιστεύω	
John 9:38	Κύριε·	N-VSM	N-VSM	2962	κύριος	Κύριε	
John 9:38	καὶ	CONJ	CONJ	2532	καί	καί	
John 9:38	προσεκύνησεν	V-AAI-3S	V-AAI-3S	4352&5656	προσκυνέω	προσεκύνησεν	
John 9:38	αὐτῷ.	P-DSM	P-DSM	846	αὐτός	αὐτῷ	
John 9:39	καὶ	CONJ	CONJ	2532	καί	καί	
John 9:39	εἶπεν	V-2AAI-3S	V-2AAI-3S	3004&5627	λέγω	εἶπεν	
John 9:39	ὁ	T-NSM	T-NSM	3588	ὁ	ὁ	
John 9:39	Ἰησοῦς	N-NSM	N-NSM	2424	Ἰησοῦς	Ἰησοῦς	
John 9:39	Εἰς	PREP	PREP	1519	εἰς	Εἰς	
John 9:39	κρίμα	N-ASN	N-ASN	2917	κρίμα	κρίμα	
John 9:39	ἐγὼ	P-1NS	P-1NS	1473	ἐγώ	ἐγώ	
John 9:39	εἰς	PREP	PREP	1519	εἰς	εἰς	
John 9:39	τὸν	T-ASM	T-ASM	3588	ὁ	τόν	
John 9:39	κόσμον	N-ASM	N-ASM	2889	κόσμος	κόσμον	
John 9:39	τοῦτον	D-ASM	D-ASM	3778	οὗτος	τοῦτον	
John 9:39	ἦλθον,	V-2AAI-1S	V-2AAI-1S	2064&5627	ἔρχομαι	ἦλθον	
John 9:39	ἵνα	CONJ	CONJ	2443	ἵνα	ἵνα	
John 9:39	οἱ	T-NPM	T-NPM	3588	ὁ	οἱ	
John 9:39	μὴ	PRT-N	PRT-N	3361	μή	μή	
John 9:39	βλέποντες	V-PAP-NPM	V-PAP-NPM	991&5723	βλέπω	βλέποντες	
John 9:39	βλέπωσιν	V-PAS-3P	V-PAS-3P	991&5725	βλέπω	βλέπωσιν	
John 9:39	καὶ	CONJ	CONJ	2532	καί	καί	
John 9:39	οἱ	T-NPM	T-NPM	3588	ὁ	οἱ	
John 9:39	βλέποντες	V-PAP-NPM	V-PAP-NPM	991&5723	βλέπω	βλέποντες	
John 9:39	τυφλοὶ	A-NPM	A-NPM	5185	τυφλός	τυφλοί	
John 9:39	γένωνται.	V-2ADS-3P	V-2ADS-3P	1096&5638	γίνομαι	γένωνται	
John 9:40	ἤκουσαν	V-AAI-3P	V-AAI-3P	191&5656	ἀκούω	ἤκουσαν	
John 9:40	ἐκ	PREP	PREP	1537	ἐκ	ἐκ	
John 9:40	τῶν	T-GPM	T-GPM	3588	ὁ	τῶν	
John 9:40	Φαρισαίων	N-GPM	N-GPM	5330	Φαρισαῖος	Φαρισαίων	
John 9:40	ταῦτα	D-APN	D-APN	3778	οὗτος	ταῦτα	
John 9:40	οἱ	T-NPM	T-NPM	3588	ὁ	οἱ	
John 9:40	μετ’	PREP	PREP	3326	μετά	μετ’	
John 9:40	αὐτοῦ	P-GSM	P-GSM	846	αὐτός	αὐτοῦ	
John 9:40	ὄντες,	V-PAP-NPM	V-PAP-NPM	1510&5723	εἰμί	ὄντες	
John 9:40	καὶ	CONJ	CONJ	2532	καί	καί	
John 9:40	εἶπαν	V-2AAI-3P	V-2AAI-3P	3004&5627	λέγω	εἶπαν	
John 9:40	αὐτῷ	P-DSM	P-DSM	846	αὐτός	αὐτῷ	
John 9:40	Μὴ	PRT-N	PRT-N	3361	μή	Μή	
John 9:40	καὶ	CONJ	CONJ	2532	καί	καί	
John 9:40	ἡμεῖς	P-1NP	P-1NP	1473	ἐγώ	ἡμεῖς	
John 9:40	τυφλοί	A-NPM	A-NPM	5185	τυφλός	τυφλοί	
John 9:40	ἐσμεν;	V-PAI-1P	V-PAI-1P	1510&5719	εἰμί	ἐσμεν	
John 9:41	εἶπεν	V-2AAI-3S	V-2AAI-3S	3004&5627	λέγω	εἶπεν	
John 9:41	αὐτοῖς	P-DPM	P-DPM	846	αὐτός	αὐτοῖς	
John 9:41	ὁ	T-NSM	T-NSM	3588	ὁ	ὁ	
John 9:41	Ἰησοῦς	N-NSM	N-NSM	2424	Ἰησοῦς	Ἰησοῦς	
John 9:41	Εἰ	COND	COND	1487	εἰ	Εἰ	
John 9:41	τυφλοὶ	A-NPM	A-NPM	5185	τυφλός	τυφλοί	
John 9:41	ἦτε,	V-IAI-2P	V-IAI-2P	1510&5707	εἰμί	ἦτε	
John 9:41	οὐκ	PRT-N	PRT-N	3756	οὐ	οὐκ	
John 9:41	ἂν	PRT	PRT	302	ἄν	ἄν	
John 9:41	εἴχετε	V-IAI-2P	V-IAI-2P	2192&5707	ἔχω	εἴχετε	
John 9:41	ἁμαρτίαν·	N-ASF	N-ASF	266	ἁμαρτία	ἁμαρτίαν	
John 9:41	νῦν	ADV	ADV	3568	νῦν	νῦν	
John 9:41	δὲ	CONJ	CONJ	1161	δέ	δέ	
John 9:41	λέγετε	V-PAI-2P	V-PAI-2P	3004&5719	λέγω	λέγετε	
John 9:41	ὅτι	CONJ	CONJ	3754	ὅτι	ὅτι	
John 9:41	Βλέπομεν·	V-PAI-1P	V-PAI-1P	991&5719	βλέπω	Βλέπομεν	
John 9:41	ἡ	T-NSF	T-NSF	3588	ὁ	ἡ	
John 9:41	ἁμαρτία	N-NSF	N-NSF	266	ἁμαρτία	ἁμαρτία	
John 9:41	ὑμῶν	P-2GP	P-2GP	4771	σύ	ὑμῶν	
John 9:41	μένει.	V-PAI-3S	V-PAI-3S	3306&5719	μένω	μένει	
John 10:1	Ἀμὴν	HEB	HEB	281	ἀμήν	Ἀμήν	
John 10:1	ἀμὴν	HEB	HEB	281	ἀμήν	ἀμήν	
John 10:1	λέγω	V-PAI-1S	V-PAI-1S	3004&5719	λέγω	λέγω	
John 10:1	ὑμῖν,	P-2DP	P-2DP	4771	σύ	ὑμῖν	
John 10:1	ὁ	T-NSM	T-NSM	3588	ὁ	ὁ	
John 10:1	μὴ	PRT-N	PRT-N	3361	μή	μή	
John 10:1	εἰσερχόμενος	V-PNP-NSM	V-PNP-NSM	1525&5740	εἰσέρχομαι	εἰσερχόμενος	
John 10:1	διὰ	PREP	PREP	1223	διά	διά	
John 10:1	τῆς	T-GSF	T-GSF	3588	ὁ	τῆς	
John 10:1	θύρας	N-GSF	N-GSF	2374	θύρα	θύρας	
John 10:1	εἰς	PREP	PREP	1519	εἰς	εἰς	
John 10:1	τὴν	T-ASF	T-ASF	3588	ὁ	τήν	
John 10:1	αὐλὴν	N-ASF	N-ASF	833	αὐλή	αὐλήν	
John 10:1	τῶν	T-GPN	T-GPN	3588	ὁ	τῶν	
John 10:1	προβάτων	N-GPN	N-GPN	4263	πρόβατον	προβάτων	
John 10:1	ἀλλὰ	CONJ	CONJ	235	ἀλλά	ἀλλά	
John 10:1	ἀναβαίνων	V-PAP-NSM	V-PAP-NSM	305&5723	ἀναβαίνω	ἀναβαίνων	
John 10:1	ἀλλαχόθεν,	ADV	ADV	237	ἀλλαχόθεν	ἀλλαχόθεν	
John 10:1	ἐκεῖνος	D-NSM	D-NSM	1565	ἐκεῖνος	ἐκεῖνος	
John 10:1	κλέπτης	N-NSM	N-NSM	2812	κλέπτης	κλέπτης	
John 10:1	ἐστὶν	V-PAI-3S	V-PAI-3S	1510&5719	εἰμί	ἐστίν	
John 10:1	καὶ	CONJ	CONJ	2532	καί	καί	
John 10:1	λῃστής·	N-NSM	N-NSM	3027	λῃστής	λῃστής	
John 10:2	ὁ	T-NSM	T-NSM	3588	ὁ	ὁ	
John 10:2	δὲ	CONJ	CONJ	1161	δέ	δέ	
John 10:2	εἰσερχόμενος	V-PNP-NSM	V-PNP-NSM	1525&5740	εἰσέρχομαι	εἰσερχόμενος	
John 10:2	διὰ	PREP	PREP	1223	διά	διά	
John 10:2	τῆς	T-GSF	T-GSF	3588	ὁ	τῆς	
John 10:2	θύρας	N-GSF	N-GSF	2374	θύρα	θύρας	
John 10:2	ποιμήν	N-NSM	N-NSM	4166	ποιμήν	ποιμήν	
John 10:2	ἐστιν	V-PAI-3S	V-PAI-3S	1510&5719	εἰμί	ἐστιν	
John 10:2	τῶν	T-GPN	T-GPN	3588	ὁ	τῶν	
John 10:2	προβάτων.	N-GPN	N-GPN	4263	πρόβατον	προβάτων	
John 10:3	τούτῳ	D-DSM	D-DSM	3778	οὗτος	τούτῳ	
John 10:3	ὁ	T-NSM	T-NSM	3588	ὁ	ὁ	
John 10:3	θυρωρὸς	N-NSM	N-NSM	2377	θυρωρός	θυρωρός	
John 10:3	ἀνοίγει,	V-PAI-3S	V-PAI-3S	455&5719	ἀνοίγω	ἀνοίγει	
John 10:3	καὶ	CONJ	CONJ	2532	καί	καί	
John 10:3	τὰ	T-NPN	T-NPN	3588	ὁ	τά	
John 10:3	πρόβατα	N-NPN	N-NPN	4263	πρόβατον	πρόβατα	
John 10:3	τῆς	T-GSF	T-GSF	3588	ὁ	τῆς	
John 10:3	φωνῆς	N-GSF	N-GSF	5456	φωνή	φωνῆς	
John 10:3	αὐτοῦ	P-GSM	P-GSM	846	αὐτός	αὐτοῦ	
John 10:3	ἀκούει,	V-PAI-3S	V-PAI-3S	191&5719	ἀκούω	ἀκούει	
John 10:3	καὶ	CONJ	CONJ	2532	καί	καί	
John 10:3	τὰ	T-APN	T-APN	3588	ὁ	τά	
John 10:3	ἴδια	A-APN	A-APN	2398	ἴδιος	ἴδια	
John 10:3	πρόβατα	N-APN	N-APN	4263	πρόβατον	πρόβατα	
John 10:3	φωνεῖ	V-PAI-3S	V-PAI-3S	5455&5719	φωνέω	φωνεῖ	
John 10:3	κατ’	PREP	PREP	2596	κατά	κατ’	
John 10:3	ὄνομα	N-ASN	N-ASN	3686	ὄνομα	ὄνομα	
John 10:3	καὶ	CONJ	CONJ	2532	καί	καί	
John 10:3	ἐξάγει	V-PAI-3S	V-PAI-3S	1806&5719	ἐξάγω	ἐξάγει	
John 10:3	αὐτά.	P-APN	P-APN	846	αὐτός	αὐτά	
John 10:4	ὅταν	CONJ	CONJ	3752	ὅταν	ὅταν	
John 10:4	τὰ	T-APN	T-APN	3588	ὁ	τά	
John 10:4	ἴδια	A-APN	A-APN	2398	ἴδιος	ἴδια	
John 10:4	πάντα	A-APN	A-APN	3956	πᾶς	πάντα	
John 10:4	ἐκβάλῃ,	V-2AAS-3S	V-2AAS-3S	1544&5632	ἐκβάλλω	ἐκβάλῃ	
John 10:4	ἔμπροσθεν	PREP	PREP	1715	ἔμπροσθεν	ἔμπροσθεν	
John 10:4	αὐτῶν	P-GPN	P-GPN	846	αὐτός	αὐτῶν	
John 10:4	πορεύεται,	V-PNI-3S	V-PNI-3S	4198&5736	πορεύομαι	πορεύεται	
John 10:4	καὶ	CONJ	CONJ	2532	καί	καί	
John 10:4	τὰ	T-NPN	T-NPN	3588	ὁ	τά	
John 10:4	πρόβατα	N-NPN	N-NPN	4263	πρόβατον	πρόβατα	
John 10:4	αὐτῷ	P-DSM	P-DSM	846	αὐτός	αὐτῷ	
John 10:4	ἀκολουθεῖ,	V-PAI-3S	V-PAI-3S	190&5719	ἀκολουθέω	ἀκολουθεῖ	
John 10:4	ὅτι	CONJ	CONJ	3754	ὅτι	ὅτι	
John 10:4	οἴδασιν	V-RAI-3P	V-RAI-3P	1492&5758	οἶδα	οἴδασιν	
John 10:4	τὴν	T-ASF	T-ASF	3588	ὁ	τήν	
John 10:4	φωνὴν	N-ASF	N-ASF	5456	φωνή	φωνήν	
John 10:4	αὐτοῦ·	P-GSM	P-GSM	846	αὐτός	αὐτοῦ	
John 10:5	ἀλλοτρίῳ	A-DSM	A-DSM	245	ἀλλότριος	ἀλλοτρίῳ	
John 10:5	δὲ	CONJ	CONJ	1161	δέ	δέ	
John 10:5	οὐ	PRT-N	PRT-N	3756	οὐ	οὐ	
John 10:5	μὴ	PRT-N	PRT-N	3361	μή	μή	
John 10:5	ἀκολουθήσουσιν,	V-FAI-3P	V-FAI-3P	190&5692	ἀκολουθέω	ἀκολουθήσουσιν	
John 10:5	ἀλλὰ	CONJ	CONJ	235	ἀλλά	ἀλλά	
John 10:5	φεύξονται	V-FDI-3P	V-FDI-3P	5343&5695	φεύγω	φεύξονται	
John 10:5	ἀπ’	PREP	PREP	575	ἀπό	ἀπ’	
John 10:5	αὐτοῦ,	P-GSM	P-GSM	846	αὐτός	αὐτοῦ	
John 10:5	ὅτι	CONJ	CONJ	3754	ὅτι	ὅτι	
John 10:5	οὐκ	PRT-N	PRT-N	3756	οὐ	οὐκ	
John 10:5	οἴδασιν	V-RAI-3P	V-RAI-3P	1492&5758	οἶδα	οἴδασιν	
John 10:5	τῶν	T-GPM	T-GPM	3588	ὁ	τῶν	
John 10:5	ἀλλοτρίων	A-GPM	A-GPM	245	ἀλλότριος	ἀλλοτρίων	
John 10:5	τὴν	T-ASF	T-ASF	3588	ὁ	τήν	
John 10:5	φωνήν.	N-ASF	N-ASF	5456	φωνή	φωνήν	
John 10:6	Ταύτην	D-ASF	D-ASF	3778	οὗτος	Ταύτην	
John 10:6	τὴν	T-ASF	T-ASF	3588	ὁ	τήν	
John 10:6	παροιμίαν	N-ASF	N-ASF	3942	παροιμία	παροιμίαν	
John 10:6	εἶπεν	V-2AAI-3S	V-2AAI-3S	3004&5627	λέγω	εἶπεν	
John 10:6	αὐτοῖς	P-DPM	P-DPM	846	αὐτός	αὐτοῖς	
John 10:6	ὁ	T-NSM	T-NSM	3588	ὁ	ὁ	
John 10:6	Ἰησοῦς·	N-NSM	N-NSM	2424	Ἰησοῦς	Ἰησοῦς	
John 10:6	ἐκεῖνοι	D-NPM	D-NPM	1565	ἐκεῖνος	ἐκεῖνοι	
John 10:6	δὲ	CONJ	CONJ	1161	δέ	δέ	
John 10:6	οὐκ	PRT-N	PRT-N	3756	οὐ	οὐκ	
John 10:6	ἔγνωσαν	V-2AAI-3P	V-2AAI-3P	1097&5627	γινώσκω	ἔγνωσαν	
John 10:6	τίνα	I-NPN	I-NPN	5101	τίς	τίνα	
John 10:6	ἦν	V-IAI-3S	V-IAI-3S	1510&5707	εἰμί	ἦν	
John 10:6	ἃ	R-APN	R-APN	3739	ὅς	ἅ	
John 10:6	ἐλάλει	V-IAI-3S	V-IAI-3S	2980&5707	λαλέω	ἐλάλει	
John 10:6	αὐτοῖς.	P-DPM	P-DPM	846	αὐτός	αὐτοῖς	
John 10:7	Εἶπεν	V-2AAI-3S	V-2AAI-3S	3004&5627	λέγω	Εἶπεν	
John 10:7	οὖν	CONJ	CONJ	3767	οὖν	οὖν	
John 10:7	πάλιν	ADV	ADV	3825	πάλιν	πάλιν	
John 10:7	ὁ	T-NSM	T-NSM	3588	ὁ	ὁ	
John 10:7	Ἰησοῦς	N-NSM	N-NSM	2424	Ἰησοῦς	Ἰησοῦς	
John 10:7	Ἀμὴν	HEB	HEB	281	ἀμήν	Ἀμήν	
John 10:7	ἀμὴν	HEB	HEB	281	ἀμήν	ἀμήν	
John 10:7	λέγω	V-PAI-1S	V-PAI-1S	3004&5719	λέγω	λέγω	
John 10:7	ὑμῖν	P-2DP	P-2DP	4771	σύ	ὑμῖν	
John 10:7	ὅτι	CONJ	CONJ	3754	ὅτι	ὅτι	
John 10:7	ἐγώ	P-1NS	P-1NS	1473	ἐγώ	ἐγώ	
John 10:7	εἰμι	V-PAI-1S	V-PAI-1S	1510&5719	εἰμί	εἰμι	
John 10:7	ἡ	T-NSF	T-NSF	3588	ὁ	ἡ	
John 10:7	θύρα	N-NSF	N-NSF	2374	θύρα	θύρα	
John 10:7	τῶν	T-GPN	T-GPN	3588	ὁ	τῶν	
John 10:7	προβάτων.	N-GPN	N-GPN	4263	πρόβατον	προβάτων	
John 10:8	πάντες	A-NPM	A-NPM	3956	πᾶς	πάντες	
John 10:8	ὅσοι	K-NPM	K-NPM	3745	ὅσος	ὅσοι	
John 10:8	ἦλθον	V-2AAI-3P	V-2AAI-3P	2064&5627	ἔρχομαι	ἦλθον	
John 10:8	πρὸ	PREP	PREP	4253	πρό	πρό	
John 10:8	ἐμοῦ	P-1GS	P-1GS	1473	ἐγώ	ἐμοῦ	
John 10:8	κλέπται	N-NPM	N-NPM	2812	κλέπτης	κλέπται	
John 10:8	εἰσὶν	V-PAI-3P	V-PAI-3P	1510&5719	εἰμί	εἰσίν	
John 10:8	καὶ	CONJ	CONJ	2532	καί	καί	
John 10:8	λῃσταί·	N-NPM	N-NPM	3027	λῃστής	λῃσταί	
John 10:8	ἀλλ’	CONJ	CONJ	235	ἀλλά	ἀλλ’	
John 10:8	οὐκ	PRT-N	PRT-N	3756	οὐ	οὐκ	
John 10:8	ἤκουσαν	V-AAI-3P	V-AAI-3P	191&5656	ἀκούω	ἤκουσαν	
John 10:8	αὐτῶν	P-GPM	P-GPM	846	αὐτός	αὐτῶν	
John 10:8	τὰ	T-NPN	T-NPN	3588	ὁ	τά	
John 10:8	πρόβατα.	N-NPN	N-NPN	4263	πρόβατον	πρόβατα	
John 10:9	ἐγώ	P-1NS	P-1NS	1473	ἐγώ	ἐγώ	
John 10:9	εἰμι	V-PAI-1S	V-PAI-1S	1510&5719	εἰμί	εἰμι	
John 10:9	ἡ	T-NSF	T-NSF	3588	ὁ	ἡ	
John 10:9	θύρα·	N-NSF	N-NSF	2374	θύρα	θύρα	
John 10:9	δι’	PREP	PREP	1223	διά	δι’	
John 10:9	ἐμοῦ	P-1GS	P-1GS	1473	ἐγώ	ἐμοῦ	
John 10:9	ἐάν	COND	COND	1437	ἐάν	ἐάν	
John 10:9	τις	X-NSM	X-NSM	5100	τὶς	τις	
John 10:9	εἰσέλθῃ,	V-2AAS-3S	V-2AAS-3S	1525&5632	εἰσέρχομαι	εἰσέλθῃ	
John 10:9	σωθήσεται,	V-FPI-3S	V-FPI-3S	4982&5701	σῴζω	σωθήσεται	
John 10:9	καὶ	CONJ	CONJ	2532	καί	καί	
John 10:9	εἰσελεύσεται	V-FDI-3S	V-FDI-3S	1525&5695	εἰσέρχομαι	εἰσελεύσεται	
John 10:9	καὶ	CONJ	CONJ	2532	καί	καί	
John 10:9	ἐξελεύσεται	V-FDI-3S	V-FDI-3S	1831&5695	ἐξέρχομαι	ἐξελεύσεται	
John 10:9	καὶ	CONJ	CONJ	2532	καί	καί	
John 10:9	νομὴν	N-ASF	N-ASF	3542	νομή	νομήν	
John 10:9	εὑρήσει.	V-FAI-3S	V-FAI-3S	2147&5692	εὑρίσκω	εὑρήσει	
John 10:10	ὁ	T-NSM	T-NSM	3588	ὁ	ὁ	
John 10:10	κλέπτης	N-NSM	N-NSM	2812	κλέπτης	κλέπτης	
John 10:10	οὐκ	PRT-N	PRT-N	3756	οὐ	οὐκ	
John 10:10	ἔρχεται	V-PNI-3S	V-PNI-3S	2064&5736	ἔρχομαι	ἔρχεται	
John 10:10	εἰ	COND	COND	1487	εἰ	εἰ	
John 10:10	μὴ	PRT-N	PRT-N	3361	μή	μή	
John 10:10	ἵνα	CONJ	CONJ	2443	ἵνα	ἵνα	
John 10:10	κλέψῃ	V-AAS-3S	V-AAS-3S	2813&5661	κλέπτω	κλέψῃ	
John 10:10	καὶ	CONJ	CONJ	2532	καί	καί	
John 10:10	θύσῃ	V-AAS-3S	V-AAS-3S	2380&5661	θύω	θύσῃ	
John 10:10	καὶ	CONJ	CONJ	2532	καί	καί	
John 10:10	ἀπολέσῃ·	V-AAS-3S	V-AAS-3S	622&5661	ἀπόλλυμι	ἀπολέσῃ	
John 10:10	ἐγὼ	P-1NS	P-1NS	1473	ἐγώ	ἐγώ	
John 10:10	ἦλθον	V-2AAI-1S	V-2AAI-1S	2064&5627	ἔρχομαι	ἦλθον	
John 10:10	ἵνα	CONJ	CONJ	2443	ἵνα	ἵνα	
John 10:10	ζωὴν	N-ASF	N-ASF	2222	ζωή	ζωήν	
John 10:10	ἔχωσιν	V-PAS-3P	V-PAS-3P	2192&5725	ἔχω	ἔχωσιν	
John 10:10	καὶ	CONJ	CONJ	2532	καί	καί	
John 10:10	περισσὸν	A-ASN	A-ASN	4053	περισσός	περισσόν	
John 10:10	ἔχωσιν.	V-PAS-3P	V-PAS-3P	2192&5725	ἔχω	ἔχωσιν	
John 10:11	ἐγώ	P-1NS	P-1NS	1473	ἐγώ	ἐγώ	
John 10:11	εἰμι	V-PAI-1S	V-PAI-1S	1510&5719	εἰμί	εἰμι	
John 10:11	ὁ	T-NSM	T-NSM	3588	ὁ	ὁ	
John 10:11	ποιμὴν	N-NSM	N-NSM	4166	ποιμήν	ποιμήν	
John 10:11	ὁ	T-NSM	T-NSM	3588	ὁ	ὁ	
John 10:11	καλός.	A-NSM	A-NSM	2570	καλός	καλός	
John 10:11	ὁ	T-NSM	T-NSM	3588	ὁ	ὁ	
John 10:11	ποιμὴν	N-NSM	N-NSM	4166	ποιμήν	ποιμήν	
John 10:11	ὁ	T-NSM	T-NSM	3588	ὁ	ὁ	
John 10:11	καλὸς	A-NSM	A-NSM	2570	καλός	καλός	
John 10:11	τὴν	T-ASF	T-ASF	3588	ὁ	τήν	
John 10:11	ψυχὴν	N-ASF	N-ASF	5590	ψυχή	ψυχήν	
John 10:11	αὐτοῦ	P-GSM	P-GSM	846	αὐτός	αὐτοῦ	
John 10:11	τίθησιν	V-PAI-3S	V-PAI-3S	5087&5719	τίθημι	τίθησιν	
John 10:11	ὑπὲρ	PREP	PREP	5228	ὑπέρ	ὑπέρ	
John 10:11	τῶν	T-GPN	T-GPN	3588	ὁ	τῶν	
John 10:11	προβάτων·	N-GPN	N-GPN	4263	πρόβατον	προβάτων	
John 10:12	ὁ	T-NSM	T-NSM	3588	ὁ	ὁ	
John 10:12	μισθωτὸς	N-NSM	N-NSM	3411	μισθωτός	μισθωτός	
John 10:12	καὶ	CONJ	CONJ	2532	καί	καί	
John 10:12	οὐκ	PRT-N	PRT-N	3756	οὐ	οὐκ	
John 10:12	ὢν	V-PAP-NSM	V-PAP-NSM	1510&5723	εἰμί	ὤν	
John 10:12	ποιμήν,	N-NSM	N-NSM	4166	ποιμήν	ποιμήν	
John 10:12	οὗ	R-GSM	R-GSM	3739	ὅς	οὗ	
John 10:12	οὐκ	PRT-N	PRT-N	3756	οὐ	οὐκ	
John 10:12	ἔστιν	V-PAI-3S	V-PAI-3S	1510&5719	εἰμί	ἔστιν	
John 10:12	τὰ	T-NPN	T-NPN	3588	ὁ	τά	
John 10:12	πρόβατα	N-NPN	N-NPN	4263	πρόβατον	πρόβατα	
John 10:12	ἴδια,	A-NPN	A-NPN	2398	ἴδιος	ἴδια	
John 10:12	θεωρεῖ	V-PAI-3S	V-PAI-3S	2334&5719	θεωρέω	θεωρεῖ	
John 10:12	τὸν	T-ASM	T-ASM	3588	ὁ	τόν	
John 10:12	λύκον	N-ASM	N-ASM	3074	λύκος	λύκον	
John 10:12	ἐρχόμενον	V-PNP-ASM	V-PNP-ASM	2064&5740	ἔρχομαι	ἐρχόμενον	
John 10:12	καὶ	CONJ	CONJ	2532	καί	καί	
John 10:12	ἀφίησιν	V-PAI-3S	V-PAI-3S	863&5719	ἀφίημι	ἀφίησιν	
John 10:12	τὰ	T-APN	T-APN	3588	ὁ	τά	
John 10:12	πρόβατα	N-APN	N-APN	4263	πρόβατον	πρόβατα	
John 10:12	καὶ	CONJ	CONJ	2532	καί	καί	
John 10:12	φεύγει,—	V-PAI-3S	V-PAI-3S	5343&5719	φεύγω	φεύγει	
John 10:12	καὶ	CONJ	CONJ	2532	καί	καί	
John 10:12	ὁ	T-NSM	T-NSM	3588	ὁ	ὁ	
John 10:12	λύκος	N-NSM	N-NSM	3074	λύκος	λύκος	
John 10:12	ἁρπάζει	V-PAI-3S	V-PAI-3S	726&5719	ἁρπάζω	ἁρπάζει	
John 10:12	αὐτὰ	P-APN	P-APN	846	αὐτός	αὐτά	
John 10:12	καὶ	CONJ	CONJ	2532	καί	καί	
John 10:12	σκορπίζει·—	V-PAI-3S	V-PAI-3S	4650&5719	σκορπίζω	σκορπίζει	
John 10:13	ὅτι	CONJ	CONJ	3754	ὅτι	ὅτι	
John 10:13	μισθωτός	N-NSM	N-NSM	3411	μισθωτός	μισθωτός	
John 10:13	ἐστιν	V-PAI-3S	V-PAI-3S	1510&5719	εἰμί	ἐστιν	
John 10:13	καὶ	CONJ	CONJ	2532	καί	καί	
John 10:13	οὐ	PRT-N	PRT-N	3756	οὐ	οὐ	
John 10:13	μέλει	V-PAI-3S	V-PAI-3S	3199&5719	μέλει	μέλει	
John 10:13	αὐτῷ	P-DSM	P-DSM	846	αὐτός	αὐτῷ	
John 10:13	περὶ	PREP	PREP	4012	περί	περί	
John 10:13	τῶν	T-GPN	T-GPN	3588	ὁ	τῶν	
John 10:13	προβάτων.	N-GPN	N-GPN	4263	πρόβατον	προβάτων	
John 10:14	ἐγώ	P-1NS	P-1NS	1473	ἐγώ	ἐγώ	
John 10:14	εἰμι	V-PAI-1S	V-PAI-1S	1510&5719	εἰμί	εἰμι	
John 10:14	ὁ	T-NSM	T-NSM	3588	ὁ	ὁ	
John 10:14	ποιμὴν	N-NSM	N-NSM	4166	ποιμήν	ποιμήν	
John 10:14	ὁ	T-NSM	T-NSM	3588	ὁ	ὁ	
John 10:14	καλός,	A-NSM	A-NSM	2570	καλός	καλός	
John 10:14	καὶ	CONJ	CONJ	2532	καί	καί	
John 10:14	γινώσκω	V-PAI-1S	V-PAI-1S	1097&5719	γινώσκω	γινώσκω	
John 10:14	τὰ	T-APN	T-APN	3588	ὁ	τά	
John 10:14	ἐμὰ	S-1SAPN	S-1SAPN	1699	ἐμός	ἐμά	
John 10:14	καὶ	CONJ	CONJ	2532	καί	καί	
John 10:14	γινώσκουσί	V-PAI-3P	V-PAI-3P	1097&5719	γινώσκω	γινώσκουσι	
John 10:14	με	P-1AS	P-1AS	1473	ἐγώ	με	
John 10:14	τὰ	T-NPN	T-NPN	3588	ὁ	τά	
John 10:14	ἐμά,	S-1SNPN	S-1SNPN	1699	ἐμός	ἐμά	
John 10:15	καθὼς	ADV	ADV	2531	καθώς	καθώς	
John 10:15	γινώσκει	V-PAI-3S	V-PAI-3S	1097&5719	γινώσκω	γινώσκει	
John 10:15	με	P-1AS	P-1AS	1473	ἐγώ	με	
John 10:15	ὁ	T-NSM	T-NSM	3588	ὁ	ὁ	
John 10:15	Πατὴρ	N-NSM	N-NSM	3962	πατήρ	Πατήρ	
John 10:15	κἀγὼ	P-1NS-K	P-1NS-K	2504	κἀγώ	κἀγώ	
John 10:15	γινώσκω	V-PAI-1S	V-PAI-1S	1097&5719	γινώσκω	γινώσκω	
John 10:15	τὸν	T-ASM	T-ASM	3588	ὁ	τόν	
John 10:15	Πατέρα,	N-ASM	N-ASM	3962	πατήρ	Πατέρα	
John 10:15	καὶ	CONJ	CONJ	2532	καί	καί	
John 10:15	τὴν	T-ASF	T-ASF	3588	ὁ	τήν	
John 10:15	ψυχήν	N-ASF	N-ASF	5590	ψυχή	ψυχήν	
John 10:15	μου	P-1GS	P-1GS	1473	ἐγώ	μου	
John 10:15	τίθημι	V-PAI-1S	V-PAI-1S	5087&5719	τίθημι	τίθημι	
John 10:15	ὑπὲρ	PREP	PREP	5228	ὑπέρ	ὑπέρ	
John 10:15	τῶν	T-GPN	T-GPN	3588	ὁ	τῶν	
John 10:15	προβάτων.	N-GPN	N-GPN	4263	πρόβατον	προβάτων	
John 10:16	καὶ	CONJ	CONJ	2532	καί	καί	
John 10:16	ἄλλα	A-APN	A-APN	243	ἄλλος	ἄλλα	
John 10:16	πρόβατα	N-APN	N-APN	4263	πρόβατον	πρόβατα	
John 10:16	ἔχω	V-PAI-1S	V-PAI-1S	2192&5719	ἔχω	ἔχω	
John 10:16	ἃ	R-NPN	R-NPN	3739	ὅς	ἅ	
John 10:16	οὐκ	PRT-N	PRT-N	3756	οὐ	οὐκ	
John 10:16	ἔστιν	V-PAI-3S	V-PAI-3S	1510&5719	εἰμί	ἔστιν	
John 10:16	ἐκ	PREP	PREP	1537	ἐκ	ἐκ	
John 10:16	τῆς	T-GSF	T-GSF	3588	ὁ	τῆς	
John 10:16	αὐλῆς	N-GSF	N-GSF	833	αὐλή	αὐλῆς	
John 10:16	ταύτης·	D-GSF	D-GSF	3778	οὗτος	ταύτης	
John 10:16	κἀκεῖνα	D-APN-K	D-APN-K	2548	κἀκεῖνος	κἀκεῖνα	
John 10:16	δεῖ	V-PAI-3S	V-PAI-3S	1163&5719	δεῖ	δεῖ	
John 10:16	με	P-1AS	P-1AS	1473	ἐγώ	με	
John 10:16	ἀγαγεῖν,	V-2AAN	V-2AAN	71&5629	ἄγω	ἀγαγεῖν	
John 10:16	καὶ	CONJ	CONJ	2532	καί	καί	
John 10:16	τῆς	T-GSF	T-GSF	3588	ὁ	τῆς	
John 10:16	φωνῆς	N-GSF	N-GSF	5456	φωνή	φωνῆς	
John 10:16	μου	P-1GS	P-1GS	1473	ἐγώ	μου	
John 10:16	ἀκούσουσιν,	V-FAI-3P	V-FAI-3P	191&5692	ἀκούω	ἀκούσουσιν	
John 10:16	καὶ	CONJ	CONJ	2532	καί	καί	
John 10:16	γενήσεται	V-FDI-3S	V-FDI-3S	1096	γίνομαι	γενήσεται	
John 10:16	μία	A-NSF	A-NSF	1520	εἷς	μία	
John 10:16	ποίμνη,	N-NSF	N-NSF	4167	ποίμνη	ποίμνη	
John 10:16	εἷς	A-NSM	A-NSM	1520	εἷς	εἷς	
John 10:16	ποιμήν.	N-NSM	N-NSM	4166	ποιμήν	ποιμήν	
John 10:17	διὰ	PREP	PREP	1223	διά	διά	
John 10:17	τοῦτό	D-ASN	D-ASN	3778	οὗτος	τοῦτο	
John 10:17	με	P-1AS	P-1AS	1473	ἐγώ	με	
John 10:17	ὁ	T-NSM	T-NSM	3588	ὁ	ὁ	
John 10:17	Πατὴρ	N-NSM	N-NSM	3962	πατήρ	Πατήρ	
John 10:17	ἀγαπᾷ	V-PAI-3S	V-PAI-3S	25&5719	ἀγαπάω	ἀγαπᾷ	
John 10:17	ὅτι	CONJ	CONJ	3754	ὅτι	ὅτι	
John 10:17	ἐγὼ	P-1NS	P-1NS	1473	ἐγώ	ἐγώ	
John 10:17	τίθημι	V-PAI-1S	V-PAI-1S	5087&5719	τίθημι	τίθημι	
John 10:17	τὴν	T-ASF	T-ASF	3588	ὁ	τήν	
John 10:17	ψυχήν	N-ASF	N-ASF	5590	ψυχή	ψυχήν	
John 10:17	μου,	P-1GS	P-1GS	1473	ἐγώ	μου	
John 10:17	ἵνα	CONJ	CONJ	2443	ἵνα	ἵνα	
John 10:17	πάλιν	ADV	ADV	3825	πάλιν	πάλιν	
John 10:17	λάβω	V-2AAS-1S	V-2AAS-1S	2983&5632	λαμβάνω	λάβω	
John 10:17	αὐτήν.	P-ASF	P-ASF	846	αὐτός	αὐτήν	
John 10:18	οὐδεὶς	A-NSM-N	A-NSM-N	3762	οὐδείς	οὐδείς	
John 10:18	ἦρεν	V-AAI-3S	V-AAI-3S	142	αἴρω	ἦρεν	
John 10:18	αὐτὴν	P-ASF	P-ASF	846	αὐτός	αὐτήν	
John 10:18	ἀπ’	PREP	PREP	575	ἀπό	ἀπ’	
John 10:18	ἐμοῦ,	P-1GS	P-1GS	1473	ἐγώ	ἐμοῦ	
John 10:18	ἀλλ’	CONJ	CONJ	235	ἀλλά	ἀλλ’	
John 10:18	ἐγὼ	P-1NS	P-1NS	1473	ἐγώ	ἐγώ	
John 10:18	τίθημι	V-PAI-1S	V-PAI-1S	5087&5719	τίθημι	τίθημι	
John 10:18	αὐτὴν	P-ASF	P-ASF	846	αὐτός	αὐτήν	
John 10:18	ἀπ’	PREP	PREP	575	ἀπό	ἀπ’	
John 10:18	ἐμαυτοῦ.	F-1GSM	F-1GSM	1683	ἐμαυτοῦ	ἐμαυτοῦ	
John 10:18	ἐξουσίαν	N-ASF	N-ASF	1849	ἐξουσία	ἐξουσίαν	
John 10:18	ἔχω	V-PAI-1S	V-PAI-1S	2192&5719	ἔχω	ἔχω	
John 10:18	θεῖναι	V-2AAN	V-2AAN	5087&5629	τίθημι	θεῖναι	
John 10:18	αὐτήν,	P-ASF	P-ASF	846	αὐτός	αὐτήν	
John 10:18	καὶ	CONJ	CONJ	2532	καί	καί	
John 10:18	ἐξουσίαν	N-ASF	N-ASF	1849	ἐξουσία	ἐξουσίαν	
John 10:18	ἔχω	V-PAI-1S	V-PAI-1S	2192&5719	ἔχω	ἔχω	
John 10:18	πάλιν	ADV	ADV	3825	πάλιν	πάλιν	
John 10:18	λαβεῖν	V-2AAN	V-2AAN	2983&5629	λαμβάνω	λαβεῖν	
John 10:18	αὐτήν·	P-ASF	P-ASF	846	αὐτός	αὐτήν	
John 10:18	ταύτην	D-ASF	D-ASF	3778	οὗτος	ταύτην	
John 10:18	τὴν	T-ASF	T-ASF	3588	ὁ	τήν	
John 10:18	ἐντολὴν	N-ASF	N-ASF	1785	ἐντολή	ἐντολήν	
John 10:18	ἔλαβον	V-2AAI-1S	V-2AAI-1S	2983&5627	λαμβάνω	ἔλαβον	
John 10:18	παρὰ	PREP	PREP	3844	παρά	παρά	
John 10:18	τοῦ	T-GSM	T-GSM	3588	ὁ	τοῦ	
John 10:18	Πατρός	N-GSM	N-GSM	3962	πατήρ	Πατρός	
John 10:18	μου.	P-1GS	P-1GS	1473	ἐγώ	μου	
John 10:19	Σχίσμα	N-NSN	N-NSN	4978	σχίσμα	Σχίσμα	
John 10:19	πάλιν	ADV	ADV	3825	πάλιν	πάλιν	
John 10:19	ἐγένετο	V-2ADI-3S	V-2ADI-3S	1096&5633	γίνομαι	ἐγένετο	
John 10:19	ἐν	PREP	PREP	1722	ἐν	ἐν	
John 10:19	τοῖς	T-DPM	T-DPM	3588	ὁ	τοῖς	
John 10:19	Ἰουδαίοις	A-DPM	A-DPM	2453	Ἰουδαῖος	Ἰουδαίοις	
John 10:19	διὰ	PREP	PREP	1223	διά	διά	
John 10:19	τοὺς	T-APM	T-APM	3588	ὁ	τούς	
John 10:19	λόγους	N-APM	N-APM	3056	λόγος	λόγους	
John 10:19	τούτους.	D-APM	D-APM	3778	οὗτος	τούτους	
John 10:20	ἔλεγον	V-IAI-3P	V-IAI-3P	3004&5707	λέγω	ἔλεγον	
John 10:20	δὲ	CONJ	CONJ	1161	δέ	δέ	
John 10:20	πολλοὶ	A-NPM	A-NPM	4183	πολύς	πολλοί	
John 10:20	ἐξ	PREP	PREP	1537	ἐκ	ἐξ	
John 10:20	αὐτῶν	P-GPM	P-GPM	846	αὐτός	αὐτῶν	
John 10:20	Δαιμόνιον	N-ASN	N-ASN	1140	δαιμόνιον	Δαιμόνιον	
John 10:20	ἔχει	V-PAI-3S	V-PAI-3S	2192&5719	ἔχω	ἔχει	
John 10:20	καὶ	CONJ	CONJ	2532	καί	καί	
John 10:20	μαίνεται·	V-PNI-3S	V-PNI-3S	3105&5736	μαίνομαι	μαίνεται	
John 10:20	τί	I-ASN	I-ASN	5101	τίς	τί	
John 10:20	αὐτοῦ	P-GSM	P-GSM	846	αὐτός	αὐτοῦ	
John 10:20	ἀκούετε;	V-PAI-2P	V-PAI-2P	191&5719	ἀκούω	ἀκούετε	
John 10:21	ἄλλοι	A-NPM	A-NPM	243	ἄλλος	ἄλλοι	
John 10:21	ἔλεγον	V-IAI-3P	V-IAI-3P	3004&5707	λέγω	ἔλεγον	
John 10:21	Ταῦτα	D-NPN	D-NPN	3778	οὗτος	Ταῦτα	
John 10:21	τὰ	T-NPN	T-NPN	3588	ὁ	τά	
John 10:21	ῥήματα	N-NPN	N-NPN	4487	ῥῆμα	ῥήματα	
John 10:21	οὐκ	PRT-N	PRT-N	3756	οὐ	οὐκ	
John 10:21	ἔστιν	V-PAI-3S	V-PAI-3S	1510&5719	εἰμί	ἔστιν	
John 10:21	δαιμονιζομένου·	V-PNP-GSM	V-PNP-GSM	1139&5740	δαιμονίζομαι	δαιμονιζομένου	
John 10:21	μὴ	PRT-N	PRT-N	3361	μή	μή	
John 10:21	δαιμόνιον	N-NSN	N-NSN	1140	δαιμόνιον	δαιμόνιον	
John 10:21	δύναται	V-PNI-3S	V-PNI-3S	1410&5736	δύναμαι	δύναται	
John 10:21	τυφλῶν	A-GPM	A-GPM	5185	τυφλός	τυφλῶν	
John 10:21	ὀφθαλμοὺς	N-APM	N-APM	3788	ὀφθαλμός	ὀφθαλμούς	
John 10:21	ἀνοῖξαι;	V-AAN	V-AAN	455&5658	ἀνοίγω	ἀνοῖξαι	
John 10:22	Ἐγένετο	V-2ADI-3S	V-2ADI-3S	1096&5633	γίνομαι	Ἐγένετο	
John 10:22	τότε	ADV	ADV	5119	τότε	τότε	
John 10:22	τὰ	T-NPN	T-NPN	3588	ὁ	τά	
John 10:22	ἐνκαίνια	N-NPN	N-NPN	1456	ἐγκαίνια	ἐνκαίνια	
John 10:22	ἐν	PREP	PREP	1722	ἐν	ἐν	
John 10:22	τοῖς	T-DPN	T-DPN	3588	ὁ	τοῖς	
John 10:22	Ἱεροσολύμοις·	N-DPN	N-DPN	2414	Ἱεροσόλυμα	Ἱεροσολύμοις	
John 10:22	χειμὼν	N-NSM	N-NSM	5494	χειμών	χειμών	
John 10:22	ἦν·	V-IAI-3S	V-IAI-3S	1510&5707	εἰμί	ἦν	
John 10:23	καὶ	CONJ	CONJ	2532	καί	καί	
John 10:23	περιεπάτει	V-IAI-3S	V-IAI-3S	4043&5707	περιπατέω	περιεπάτει	
John 10:23	ὁ	T-NSM	T-NSM	3588	ὁ	ὁ	
John 10:23	Ἰησοῦς	N-NSM	N-NSM	2424	Ἰησοῦς	Ἰησοῦς	
John 10:23	ἐν	PREP	PREP	1722	ἐν	ἐν	
John 10:23	τῷ	T-DSN	T-DSN	3588	ὁ	τῷ	
John 10:23	ἱερῷ	N-DSN	N-DSN	2411	ἱερός	ἱερῷ	
John 10:23	ἐν	PREP	PREP	1722	ἐν	ἐν	
John 10:23	τῇ	T-DSF	T-DSF	3588	ὁ	τῇ	
John 10:23	στοᾷ	N-DSF	N-DSF	4745	στοά	στοᾷ	
John 10:23	τοῦ	T-GSM	T-GSM	3588	ὁ	τοῦ	
John 10:23	Σολομῶνος.	N-GSM	N-GSM	4672	Σολομών	Σολομῶνος	
John 10:24	ἐκύκλωσαν	V-AAI-3P	V-AAI-3P	2944&5656	κυκλόω	ἐκύκλωσαν	
John 10:24	οὖν	CONJ	CONJ	3767	οὖν	οὖν	
John 10:24	αὐτὸν	P-ASM	P-ASM	846	αὐτός	αὐτόν	
John 10:24	οἱ	T-NPM	T-NPM	3588	ὁ	οἱ	
John 10:24	Ἰουδαῖοι	A-NPM	A-NPM	2453	Ἰουδαῖος	Ἰουδαῖοι	
John 10:24	καὶ	CONJ	CONJ	2532	καί	καί	
John 10:24	ἔλεγον	V-IAI-3P	V-IAI-3P	3004&5707	λέγω	ἔλεγον	
John 10:24	αὐτῷ	P-DSM	P-DSM	846	αὐτός	αὐτῷ	
John 10:24	Ἕως	ADV	ADV	2193	ἕως	Ἕως	
John 10:24	πότε	PRT-I	PRT-I	4219	πότε	πότε	
John 10:24	τὴν	T-ASF	T-ASF	3588	ὁ	τήν	
John 10:24	ψυχὴν	N-ASF	N-ASF	5590	ψυχή	ψυχήν	
John 10:24	ἡμῶν	P-1GP	P-1GP	1473	ἐγώ	ἡμῶν	
John 10:24	αἴρεις;	V-PAI-2S	V-PAI-2S	142&5719	αἴρω	αἴρεις	
John 10:24	εἰ	COND	COND	1487	εἰ	εἰ	
John 10:24	σὺ	P-2NS	P-2NS	4771	σύ	σύ	
John 10:24	εἶ	V-PAI-2S	V-PAI-2S	1510&5719	εἰμί	εἶ	
John 10:24	ὁ	T-NSM	T-NSM	3588	ὁ	ὁ	
John 10:24	Χριστός,	N-NSM	N-NSM	5547	Χριστός	Χριστός	
John 10:24	εἰπὸν	V-2AAM-2S	V-2AAM-2S	3004&5628	λέγω	εἰπόν	
John 10:24	ἡμῖν	P-1DP	P-1DP	1473	ἐγώ	ἡμῖν	
John 10:24	παρρησίᾳ.	N-DSF	N-DSF	3954	παρρησία	παρρησίᾳ	
John 10:25	ἀπεκρίθη	V-ADI-3S	V-ADI-3S	611&5662	ἀποκρίνομαι	ἀπεκρίθη	
John 10:25	αὐτοῖς	P-DPM	P-DPM	846	αὐτός	αὐτοῖς	
John 10:25	ὁ	T-NSM	T-NSM	3588	ὁ	ὁ	
John 10:25	Ἰησοῦς	N-NSM	N-NSM	2424	Ἰησοῦς	Ἰησοῦς	
John 10:25	Εἶπον	V-2AAI-1S	V-2AAI-1S	3004&5627	λέγω	Εἶπον	
John 10:25	ὑμῖν,	P-2DP	P-2DP	4771	σύ	ὑμῖν	
John 10:25	καὶ	CONJ	CONJ	2532	καί	καί	
John 10:25	οὐ	PRT-N	PRT-N	3756	οὐ	οὐ	
John 10:25	πιστεύετε·	V-PAI-2P	V-PAI-2P	4100&5719	πιστεύω	πιστεύετε	
John 10:25	τὰ	T-NPN	T-NPN	3588	ὁ	τά	
John 10:25	ἔργα	N-NPN	N-NPN	2041	ἔργον	ἔργα	
John 10:25	ἃ	R-APN	R-APN	3739	ὅς	ἅ	
John 10:25	ἐγὼ	P-1NS	P-1NS	1473	ἐγώ	ἐγώ	
John 10:25	ποιῶ	V-PAI-1S	V-PAI-1S	4160&5719	ποιέω	ποιῶ	
John 10:25	ἐν	PREP	PREP	1722	ἐν	ἐν	
John 10:25	τῷ	T-DSN	T-DSN	3588	ὁ	τῷ	
John 10:25	ὀνόματι	N-DSN	N-DSN	3686	ὄνομα	ὀνόματι	
John 10:25	τοῦ	T-GSM	T-GSM	3588	ὁ	τοῦ	
John 10:25	Πατρός	N-GSM	N-GSM	3962	πατήρ	Πατρός	
John 10:25	μου,	P-1GS	P-1GS	1473	ἐγώ	μου	
John 10:25	ταῦτα	D-NPN	D-NPN	3778	οὗτος	ταῦτα	
John 10:25	μαρτυρεῖ	V-PAI-3S	V-PAI-3S	3140&5719	μαρτυρέω	μαρτυρεῖ	
John 10:25	περὶ	PREP	PREP	4012	περί	περί	
John 10:25	ἐμοῦ·	P-1GS	P-1GS	1473	ἐγώ	ἐμοῦ	
John 10:26	ἀλλὰ	CONJ	CONJ	235	ἀλλά	ἀλλά	
John 10:26	ὑμεῖς	P-2NP	P-2NP	4771	σύ	ὑμεῖς	
John 10:26	οὐ	PRT-N	PRT-N	3756	οὐ	οὐ	
John 10:26	πιστεύετε,	V-PAI-2P	V-PAI-2P	4100&5719	πιστεύω	πιστεύετε	
John 10:26	ὅτι	CONJ	CONJ	3754	ὅτι	ὅτι	
John 10:26	οὐκ	PRT-N	PRT-N	3756	οὐ	οὐκ	
John 10:26	ἐστὲ	V-PAI-2P	V-PAI-2P	1510&5719	εἰμί	ἐστέ	
John 10:26	ἐκ	PREP	PREP	1537	ἐκ	ἐκ	
John 10:26	τῶν	T-GPN	T-GPN	3588	ὁ	τῶν	
John 10:26	προβάτων	N-GPN	N-GPN	4263	πρόβατον	προβάτων	
John 10:26	τῶν	T-GPN	T-GPN	3588	ὁ	τῶν	
John 10:26	ἐμῶν.	S-1SGPN	S-1SGPN	1699	ἐμός	ἐμῶν	
John 10:27	τὰ	T-NPN	T-NPN	3588	ὁ	τά	
John 10:27	πρόβατα	N-NPN	N-NPN	4263	πρόβατον	πρόβατα	
John 10:27	τὰ	T-NPN	T-NPN	3588	ὁ	τά	
John 10:27	ἐμὰ	S-1SNPN	S-1SNPN	1699	ἐμός	ἐμά	
John 10:27	τῆς	T-GSF	T-GSF	3588	ὁ	τῆς	
John 10:27	φωνῆς	N-GSF	N-GSF	5456	φωνή	φωνῆς	
John 10:27	μου	P-1GS	P-1GS	1473	ἐγώ	μου	
John 10:27	ἀκούουσιν,	V-PAI-3P	V-PAI-3P	191&5719	ἀκούω	ἀκούουσιν	
John 10:27	κἀγὼ	P-1NS-K	P-1NS-K	2504	κἀγώ	κἀγώ	
John 10:27	γινώσκω	V-PAI-1S	V-PAI-1S	1097&5719	γινώσκω	γινώσκω	
John 10:27	αὐτά,	P-APN	P-APN	846	αὐτός	αὐτά	
John 10:27	καὶ	CONJ	CONJ	2532	καί	καί	
John 10:27	ἀκολουθοῦσίν	V-PAI-3P	V-PAI-3P	190&5719	ἀκολουθέω	ἀκολουθοῦσιν	
John 10:27	μοι,	P-1DS	P-1DS	1473	ἐγώ	μοι	
John 10:28	κἀγὼ	P-1NS-K	P-1NS-K	2504	κἀγώ	κἀγώ	
John 10:28	δίδωμι	V-PAI-1S	V-PAI-1S	1325&5719	δίδωμι	δίδωμι	
John 10:28	αὐτοῖς	P-DPN	P-DPN	846	αὐτός	αὐτοῖς	
John 10:28	ζωὴν	N-ASF	N-ASF	2222	ζωή	ζωήν	
John 10:28	αἰώνιον,	A-ASF	A-ASF	166	αἰώνιος	αἰώνιον	
John 10:28	καὶ	CONJ	CONJ	2532	καί	καί	
John 10:28	οὐ	PRT-N	PRT-N	3756	οὐ	οὐ	
John 10:28	μὴ	PRT-N	PRT-N	3361	μή	μή	
John 10:28	ἀπόλωνται	V-2AMS-3P	V-2AMS-3P	622&5643	ἀπόλλυμι	ἀπόλωνται	
John 10:28	εἰς	PREP	PREP	1519	εἰς	εἰς	
John 10:28	τὸν	T-ASM	T-ASM	3588	ὁ	τόν	
John 10:28	αἰῶνα,	N-ASM	N-ASM	165	αἰών	αἰῶνα	
John 10:28	καὶ	CONJ	CONJ	2532	καί	καί	
John 10:28	οὐχ	PRT-N	PRT-N	3756	οὐ	οὐχ	
John 10:28	ἁρπάσει	V-FAI-3S	V-FAI-3S	726&5692	ἁρπάζω	ἁρπάσει	
John 10:28	τις	X-NSM	X-NSM	5100	τὶς	τις	
John 10:28	αὐτὰ	P-APN	P-APN	846	αὐτός	αὐτά	
John 10:28	ἐκ	PREP	PREP	1537	ἐκ	ἐκ	
John 10:28	τῆς	T-GSF	T-GSF	3588	ὁ	τῆς	
John 10:28	χειρός	N-GSF	N-GSF	5495	χείρ	χειρός	
John 10:28	μου.	P-1GS	P-1GS	1473	ἐγώ	μου	
John 10:29	ὁ	T-NSM	T-NSM	3588	ὁ	ὁ	
John 10:29	Πατήρ	N-NSM	N-NSM	3962	πατήρ	Πατήρ	
John 10:29	μου	P-1GS	P-1GS	1473	ἐγώ	μου	
John 10:29	ὃ	R-ASN	R-ASN	3739	ὅς	ὅ	
John 10:29	δέδωκέν	V-RAI-3S	V-RAI-3S	1325&5758	δίδωμι	δέδωκεν	
John 10:29	μοι	P-1DS	P-1DS	1473	ἐγώ	μοι	
John 10:29	πάντων	A-GPN	A-GPN	3956	πᾶς	πάντων	
John 10:29	μεῖζόν	A-NSN-C	A-NSN-C	3173	μέγας	μεῖζον	
John 10:29	ἐστιν,	V-PAI-3S	V-PAI-3S	1510&5719	εἰμί	ἐστιν	
John 10:29	καὶ	CONJ	CONJ	2532	καί	καί	
John 10:29	οὐδεὶς	A-NSM-N	A-NSM-N	3762	οὐδείς	οὐδείς	
John 10:29	δύναται	V-PNI-3S	V-PNI-3S	1410&5736	δύναμαι	δύναται	
John 10:29	ἁρπάζειν	V-PAN	V-PAN	726&5721	ἁρπάζω	ἁρπάζειν	
John 10:29	ἐκ	PREP	PREP	1537	ἐκ	ἐκ	
John 10:29	τῆς	T-GSF	T-GSF	3588	ὁ	τῆς	
John 10:29	χειρὸς	N-GSF	N-GSF	5495	χείρ	χειρός	
John 10:29	τοῦ	T-GSM	T-GSM	3588	ὁ	τοῦ	
John 10:29	Πατρός.	N-GSM	N-GSM	3962	πατήρ	Πατρός	
John 10:30	ἐγὼ	P-1NS	P-1NS	1473	ἐγώ	ἐγώ	
John 10:30	καὶ	CONJ	CONJ	2532	καί	καί	
John 10:30	ὁ	T-NSM	T-NSM	3588	ὁ	ὁ	
John 10:30	Πατὴρ	N-NSM	N-NSM	3962	πατήρ	Πατήρ	
John 10:30	ἕν	A-NSN	A-NSN	1520	εἷς	ἕν	
John 10:30	ἐσμεν.	V-PAI-1P	V-PAI-1P	1510&5719	εἰμί	ἐσμεν	
John 10:31	Ἐβάστασαν	V-AAI-3P	V-AAI-3P	941&5656	βαστάζω	Ἐβάστασαν	
John 10:31	πάλιν	ADV	ADV	3825	πάλιν	πάλιν	
John 10:31	λίθους	N-APM	N-APM	3037	λίθος	λίθους	
John 10:31	οἱ	T-NPM	T-NPM	3588	ὁ	οἱ	
John 10:31	Ἰουδαῖοι	A-NPM	A-NPM	2453	Ἰουδαῖος	Ἰουδαῖοι	
John 10:31	ἵνα	CONJ	CONJ	2443	ἵνα	ἵνα	
John 10:31	λιθάσωσιν	V-AAS-3P	V-AAS-3P	3034&5661	λιθάζω	λιθάσωσιν	
John 10:31	αὐτόν.	P-ASM	P-ASM	846	αὐτός	αὐτόν	
John 10:32	ἀπεκρίθη	V-ADI-3S	V-ADI-3S	611&5662	ἀποκρίνομαι	ἀπεκρίθη	
John 10:32	αὐτοῖς	P-DPM	P-DPM	846	αὐτός	αὐτοῖς	
John 10:32	ὁ	T-NSM	T-NSM	3588	ὁ	ὁ	
John 10:32	Ἰησοῦς	N-NSM	N-NSM	2424	Ἰησοῦς	Ἰησοῦς	
John 10:32	Πολλὰ	A-APN	A-APN	4183	πολύς	Πολλά	
John 10:32	ἔργα	N-APN	N-APN	2041	ἔργον	ἔργα	
John 10:32	ἔδειξα	V-AAI-1S	V-AAI-1S	1166&5656	δείκνυμι	ἔδειξα	
John 10:32	ὑμῖν	P-2DP	P-2DP	4771	σύ	ὑμῖν	
John 10:32	καλὰ	A-APN	A-APN	2570	καλός	καλά	
John 10:32	ἐκ	PREP	PREP	1537	ἐκ	ἐκ	
John 10:32	τοῦ	T-GSM	T-GSM	3588	ὁ	τοῦ	
John 10:32	Πατρός·	N-GSM	N-GSM	3962	πατήρ	Πατρός	
John 10:32	διὰ	PREP	PREP	1223	διά	διά	
John 10:32	ποῖον	I-ASN	I-ASN	4169	ποῖος	ποῖον	
John 10:32	αὐτῶν	P-GPN	P-GPN	846	αὐτός	αὐτῶν	
John 10:32	ἔργον	N-ASN	N-ASN	2041	ἔργον	ἔργον	
John 10:32	ἐμὲ	P-1AS	P-1AS	1473	ἐγώ	ἐμέ	
John 10:32	λιθάζετε;	V-PAI-2P	V-PAI-2P	3034&5719	λιθάζω	λιθάζετε	
John 10:33	ἀπεκρίθησαν	V-ADI-3P	V-ADI-3P	611&5662	ἀποκρίνομαι	ἀπεκρίθησαν	
John 10:33	αὐτῷ	P-DSM	P-DSM	846	αὐτός	αὐτῷ	
John 10:33	οἱ	T-NPM	T-NPM	3588	ὁ	οἱ	
John 10:33	Ἰουδαῖοι	A-NPM	A-NPM	2453	Ἰουδαῖος	Ἰουδαῖοι	
John 10:33	Περὶ	PREP	PREP	4012	περί	Περί	
John 10:33	καλοῦ	A-GSN	A-GSN	2570	καλός	καλοῦ	
John 10:33	ἔργου	N-GSN	N-GSN	2041	ἔργον	ἔργου	
John 10:33	οὐ	PRT-N	PRT-N	3756	οὐ	οὐ	
John 10:33	λιθάζομέν	V-PAI-1P	V-PAI-1P	3034&5719	λιθάζω	λιθάζομεν	
John 10:33	σε	P-2AS	P-2AS	4771	σύ	σε	
John 10:33	ἀλλὰ	CONJ	CONJ	235	ἀλλά	ἀλλά	
John 10:33	περὶ	PREP	PREP	4012	περί	περί	
John 10:33	βλασφημίας,	N-GSF	N-GSF	988	βλασφημία	βλασφημίας	
John 10:33	καὶ	CONJ	CONJ	2532	καί	καί	
John 10:33	ὅτι	CONJ	CONJ	3754	ὅτι	ὅτι	
John 10:33	σὺ	P-2NS	P-2NS	4771	σύ	σύ	
John 10:33	ἄνθρωπος	N-NSM	N-NSM	444	ἄνθρωπος	ἄνθρωπος	
John 10:33	ὢν	V-PAP-NSM	V-PAP-NSM	1510&5723	εἰμί	ὤν	
John 10:33	ποιεῖς	V-PAI-2S	V-PAI-2S	4160&5719	ποιέω	ποιεῖς	
John 10:33	σεαυτὸν	F-2ASM	F-2ASM	4572	σεαυτοῦ	σεαυτόν	
John 10:33	Θεόν.	N-ASM	N-ASM	2316	θεός	Θεόν	
John 10:34	ἀπεκρίθη	V-ADI-3S	V-ADI-3S	611&5662	ἀποκρίνομαι	ἀπεκρίθη	
John 10:34	αὐτοῖς	P-DPM	P-DPM	846	αὐτός	αὐτοῖς	
John 10:34	ὁ	T-NSM	T-NSM	3588	ὁ	ὁ	
John 10:34	Ἰησοῦς	N-NSM	N-NSM	2424	Ἰησοῦς	Ἰησοῦς	
John 10:34	Οὐκ	PRT-N	PRT-N	3756	οὐ	Οὐκ	
John 10:34	ἔστιν	V-PAI-3S	V-PAI-3S	1510&5719	εἰμί	ἔστιν	
John 10:34	γεγραμμένον	V-RPP-NSN	V-RPP-NSN	1125&5772	γράφω	γεγραμμένον	
John 10:34	ἐν	PREP	PREP	1722	ἐν	ἐν	
John 10:34	τῷ	T-DSM	T-DSM	3588	ὁ	τῷ	
John 10:34	νόμῳ	N-DSM	N-DSM	3551	νόμος	νόμῳ	
John 10:34	ὑμῶν	P-2GP	P-2GP	4771	σύ	ὑμῶν	
John 10:34	ὅτι	CONJ	CONJ	3754	ὅτι	ὅτι	
John 10:34	Ἐγὼ	P-1NS	P-1NS	1473	ἐγώ	Ἐγώ	
John 10:34	εἶπα	V-2AAI-1S	V-2AAI-1S	3004&5627	λέγω	εἶπα	
John 10:34	Θεοί	N-NPM	N-NPM	2316	θεός	Θεοί	
John 10:34	ἐστε;	V-PAI-2P	V-PAI-2P	1510&5719	εἰμί	ἐστε	
John 10:35	εἰ	COND	COND	1487	εἰ	εἰ	
John 10:35	ἐκείνους	D-APM	D-APM	1565	ἐκεῖνος	ἐκείνους	
John 10:35	εἶπεν	V-2AAI-3S	V-2AAI-3S	3004&5627	λέγω	εἶπεν	
John 10:35	θεοὺς	N-APM	N-APM	2316	θεός	θεούς	
John 10:35	πρὸς	PREP	PREP	4314	πρός	πρός	
John 10:35	οὓς	R-APM	R-APM	3739	ὅς	οὕς	
John 10:35	ὁ	T-NSM	T-NSM	3588	ὁ	ὁ	
John 10:35	λόγος	N-NSM	N-NSM	3056	λόγος	λόγος	
John 10:35	τοῦ	T-GSM	T-GSM	3588	ὁ	τοῦ	
John 10:35	Θεοῦ	N-GSM	N-GSM	2316	θεός	Θεοῦ	
John 10:35	ἐγένετο,	V-2ADI-3S	V-2ADI-3S	1096&5633	γίνομαι	ἐγένετο	
John 10:35	καὶ	CONJ	CONJ	2532	καί	καί	
John 10:35	οὐ	PRT-N	PRT-N	3756	οὐ	οὐ	
John 10:35	δύναται	V-PNI-3S	V-PNI-3S	1410&5736	δύναμαι	δύναται	
John 10:35	λυθῆναι	V-APN	V-APN	3089&5683	λύω	λυθῆναι	
John 10:35	ἡ	T-NSF	T-NSF	3588	ὁ	ἡ	
John 10:35	γραφή,	N-NSF	N-NSF	1124	γραφή	γραφή	
John 10:36	ὃν	R-ASM	R-ASM	3739	ὅς	ὅν	
John 10:36	ὁ	T-NSM	T-NSM	3588	ὁ	ὁ	
John 10:36	Πατὴρ	N-NSM	N-NSM	3962	πατήρ	Πατήρ	
John 10:36	ἡγίασεν	V-AAI-3S	V-AAI-3S	37&5656	ἁγιάζω	ἡγίασεν	
John 10:36	καὶ	CONJ	CONJ	2532	καί	καί	
John 10:36	ἀπέστειλεν	V-AAI-3S	V-AAI-3S	649&5656	ἀποστέλλω	ἀπέστειλεν	
John 10:36	εἰς	PREP	PREP	1519	εἰς	εἰς	
John 10:36	τὸν	T-ASM	T-ASM	3588	ὁ	τόν	
John 10:36	κόσμον	N-ASM	N-ASM	2889	κόσμος	κόσμον	
John 10:36	ὑμεῖς	P-2NP	P-2NP	4771	σύ	ὑμεῖς	
John 10:36	λέγετε	V-PAI-2P	V-PAI-2P	3004&5719	λέγω	λέγετε	
John 10:36	ὅτι	CONJ	CONJ	3754	ὅτι	ὅτι	
John 10:36	Βλασφημεῖς,	V-PAI-2S	V-PAI-2S	987&5719	βλασφημέω	Βλασφημεῖς	
John 10:36	ὅτι	CONJ	CONJ	3754	ὅτι	ὅτι	
John 10:36	εἶπον	V-2AAI-1S	V-2AAI-1S	3004&5627	λέγω	εἶπον	
John 10:36	Υἱὸς	N-NSM	N-NSM	5207	υἱός	Υἱός	
John 10:36	τοῦ	T-GSM	T-GSM	3588	ὁ	τοῦ	
John 10:36	Θεοῦ	N-GSM	N-GSM	2316	θεός	Θεοῦ	
John 10:36	εἰμι;	V-PAI-1S	V-PAI-1S	1510	εἰμί	εἰμι	
John 10:37	εἰ	COND	COND	1487	εἰ	εἰ	
John 10:37	οὐ	PRT-N	PRT-N	3756	οὐ	οὐ	
John 10:37	ποιῶ	V-PAI-1S	V-PAI-1S	4160&5719	ποιέω	ποιῶ	
John 10:37	τὰ	T-APN	T-APN	3588	ὁ	τά	
John 10:37	ἔργα	N-APN	N-APN	2041	ἔργον	ἔργα	
John 10:37	τοῦ	T-GSM	T-GSM	3588	ὁ	τοῦ	
John 10:37	Πατρός	N-GSM	N-GSM	3962	πατήρ	Πατρός	
John 10:37	μου,	P-1GS	P-1GS	1473	ἐγώ	μου	
John 10:37	μὴ	PRT-N	PRT-N	3361	μή	μή	
John 10:37	πιστεύετέ	V-PAM-2P	V-PAM-2P	4100&5720	πιστεύω	πιστεύετε	
John 10:37	μοι·	P-1DS	P-1DS	1473	ἐγώ	μοι	
John 10:38	εἰ	COND	COND	1487	εἰ	εἰ	
John 10:38	δὲ	CONJ	CONJ	1161	δέ	δέ	
John 10:38	ποιῶ,	V-PAI-1S	V-PAI-1S	4160&5719	ποιέω	ποιῶ	
John 10:38	κἂν	COND-K	COND-K	2579	κἄν	κἄν	
John 10:38	ἐμοὶ	P-1DS	P-1DS	1473	ἐγώ	ἐμοί	
John 10:38	μὴ	PRT-N	PRT-N	3361	μή	μή	
John 10:38	πιστεύητε,	V-PAS-2P	V-PAS-2P	4100&5725	πιστεύω	πιστεύητε	
John 10:38	τοῖς	T-DPN	T-DPN	3588	ὁ	τοῖς	
John 10:38	ἔργοις	N-DPN	N-DPN	2041	ἔργον	ἔργοις	
John 10:38	πιστεύετε,	V-PAM-2P	V-PAM-2P	4100&5720	πιστεύω	πιστεύετε	
John 10:38	ἵνα	CONJ	CONJ	2443	ἵνα	ἵνα	
John 10:38	γνῶτε	V-2AAS-2P	V-2AAS-2P	1097&5632	γινώσκω	γνῶτε	
John 10:38	καὶ	CONJ	CONJ	2532	καί	καί	
John 10:38	γινώσκητε	V-PAS-2P	V-PAS-2P	1097&5725	γινώσκω	γινώσκητε	
John 10:38	ὅτι	CONJ	CONJ	3754	ὅτι	ὅτι	
John 10:38	ἐν	PREP	PREP	1722	ἐν	ἐν	
John 10:38	ἐμοὶ	P-1DS	P-1DS	1473	ἐγώ	ἐμοί	
John 10:38	ὁ	T-NSM	T-NSM	3588	ὁ	ὁ	
John 10:38	Πατὴρ	N-NSM	N-NSM	3962	πατήρ	Πατήρ	
John 10:38	κἀγὼ	P-1NS-K	P-1NS-K	2504	κἀγώ	κἀγώ	
John 10:38	ἐν	PREP	PREP	1722	ἐν	ἐν	
John 10:38	τῷ	T-DSM	T-DSM	3588	ὁ	τῷ	
John 10:38	Πατρί.	N-DSM	N-DSM	3962	πατήρ	Πατρί	
John 10:39	Ἐζήτουν	V-IAI-3P	V-IAI-3P	2212&5707	ζητέω	Ἐζήτουν	
John 10:39	οὖν	CONJ	CONJ	3767	οὖν	οὖν	
John 10:39	αὐτὸν	P-ASM	P-ASM	846	αὐτός	αὐτόν	
John 10:39	πάλιν	ADV	ADV	3825	πάλιν	πάλιν	
John 10:39	πιάσαι·	V-AAN	V-AAN	4084&5658	πιάζω	πιάσαι	
John 10:39	καὶ	CONJ	CONJ	2532	καί	καί	
John 10:39	ἐξῆλθεν	V-2AAI-3S	V-2AAI-3S	1831&5627	ἐξέρχομαι	ἐξῆλθεν	
John 10:39	ἐκ	PREP	PREP	1537	ἐκ	ἐκ	
John 10:39	τῆς	T-GSF	T-GSF	3588	ὁ	τῆς	
John 10:39	χειρὸς	N-GSF	N-GSF	5495	χείρ	χειρός	
John 10:39	αὐτῶν.	P-GPM	P-GPM	846	αὐτός	αὐτῶν	
John 10:40	Καὶ	CONJ	CONJ	2532	καί	Καί	
John 10:40	ἀπῆλθεν	V-2AAI-3S	V-2AAI-3S	565&5627	ἀπέρχομαι	ἀπῆλθεν	
John 10:40	πάλιν	ADV	ADV	3825	πάλιν	πάλιν	
John 10:40	πέραν	ADV	ADV	4008	πέραν	πέραν	
John 10:40	τοῦ	T-GSM	T-GSM	3588	ὁ	τοῦ	
John 10:40	Ἰορδάνου	N-GSM	N-GSM	2446	Ἰορδάνης	Ἰορδάνου	
John 10:40	εἰς	PREP	PREP	1519	εἰς	εἰς	
John 10:40	τὸν	T-ASM	T-ASM	3588	ὁ	τόν	
John 10:40	τόπον	N-ASM	N-ASM	5117	τόπος	τόπον	
John 10:40	ὅπου	ADV	ADV	3699	ὅπου	ὅπου	
John 10:40	ἦν	V-IAI-3S	V-IAI-3S	1510&5707	εἰμί	ἦν	
John 10:40	Ἰωάνης	N-NSM	N-NSM	2491	Ἰωάννης	Ἰωάνης	
John 10:40	τὸ	T-ASN	T-ASN	3588	ὁ	τό	
John 10:40	πρῶτον	A-ASN-S	A-ASN-S	4413	πρῶτος	πρῶτον	
John 10:40	βαπτίζων,	V-PAP-NSM	V-PAP-NSM	907&5723	βαπτίζω	βαπτίζων	
John 10:40	καὶ	CONJ	CONJ	2532	καί	καί	
John 10:40	ἔμενεν	V-IAI-3S	V-IAI-3S	3306&5707	μένω	ἔμενεν	
John 10:40	ἐκεῖ.	ADV	ADV	1563	ἐκεῖ	ἐκεῖ	
John 10:41	καὶ	CONJ	CONJ	2532	καί	καί	
John 10:41	πολλοὶ	A-NPM	A-NPM	4183	πολύς	πολλοί	
John 10:41	ἦλθον	V-2AAI-3P	V-2AAI-3P	2064&5627	ἔρχομαι	ἦλθον	
John 10:41	πρὸς	PREP	PREP	4314	πρός	πρός	
John 10:41	αὐτὸν	P-ASM	P-ASM	846	αὐτός	αὐτόν	
John 10:41	καὶ	CONJ	CONJ	2532	καί	καί	
John 10:41	ἔλεγον	V-IAI-3P	V-IAI-3P	3004&5707	λέγω	ἔλεγον	
John 10:41	ὅτι	CONJ	CONJ	3754	ὅτι	ὅτι	
John 10:41	Ἰωάνης	N-NSM	N-NSM	2491	Ἰωάννης	Ἰωάνης	
John 10:41	μὲν	PRT	PRT	3303	μέν	μέν	
John 10:41	σημεῖον	N-ASN	N-ASN	4592	σημεῖον	σημεῖον	
John 10:41	ἐποίησεν	V-AAI-3S	V-AAI-3S	4160&5656	ποιέω	ἐποίησεν	
John 10:41	οὐδέν,	A-ASN-N	A-ASN-N	3762	οὐδείς	οὐδέν	
John 10:41	πάντα	A-NPN	A-NPN	3956	πᾶς	πάντα	
John 10:41	δὲ	CONJ	CONJ	1161	δέ	δέ	
John 10:41	ὅσα	K-APN	K-APN	3745	ὅσος	ὅσα	
John 10:41	εἶπεν	V-2AAI-3S	V-2AAI-3S	3004&5627	λέγω	εἶπεν	
John 10:41	Ἰωάνης	N-NSM	N-NSM	2491	Ἰωάννης	Ἰωάνης	
John 10:41	περὶ	PREP	PREP	4012	περί	περί	
John 10:41	τούτου	D-GSM	D-GSM	3778	οὗτος	τούτου	
John 10:41	ἀληθῆ	A-NPN	A-NPN	227	ἀληθής	ἀληθῆ	
John 10:41	ἦν.	V-IAI-3S	V-IAI-3S	1510&5707	εἰμί	ἦν	
John 10:42	καὶ	CONJ	CONJ	2532	καί	καί	
John 10:42	πολλοὶ	A-NPM	A-NPM	4183	πολύς	πολλοί	
John 10:42	ἐπίστευσαν	V-AAI-3P	V-AAI-3P	4100&5656	πιστεύω	ἐπίστευσαν	
John 10:42	εἰς	PREP	PREP	1519	εἰς	εἰς	
John 10:42	αὐτὸν	P-ASM	P-ASM	846	αὐτός	αὐτόν	
John 10:42	ἐκεῖ.	ADV	ADV	1563	ἐκεῖ	ἐκεῖ	
John 11:1	Ἦν	V-IAI-3S	V-IAI-3S	1510&5707	εἰμί	Ἦν	
John 11:1	δέ	CONJ	CONJ	1161	δέ	δέ	
John 11:1	τις	X-NSM	X-NSM	5100	τὶς	τις	
John 11:1	ἀσθενῶν,	V-PAP-NSM	V-PAP-NSM	770&5723	ἀσθενέω	ἀσθενῶν	
John 11:1	Λάζαρος	N-NSM	N-NSM	2976	Λάζαρος	Λάζαρος	
John 11:1	ἀπὸ	PREP	PREP	575	ἀπό	ἀπό	
John 11:1	Βηθανίας,	N-GSF	N-GSF	963	Βηθανία	Βηθανίας	
John 11:1	ἐκ	PREP	PREP	1537	ἐκ	ἐκ	
John 11:1	τῆς	T-GSF	T-GSF	3588	ὁ	τῆς	
John 11:1	κώμης	N-GSF	N-GSF	2968	κώμη	κώμης	
John 11:1	Μαρίας	N-GSF	N-GSF	3137	Μαρία	Μαρίας	
John 11:1	καὶ	CONJ	CONJ	2532	καί	καί	
John 11:1	Μάρθας	N-GSF	N-GSF	3136	Μάρθα	Μάρθας	
John 11:1	τῆς	T-GSF	T-GSF	3588	ὁ	τῆς	
John 11:1	ἀδελφῆς	N-GSF	N-GSF	79	ἀδελφή	ἀδελφῆς	
John 11:1	αὐτῆς.	P-GSF	P-GSF	846	αὐτός	αὐτῆς	
John 11:2	ἦν	V-IAI-3S	V-IAI-3S	1510&5707	εἰμί	ἦν	
John 11:2	δὲ	CONJ	CONJ	1161	δέ	δέ	
John 11:2	Μαριὰμ	N-PRI	N-PRI	3137	Μαρία	Μαριάμ	
John 11:2	ἡ	T-NSF	T-NSF	3588	ὁ	ἡ	
John 11:2	ἀλείψασα	V-AAP-NSF	V-AAP-NSF	218&5660	ἀλείφω	ἀλείψασα	
John 11:2	τὸν	T-ASM	T-ASM	3588	ὁ	τόν	
John 11:2	Κύριον	N-ASM	N-ASM	2962	κύριος	Κύριον	
John 11:2	μύρῳ	N-DSN	N-DSN	3464	μύρον	μύρῳ	
John 11:2	καὶ	CONJ	CONJ	2532	καί	καί	
John 11:2	ἐκμάξασα	V-AAP-NSF	V-AAP-NSF	1591&5660	ἐκμάσσω	ἐκμάξασα	
John 11:2	τοὺς	T-APM	T-APM	3588	ὁ	τούς	
John 11:2	πόδας	N-APM	N-APM	4228	πούς	πόδας	
John 11:2	αὐτοῦ	P-GSM	P-GSM	846	αὐτός	αὐτοῦ	
John 11:2	ταῖς	T-DPF	T-DPF	3588	ὁ	ταῖς	
John 11:2	θριξὶν	N-DPF	N-DPF	2359	θρίξ	θριξίν	
John 11:2	αὐτῆς,	P-GSF	P-GSF	846	αὐτός	αὐτῆς	
John 11:2	ἧς	R-GSF	R-GSF	3739	ὅς	ἧς	
John 11:2	ὁ	T-NSM	T-NSM	3588	ὁ	ὁ	
John 11:2	ἀδελφὸς	N-NSM	N-NSM	80	ἀδελφός	ἀδελφός	
John 11:2	Λάζαρος	N-NSM	N-NSM	2976	Λάζαρος	Λάζαρος	
John 11:2	ἠσθένει.	V-IAI-3S	V-IAI-3S	770&5707	ἀσθενέω	ἠσθένει	
John 11:3	ἀπέστειλαν	V-AAI-3P	V-AAI-3P	649&5656	ἀποστέλλω	ἀπέστειλαν	
John 11:3	οὖν	CONJ	CONJ	3767	οὖν	οὖν	
John 11:3	αἱ	T-NPF	T-NPF	3588	ὁ	αἱ	
John 11:3	ἀδελφαὶ	N-NPF	N-NPF	79	ἀδελφή	ἀδελφαί	
John 11:3	πρὸς	PREP	PREP	4314	πρός	πρός	
John 11:3	αὐτὸν	P-ASM	P-ASM	846	αὐτός	αὐτόν	
John 11:3	λέγουσαι	V-PAP-NPF	V-PAP-NPF	3004&5723	λέγω	λέγουσαι	
John 11:3	Κύριε,	N-VSM	N-VSM	2962	κύριος	Κύριε	
John 11:3	ἴδε	V-2AAM-2S	V-2AAM-2S	3708&5628	ὁράω	ἴδε	
John 11:3	ὃν	R-ASM	R-ASM	3739	ὅς	ὅν	
John 11:3	φιλεῖς	V-PAI-2S	V-PAI-2S	5368&5719	φιλέω	φιλεῖς	
John 11:3	ἀσθενεῖ.	V-PAI-3S	V-PAI-3S	770&5719	ἀσθενέω	ἀσθενεῖ	
John 11:4	ἀκούσας	V-AAP-NSM	V-AAP-NSM	191&5660	ἀκούω	ἀκούσας	
John 11:4	δὲ	CONJ	CONJ	1161	δέ	δέ	
John 11:4	ὁ	T-NSM	T-NSM	3588	ὁ	ὁ	
John 11:4	Ἰησοῦς	N-NSM	N-NSM	2424	Ἰησοῦς	Ἰησοῦς	
John 11:4	εἶπεν	V-2AAI-3S	V-2AAI-3S	3004&5627	λέγω	εἶπεν	
John 11:4	Αὕτη	D-NSF	D-NSF	3778	οὗτος	Αὕτη	
John 11:4	ἡ	T-NSF	T-NSF	3588	ὁ	ἡ	
John 11:4	ἀσθένεια	N-NSF	N-NSF	769	ἀσθένεια	ἀσθένεια	
John 11:4	οὐκ	PRT-N	PRT-N	3756	οὐ	οὐκ	
John 11:4	ἔστιν	V-PAI-3S	V-PAI-3S	1510&5719	εἰμί	ἔστιν	
John 11:4	πρὸς	PREP	PREP	4314	πρός	πρός	
John 11:4	θάνατον	N-ASM	N-ASM	2288	θάνατος	θάνατον	
John 11:4	ἀλλ’	CONJ	CONJ	235	ἀλλά	ἀλλ’	
John 11:4	ὑπὲρ	PREP	PREP	5228	ὑπέρ	ὑπέρ	
John 11:4	τῆς	T-GSF	T-GSF	3588	ὁ	τῆς	
John 11:4	δόξης	N-GSF	N-GSF	1391	δόξα	δόξης	
John 11:4	τοῦ	T-GSM	T-GSM	3588	ὁ	τοῦ	
John 11:4	Θεοῦ,	N-GSM	N-GSM	2316	θεός	Θεοῦ	
John 11:4	ἵνα	CONJ	CONJ	2443	ἵνα	ἵνα	
John 11:4	δοξασθῇ	V-APS-3S	V-APS-3S	1392&5686	δοξάζω	δοξασθῇ	
John 11:4	ὁ	T-NSM	T-NSM	3588	ὁ	ὁ	
John 11:4	Υἱὸς	N-NSM	N-NSM	5207	υἱός	Υἱός	
John 11:4	τοῦ	T-GSM	T-GSM	3588	ὁ	τοῦ	
John 11:4	Θεοῦ	N-GSM	N-GSM	2316	θεός	Θεοῦ	
John 11:4	δι’	PREP	PREP	1223	διά	δι’	
John 11:4	αὐτῆς.	P-GSF	P-GSF	846	αὐτός	αὐτῆς	
John 11:5	ἠγάπα	V-IAI-3S	V-IAI-3S	25&5707	ἀγαπάω	ἠγάπα	
John 11:5	δὲ	CONJ	CONJ	1161	δέ	δέ	
John 11:5	ὁ	T-NSM	T-NSM	3588	ὁ	ὁ	
John 11:5	Ἰησοῦς	N-NSM	N-NSM	2424	Ἰησοῦς	Ἰησοῦς	
John 11:5	τὴν	T-ASF	T-ASF	3588	ὁ	τήν	
John 11:5	Μάρθαν	N-ASF	N-ASF	3136	Μάρθα	Μάρθαν	
John 11:5	καὶ	CONJ	CONJ	2532	καί	καί	
John 11:5	τὴν	T-ASF	T-ASF	3588	ὁ	τήν	
John 11:5	ἀδελφὴν	N-ASF	N-ASF	79	ἀδελφή	ἀδελφήν	
John 11:5	αὐτῆς	P-GSF	P-GSF	846	αὐτός	αὐτῆς	
John 11:5	καὶ	CONJ	CONJ	2532	καί	καί	
John 11:5	τὸν	T-ASM	T-ASM	3588	ὁ	τόν	
John 11:5	Λάζαρον.	N-ASM	N-ASM	2976	Λάζαρος	Λάζαρον	
John 11:6	ὡς	ADV	ADV	5613	ὡς	ὡς	
John 11:6	οὖν	CONJ	CONJ	3767	οὖν	οὖν	
John 11:6	ἤκουσεν	V-AAI-3S	V-AAI-3S	191&5656	ἀκούω	ἤκουσεν	
John 11:6	ὅτι	CONJ	CONJ	3754	ὅτι	ὅτι	
John 11:6	ἀσθενεῖ,	V-PAI-3S	V-PAI-3S	770&5719	ἀσθενέω	ἀσθενεῖ	
John 11:6	τότε	ADV	ADV	5119	τότε	τότε	
John 11:6	μὲν	PRT	PRT	3303	μέν	μέν	
John 11:6	ἔμεινεν	V-AAI-3S	V-AAI-3S	3306&5656	μένω	ἔμεινεν	
John 11:6	ἐν	PREP	PREP	1722	ἐν	ἐν	
John 11:6	ᾧ	R-DSM	R-DSM	3739	ὅς	ᾧ	
John 11:6	ἦν	V-IAI-3S	V-IAI-3S	1510&5707	εἰμί	ἦν	
John 11:6	τόπῳ	N-DSM	N-DSM	5117	τόπος	τόπῳ	
John 11:6	δύο	A-NUI	A-NUI	1417	δύο	δύο	
John 11:6	ἡμέρας·	N-APF	N-APF	2250	ἡμέρα	ἡμέρας	
John 11:7	ἔπειτα	ADV	ADV	1899	ἔπειτα	ἔπειτα	
John 11:7	μετὰ	PREP	PREP	3326	μετά	μετά	
John 11:7	τοῦτο	D-ASN	D-ASN	3778	οὗτος	τοῦτο	
John 11:7	λέγει	V-PAI-3S	V-PAI-3S	3004&5719	λέγω	λέγει	
John 11:7	τοῖς	T-DPM	T-DPM	3588	ὁ	τοῖς	
John 11:7	μαθηταῖς	N-DPM	N-DPM	3101	μαθητής	μαθηταῖς	
John 11:7	Ἄγωμεν	V-PAS-1P	V-PAS-1P	71&5725	ἄγω	Ἄγωμεν	
John 11:7	εἰς	PREP	PREP	1519	εἰς	εἰς	
John 11:7	τὴν	T-ASF	T-ASF	3588	ὁ	τήν	
John 11:7	Ἰουδαίαν	N-ASF	N-ASF	2449	Ἰουδαία	Ἰουδαίαν	
John 11:7	πάλιν.	ADV	ADV	3825	πάλιν	πάλιν	
John 11:8	λέγουσιν	V-PAI-3P	V-PAI-3P	3004&5719	λέγω	λέγουσιν	
John 11:8	αὐτῷ	P-DSM	P-DSM	846	αὐτός	αὐτῷ	
John 11:8	οἱ	T-NPM	T-NPM	3588	ὁ	οἱ	
John 11:8	μαθηταί	N-NPM	N-NPM	3101	μαθητής	μαθηταί	
John 11:8	Ῥαββεί,	HEB	HEB	4461	ῥαββί	Ῥαββεί	
John 11:8	νῦν	ADV	ADV	3568	νῦν	νῦν	
John 11:8	ἐζήτουν	V-IAI-3P	V-IAI-3P	2212&5707	ζητέω	ἐζήτουν	
John 11:8	σε	P-2AS	P-2AS	4771	σύ	σε	
John 11:8	λιθάσαι	V-AAN	V-AAN	3034&5658	λιθάζω	λιθάσαι	
John 11:8	οἱ	T-NPM	T-NPM	3588	ὁ	οἱ	
John 11:8	Ἰουδαῖοι,	A-NPM	A-NPM	2453	Ἰουδαῖος	Ἰουδαῖοι	
John 11:8	καὶ	CONJ	CONJ	2532	καί	καί	
John 11:8	πάλιν	ADV	ADV	3825	πάλιν	πάλιν	
John 11:8	ὑπάγεις	V-PAI-2S	V-PAI-2S	5217&5719	ὑπάγω	ὑπάγεις	
John 11:8	ἐκεῖ;	ADV	ADV	1563	ἐκεῖ	ἐκεῖ	
John 11:9	ἀπεκρίθη	V-ADI-3S	V-ADI-3S	611&5662	ἀποκρίνομαι	ἀπεκρίθη	
John 11:9	Ἰησοῦς	N-NSM	N-NSM	2424	Ἰησοῦς	Ἰησοῦς	
John 11:9	Οὐχὶ	PRT-I	PRT-I	3780	οὐχί	Οὐχί	
John 11:9	δώδεκα	A-NUI	A-NUI	1427	δώδεκα	δώδεκα	
John 11:9	ὧραί	N-NPF	N-NPF	5610	ὥρα	ὧραι	
John 11:9	εἰσιν	V-PAI-3P	V-PAI-3P	1510&5719	εἰμί	εἰσιν	
John 11:9	τῆς	T-GSF	T-GSF	3588	ὁ	τῆς	
John 11:9	ἡμέρας;	N-GSF	N-GSF	2250	ἡμέρα	ἡμέρας	
John 11:9	ἐάν	COND	COND	1437	ἐάν	ἐάν	
John 11:9	τις	X-NSM	X-NSM	5100	τὶς	τις	
John 11:9	περιπατῇ	V-PAS-3S	V-PAS-3S	4043&5725	περιπατέω	περιπατῇ	
John 11:9	ἐν	PREP	PREP	1722	ἐν	ἐν	
John 11:9	τῇ	T-DSF	T-DSF	3588	ὁ	τῇ	
John 11:9	ἡμέρᾳ,	N-DSF	N-DSF	2250	ἡμέρα	ἡμέρᾳ	
John 11:9	οὐ	PRT-N	PRT-N	3756	οὐ	οὐ	
John 11:9	προσκόπτει,	V-PAI-3S	V-PAI-3S	4350&5719	προσκόπτω	προσκόπτει	
John 11:9	ὅτι	CONJ	CONJ	3754	ὅτι	ὅτι	
John 11:9	τὸ	T-ASN	T-ASN	3588	ὁ	τό	
John 11:9	φῶς	N-ASN	N-ASN	5457	φῶς	φῶς	
John 11:9	τοῦ	T-GSM	T-GSM	3588	ὁ	τοῦ	
John 11:9	κόσμου	N-GSM	N-GSM	2889	κόσμος	κόσμου	
John 11:9	τούτου	D-GSM	D-GSM	3778	οὗτος	τούτου	
John 11:9	βλέπει·	V-PAI-3S	V-PAI-3S	991&5719	βλέπω	βλέπει	
John 11:10	ἐὰν	COND	COND	1437	ἐάν	ἐάν	
John 11:10	δέ	CONJ	CONJ	1161	δέ	δέ	
John 11:10	τις	X-NSM	X-NSM	5100	τὶς	τις	
John 11:10	περιπατῇ	V-PAS-3S	V-PAS-3S	4043&5725	περιπατέω	περιπατῇ	
John 11:10	ἐν	PREP	PREP	1722	ἐν	ἐν	
John 11:10	τῇ	T-DSF	T-DSF	3588	ὁ	τῇ	
John 11:10	νυκτί,	N-DSF	N-DSF	3571	νύξ	νυκτί	
John 11:10	προσκόπτει,	V-PAI-3S	V-PAI-3S	4350&5719	προσκόπτω	προσκόπτει	
John 11:10	ὅτι	CONJ	CONJ	3754	ὅτι	ὅτι	
John 11:10	τὸ	T-NSN	T-NSN	3588	ὁ	τό	
John 11:10	φῶς	N-NSN	N-NSN	5457	φῶς	φῶς	
John 11:10	οὐκ	PRT-N	PRT-N	3756	οὐ	οὐκ	
John 11:10	ἔστιν	V-PAI-3S	V-PAI-3S	1510&5719	εἰμί	ἔστιν	
John 11:10	ἐν	PREP	PREP	1722	ἐν	ἐν	
John 11:10	αὐτῷ.	P-DSM	P-DSM	846	αὐτός	αὐτῷ	
John 11:11	ταῦτα	D-APN	D-APN	3778	οὗτος	ταῦτα	
John 11:11	εἶπεν,	V-2AAI-3S	V-2AAI-3S	3004&5627	λέγω	εἶπεν	
John 11:11	καὶ	CONJ	CONJ	2532	καί	καί	
John 11:11	μετὰ	PREP	PREP	3326	μετά	μετά	
John 11:11	τοῦτο	D-ASN	D-ASN	3778	οὗτος	τοῦτο	
John 11:11	λέγει	V-PAI-3S	V-PAI-3S	3004&5719	λέγω	λέγει	
John 11:11	αὐτοῖς	P-DPM	P-DPM	846	αὐτός	αὐτοῖς	
John 11:11	Λάζαρος	N-NSM	N-NSM	2976	Λάζαρος	Λάζαρος	
John 11:11	ὁ	T-NSM	T-NSM	3588	ὁ	ὁ	
John 11:11	φίλος	A-NSM	A-NSM	5384	φίλος	φίλος	
John 11:11	ἡμῶν	P-1GP	P-1GP	1473	ἐγώ	ἡμῶν	
John 11:11	κεκοίμηται·	V-RPI-3S	V-RPI-3S	2837&5769	κοιμάομαι	κεκοίμηται	
John 11:11	ἀλλὰ	CONJ	CONJ	235	ἀλλά	ἀλλά	
John 11:11	πορεύομαι	V-PNI-1S	V-PNI-1S	4198&5736	πορεύομαι	πορεύομαι	
John 11:11	ἵνα	CONJ	CONJ	2443	ἵνα	ἵνα	
John 11:11	ἐξυπνίσω	V-AAS-1S	V-AAS-1S	1852&5661	ἐξυπνίζω	ἐξυπνίσω	
John 11:11	αὐτόν.	P-ASM	P-ASM	846	αὐτός	αὐτόν	
John 11:12	εἶπαν	V-2AAI-3P	V-2AAI-3P	3004&5627	λέγω	εἶπαν	
John 11:12	οὖν	CONJ	CONJ	3767	οὖν	οὖν	
John 11:12	οἱ	T-NPM	T-NPM	3588	ὁ	οἱ	
John 11:12	μαθηταὶ	N-NPM	N-NPM	3101	μαθητής	μαθηταί	
John 11:12	αὐτῷ	P-DSM	P-DSM	846	αὐτός	αὐτῷ	
John 11:12	Κύριε,	N-VSM	N-VSM	2962	κύριος	Κύριε	
John 11:12	εἰ	COND	COND	1487	εἰ	εἰ	
John 11:12	κεκοίμηται,	V-RPI-3S	V-RPI-3S	2837&5769	κοιμάομαι	κεκοίμηται	
John 11:12	σωθήσεται.	V-FPI-3S	V-FPI-3S	4982&5701	σῴζω	σωθήσεται	
John 11:13	εἰρήκει	V-LAI-3S-ATT	V-LAI-3S-ATT	2046&5715	εἶπον	εἰρήκει	
John 11:13	δὲ	CONJ	CONJ	1161	δέ	δέ	
John 11:13	ὁ	T-NSM	T-NSM	3588	ὁ	ὁ	
John 11:13	Ἰησοῦς	N-NSM	N-NSM	2424	Ἰησοῦς	Ἰησοῦς	
John 11:13	περὶ	PREP	PREP	4012	περί	περί	
John 11:13	τοῦ	T-GSM	T-GSM	3588	ὁ	τοῦ	
John 11:13	θανάτου	N-GSM	N-GSM	2288	θάνατος	θανάτου	
John 11:13	αὐτοῦ·	P-GSM	P-GSM	846	αὐτός	αὐτοῦ	
John 11:13	ἐκεῖνοι	D-NPM	D-NPM	1565	ἐκεῖνος	ἐκεῖνοι	
John 11:13	δὲ	CONJ	CONJ	1161	δέ	δέ	
John 11:13	ἔδοξαν	V-AAI-3P	V-AAI-3P	1380&5656	δοκέω	ἔδοξαν	
John 11:13	ὅτι	CONJ	CONJ	3754	ὅτι	ὅτι	
John 11:13	περὶ	PREP	PREP	4012	περί	περί	
John 11:13	τῆς	T-GSF	T-GSF	3588	ὁ	τῆς	
John 11:13	κοιμήσεως	N-GSF	N-GSF	2838	κοίμησις	κοιμήσεως	
John 11:13	τοῦ	T-GSM	T-GSM	3588	ὁ	τοῦ	
John 11:13	ὕπνου	N-GSM	N-GSM	5258	ὕπνος	ὕπνου	
John 11:13	λέγει.	V-PAI-3S	V-PAI-3S	3004&5719	λέγω	λέγει	
John 11:14	τότε	ADV	ADV	5119	τότε	τότε	
John 11:14	οὖν	CONJ	CONJ	3767	οὖν	οὖν	
John 11:14	εἶπεν	V-2AAI-3S	V-2AAI-3S	3004&5627	λέγω	εἶπεν	
John 11:14	αὐτοῖς	P-DPM	P-DPM	846	αὐτός	αὐτοῖς	
John 11:14	ὁ	T-NSM	T-NSM	3588	ὁ	ὁ	
John 11:14	Ἰησοῦς	N-NSM	N-NSM	2424	Ἰησοῦς	Ἰησοῦς	
John 11:14	παρρησίᾳ	N-DSF	N-DSF	3954	παρρησία	παρρησίᾳ	
John 11:14	Λάζαρος	N-NSM	N-NSM	2976	Λάζαρος	Λάζαρος	
John 11:14	ἀπέθανεν,	V-2AAI-3S	V-2AAI-3S	599&5627	ἀποθνῄσκω	ἀπέθανεν	
John 11:15	καὶ	CONJ	CONJ	2532	καί	καί	
John 11:15	χαίρω	V-PAI-1S	V-PAI-1S	5463&5719	χαίρω	χαίρω	
John 11:15	δι’	PREP	PREP	1223	διά	δι’	
John 11:15	ὑμᾶς,	P-2AP	P-2AP	4771	σύ	ὑμᾶς	
John 11:15	ἵνα	CONJ	CONJ	2443	ἵνα	ἵνα	
John 11:15	πιστεύσητε,	V-AAS-2P	V-AAS-2P	4100&5661	πιστεύω	πιστεύσητε	
John 11:15	ὅτι	CONJ	CONJ	3754	ὅτι	ὅτι	
John 11:15	οὐκ	PRT-N	PRT-N	3756	οὐ	οὐκ	
John 11:15	ἤμην	V-IMI-1S	V-IEI-1S	1510&5710	εἰμί	ἤμην	
John 11:15	ἐκεῖ·	ADV	ADV	1563	ἐκεῖ	ἐκεῖ	
John 11:15	ἀλλὰ	CONJ	CONJ	235	ἀλλά	ἀλλά	
John 11:15	ἄγωμεν	V-PAS-1P	V-PAS-1P	71&5725	ἄγω	ἄγωμεν	
John 11:15	πρὸς	PREP	PREP	4314	πρός	πρός	
John 11:15	αὐτόν.	P-ASM	P-ASM	846	αὐτός	αὐτόν	
John 11:16	εἶπεν	V-2AAI-3S	V-2AAI-3S	3004&5627	λέγω	εἶπεν	
John 11:16	οὖν	CONJ	CONJ	3767	οὖν	οὖν	
John 11:16	Θωμᾶς	N-NSM	N-NSM	2381	Θωμᾶς	Θωμᾶς	
John 11:16	ὁ	T-NSM	T-NSM	3588	ὁ	ὁ	
John 11:16	λεγόμενος	V-PPP-NSM	V-PEP-NSM	3004&5746	λέγω	λεγόμενος	
John 11:16	Δίδυμος	N-NSM	N-NSM	1324	Δίδυμος	Δίδυμος	
John 11:16	τοῖς	T-DPM	T-DPM	3588	ὁ	τοῖς	
John 11:16	συνμαθηταῖς	N-DPM	N-DPM	4827	συμμαθητής	συνμαθηταῖς	
John 11:16	Ἄγωμεν	V-PAS-1P	V-PAS-1P	71&5725	ἄγω	Ἄγωμεν	
John 11:16	καὶ	CONJ	CONJ	2532	καί	καί	
John 11:16	ἡμεῖς	P-1NP	P-1NP	1473	ἐγώ	ἡμεῖς	
John 11:16	ἵνα	CONJ	CONJ	2443	ἵνα	ἵνα	
John 11:16	ἀποθάνωμεν	V-2AAS-1P	V-2AAS-1P	599&5632	ἀποθνῄσκω	ἀποθάνωμεν	
John 11:16	μετ’	PREP	PREP	3326	μετά	μετ’	
John 11:16	αὐτοῦ.	P-GSM	P-GSM	846	αὐτός	αὐτοῦ	
John 11:17	Ἐλθὼν	V-2AAP-NSM	V-2AAP-NSM	2064&5631	ἔρχομαι	Ἐλθών	
John 11:17	οὖν	CONJ	CONJ	3767	οὖν	οὖν	
John 11:17	ὁ	T-NSM	T-NSM	3588	ὁ	ὁ	
John 11:17	Ἰησοῦς	N-NSM	N-NSM	2424	Ἰησοῦς	Ἰησοῦς	
John 11:17	εὗρεν	V-2AAI-3S	V-2AAI-3S	2147&5627	εὑρίσκω	εὗρεν	
John 11:17	αὐτὸν	P-ASM	P-ASM	846	αὐτός	αὐτόν	
John 11:17	τέσσαρας	A-APF	A-APF	5064	τέσσαρες	τέσσαρας	
John 11:17	ἤδη	ADV	ADV	2235	ἤδη	ἤδη	
John 11:17	ἡμέρας	N-APF	N-APF	2250	ἡμέρα	ἡμέρας	
John 11:17	ἔχοντα	V-PAP-ASM	V-PAP-ASM	2192&5723	ἔχω	ἔχοντα	
John 11:17	ἐν	PREP	PREP	1722	ἐν	ἐν	
John 11:17	τῷ	T-DSN	T-DSN	3588	ὁ	τῷ	
John 11:17	μνημείῳ.	N-DSN	N-DSN	3419	μνημεῖον	μνημείῳ	
John 11:18	ἦν	V-IAI-3S	V-IAI-3S	1510&5707	εἰμί	ἦν	
John 11:18	δὲ	CONJ	CONJ	1161	δέ	δέ	
John 11:18	Βηθανία	N-NSF	N-NSF	963	Βηθανία	Βηθανία	
John 11:18	ἐγγὺς	ADV	ADV	1451	ἐγγύς	ἐγγύς	
John 11:18	τῶν	T-GPN	T-GPN	3588	ὁ	τῶν	
John 11:18	Ἱεροσολύμων	N-GPN	N-GPN	2414	Ἱεροσόλυμα	Ἱεροσολύμων	
John 11:18	ὡς	ADV	ADV	5613	ὡς	ὡς	
John 11:18	ἀπὸ	PREP	PREP	575	ἀπό	ἀπό	
John 11:18	σταδίων	N-GPM	N-GPM	4712	στάδιον	σταδίων	
John 11:18	δεκαπέντε.	A-NUI	A-NUI	1178	δεκαπέντε	δεκαπέντε	
John 11:19	πολλοὶ	A-NPM	A-NPM	4183	πολύς	πολλοί	
John 11:19	δὲ	CONJ	CONJ	1161	δέ	δέ	
John 11:19	ἐκ	PREP	PREP	1537	ἐκ	ἐκ	
John 11:19	τῶν	T-GPM	T-GPM	3588	ὁ	τῶν	
John 11:19	Ἰουδαίων	A-GPM	A-GPM	2453	Ἰουδαῖος	Ἰουδαίων	
John 11:19	ἐληλύθεισαν	V-2LAI-3P	V-2LAI-3P	2064&5714	ἔρχομαι	ἐληλύθεισαν	
John 11:19	πρὸς	PREP	PREP	4314	πρός	πρός	
John 11:19	τὴν	T-ASF	T-ASF	3588	ὁ	τήν	
John 11:19	Μάρθαν	N-ASF	N-ASF	3136	Μάρθα	Μάρθαν	
John 11:19	καὶ	CONJ	CONJ	2532	καί	καί	
John 11:19	Μαριὰμ,	N-PRI	N-PRI	3137	Μαρία	Μαριάμ	
John 11:19	ἵνα	CONJ	CONJ	2443	ἵνα	ἵνα	
John 11:19	παραμυθήσωνται	V-ADS-3P	V-ADS-3P	3888&5667	παραμυθέομαι	παραμυθήσωνται	
John 11:19	αὐτὰς	P-APF	P-APF	846	αὐτός	αὐτάς	
John 11:19	περὶ	PREP	PREP	4012	περί	περί	
John 11:19	τοῦ	T-GSM	T-GSM	3588	ὁ	τοῦ	
John 11:19	ἀδελφοῦ.	N-GSM	N-GSM	80	ἀδελφός	ἀδελφοῦ	
John 11:20	ἡ	T-NSF	T-NSF	3588	ὁ	ἡ	
John 11:20	οὖν	CONJ	CONJ	3767	οὖν	οὖν	
John 11:20	Μάρθα	N-NSF	N-NSF	3136	Μάρθα	Μάρθα	
John 11:20	ὡς	ADV	ADV	5613	ὡς	ὡς	
John 11:20	ἤκουσεν	V-AAI-3S	V-AAI-3S	191&5656	ἀκούω	ἤκουσεν	
John 11:20	ὅτι	CONJ	CONJ	3754	ὅτι	ὅτι	
John 11:20	Ἰησοῦς	N-NSM	N-NSM	2424	Ἰησοῦς	Ἰησοῦς	
John 11:20	ἔρχεται,	V-PNI-3S	V-PNI-3S	2064&5736	ἔρχομαι	ἔρχεται	
John 11:20	ὑπήντησεν	V-AAI-3S	V-AAI-3S	5221&5656	ὑπαντάω	ὑπήντησεν	
John 11:20	αὐτῷ·	P-DSM	P-DSM	846	αὐτός	αὐτῷ	
John 11:20	Μαριὰμ	N-PRI	N-PRI	3137	Μαρία	Μαριάμ	
John 11:20	δὲ	CONJ	CONJ	1161	δέ	δέ	
John 11:20	ἐν	PREP	PREP	1722	ἐν	ἐν	
John 11:20	τῷ	T-DSM	T-DSM	3588	ὁ	τῷ	
John 11:20	οἴκῳ	N-DSM	N-DSM	3624	οἶκος	οἴκῳ	
John 11:20	ἐκαθέζετο.	V-INI-3S	V-INI-3S	2516&5711	καθέζομαι	ἐκαθέζετο	
John 11:21	εἶπεν	V-2AAI-3S	V-2AAI-3S	3004&5627	λέγω	εἶπεν	
John 11:21	οὖν	CONJ	CONJ	3767	οὖν	οὖν	
John 11:21	ἡ	T-NSF	T-NSF	3588	ὁ	ἡ	
John 11:21	Μάρθα	N-NSF	N-NSF	3136	Μάρθα	Μάρθα	
John 11:21	πρὸς	PREP	PREP	4314	πρός	πρός	
John 11:21	Ἰησοῦν	N-ASM	N-ASM	2424	Ἰησοῦς	Ἰησοῦν	
John 11:21	Κύριε,	N-VSM	N-VSM	2962	κύριος	Κύριε	
John 11:21	εἰ	COND	COND	1487	εἰ	εἰ	
John 11:21	ἦς	V-IAI-2S	V-IAI-2S	1510&5707	εἰμί	ἦς	
John 11:21	ὧδε,	ADV	ADV	5602	ὧδε	ὧδε	
John 11:21	οὐκ	PRT-N	PRT-N	3756	οὐ	οὐκ	
John 11:21	ἂν	PRT	PRT	302	ἄν	ἄν	
John 11:21	ἀπέθανεν	V-2AAI-3S	V-2AAI-3S	599&5627	ἀποθνῄσκω	ἀπέθανεν	
John 11:21	ὁ	T-NSM	T-NSM	3588	ὁ	ὁ	
John 11:21	ἀδελφός	N-NSM	N-NSM	80	ἀδελφός	ἀδελφός	
John 11:21	μου.	P-1GS	P-1GS	1473	ἐγώ	μου	
John 11:22	καὶ	CONJ	CONJ	2532	καί	καί	
John 11:22	νῦν	ADV	ADV	3568	νῦν	νῦν	
John 11:22	οἶδα	V-RAI-1S	V-RAI-1S	1492&5758	οἶδα	οἶδα	
John 11:22	ὅτι	CONJ	CONJ	3754	ὅτι	ὅτι	
John 11:22	ὅσα	K-APN	K-APN	3745	ὅσος	ὅσα	
John 11:22	ἂν	PRT	PRT	302	ἄν	ἄν	
John 11:22	αἰτήσῃ	V-AMS-2S	V-AMS-2S	154&5672	αἰτέω	αἰτήσῃ	
John 11:22	τὸν	T-ASM	T-ASM	3588	ὁ	τόν	
John 11:22	Θεὸν	N-ASM	N-ASM	2316	θεός	Θεόν	
John 11:22	δώσει	V-FAI-3S	V-FAI-3S	1325&5692	δίδωμι	δώσει	
John 11:22	σοι	P-2DS	P-2DS	4771	σύ	σοι	
John 11:22	ὁ	T-NSM	T-NSM	3588	ὁ	ὁ	
John 11:22	Θεός.	N-NSM	N-NSM	2316	θεός	Θεός	
John 11:23	λέγει	V-PAI-3S	V-PAI-3S	3004&5719	λέγω	λέγει	
John 11:23	αὐτῇ	P-DSF	P-DSF	846	αὐτός	αὐτῇ	
John 11:23	ὁ	T-NSM	T-NSM	3588	ὁ	ὁ	
John 11:23	Ἰησοῦς	N-NSM	N-NSM	2424	Ἰησοῦς	Ἰησοῦς	
John 11:23	Ἀναστήσεται	V-FMI-3S	V-FMI-3S	450&5698	ἀνίστημι	Ἀναστήσεται	
John 11:23	ὁ	T-NSM	T-NSM	3588	ὁ	ὁ	
John 11:23	ἀδελφός	N-NSM	N-NSM	80	ἀδελφός	ἀδελφός	
John 11:23	σου.	P-2GS	P-2GS	4771	σύ	σου	
John 11:24	λέγει	V-PAI-3S	V-PAI-3S	3004&5719	λέγω	λέγει	
John 11:24	αὐτῷ	P-DSM	P-DSM	846	αὐτός	αὐτῷ	
John 11:24	ἡ	T-NSF	T-NSF	3588	ὁ	ἡ	
John 11:24	Μάρθα	N-NSF	N-NSF	3136	Μάρθα	Μάρθα	
John 11:24	Οἶδα	V-RAI-1S	V-RAI-1S	1492&5758	οἶδα	Οἶδα	
John 11:24	ὅτι	CONJ	CONJ	3754	ὅτι	ὅτι	
John 11:24	ἀναστήσεται	V-FMI-3S	V-FMI-3S	450&5698	ἀνίστημι	ἀναστήσεται	
John 11:24	ἐν	PREP	PREP	1722	ἐν	ἐν	
John 11:24	τῇ	T-DSF	T-DSF	3588	ὁ	τῇ	
John 11:24	ἀναστάσει	N-DSF	N-DSF	386	ἀνάστασις	ἀναστάσει	
John 11:24	ἐν	PREP	PREP	1722	ἐν	ἐν	
John 11:24	τῇ	T-DSF	T-DSF	3588	ὁ	τῇ	
John 11:24	ἐσχάτῃ	A-DSF-S	A-DSF-S	2078	ἔσχατος	ἐσχάτῃ	
John 11:24	ἡμέρᾳ.	N-DSF	N-DSF	2250	ἡμέρα	ἡμέρᾳ	
John 11:25	εἶπεν	V-2AAI-3S	V-2AAI-3S	3004&5627	λέγω	εἶπεν	
John 11:25	αὐτῇ	P-DSF	P-DSF	846	αὐτός	αὐτῇ	
John 11:25	ὁ	T-NSM	T-NSM	3588	ὁ	ὁ	
John 11:25	Ἰησοῦς	N-NSM	N-NSM	2424	Ἰησοῦς	Ἰησοῦς	
John 11:25	Ἐγώ	P-1NS	P-1NS	1473	ἐγώ	Ἐγώ	
John 11:25	εἰμι	V-PAI-1S	V-PAI-1S	1510&5719	εἰμί	εἰμι	
John 11:25	ἡ	T-NSF	T-NSF	3588	ὁ	ἡ	
John 11:25	ἀνάστασις	N-NSF	N-NSF	386	ἀνάστασις	ἀνάστασις	
John 11:25	καὶ	CONJ	CONJ	2532	καί	καί	
John 11:25	ἡ	T-NSF	T-NSF	3588	ὁ	ἡ	
John 11:25	ζωή·	N-NSF	N-NSF	2222	ζωή	ζωή	
John 11:25	ὁ	T-NSM	T-NSM	3588	ὁ	ὁ	
John 11:25	πιστεύων	V-PAP-NSM	V-PAP-NSM	4100&5723	πιστεύω	πιστεύων	
John 11:25	εἰς	PREP	PREP	1519	εἰς	εἰς	
John 11:25	ἐμὲ	P-1AS	P-1AS	1473	ἐγώ	ἐμέ	
John 11:25	κἂν	COND-K	COND-K	2579	κἄν	κἄν	
John 11:25	ἀποθάνῃ	V-2AAS-3S	V-2AAS-3S	599&5632	ἀποθνῄσκω	ἀποθάνῃ	
John 11:25	ζήσεται,	V-FDI-3S	V-FDI-3S	2198&5695	ζάω	ζήσεται	
John 11:26	καὶ	CONJ	CONJ	2532	καί	καί	
John 11:26	πᾶς	A-NSM	A-NSM	3956	πᾶς	πᾶς	
John 11:26	ὁ	T-NSM	T-NSM	3588	ὁ	ὁ	
John 11:26	ζῶν	V-PAP-NSM	V-PAP-NSM	2198&5723	ζάω	ζῶν	
John 11:26	καὶ	CONJ	CONJ	2532	καί	καί	
John 11:26	πιστεύων	V-PAP-NSM	V-PAP-NSM	4100&5723	πιστεύω	πιστεύων	
John 11:26	εἰς	PREP	PREP	1519	εἰς	εἰς	
John 11:26	ἐμὲ	P-1AS	P-1AS	1473	ἐγώ	ἐμέ	
John 11:26	οὐ	PRT-N	PRT-N	3756	οὐ	οὐ	
John 11:26	μὴ	PRT-N	PRT-N	3361	μή	μή	
John 11:26	ἀποθάνῃ	V-2AAS-3S	V-2AAS-3S	599&5632	ἀποθνῄσκω	ἀποθάνῃ	
John 11:26	εἰς	PREP	PREP	1519	εἰς	εἰς	
John 11:26	τὸν	T-ASM	T-ASM	3588	ὁ	τόν	
John 11:26	αἰῶνα·	N-ASM	N-ASM	165	αἰών	αἰῶνα	
John 11:26	πιστεύεις	V-PAI-2S	V-PAI-2S	4100&5719	πιστεύω	πιστεύεις	
John 11:26	τοῦτο;	D-ASN	D-ASN	3778	οὗτος	τοῦτο	
John 11:27	λέγει	V-PAI-3S	V-PAI-3S	3004&5719	λέγω	λέγει	
John 11:27	αὐτῷ	P-DSM	P-DSM	846	αὐτός	αὐτῷ	
John 11:27	Ναί,	PRT	PRT	3483	ναί	Ναί	
John 11:27	Κύριε·	N-VSM	N-VSM	2962	κύριος	Κύριε	
John 11:27	ἐγὼ	P-1NS	P-1NS	1473	ἐγώ	ἐγώ	
John 11:27	πεπίστευκα	V-RAI-1S	V-RAI-1S	4100&5758	πιστεύω	πεπίστευκα	
John 11:27	ὅτι	CONJ	CONJ	3754	ὅτι	ὅτι	
John 11:27	σὺ	P-2NS	P-2NS	4771	σύ	σύ	
John 11:27	εἶ	V-PAI-2S	V-PAI-2S	1510&5719	εἰμί	εἶ	
John 11:27	ὁ	T-NSM	T-NSM	3588	ὁ	ὁ	
John 11:27	Χριστὸς	N-NSM	N-NSM	5547	Χριστός	Χριστός	
John 11:27	ὁ	T-NSM	T-NSM	3588	ὁ	ὁ	
John 11:27	Υἱὸς	N-NSM	N-NSM	5207	υἱός	Υἱός	
John 11:27	τοῦ	T-GSM	T-GSM	3588	ὁ	τοῦ	
John 11:27	Θεοῦ	N-GSM	N-GSM	2316	θεός	Θεοῦ	
John 11:27	ὁ	T-NSM	T-NSM	3588	ὁ	ὁ	
John 11:27	εἰς	PREP	PREP	1519	εἰς	εἰς	
John 11:27	τὸν	T-ASM	T-ASM	3588	ὁ	τόν	
John 11:27	κόσμον	N-ASM	N-ASM	2889	κόσμος	κόσμον	
John 11:27	ἐρχόμενος.	V-PNP-NSM	V-PNP-NSM	2064&5740	ἔρχομαι	ἐρχόμενος	
John 11:28	καὶ	CONJ	CONJ	2532	καί	καί	
John 11:28	τοῦτο	D-ASN	D-ASN	3778	οὗτος	τοῦτο	
John 11:28	εἰποῦσα	V-2AAP-NSF	V-2AAP-NSF	3004&5631	λέγω	εἰποῦσα	
John 11:28	ἀπῆλθεν	V-2AAI-3S	V-2AAI-3S	565&5627	ἀπέρχομαι	ἀπῆλθεν	
John 11:28	καὶ	CONJ	CONJ	2532	καί	καί	
John 11:28	ἐφώνησεν	V-AAI-3S	V-AAI-3S	5455&5656	φωνέω	ἐφώνησεν	
John 11:28	Μαριὰμ	N-PRI	N-PRI	3137	Μαρία	Μαριάμ	
John 11:28	τὴν	T-ASF	T-ASF	3588	ὁ	τήν	
John 11:28	ἀδελφὴν	N-ASF	N-ASF	79	ἀδελφή	ἀδελφήν	
John 11:28	αὐτῆς	P-GSF	P-GSF	846	αὐτός	αὐτῆς	
John 11:28	λάθρᾳ	ADV	ADV	2977	λάθρᾳ	λάθρᾳ	
John 11:28	εἰποῦσα	V-2AAP-NSF	V-2AAP-NSF	3004	λέγω	εἰποῦσα	
John 11:28	Ὁ	T-NSM	T-NSM	3588	ὁ	Ὁ	
John 11:28	Διδάσκαλος	N-NSM	N-NSM	1320	διδάσκαλος	Διδάσκαλος	
John 11:28	πάρεστιν	V-PAI-3S	V-PAI-3S	3918&5719	πάρειμι	πάρεστιν	
John 11:28	καὶ	CONJ	CONJ	2532	καί	καί	
John 11:28	φωνεῖ	V-PAI-3S	V-PAI-3S	5455&5719	φωνέω	φωνεῖ	
John 11:28	σε.	P-2AS	P-2AS	4771	σύ	σε	
John 11:29	ἐκείνη	D-NSF	D-NSF	1565	ἐκεῖνος	ἐκείνη	
John 11:29	δὲ	CONJ	CONJ	1161	δέ	δέ	
John 11:29	ὡς	ADV	ADV	5613	ὡς	ὡς	
John 11:29	ἤκουσεν,	V-AAI-3S	V-AAI-3S	191&5656	ἀκούω	ἤκουσεν	
John 11:29	ἐγείρεται	V-PPI-3S	V-PEI-3S	1453	ἐγείρω	ἐγείρεται	
John 11:29	ταχὺ	ADV	ADV	5035	ταχύς	ταχύ	
John 11:29	καὶ	CONJ	CONJ	2532	καί	καί	
John 11:29	ἤρχετο	V-INI-3S	V-INI-3S	2064&5711	ἔρχομαι	ἤρχετο	
John 11:29	πρὸς	PREP	PREP	4314	πρός	πρός	
John 11:29	αὐτόν·	P-ASM	P-ASM	846	αὐτός	αὐτόν	
John 11:30	οὔπω	ADV-N	ADV-N	3768	οὔπω	οὔπω	
John 11:30	δὲ	CONJ	CONJ	1161	δέ	δέ	
John 11:30	ἐληλύθει	V-2LAI-3S	V-2LAI-3S	2064&5714	ἔρχομαι	ἐληλύθει	
John 11:30	ὁ	T-NSM	T-NSM	3588	ὁ	ὁ	
John 11:30	Ἰησοῦς	N-NSM	N-NSM	2424	Ἰησοῦς	Ἰησοῦς	
John 11:30	εἰς	PREP	PREP	1519	εἰς	εἰς	
John 11:30	τὴν	T-ASF	T-ASF	3588	ὁ	τήν	
John 11:30	κώμην,	N-ASF	N-ASF	2968	κώμη	κώμην	
John 11:30	ἀλλ’	CONJ	CONJ	235	ἀλλά	ἀλλ’	
John 11:30	ἦν	V-IAI-3S	V-IAI-3S	1510&5707	εἰμί	ἦν	
John 11:30	ἔτι	ADV	ADV	2089	ἔτι	ἔτι	
John 11:30	ἐν	PREP	PREP	1722	ἐν	ἐν	
John 11:30	τῷ	T-DSM	T-DSM	3588	ὁ	τῷ	
John 11:30	τόπῳ	N-DSM	N-DSM	5117	τόπος	τόπῳ	
John 11:30	ὅπου	ADV	ADV	3699	ὅπου	ὅπου	
John 11:30	ὑπήντησεν	V-AAI-3S	V-AAI-3S	5221&5656	ὑπαντάω	ὑπήντησεν	
John 11:30	αὐτῷ	P-DSM	P-DSM	846	αὐτός	αὐτῷ	
John 11:30	ἡ	T-NSF	T-NSF	3588	ὁ	ἡ	
John 11:30	Μάρθα.	N-NSF	N-NSF	3136	Μάρθα	Μάρθα	
John 11:31	οἱ	T-NPM	T-NPM	3588	ὁ	οἱ	
John 11:31	οὖν	CONJ	CONJ	3767	οὖν	οὖν	
John 11:31	Ἰουδαῖοι	A-NPM	A-NPM	2453	Ἰουδαῖος	Ἰουδαῖοι	
John 11:31	οἱ	T-NPM	T-NPM	3588	ὁ	οἱ	
John 11:31	ὄντες	V-PAP-NPM	V-PAP-NPM	1510&5723	εἰμί	ὄντες	
John 11:31	μετ’	PREP	PREP	3326	μετά	μετ’	
John 11:31	αὐτῆς	P-GSF	P-GSF	846	αὐτός	αὐτῆς	
John 11:31	ἐν	PREP	PREP	1722	ἐν	ἐν	
John 11:31	τῇ	T-DSF	T-DSF	3588	ὁ	τῇ	
John 11:31	οἰκίᾳ	N-DSF	N-DSF	3614	οἰκία	οἰκίᾳ	
John 11:31	καὶ	CONJ	CONJ	2532	καί	καί	
John 11:31	παραμυθούμενοι	V-PNP-NPM	V-PNP-NPM	3888&5740	παραμυθέομαι	παραμυθούμενοι	
John 11:31	αὐτήν,	P-ASF	P-ASF	846	αὐτός	αὐτήν	
John 11:31	ἰδόντες	V-2AAP-NPM	V-2AAP-NPM	3708&5631	ὁράω	ἰδόντες	
John 11:31	τὴν	T-ASF	T-ASF	3588	ὁ	τήν	
John 11:31	Μαριὰμ	N-PRI	N-PRI	3137	Μαρία	Μαριάμ	
John 11:31	ὅτι	CONJ	CONJ	3754	ὅτι	ὅτι	
John 11:31	ταχέως	ADV	ADV	5030	ταχέως	ταχέως	
John 11:31	ἀνέστη	V-2AAI-3S	V-2AAI-3S	450&5627	ἀνίστημι	ἀνέστη	
John 11:31	καὶ	CONJ	CONJ	2532	καί	καί	
John 11:31	ἐξῆλθεν,	V-2AAI-3S	V-2AAI-3S	1831&5627	ἐξέρχομαι	ἐξῆλθεν	
John 11:31	ἠκολούθησαν	V-AAI-3P	V-AAI-3P	190&5656	ἀκολουθέω	ἠκολούθησαν	
John 11:31	αὐτῇ,	P-DSF	P-DSF	846	αὐτός	αὐτῇ	
John 11:31	δόξαντες	V-AAP-NPM	V-AAP-NPM	1380&5660	δοκέω	δόξαντες	
John 11:31	ὅτι	CONJ	CONJ	3754	ὅτι	ὅτι	
John 11:31	ὑπάγει	V-PAI-3S	V-PAI-3S	5217&5719	ὑπάγω	ὑπάγει	
John 11:31	εἰς	PREP	PREP	1519	εἰς	εἰς	
John 11:31	τὸ	T-ASN	T-ASN	3588	ὁ	τό	
John 11:31	μνημεῖον	N-ASN	N-ASN	3419	μνημεῖον	μνημεῖον	
John 11:31	ἵνα	CONJ	CONJ	2443	ἵνα	ἵνα	
John 11:31	κλαύσῃ	V-AAS-3S	V-AAS-3S	2799&5661	κλαίω	κλαύσῃ	
John 11:31	ἐκεῖ.	ADV	ADV	1563	ἐκεῖ	ἐκεῖ	
John 11:32	ἡ	T-NSF	T-NSF	3588	ὁ	ἡ	
John 11:32	οὖν	CONJ	CONJ	3767	οὖν	οὖν	
John 11:32	Μαριὰμ	N-PRI	N-PRI	3137	Μαρία	Μαριάμ	
John 11:32	ὡς	ADV	ADV	5613	ὡς	ὡς	
John 11:32	ἦλθεν	V-2AAI-3S	V-2AAI-3S	2064&5627	ἔρχομαι	ἦλθεν	
John 11:32	ὅπου	ADV	ADV	3699	ὅπου	ὅπου	
John 11:32	ἦν	V-IAI-3S	V-IAI-3S	1510&5707	εἰμί	ἦν	
John 11:32	Ἰησοῦς,	N-NSM	N-NSM	2424	Ἰησοῦς	Ἰησοῦς	
John 11:32	ἰδοῦσα	V-2AAP-NSF	V-2AAP-NSF	3708&5631	ὁράω	ἰδοῦσα	
John 11:32	αὐτὸν	P-ASM	P-ASM	846	αὐτός	αὐτόν	
John 11:32	ἔπεσεν	V-2AAI-3S	V-2AAI-3S	4098&5627	πίπτω	ἔπεσεν	
John 11:32	αὐτοῦ	ADV	ADV	847	αὐτοῦ	αὐτοῦ	
John 11:32	πρὸς	PREP	PREP	4314	πρός	πρός	
John 11:32	τοὺς	T-APM	T-APM	3588	ὁ	τούς	
John 11:32	πόδας,	N-APM	N-APM	4228	πούς	πόδας	
John 11:32	λέγουσα	V-PAP-NSF	V-PAP-NSF	3004&5723	λέγω	λέγουσα	
John 11:32	αὐτῷ	P-DSM	P-DSM	846	αὐτός	αὐτῷ	
John 11:32	Κύριε,	N-VSM	N-VSM	2962	κύριος	Κύριε	
John 11:32	εἰ	COND	COND	1487	εἰ	εἰ	
John 11:32	ἦς	V-IAI-2S	V-IAI-2S	1510&5707	εἰμί	ἦς	
John 11:32	ὧδε,	ADV	ADV	5602	ὧδε	ὧδε	
John 11:32	οὐκ	PRT-N	PRT-N	3756	οὐ	οὐκ	
John 11:32	ἄν	PRT	PRT	302	ἄν	ἄν	
John 11:32	μου	P-1GS	P-1GS	1473	ἐγώ	μου	
John 11:32	ἀπέθανεν	V-2AAI-3S	V-2AAI-3S	599&5627	ἀποθνῄσκω	ἀπέθανεν	
John 11:32	ὁ	T-NSM	T-NSM	3588	ὁ	ὁ	
John 11:32	ἀδελφός.	N-NSM	N-NSM	80	ἀδελφός	ἀδελφός	
John 11:33	Ἰησοῦς	N-NSM	N-NSM	2424	Ἰησοῦς	Ἰησοῦς	
John 11:33	οὖν	CONJ	CONJ	3767	οὖν	οὖν	
John 11:33	ὡς	ADV	ADV	5613	ὡς	ὡς	
John 11:33	εἶδεν	V-2AAI-3S	V-2AAI-3S	3708&5627	ὁράω	εἶδεν	
John 11:33	αὐτὴν	P-ASF	P-ASF	846	αὐτός	αὐτήν	
John 11:33	κλαίουσαν	V-PAP-ASF	V-PAP-ASF	2799&5723	κλαίω	κλαίουσαν	
John 11:33	καὶ	CONJ	CONJ	2532	καί	καί	
John 11:33	τοὺς	T-APM	T-APM	3588	ὁ	τούς	
John 11:33	συνελθόντας	V-2AAP-APM	V-2AAP-APM	4905&5631	συνέρχομαι	συνελθόντας	
John 11:33	αὐτῇ	P-DSF	P-DSF	846	αὐτός	αὐτῇ	
John 11:33	Ἰουδαίους	A-APM	A-APM	2453	Ἰουδαῖος	Ἰουδαίους	
John 11:33	κλαίοντας,	V-PAP-APM	V-PAP-APM	2799&5723	κλαίω	κλαίοντας	
John 11:33	ἐνεβριμήσατο	V-ADI-3S	V-ADI-3S	1690&5662	ἐμβριμάομαι	ἐνεβριμήσατο	
John 11:33	τῷ	T-DSN	T-DSN	3588	ὁ	τῷ	
John 11:33	πνεύματι	N-DSN	N-DSN	4151	πνεῦμα	πνεύματι	
John 11:33	καὶ	CONJ	CONJ	2532	καί	καί	
John 11:33	ἐτάραξεν	V-AAI-3S	V-AAI-3S	5015&5656	ταράσσω	ἐτάραξεν	
John 11:33	ἑαυτόν,	F-3ASM	F-3ASM	1438	ἑαυτοῦ	ἑαυτόν	
John 11:34	καὶ	CONJ	CONJ	2532	καί	καί	
John 11:34	εἶπεν	V-2AAI-3S	V-2AAI-3S	3004&5627	λέγω	εἶπεν	
John 11:34	Ποῦ	ADV-I	ADV-I	4226	ποῦ	Ποῦ	
John 11:34	τεθείκατε	V-RAI-2P	V-RAI-2P	5087&5758	τίθημι	τεθείκατε	
John 11:34	αὐτόν;	P-ASM	P-ASM	846	αὐτός	αὐτόν	
John 11:34	λέγουσιν	V-PAI-3P	V-PAI-3P	3004&5719	λέγω	λέγουσιν	
John 11:34	αὐτῷ	P-DSM	P-DSM	846	αὐτός	αὐτῷ	
John 11:34	Κύριε,	N-VSM	N-VSM	2962	κύριος	Κύριε	
John 11:34	ἔρχου	V-PNM-2S	V-PNM-2S	2064&5737	ἔρχομαι	ἔρχου	
John 11:34	καὶ	CONJ	CONJ	2532	καί	καί	
John 11:34	ἴδε.	V-2AAM-2S	V-2AAM-2S	3708&5628	ὁράω	ἴδε	
John 11:35	ἐδάκρυσεν	V-AAI-3S	V-AAI-3S	1145&5656	δακρύω	ἐδάκρυσεν	
John 11:35	ὁ	T-NSM	T-NSM	3588	ὁ	ὁ	
John 11:35	Ἰησοῦς.	N-NSM	N-NSM	2424	Ἰησοῦς	Ἰησοῦς	
John 11:36	ἔλεγον	V-IAI-3P	V-IAI-3P	3004&5707	λέγω	ἔλεγον	
John 11:36	οὖν	CONJ	CONJ	3767	οὖν	οὖν	
John 11:36	οἱ	T-NPM	T-NPM	3588	ὁ	οἱ	
John 11:36	Ἰουδαῖοι	A-NPM	A-NPM	2453	Ἰουδαῖος	Ἰουδαῖοι	
John 11:36	Ἴδε	V-2AAM-2S	V-2AAM-2S	3708&5628	ὁράω	Ἴδε	
John 11:36	πῶς	ADV	ADV	4459	πῶς	πῶς	
John 11:36	ἐφίλει	V-IAI-3S	V-IAI-3S	5368&5707	φιλέω	ἐφίλει	
John 11:36	αὐτόν.	P-ASM	P-ASM	846	αὐτός	αὐτόν	
John 11:37	τινὲς	X-NPM	X-NPM	5100	τὶς	τινές	
John 11:37	δὲ	CONJ	CONJ	1161	δέ	δέ	
John 11:37	ἐξ	PREP	PREP	1537	ἐκ	ἐξ	
John 11:37	αὐτῶν	P-GPM	P-GPM	846	αὐτός	αὐτῶν	
John 11:37	εἶπαν	V-2AAI-3P	V-2AAI-3P	3004&5627	λέγω	εἶπαν	
John 11:37	Οὐκ	PRT-N	PRT-N	3756	οὐ	Οὐκ	
John 11:37	ἐδύνατο	V-INI-3S	V-INI-3S	1410&5711	δύναμαι	ἐδύνατο	
John 11:37	οὗτος	D-NSM	D-NSM	3778	οὗτος	οὗτος	
John 11:37	ὁ	T-NSM	T-NSM	3588	ὁ	ὁ	
John 11:37	ἀνοίξας	V-AAP-NSM	V-AAP-NSM	455&5660	ἀνοίγω	ἀνοίξας	
John 11:37	τοὺς	T-APM	T-APM	3588	ὁ	τούς	
John 11:37	ὀφθαλμοὺς	N-APM	N-APM	3788	ὀφθαλμός	ὀφθαλμούς	
John 11:37	τοῦ	T-GSM	T-GSM	3588	ὁ	τοῦ	
John 11:37	τυφλοῦ	A-GSM	A-GSM	5185	τυφλός	τυφλοῦ	
John 11:37	ποιῆσαι	V-AAN	V-AAN	4160&5658	ποιέω	ποιῆσαι	
John 11:37	ἵνα	CONJ	CONJ	2443	ἵνα	ἵνα	
John 11:37	καὶ	CONJ	CONJ	2532	καί	καί	
John 11:37	οὗτος	D-NSM	D-NSM	3778	οὗτος	οὗτος	
John 11:37	μὴ	PRT-N	PRT-N	3361	μή	μή	
John 11:37	ἀποθάνῃ;	V-2AAS-3S	V-2AAS-3S	599&5632	ἀποθνῄσκω	ἀποθάνῃ	
John 11:38	Ἰησοῦς	N-NSM	N-NSM	2424	Ἰησοῦς	Ἰησοῦς	
John 11:38	οὖν	CONJ	CONJ	3767	οὖν	οὖν	
John 11:38	πάλιν	ADV	ADV	3825	πάλιν	πάλιν	
John 11:38	ἐμβριμώμενος	V-PNP-NSM	V-PNP-NSM	1690&5740	ἐμβριμάομαι	ἐμβριμώμενος	
John 11:38	ἐν	PREP	PREP	1722	ἐν	ἐν	
John 11:38	ἑαυτῷ	F-3DSM	F-3DSM	1438	ἑαυτοῦ	ἑαυτῷ	
John 11:38	ἔρχεται	V-PNI-3S	V-PNI-3S	2064&5736	ἔρχομαι	ἔρχεται	
John 11:38	εἰς	PREP	PREP	1519	εἰς	εἰς	
John 11:38	τὸ	T-ASN	T-ASN	3588	ὁ	τό	
John 11:38	μνημεῖον·	N-ASN	N-ASN	3419	μνημεῖον	μνημεῖον	
John 11:38	ἦν	V-IAI-3S	V-IAI-3S	1510&5707	εἰμί	ἦν	
John 11:38	δὲ	CONJ	CONJ	1161	δέ	δέ	
John 11:38	σπήλαιον,	N-NSN	N-NSN	4693	σπήλαιον	σπήλαιον	
John 11:38	καὶ	CONJ	CONJ	2532	καί	καί	
John 11:38	λίθος	N-NSM	N-NSM	3037	λίθος	λίθος	
John 11:38	ἐπέκειτο	V-INI-3S	V-INI-3S	1945&5711	ἐπίκειμαι	ἐπέκειτο	
John 11:38	ἐπ’	PREP	PREP	1909	ἐπί	ἐπ’	
John 11:38	αὐτῷ.	P-DSN	P-DSN	846	αὐτός	αὐτῷ	
John 11:39	λέγει	V-PAI-3S	V-PAI-3S	3004&5719	λέγω	λέγει	
John 11:39	ὁ	T-NSM	T-NSM	3588	ὁ	ὁ	
John 11:39	Ἰησοῦς	N-NSM	N-NSM	2424	Ἰησοῦς	Ἰησοῦς	
John 11:39	Ἄρατε	V-AAM-2P	V-AAM-2P	142&5657	αἴρω	Ἄρατε	
John 11:39	τὸν	T-ASM	T-ASM	3588	ὁ	τόν	
John 11:39	λίθον.	N-ASM	N-ASM	3037	λίθος	λίθον	
John 11:39	λέγει	V-PAI-3S	V-PAI-3S	3004&5719	λέγω	λέγει	
John 11:39	αὐτῷ	P-DSM	P-DSM	846	αὐτός	αὐτῷ	
John 11:39	ἡ	T-NSF	T-NSF	3588	ὁ	ἡ	
John 11:39	ἀδελφὴ	N-NSF	N-NSF	79	ἀδελφή	ἀδελφή	
John 11:39	τοῦ	T-GSM	T-GSM	3588	ὁ	τοῦ	
John 11:39	τετελευτηκότος	V-RAP-GSM	V-RAP-GSM	5053&5761	τελευτάω	τετελευτηκότος	
John 11:39	Μάρθα	N-NSF	N-NSF	3136	Μάρθα	Μάρθα	
John 11:39	Κύριε,	N-VSM	N-VSM	2962	κύριος	Κύριε	
John 11:39	ἤδη	ADV	ADV	2235	ἤδη	ἤδη	
John 11:39	ὄζει·	V-PAI-3S	V-PAI-3S	3605&5719	ὄζω	ὄζει	
John 11:39	τεταρταῖος	A-NSM	A-NSM	5066	τεταρταῖος	τεταρταῖος	
John 11:39	γάρ	CONJ	CONJ	1063	γάρ	γάρ	
John 11:39	ἐστιν.	V-PAI-3S	V-PAI-3S	1510&5719	εἰμί	ἐστιν	
John 11:40	λέγει	V-PAI-3S	V-PAI-3S	3004&5719	λέγω	λέγει	
John 11:40	αὐτῇ	P-DSF	P-DSF	846	αὐτός	αὐτῇ	
John 11:40	ὁ	T-NSM	T-NSM	3588	ὁ	ὁ	
John 11:40	Ἰησοῦς	N-NSM	N-NSM	2424	Ἰησοῦς	Ἰησοῦς	
John 11:40	Οὐκ	PRT-N	PRT-N	3756	οὐ	Οὐκ	
John 11:40	εἶπόν	V-2AAI-1S	V-2AAI-1S	3004&5627	λέγω	εἶπον	
John 11:40	σοι	P-2DS	P-2DS	4771	σύ	σοι	
John 11:40	ὅτι	CONJ	CONJ	3754	ὅτι	ὅτι	
John 11:40	ἐὰν	COND	COND	1437	ἐάν	ἐάν	
John 11:40	πιστεύσῃς	V-AAS-2S	V-AAS-2S	4100&5661	πιστεύω	πιστεύσῃς	
John 11:40	ὄψῃ	V-FDI-2S	V-FDI-2S	3708&5695	ὁράω	ὄψῃ	
John 11:40	τὴν	T-ASF	T-ASF	3588	ὁ	τήν	
John 11:40	δόξαν	N-ASF	N-ASF	1391	δόξα	δόξαν	
John 11:40	τοῦ	T-GSM	T-GSM	3588	ὁ	τοῦ	
John 11:40	Θεοῦ;	N-GSM	N-GSM	2316	θεός	Θεοῦ	
John 11:41	ἦραν	V-AAI-3P	V-AAI-3P	142&5656	αἴρω	ἦραν	
John 11:41	οὖν	CONJ	CONJ	3767	οὖν	οὖν	
John 11:41	τὸν	T-ASM	T-ASM	3588	ὁ	τόν	
John 11:41	λίθον.	N-ASM	N-ASM	3037	λίθος	λίθον	
John 11:41	ὁ	T-NSM	T-NSM	3588	ὁ	ὁ	
John 11:41	δὲ	CONJ	CONJ	1161	δέ	δέ	
John 11:41	Ἰησοῦς	N-NSM	N-NSM	2424	Ἰησοῦς	Ἰησοῦς	
John 11:41	ἦρεν	V-AAI-3S	V-AAI-3S	142&5656	αἴρω	ἦρεν	
John 11:41	τοὺς	T-APM	T-APM	3588	ὁ	τούς	
John 11:41	ὀφθαλμοὺς	N-APM	N-APM	3788	ὀφθαλμός	ὀφθαλμούς	
John 11:41	ἄνω	ADV	ADV	507	ἄνω	ἄνω	
John 11:41	καὶ	CONJ	CONJ	2532	καί	καί	
John 11:41	εἶπεν	V-2AAI-3S	V-2AAI-3S	3004&5627	λέγω	εἶπεν	
John 11:41	Πάτερ,	N-VSM	N-VSM	3962	πατήρ	Πάτερ	
John 11:41	εὐχαριστῶ	V-PAI-1S	V-PAI-1S	2168&5719	εὐχαριστέω	εὐχαριστῶ	
John 11:41	σοι	P-2DS	P-2DS	4771	σύ	σοι	
John 11:41	ὅτι	CONJ	CONJ	3754	ὅτι	ὅτι	
John 11:41	ἤκουσάς	V-AAI-2S	V-AAI-2S	191&5656	ἀκούω	ἤκουσας	
John 11:41	μου.	P-1GS	P-1GS	1473	ἐγώ	μου	
John 11:42	ἐγὼ	P-1NS	P-1NS	1473	ἐγώ	ἐγώ	
John 11:42	δὲ	CONJ	CONJ	1161	δέ	δέ	
John 11:42	ᾔδειν	V-2LAI-1S	V-2LAI-1S	1492&5714	οἶδα	ᾔδειν	
John 11:42	ὅτι	CONJ	CONJ	3754	ὅτι	ὅτι	
John 11:42	πάντοτέ	ADV	ADV	3842	πάντοτε	πάντοτε	
John 11:42	μου	P-1GS	P-1GS	1473	ἐγώ	μου	
John 11:42	ἀκούεις·	V-PAI-2S	V-PAI-2S	191&5719	ἀκούω	ἀκούεις	
John 11:42	ἀλλὰ	CONJ	CONJ	235	ἀλλά	ἀλλά	
John 11:42	διὰ	PREP	PREP	1223	διά	διά	
John 11:42	τὸν	T-ASM	T-ASM	3588	ὁ	τόν	
John 11:42	ὄχλον	N-ASM	N-ASM	3793	ὄχλος	ὄχλον	
John 11:42	τὸν	T-ASM	T-ASM	3588	ὁ	τόν	
John 11:42	περιεστῶτα	V-RAP-ASM	V-RAP-ASM	4026&5761	περιΐστημι	περιεστῶτα	
John 11:42	εἶπον,	V-2AAI-1S	V-2AAI-1S	3004&5627	λέγω	εἶπον	
John 11:42	ἵνα	CONJ	CONJ	2443	ἵνα	ἵνα	
John 11:42	πιστεύσωσιν	V-AAS-3P	V-AAS-3P	4100&5661	πιστεύω	πιστεύσωσιν	
John 11:42	ὅτι	CONJ	CONJ	3754	ὅτι	ὅτι	
John 11:42	σύ	P-2NS	P-2NS	4771	σύ	σύ	
John 11:42	με	P-1AS	P-1AS	1473	ἐγώ	με	
John 11:42	ἀπέστειλας.	V-AAI-2S	V-AAI-2S	649&5656	ἀποστέλλω	ἀπέστειλας	
John 11:43	καὶ	CONJ	CONJ	2532	καί	καί	
John 11:43	ταῦτα	D-APN	D-APN	3778	οὗτος	ταῦτα	
John 11:43	εἰπὼν	V-2AAP-NSM	V-2AAP-NSM	3004&5631	λέγω	εἰπών	
John 11:43	φωνῇ	N-DSF	N-DSF	5456	φωνή	φωνῇ	
John 11:43	μεγάλῃ	A-DSF	A-DSF	3173	μέγας	μεγάλῃ	
John 11:43	ἐκραύγασεν	V-AAI-3S	V-AAI-3S	2905&5656	κραυγάζω	ἐκραύγασεν	
John 11:43	Λάζαρε,	N-VSM	N-VSM	2976	Λάζαρος	Λάζαρε	
John 11:43	δεῦρο	V-PAM-2S	V-PAM-2S	1204&5720	δεῦρο	δεῦρο	
John 11:43	ἔξω.	ADV	ADV	1854	ἔξω	ἔξω	
John 11:44	ἐξῆλθεν	V-2AAI-3S	V-2AAI-3S	1831&5627	ἐξέρχομαι	ἐξῆλθεν	
John 11:44	ὁ	T-NSM	T-NSM	3588	ὁ	ὁ	
John 11:44	τεθνηκὼς	V-RAP-NSM	V-RAP-NSM	2348&5761	θνῄσκω	τεθνηκώς	
John 11:44	δεδεμένος	V-RPP-NSM	V-RPP-NSM	1210&5772	δέω	δεδεμένος	
John 11:44	τοὺς	T-APM	T-APM	3588	ὁ	τούς	
John 11:44	πόδας	N-APM	N-APM	4228	πούς	πόδας	
John 11:44	καὶ	CONJ	CONJ	2532	καί	καί	
John 11:44	τὰς	T-APF	T-APF	3588	ὁ	τάς	
John 11:44	χεῖρας	N-APF	N-APF	5495	χείρ	χεῖρας	
John 11:44	κειρίαις,	N-DPF	N-DPF	2750	κειρία	κειρίαις	
John 11:44	καὶ	CONJ	CONJ	2532	καί	καί	
John 11:44	ἡ	T-NSF	T-NSF	3588	ὁ	ἡ	
John 11:44	ὄψις	N-NSF	N-NSF	3799	ὄψις	ὄψις	
John 11:44	αὐτοῦ	P-GSM	P-GSM	846	αὐτός	αὐτοῦ	
John 11:44	σουδαρίῳ	N-DSN	N-DSN	4676	σουδάριον	σουδαρίῳ	
John 11:44	περιεδέδετο.	V-LPI-3S	V-LPI-3S	4019&5718	περιδέω	περιεδέδετο	
John 11:44	λέγει	V-PAI-3S	V-PAI-3S	3004&5719	λέγω	λέγει	
John 11:44	αὐτοῖς	P-DPM	P-DPM	846	αὐτός	αὐτοῖς	
John 11:44	ὁ	T-NSM	T-NSM	3588	ὁ	ὁ	
John 11:44	Ἰησοῦς	N-NSM	N-NSM	2424	Ἰησοῦς	Ἰησοῦς	
John 11:44	Λύσατε	V-AAM-2P	V-AAM-2P	3089&5657	λύω	Λύσατε	
John 11:44	αὐτὸν	P-ASM	P-ASM	846	αὐτός	αὐτόν	
John 11:44	καὶ	CONJ	CONJ	2532	καί	καί	
John 11:44	ἄφετε	V-2AAM-2P	V-2AAM-2P	863&5628	ἀφίημι	ἄφετε	
John 11:44	αὐτὸν	P-ASM	P-ASM	846	αὐτός	αὐτόν	
John 11:44	ὑπάγειν.	V-PAN	V-PAN	5217&5721	ὑπάγω	ὑπάγειν	
John 11:45	Πολλοὶ	A-NPM	A-NPM	4183	πολύς	Πολλοί	
John 11:45	οὖν	CONJ	CONJ	3767	οὖν	οὖν	
John 11:45	ἐκ	PREP	PREP	1537	ἐκ	ἐκ	
John 11:45	τῶν	T-GPM	T-GPM	3588	ὁ	τῶν	
John 11:45	Ἰουδαίων,	A-GPM	A-GPM	2453	Ἰουδαῖος	Ἰουδαίων	
John 11:45	οἱ	T-NPM	T-NPM	3588	ὁ	οἱ	
John 11:45	ἐλθόντες	V-2AAP-NPM	V-2AAP-NPM	2064&5631	ἔρχομαι	ἐλθόντες	
John 11:45	πρὸς	PREP	PREP	4314	πρός	πρός	
John 11:45	τὴν	T-ASF	T-ASF	3588	ὁ	τήν	
John 11:45	Μαριὰμ	N-PRI	N-PRI	3137	Μαρία	Μαριάμ	
John 11:45	καὶ	CONJ	CONJ	2532	καί	καί	
John 11:45	θεασάμενοι	V-ADP-NPM	V-ADP-NPM	2300&5666	θεάομαι	θεασάμενοι	
John 11:45	ὃ	R-ASN	R-ASN	3739	ὅς	ὅ	
John 11:45	ἐποίησεν,	V-AAI-3S	V-AAI-3S	4160&5656	ποιέω	ἐποίησεν	
John 11:45	ἐπίστευσαν	V-AAI-3P	V-AAI-3P	4100&5656	πιστεύω	ἐπίστευσαν	
John 11:45	εἰς	PREP	PREP	1519	εἰς	εἰς	
John 11:45	αὐτόν·	P-ASM	P-ASM	846	αὐτός	αὐτόν	
John 11:46	τινὲς	X-NPM	X-NPM	5100	τὶς	τινές	
John 11:46	δὲ	CONJ	CONJ	1161	δέ	δέ	
John 11:46	ἐξ	PREP	PREP	1537	ἐκ	ἐξ	
John 11:46	αὐτῶν	P-GPM	P-GPM	846	αὐτός	αὐτῶν	
John 11:46	ἀπῆλθον	V-2AAI-3P	V-2AAI-3P	565&5627	ἀπέρχομαι	ἀπῆλθον	
John 11:46	πρὸς	PREP	PREP	4314	πρός	πρός	
John 11:46	τοὺς	T-APM	T-APM	3588	ὁ	τούς	
John 11:46	Φαρισαίους	N-APM	N-APM	5330	Φαρισαῖος	Φαρισαίους	
John 11:46	καὶ	CONJ	CONJ	2532	καί	καί	
John 11:46	εἶπαν	V-2AAI-3P	V-2AAI-3P	3004&5627	λέγω	εἶπαν	
John 11:46	αὐτοῖς	P-DPM	P-DPM	846	αὐτός	αὐτοῖς	
John 11:46	ἃ	R-APN	R-APN	3739	ὅς	ἅ	
John 11:46	ἐποίησεν	V-AAI-3S	V-AAI-3S	4160&5656	ποιέω	ἐποίησεν	
John 11:46	Ἰησοῦς.	N-NSM	N-NSM	2424	Ἰησοῦς	Ἰησοῦς	
John 11:47	Συνήγαγον	V-2AAI-3P	V-2AAI-3P	4863&5627	συνάγω	Συνήγαγον	
John 11:47	οὖν	CONJ	CONJ	3767	οὖν	οὖν	
John 11:47	οἱ	T-NPM	T-NPM	3588	ὁ	οἱ	
John 11:47	ἀρχιερεῖς	N-NPM	N-NPM	749	ἀρχιερεύς	ἀρχιερεῖς	
John 11:47	καὶ	CONJ	CONJ	2532	καί	καί	
John 11:47	οἱ	T-NPM	T-NPM	3588	ὁ	οἱ	
John 11:47	Φαρισαῖοι	N-NPM	N-NPM	5330	Φαρισαῖος	Φαρισαῖοι	
John 11:47	συνέδριον,	N-ASN	N-ASN	4892	συνέδριον	συνέδριον	
John 11:47	καὶ	CONJ	CONJ	2532	καί	καί	
John 11:47	ἔλεγον	V-IAI-3P	V-IAI-3P	3004&5707	λέγω	ἔλεγον	
John 11:47	Τί	I-ASN	I-ASN	5101	τίς	Τί	
John 11:47	ποιοῦμεν,	V-PAI-1P	V-PAI-1P	4160&5719	ποιέω	ποιοῦμεν	
John 11:47	ὅτι	CONJ	CONJ	3754	ὅτι	ὅτι	
John 11:47	οὗτος	D-NSM	D-NSM	3778	οὗτος	οὗτος	
John 11:47	ὁ	T-NSM	T-NSM	3588	ὁ	ὁ	
John 11:47	ἄνθρωπος	N-NSM	N-NSM	444	ἄνθρωπος	ἄνθρωπος	
John 11:47	πολλὰ	A-APN	A-APN	4183	πολύς	πολλά	
John 11:47	ποιεῖ	V-PAI-3S	V-PAI-3S	4160&5719	ποιέω	ποιεῖ	
John 11:47	σημεῖα;	N-APN	N-APN	4592	σημεῖον	σημεῖα	
John 11:48	ἐὰν	COND	COND	1437	ἐάν	ἐάν	
John 11:48	ἀφῶμεν	V-2AAS-1P	V-2AAS-1P	863&5632	ἀφίημι	ἀφῶμεν	
John 11:48	αὐτὸν	P-ASM	P-ASM	846	αὐτός	αὐτόν	
John 11:48	οὕτως,	ADV	ADV	3779	οὕτω	οὕτως	
John 11:48	πάντες	A-NPM	A-NPM	3956	πᾶς	πάντες	
John 11:48	πιστεύσουσιν	V-FAI-3P	V-FAI-3P	4100&5692	πιστεύω	πιστεύσουσιν	
John 11:48	εἰς	PREP	PREP	1519	εἰς	εἰς	
John 11:48	αὐτόν,	P-ASM	P-ASM	846	αὐτός	αὐτόν	
John 11:48	καὶ	CONJ	CONJ	2532	καί	καί	
John 11:48	ἐλεύσονται	V-FDI-3P	V-FDI-3P	2064&5695	ἔρχομαι	ἐλεύσονται	
John 11:48	οἱ	T-NPM	T-NPM	3588	ὁ	οἱ	
John 11:48	Ῥωμαῖοι	A-NPM	A-NPM	4514	Ῥωμαῖος	Ῥωμαῖοι	
John 11:48	καὶ	CONJ	CONJ	2532	καί	καί	
John 11:48	ἀροῦσιν	V-FAI-3P	V-FAI-3P	142&5692	αἴρω	ἀροῦσιν	
John 11:48	ἡμῶν	P-1GP	P-1GP	1473	ἐγώ	ἡμῶν	
John 11:48	καὶ	CONJ	CONJ	2532	καί	καί	
John 11:48	τὸν	T-ASM	T-ASM	3588	ὁ	τόν	
John 11:48	τόπον	N-ASM	N-ASM	5117	τόπος	τόπον	
John 11:48	καὶ	CONJ	CONJ	2532	καί	καί	
John 11:48	τὸ	T-ASN	T-ASN	3588	ὁ	τό	
John 11:48	ἔθνος.	N-ASN	N-ASN	1484	ἔθνος	ἔθνος	
John 11:49	εἷς	A-NSM	A-NSM	1520	εἷς	εἷς	
John 11:49	δέ	CONJ	CONJ	1161	δέ	δέ	
John 11:49	τις	X-NSM	X-NSM	5100	τὶς	τις	
John 11:49	ἐξ	PREP	PREP	1537	ἐκ	ἐξ	
John 11:49	αὐτῶν	P-GPM	P-GPM	846	αὐτός	αὐτῶν	
John 11:49	Καϊάφας,	N-NSM	N-NSM	2533	Καϊάφας	Καϊάφας	
John 11:49	ἀρχιερεὺς	N-NSM	N-NSM	749	ἀρχιερεύς	ἀρχιερεύς	
John 11:49	ὢν	V-PAP-NSM	V-PAP-NSM	1510&5723	εἰμί	ὤν	
John 11:49	τοῦ	T-GSM	T-GSM	3588	ὁ	τοῦ	
John 11:49	ἐνιαυτοῦ	N-GSM	N-GSM	1763	ἐνιαυτός	ἐνιαυτοῦ	
John 11:49	ἐκείνου,	D-GSM	D-GSM	1565	ἐκεῖνος	ἐκείνου	
John 11:49	εἶπεν	V-2AAI-3S	V-2AAI-3S	3004&5627	λέγω	εἶπεν	
John 11:49	αὐτοῖς	P-DPM	P-DPM	846	αὐτός	αὐτοῖς	
John 11:49	Ὑμεῖς	P-2NP	P-2NP	4771	σύ	Ὑμεῖς	
John 11:49	οὐκ	PRT-N	PRT-N	3756	οὐ	οὐκ	
John 11:49	οἴδατε	V-RAI-2P	V-RAI-2P	1492&5758	οἶδα	οἴδατε	
John 11:49	οὐδέν,	A-ASN-N	A-ASN-N	3762	οὐδείς	οὐδέν	
John 11:50	οὐδὲ	CONJ-N	CONJ-N	3761	οὐδέ	οὐδέ	
John 11:50	λογίζεσθε	V-PNI-2P	V-PNI-2P	3049&5736	λογίζομαι	λογίζεσθε	
John 11:50	ὅτι	CONJ	CONJ	3754	ὅτι	ὅτι	
John 11:50	συμφέρει	V-PAI-3S	V-PAI-3S	4851&5719	συμφέρω	συμφέρει	
John 11:50	ὑμῖν	P-2DP	P-2DP	4771	σύ	ὑμῖν	
John 11:50	ἵνα	CONJ	CONJ	2443	ἵνα	ἵνα	
John 11:50	εἷς	A-NSM	A-NSM	1520	εἷς	εἷς	
John 11:50	ἄνθρωπος	N-NSM	N-NSM	444	ἄνθρωπος	ἄνθρωπος	
John 11:50	ἀποθάνῃ	V-2AAS-3S	V-2AAS-3S	599&5632	ἀποθνῄσκω	ἀποθάνῃ	
John 11:50	ὑπὲρ	PREP	PREP	5228	ὑπέρ	ὑπέρ	
John 11:50	τοῦ	T-GSM	T-GSM	3588	ὁ	τοῦ	
John 11:50	λαοῦ	N-GSM	N-GSM	2992	λαός	λαοῦ	
John 11:50	καὶ	CONJ	CONJ	2532	καί	καί	
John 11:50	μὴ	PRT-N	PRT-N	3361	μή	μή	
John 11:50	ὅλον	A-NSN	A-NSN	3650	ὅλος	ὅλον	
John 11:50	τὸ	T-NSN	T-NSN	3588	ὁ	τό	
John 11:50	ἔθνος	N-NSN	N-NSN	1484	ἔθνος	ἔθνος	
John 11:50	ἀπόληται.	V-2AMS-3S	V-2AMS-3S	622&5643	ἀπόλλυμι	ἀπόληται	
John 11:51	τοῦτο	D-ASN	D-ASN	3778	οὗτος	τοῦτο	
John 11:51	δὲ	CONJ	CONJ	1161	δέ	δέ	
John 11:51	ἀφ’	PREP	PREP	575	ἀπό	ἀφ’	
John 11:51	ἑαυτοῦ	F-3GSM	F-3GSM	1438	ἑαυτοῦ	ἑαυτοῦ	
John 11:51	οὐκ	PRT-N	PRT-N	3756	οὐ	οὐκ	
John 11:51	εἶπεν,	V-2AAI-3S	V-2AAI-3S	3004&5627	λέγω	εἶπεν	
John 11:51	ἀλλὰ	CONJ	CONJ	235	ἀλλά	ἀλλά	
John 11:51	ἀρχιερεὺς	N-NSM	N-NSM	749	ἀρχιερεύς	ἀρχιερεύς	
John 11:51	ὢν	V-PAP-NSM	V-PAP-NSM	1510&5723	εἰμί	ὤν	
John 11:51	τοῦ	T-GSM	T-GSM	3588	ὁ	τοῦ	
John 11:51	ἐνιαυτοῦ	N-GSM	N-GSM	1763	ἐνιαυτός	ἐνιαυτοῦ	
John 11:51	ἐκείνου	D-GSM	D-GSM	1565	ἐκεῖνος	ἐκείνου	
John 11:51	ἐπροφήτευσεν	V-AAI-3S	V-AAI-3S	4395&5656	προφητεύω	ἐπροφήτευσεν	
John 11:51	ὅτι	CONJ	CONJ	3754	ὅτι	ὅτι	
John 11:51	ἔμελλεν	V-IAI-3S	V-IAI-3S	3195&5707	μέλλω	ἔμελλεν	
John 11:51	Ἰησοῦς	N-NSM	N-NSM	2424	Ἰησοῦς	Ἰησοῦς	
John 11:51	ἀποθνήσκειν	V-PAN	V-PAN	599&5721	ἀποθνῄσκω	ἀποθνήσκειν	
John 11:51	ὑπὲρ	PREP	PREP	5228	ὑπέρ	ὑπέρ	
John 11:51	τοῦ	T-GSN	T-GSN	3588	ὁ	τοῦ	
John 11:51	ἔθνους,	N-GSN	N-GSN	1484	ἔθνος	ἔθνους	
John 11:52	καὶ	CONJ	CONJ	2532	καί	καί	
John 11:52	οὐχ	PRT-N	PRT-N	3756	οὐ	οὐχ	
John 11:52	ὑπὲρ	PREP	PREP	5228	ὑπέρ	ὑπέρ	
John 11:52	τοῦ	T-GSN	T-GSN	3588	ὁ	τοῦ	
John 11:52	ἔθνους	N-GSN	N-GSN	1484	ἔθνος	ἔθνους	
John 11:52	μόνον,	ADV	ADV	3440	μόνος	μόνον	
John 11:52	ἀλλ’	CONJ	CONJ	235	ἀλλά	ἀλλ’	
John 11:52	ἵνα	CONJ	CONJ	2443	ἵνα	ἵνα	
John 11:52	καὶ	CONJ	CONJ	2532	καί	καί	
John 11:52	τὰ	T-APN	T-APN	3588	ὁ	τά	
John 11:52	τέκνα	N-APN	N-APN	5043	τέκνον	τέκνα	
John 11:52	τοῦ	T-GSM	T-GSM	3588	ὁ	τοῦ	
John 11:52	Θεοῦ	N-GSM	N-GSM	2316	θεός	Θεοῦ	
John 11:52	τὰ	T-APN	T-APN	3588	ὁ	τά	
John 11:52	διεσκορπισμένα	V-RPP-APN	V-RPP-APN	1287&5772	διασκορπίζω	διεσκορπισμένα	
John 11:52	συναγάγῃ	V-2AAS-3S	V-2AAS-3S	4863&5632	συνάγω	συναγάγῃ	
John 11:52	εἰς	PREP	PREP	1519	εἰς	εἰς	
John 11:52	ἕν.	A-ASN	A-ASN	1520	εἷς	ἕν	
John 11:53	ἀπ’	PREP	PREP	575	ἀπό	ἀπ’	
John 11:53	ἐκείνης	D-GSF	D-GSF	1565	ἐκεῖνος	ἐκείνης	
John 11:53	οὖν	CONJ	CONJ	3767	οὖν	οὖν	
John 11:53	τῆς	T-GSF	T-GSF	3588	ὁ	τῆς	
John 11:53	ἡμέρας	N-GSF	N-GSF	2250	ἡμέρα	ἡμέρας	
John 11:53	ἐβουλεύσαντο	V-ADI-3P	V-ADI-3P	1011&5662	βουλεύω	ἐβουλεύσαντο	
John 11:53	ἵνα	CONJ	CONJ	2443	ἵνα	ἵνα	
John 11:53	ἀποκτείνωσιν	V-AAS-3P	V-AAS-3P	615&5661	ἀποκτείνω	ἀποκτείνωσιν	
John 11:53	αὐτόν.	P-ASM	P-ASM	846	αὐτός	αὐτόν	
John 11:54	Ὁ	T-NSM	T-NSM	3588	ὁ	Ὁ	
John 11:54	οὖν	CONJ	CONJ	3767	οὖν	οὖν	
John 11:54	Ἰησοῦς	N-NSM	N-NSM	2424	Ἰησοῦς	Ἰησοῦς	
John 11:54	οὐκέτι	ADV-N	ADV-N	3765	οὐκέτι	οὐκέτι	
John 11:54	παρρησίᾳ	N-DSF	N-DSF	3954	παρρησία	παρρησίᾳ	
John 11:54	περιεπάτει	V-IAI-3S	V-IAI-3S	4043&5707	περιπατέω	περιεπάτει	
John 11:54	ἐν	PREP	PREP	1722	ἐν	ἐν	
John 11:54	τοῖς	T-DPM	T-DPM	3588	ὁ	τοῖς	
John 11:54	Ἰουδαίοις,	A-DPM	A-DPM	2453	Ἰουδαῖος	Ἰουδαίοις	
John 11:54	ἀλλὰ	CONJ	CONJ	235	ἀλλά	ἀλλά	
John 11:54	ἀπῆλθεν	V-2AAI-3S	V-2AAI-3S	565&5627	ἀπέρχομαι	ἀπῆλθεν	
John 11:54	ἐκεῖθεν	ADV	ADV	1564	ἐκεῖθεν	ἐκεῖθεν	
John 11:54	εἰς	PREP	PREP	1519	εἰς	εἰς	
John 11:54	τὴν	T-ASF	T-ASF	3588	ὁ	τήν	
John 11:54	χώραν	N-ASF	N-ASF	5561	χώρα	χώραν	
John 11:54	ἐγγὺς	ADV	ADV	1451	ἐγγύς	ἐγγύς	
John 11:54	τῆς	T-GSF	T-GSF	3588	ὁ	τῆς	
John 11:54	ἐρήμου,	A-GSF	A-GSF	2048	ἔρημος	ἐρήμου	
John 11:54	εἰς	PREP	PREP	1519	εἰς	εἰς	
John 11:54	Ἐφραὶμ	N-PRI	N-PRI	2187	Ἐφραίμ	Ἐφραίμ	
John 11:54	λεγομένην	V-PPP-ASF	V-PEP-ASF	3004&5746	λέγω	λεγομένην	
John 11:54	πόλιν,	N-ASF	N-ASF	4172	πόλις	πόλιν	
John 11:54	κἀκεῖ	ADV-K	ADV-K	2546	κἀκεῖ	κἀκεῖ	
John 11:54	ἔμεινεν	V-AAI-3S	V-AAI-3S	3306&5656	μένω	ἔμεινεν	
John 11:54	μετὰ	PREP	PREP	3326	μετά	μετά	
John 11:54	τῶν	T-GPM	T-GPM	3588	ὁ	τῶν	
John 11:54	μαθητῶν.	N-GPM	N-GPM	3101	μαθητής	μαθητῶν	
John 11:55	Ἦν	V-IAI-3S	V-IAI-3S	1510&5707	εἰμί	Ἦν	
John 11:55	δὲ	CONJ	CONJ	1161	δέ	δέ	
John 11:55	ἐγγὺς	ADV	ADV	1451	ἐγγύς	ἐγγύς	
John 11:55	τὸ	T-NSN	T-NSN	3588	ὁ	τό	
John 11:55	πάσχα	ARAM	ARAM	3957	πάσχα	πάσχα	
John 11:55	τῶν	T-GPM	T-GPM	3588	ὁ	τῶν	
John 11:55	Ἰουδαίων,	A-GPM	A-GPM	2453	Ἰουδαῖος	Ἰουδαίων	
John 11:55	καὶ	CONJ	CONJ	2532	καί	καί	
John 11:55	ἀνέβησαν	V-2AAI-3P	V-2AAI-3P	305&5627	ἀναβαίνω	ἀνέβησαν	
John 11:55	πολλοὶ	A-NPM	A-NPM	4183	πολύς	πολλοί	
John 11:55	εἰς	PREP	PREP	1519	εἰς	εἰς	
John 11:55	Ἱεροσόλυμα	N-APN	N-APN	2414	Ἱεροσόλυμα	Ἱεροσόλυμα	
John 11:55	ἐκ	PREP	PREP	1537	ἐκ	ἐκ	
John 11:55	τῆς	T-GSF	T-GSF	3588	ὁ	τῆς	
John 11:55	χώρας	N-GSF	N-GSF	5561	χώρα	χώρας	
John 11:55	πρὸ	PREP	PREP	4253	πρό	πρό	
John 11:55	τοῦ	T-GSN	T-GSN	3588	ὁ	τοῦ	
John 11:55	πάσχα,	ARAM	ARAM	3957	πάσχα	πάσχα	
John 11:55	ἵνα	CONJ	CONJ	2443	ἵνα	ἵνα	
John 11:55	ἁγνίσωσιν	V-AAS-3P	V-AAS-3P	48&5661	ἁγνίζω	ἁγνίσωσιν	
John 11:55	ἑαυτούς.	F-3APM	F-3APM	1438	ἑαυτοῦ	ἑαυτούς	
John 11:56	ἐζήτουν	V-IAI-3P	V-IAI-3P	2212&5707	ζητέω	ἐζήτουν	
John 11:56	οὖν	CONJ	CONJ	3767	οὖν	οὖν	
John 11:56	τὸν	T-ASM	T-ASM	3588	ὁ	τόν	
John 11:56	Ἰησοῦν	N-ASM	N-ASM	2424	Ἰησοῦς	Ἰησοῦν	
John 11:56	καὶ	CONJ	CONJ	2532	καί	καί	
John 11:56	ἔλεγον	V-IAI-3P	V-IAI-3P	3004&5707	λέγω	ἔλεγον	
John 11:56	μετ’	PREP	PREP	3326	μετά	μετ’	
John 11:56	ἀλλήλων	C-GPM	C-GPM	240	ἀλλήλων	ἀλλήλων	
John 11:56	ἐν	PREP	PREP	1722	ἐν	ἐν	
John 11:56	τῷ	T-DSN	T-DSN	3588	ὁ	τῷ	
John 11:56	ἱερῷ	N-DSN	N-DSN	2411	ἱερός	ἱερῷ	
John 11:56	ἑστηκότες	V-RAP-NPM	V-RAP-NPM	2476&5761	ἵστημι	ἑστηκότες	
John 11:56	Τί	I-NSN	I-NSN	5101	τίς	Τί	
John 11:56	δοκεῖ	V-PAI-3S	V-PAI-3S	1380&5719	δοκέω	δοκεῖ	
John 11:56	ὑμῖν;	P-2DP	P-2DP	4771	σύ	ὑμῖν	
John 11:56	ὅτι	CONJ	CONJ	3754	ὅτι	ὅτι	
John 11:56	οὐ	PRT-N	PRT-N	3756	οὐ	οὐ	
John 11:56	μὴ	PRT-N	PRT-N	3361	μή	μή	
John 11:56	ἔλθῃ	V-2AAS-3S	V-2AAS-3S	2064&5632	ἔρχομαι	ἔλθῃ	
John 11:56	εἰς	PREP	PREP	1519	εἰς	εἰς	
John 11:56	τὴν	T-ASF	T-ASF	3588	ὁ	τήν	
John 11:56	ἑορτήν;	N-ASF	N-ASF	1859	ἑορτή	ἑορτήν	
John 11:57	δεδώκεισαν	V-LAI-3P-ATT	V-LAI-3P-ATT	1325&5715	δίδωμι	δεδώκεισαν	
John 11:57	δὲ	CONJ	CONJ	1161	δέ	δέ	
John 11:57	οἱ	T-NPM	T-NPM	3588	ὁ	οἱ	
John 11:57	ἀρχιερεῖς	N-NPM	N-NPM	749	ἀρχιερεύς	ἀρχιερεῖς	
John 11:57	καὶ	CONJ	CONJ	2532	καί	καί	
John 11:57	οἱ	T-NPM	T-NPM	3588	ὁ	οἱ	
John 11:57	Φαρισαῖοι	N-NPM	N-NPM	5330	Φαρισαῖος	Φαρισαῖοι	
John 11:57	ἐντολὰς	N-APF	N-APF	1785	ἐντολή	ἐντολάς	
John 11:57	ἵνα	CONJ	CONJ	2443	ἵνα	ἵνα	
John 11:57	ἐάν	COND	COND	1437	ἐάν	ἐάν	
John 11:57	τις	X-NSM	X-NSM	5100	τὶς	τις	
John 11:57	γνῷ	V-2AAS-3S	V-2AAS-3S	1097&5632	γινώσκω	γνῷ	
John 11:57	ποῦ	ADV-I	ADV-I	4226	ποῦ	ποῦ	
John 11:57	ἐστιν	V-PAI-3S	V-PAI-3S	1510	εἰμί	ἐστιν	
John 11:57	μηνύσῃ,	V-AAS-3S	V-AAS-3S	3377&5661	μηνύω	μηνύσῃ	
John 11:57	ὅπως	ADV	ADV	3704	ὅπως	ὅπως	
John 11:57	πιάσωσιν	V-AAS-3P	V-AAS-3P	4084&5661	πιάζω	πιάσωσιν	
John 11:57	αὐτόν.	P-ASM	P-ASM	846	αὐτός	αὐτόν	
John 12:1	Ὁ	T-NSM	T-NSM	3588	ὁ	Ὁ	
John 12:1	οὖν	CONJ	CONJ	3767	οὖν	οὖν	
John 12:1	Ἰησοῦς	N-NSM	N-NSM	2424	Ἰησοῦς	Ἰησοῦς	
John 12:1	πρὸ	PREP	PREP	4253	πρό	πρό	
John 12:1	ἓξ	A-NUI	A-NUI	1803	ἕξ	ἕξ	
John 12:1	ἡμερῶν	N-GPF	N-GPF	2250	ἡμέρα	ἡμερῶν	
John 12:1	τοῦ	T-GSN	T-GSN	3588	ὁ	τοῦ	
John 12:1	πάσχα	ARAM	ARAM	3957	πάσχα	πάσχα	
John 12:1	ἦλθεν	V-2AAI-3S	V-2AAI-3S	2064&5627	ἔρχομαι	ἦλθεν	
John 12:1	εἰς	PREP	PREP	1519	εἰς	εἰς	
John 12:1	Βηθανίαν,	N-ASF	N-ASF	963	Βηθανία	Βηθανίαν	
John 12:1	ὅπου	ADV	ADV	3699	ὅπου	ὅπου	
John 12:1	ἦν	V-IAI-3S	V-IAI-3S	1510&5707	εἰμί	ἦν	
John 12:1	Λάζαρος,	N-NSM	N-NSM	2976	Λάζαρος	Λάζαρος	
John 12:1	ὃν	R-ASM	R-ASM	3739	ὅς	ὅν	
John 12:1	ἤγειρεν	V-AAI-3S	V-AAI-3S	1453&5656	ἐγείρω	ἤγειρεν	
John 12:1	ἐκ	PREP	PREP	1537	ἐκ	ἐκ	
John 12:1	νεκρῶν	A-GPM	A-GPM	3498	νεκρός	νεκρῶν	
John 12:1	Ἰησοῦς.	N-NSM	N-NSM	2424	Ἰησοῦς	Ἰησοῦς	
John 12:2	ἐποίησαν	V-AAI-3P	V-AAI-3P	4160&5656	ποιέω	ἐποίησαν	
John 12:2	οὖν	CONJ	CONJ	3767	οὖν	οὖν	
John 12:2	αὐτῷ	P-DSM	P-DSM	846	αὐτός	αὐτῷ	
John 12:2	δεῖπνον	N-ASN	N-ASN	1173	δεῖπνον	δεῖπνον	
John 12:2	ἐκεῖ,	ADV	ADV	1563	ἐκεῖ	ἐκεῖ	
John 12:2	καὶ	CONJ	CONJ	2532	καί	καί	
John 12:2	ἡ	T-NSF	T-NSF	3588	ὁ	ἡ	
John 12:2	Μάρθα	N-NSF	N-NSF	3136	Μάρθα	Μάρθα	
John 12:2	διηκόνει,	V-IAI-3S	V-IAI-3S	1247&5707	διακονέω	διηκόνει	
John 12:2	ὁ	T-NSM	T-NSM	3588	ὁ	ὁ	
John 12:2	δὲ	CONJ	CONJ	1161	δέ	δέ	
John 12:2	Λάζαρος	N-NSM	N-NSM	2976	Λάζαρος	Λάζαρος	
John 12:2	εἷς	A-NSM	A-NSM	1520	εἷς	εἷς	
John 12:2	ἦν	V-IAI-3S	V-IAI-3S	1510&5707	εἰμί	ἦν	
John 12:2	ἐκ	PREP	PREP	1537	ἐκ	ἐκ	
John 12:2	τῶν	T-GPM	T-GPM	3588	ὁ	τῶν	
John 12:2	ἀνακειμένων	V-PNP-GPM	V-PNP-GPM	345&5740	ἀνάκειμαι	ἀνακειμένων	
John 12:2	σὺν	PREP	PREP	4862	σύν	σύν	
John 12:2	αὐτῷ·	P-DSM	P-DSM	846	αὐτός	αὐτῷ	
John 12:3	ἡ	T-NSF	T-NSF	3588	ὁ	ἡ	
John 12:3	οὖν	CONJ	CONJ	3767	οὖν	οὖν	
John 12:3	Μαριὰμ	N-PRI	N-PRI	3137	Μαρία	Μαριάμ	
John 12:3	λαβοῦσα	V-2AAP-NSF	V-2AAP-NSF	2983&5631	λαμβάνω	λαβοῦσα	
John 12:3	λίτραν	N-ASF	N-ASF	3046	λίτρα	λίτραν	
John 12:3	μύρου	N-GSN	N-GSN	3464	μύρον	μύρου	
John 12:3	νάρδου	N-GSF	N-GSF	3487	νάρδος	νάρδου	
John 12:3	πιστικῆς	A-GSF	A-GSF	4101	πιστικός	πιστικῆς	
John 12:3	πολυτίμου	A-GSF	A-GSF	4186	πολύτιμος	πολυτίμου	
John 12:3	ἤλειψεν	V-AAI-3S	V-AAI-3S	218&5656	ἀλείφω	ἤλειψεν	
John 12:3	τοὺς	T-APM	T-APM	3588	ὁ	τούς	
John 12:3	πόδας	N-APM	N-APM	4228	πούς	πόδας	
John 12:3	τοῦ	T-GSM	T-GSM	3588	ὁ	τοῦ	
John 12:3	Ἰησοῦ	N-GSM	N-GSM	2424	Ἰησοῦς	Ἰησοῦ	
John 12:3	καὶ	CONJ	CONJ	2532	καί	καί	
John 12:3	ἐξέμαξεν	V-AAI-3S	V-AAI-3S	1591&5656	ἐκμάσσω	ἐξέμαξεν	
John 12:3	ταῖς	T-DPF	T-DPF	3588	ὁ	ταῖς	
John 12:3	θριξὶν	N-DPF	N-DPF	2359	θρίξ	θριξίν	
John 12:3	αὐτῆς	P-GSF	P-GSF	846	αὐτός	αὐτῆς	
John 12:3	τοὺς	T-APM	T-APM	3588	ὁ	τούς	
John 12:3	πόδας	N-APM	N-APM	4228	πούς	πόδας	
John 12:3	αὐτοῦ·	P-GSM	P-GSM	846	αὐτός	αὐτοῦ	
John 12:3	ἡ	T-NSF	T-NSF	3588	ὁ	ἡ	
John 12:3	δὲ	CONJ	CONJ	1161	δέ	δέ	
John 12:3	οἰκία	N-NSF	N-NSF	3614	οἰκία	οἰκία	
John 12:3	ἐπληρώθη	V-API-3S	V-API-3S	4137&5681	πληρόω	ἐπληρώθη	
John 12:3	ἐκ	PREP	PREP	1537	ἐκ	ἐκ	
John 12:3	τῆς	T-GSF	T-GSF	3588	ὁ	τῆς	
John 12:3	ὀσμῆς	N-GSF	N-GSF	3744	ὀσμή	ὀσμῆς	
John 12:3	τοῦ	T-GSN	T-GSN	3588	ὁ	τοῦ	
John 12:3	μύρου.	N-GSN	N-GSN	3464	μύρον	μύρου	
John 12:4	λέγει	V-PAI-3S	V-PAI-3S	3004&5719	λέγω	λέγει	
John 12:4	δὲ	CONJ	CONJ	1161	δέ	δέ	
John 12:4	Ἰούδας	N-NSM	N-NSM	2455	Ἰούδας	Ἰούδας	
John 12:4	ὁ	T-NSM	T-NSM	3588	ὁ	ὁ	
John 12:4	Ἰσκαριώτης	N-NSM	N-NSM	2469	Ἰσκαριώθ	Ἰσκαριώτης	
John 12:4	εἷς	A-NSM	A-NSM	1520	εἷς	εἷς	
John 12:4	τῶν	T-GPM	T-GPM	3588	ὁ	τῶν	
John 12:4	μαθητῶν	N-GPM	N-GPM	3101	μαθητής	μαθητῶν	
John 12:4	αὐτοῦ,	P-GSM	P-GSM	846	αὐτός	αὐτοῦ	
John 12:4	ὁ	T-NSM	T-NSM	3588	ὁ	ὁ	
John 12:4	μέλλων	V-PAP-NSM	V-PAP-NSM	3195&5723	μέλλω	μέλλων	
John 12:4	αὐτὸν	P-ASM	P-ASM	846	αὐτός	αὐτόν	
John 12:4	παραδιδόναι	V-PAN	V-PAN	3860&5721	παραδίδωμι	παραδιδόναι	
John 12:5	Διὰ	PREP	PREP	1223	διά	Διά	
John 12:5	τί	I-ASN	I-ASN	5101	τίς	τί	
John 12:5	τοῦτο	D-NSN	D-NSN	3778	οὗτος	τοῦτο	
John 12:5	τὸ	T-NSN	T-NSN	3588	ὁ	τό	
John 12:5	μύρον	N-NSN	N-NSN	3464	μύρον	μύρον	
John 12:5	οὐκ	PRT-N	PRT-N	3756	οὐ	οὐκ	
John 12:5	ἐπράθη	V-API-3S	V-API-3S	4097&5681	πιπράσκω	ἐπράθη	
John 12:5	τριακοσίων	A-GPM	A-GPM	5145	τριακόσιοι	τριακοσίων	
John 12:5	δηναρίων	N-GPN	N-GPN	1220	δηνάριον	δηναρίων	
John 12:5	καὶ	CONJ	CONJ	2532	καί	καί	
John 12:5	ἐδόθη	V-API-3S	V-API-3S	1325&5681	δίδωμι	ἐδόθη	
John 12:5	πτωχοῖς;	A-DPM	A-DPM	4434	πτωχός	πτωχοῖς	
John 12:6	εἶπεν	V-2AAI-3S	V-2AAI-3S	3004&5627	λέγω	εἶπεν	
John 12:6	δὲ	CONJ	CONJ	1161	δέ	δέ	
John 12:6	τοῦτο	D-ASN	D-ASN	3778	οὗτος	τοῦτο	
John 12:6	οὐχ	PRT-N	PRT-N	3756	οὐ	οὐχ	
John 12:6	ὅτι	CONJ	CONJ	3754	ὅτι	ὅτι	
John 12:6	περὶ	PREP	PREP	4012	περί	περί	
John 12:6	τῶν	T-GPM	T-GPM	3588	ὁ	τῶν	
John 12:6	πτωχῶν	A-GPM	A-GPM	4434	πτωχός	πτωχῶν	
John 12:6	ἔμελεν	V-IAI-3S	V-IAI-3S	3199&5707	μέλει	ἔμελεν	
John 12:6	αὐτῷ,	P-DSM	P-DSM	846	αὐτός	αὐτῷ	
John 12:6	ἀλλ’	CONJ	CONJ	235	ἀλλά	ἀλλ’	
John 12:6	ὅτι	CONJ	CONJ	3754	ὅτι	ὅτι	
John 12:6	κλέπτης	N-NSM	N-NSM	2812	κλέπτης	κλέπτης	
John 12:6	ἦν	V-IAI-3S	V-IAI-3S	1510&5707	εἰμί	ἦν	
John 12:6	καὶ	CONJ	CONJ	2532	καί	καί	
John 12:6	τὸ	T-ASN	T-ASN	3588	ὁ	τό	
John 12:6	γλωσσόκομον	N-ASN	N-ASN	1101	γλωσσόκομον	γλωσσόκομον	
John 12:6	ἔχων	V-PAP-NSM	V-PAP-NSM	2192&5723	ἔχω	ἔχων	
John 12:6	τὰ	T-APN	T-APN	3588	ὁ	τά	
John 12:6	βαλλόμενα	V-PPP-APN	V-PEP-APN	906&5746	βάλλω	βαλλόμενα	
John 12:6	ἐβάσταζεν.	V-IAI-3S	V-IAI-3S	941&5707	βαστάζω	ἐβάσταζεν	
John 12:7	εἶπεν	V-2AAI-3S	V-2AAI-3S	3004&5627	λέγω	εἶπεν	
John 12:7	οὖν	CONJ	CONJ	3767	οὖν	οὖν	
John 12:7	ὁ	T-NSM	T-NSM	3588	ὁ	ὁ	
John 12:7	Ἰησοῦς	N-NSM	N-NSM	2424	Ἰησοῦς	Ἰησοῦς	
John 12:7	Ἄφες	V-2AAM-2S	V-2AAM-2S	863&5628	ἀφίημι	Ἄφες	
John 12:7	αὐτήν,	P-ASF	P-ASF	846	αὐτός	αὐτήν	
John 12:7	ἵνα	CONJ	CONJ	2443	ἵνα	ἵνα	
John 12:7	εἰς	PREP	PREP	1519	εἰς	εἰς	
John 12:7	τὴν	T-ASF	T-ASF	3588	ὁ	τήν	
John 12:7	ἡμέραν	N-ASF	N-ASF	2250	ἡμέρα	ἡμέραν	
John 12:7	τοῦ	T-GSM	T-GSM	3588	ὁ	τοῦ	
John 12:7	ἐνταφιασμοῦ	N-GSM	N-GSM	1780	ἐνταφιασμός	ἐνταφιασμοῦ	
John 12:7	μου	P-1GS	P-1GS	1473	ἐγώ	μου	
John 12:7	τηρήσῃ	V-AAS-3S	V-AAS-3S	5083&5661	τηρέω	τηρήσῃ	
John 12:7	αὐτό·	P-ASN	P-ASN	846	αὐτός	αὐτό	
John 12:8	τοὺς	T-APM	T-APM	3588	ὁ	τούς	
John 12:8	πτωχοὺς	A-APM	A-APM	4434	πτωχός	πτωχούς	
John 12:8	γὰρ	CONJ	CONJ	1063	γάρ	γάρ	
John 12:8	πάντοτε	ADV	ADV	3842	πάντοτε	πάντοτε	
John 12:8	ἔχετε	V-PAI-2P	V-PAI-2P	2192&5719	ἔχω	ἔχετε	
John 12:8	μεθ’	PREP	PREP	3326	μετά	μεθ’	
John 12:8	ἑαυτῶν,	F-2GPM	F-2GPM	1438	ἑαυτοῦ	ἑαυτῶν	
John 12:8	ἐμὲ	P-1AS	P-1AS	1473	ἐγώ	ἐμέ	
John 12:8	δὲ	CONJ	CONJ	1161	δέ	δέ	
John 12:8	οὐ	PRT-N	PRT-N	3756	οὐ	οὐ	
John 12:8	πάντοτε	ADV	ADV	3842	πάντοτε	πάντοτε	
John 12:8	ἔχετε.	V-PAI-2P	V-PAI-2P	2192&5719	ἔχω	ἔχετε	
John 12:9	Ἔγνω	V-2AAI-3S	V-2AAI-3S	1097&5627	γινώσκω	Ἔγνω	
John 12:9	οὖν	CONJ	CONJ	3767	οὖν	οὖν	
John 12:9	ὁ	T-NSM	T-NSM	3588	ὁ	ὁ	
John 12:9	ὄχλος	N-NSM	N-NSM	3793	ὄχλος	ὄχλος	
John 12:9	πολὺς	A-NSM	A-NSM	4183	πολύς	πολύς	
John 12:9	ἐκ	PREP	PREP	1537	ἐκ	ἐκ	
John 12:9	τῶν	T-GPM	T-GPM	3588	ὁ	τῶν	
John 12:9	Ἰουδαίων	A-GPM	A-GPM	2453	Ἰουδαῖος	Ἰουδαίων	
John 12:9	ὅτι	CONJ	CONJ	3754	ὅτι	ὅτι	
John 12:9	ἐκεῖ	ADV	ADV	1563	ἐκεῖ	ἐκεῖ	
John 12:9	ἐστιν,	V-PAI-3S	V-PAI-3S	1510	εἰμί	ἐστιν	
John 12:9	καὶ	CONJ	CONJ	2532	καί	καί	
John 12:9	ἦλθον	V-2AAI-3P	V-2AAI-3P	2064	ἔρχομαι	ἦλθον	
John 12:9	οὐ	PRT-N	PRT-N	3756	οὐ	οὐ	
John 12:9	διὰ	PREP	PREP	1223	διά	διά	
John 12:9	τὸν	T-ASM	T-ASM	3588	ὁ	τόν	
John 12:9	Ἰησοῦν	N-ASM	N-ASM	2424	Ἰησοῦς	Ἰησοῦν	
John 12:9	μόνον,	ADV	ADV	3440	μόνος	μόνον	
John 12:9	ἀλλ’	CONJ	CONJ	235	ἀλλά	ἀλλ’	
John 12:9	ἵνα	CONJ	CONJ	2443	ἵνα	ἵνα	
John 12:9	καὶ	CONJ	CONJ	2532	καί	καί	
John 12:9	τὸν	T-ASM	T-ASM	3588	ὁ	τόν	
John 12:9	Λάζαρον	N-ASM	N-ASM	2976	Λάζαρος	Λάζαρον	
John 12:9	ἴδωσιν	V-2AAS-3P	V-2AAS-3P	3708&5632	ὁράω	ἴδωσιν	
John 12:9	ὃν	R-ASM	R-ASM	3739	ὅς	ὅν	
John 12:9	ἤγειρεν	V-AAI-3S	V-AAI-3S	1453&5656	ἐγείρω	ἤγειρεν	
John 12:9	ἐκ	PREP	PREP	1537	ἐκ	ἐκ	
John 12:9	νεκρῶν.	A-GPM	A-GPM	3498	νεκρός	νεκρῶν	
John 12:10	ἐβουλεύσαντο	V-ADI-3P	V-ADI-3P	1011&5662	βουλεύω	ἐβουλεύσαντο	
John 12:10	δὲ	CONJ	CONJ	1161	δέ	δέ	
John 12:10	οἱ	T-NPM	T-NPM	3588	ὁ	οἱ	
John 12:10	ἀρχιερεῖς	N-NPM	N-NPM	749	ἀρχιερεύς	ἀρχιερεῖς	
John 12:10	ἵνα	CONJ	CONJ	2443	ἵνα	ἵνα	
John 12:10	καὶ	CONJ	CONJ	2532	καί	καί	
John 12:10	τὸν	T-ASM	T-ASM	3588	ὁ	τόν	
John 12:10	Λάζαρον	N-ASM	N-ASM	2976	Λάζαρος	Λάζαρον	
John 12:10	ἀποκτείνωσιν,	V-AAS-3P	V-AAS-3P	615&5661	ἀποκτείνω	ἀποκτείνωσιν	
John 12:11	ὅτι	CONJ	CONJ	3754	ὅτι	ὅτι	
John 12:11	πολλοὶ	A-NPM	A-NPM	4183	πολύς	πολλοί	
John 12:11	δι’	PREP	PREP	1223	διά	δι’	
John 12:11	αὐτὸν	P-ASM	P-ASM	846	αὐτός	αὐτόν	
John 12:11	ὑπῆγον	V-IAI-3P	V-IAI-3P	5217&5707	ὑπάγω	ὑπῆγον	
John 12:11	τῶν	T-GPM	T-GPM	3588	ὁ	τῶν	
John 12:11	Ἰουδαίων	A-GPM	A-GPM	2453	Ἰουδαῖος	Ἰουδαίων	
John 12:11	καὶ	CONJ	CONJ	2532	καί	καί	
John 12:11	ἐπίστευον	V-IAI-3P	V-IAI-3P	4100&5707	πιστεύω	ἐπίστευον	
John 12:11	εἰς	PREP	PREP	1519	εἰς	εἰς	
John 12:11	τὸν	T-ASM	T-ASM	3588	ὁ	τόν	
John 12:11	Ἰησοῦν.	N-ASM	N-ASM	2424	Ἰησοῦς	Ἰησοῦν	
John 12:12	Τῇ	T-DSF	T-DSF	3588	ὁ	Τῇ	
John 12:12	ἐπαύριον	ADV	ADV	1887	ἐπαύριον	ἐπαύριον	
John 12:12	ὁ	T-NSM	T-NSM	3588	ὁ	ὁ	
John 12:12	ὄχλος	N-NSM	N-NSM	3793	ὄχλος	ὄχλος	
John 12:12	πολὺς	A-NSM	A-NSM	4183	πολύς	πολύς	
John 12:12	ὁ	T-NSM	T-NSM	3588	ὁ	ὁ	
John 12:12	ἐλθὼν	V-2AAP-NSM	V-2AAP-NSM	2064&5631	ἔρχομαι	ἐλθών	
John 12:12	εἰς	PREP	PREP	1519	εἰς	εἰς	
John 12:12	τὴν	T-ASF	T-ASF	3588	ὁ	τήν	
John 12:12	ἑορτήν,	N-ASF	N-ASF	1859	ἑορτή	ἑορτήν	
John 12:12	ἀκούσαντες	V-AAP-NPM	V-AAP-NPM	191&5660	ἀκούω	ἀκούσαντες	
John 12:12	ὅτι	CONJ	CONJ	3754	ὅτι	ὅτι	
John 12:12	ἔρχεται	V-PNI-3S	V-PNI-3S	2064&5736	ἔρχομαι	ἔρχεται	
John 12:12	Ἰησοῦς	N-NSM	N-NSM	2424	Ἰησοῦς	Ἰησοῦς	
John 12:12	εἰς	PREP	PREP	1519	εἰς	εἰς	
John 12:12	Ἱεροσόλυμα,	N-APN	N-APN	2414	Ἱεροσόλυμα	Ἱεροσόλυμα	
John 12:13	ἔλαβον	V-2AAI-3P	V-2AAI-3P	2983&5627	λαμβάνω	ἔλαβον	
John 12:13	τὰ	T-APN	T-APN	3588	ὁ	τά	
John 12:13	βαΐα	N-APN	N-APN	902	βάϊον	βαΐα	
John 12:13	τῶν	T-GPM	T-GPM	3588	ὁ	τῶν	
John 12:13	φοινίκων	N-GPM	N-GPM	5404	φοῖνιξ	φοινίκων	
John 12:13	καὶ	CONJ	CONJ	2532	καί	καί	
John 12:13	ἐξῆλθον	V-2AAI-3P	V-2AAI-3P	1831&5627	ἐξέρχομαι	ἐξῆλθον	
John 12:13	εἰς	PREP	PREP	1519	εἰς	εἰς	
John 12:13	ὑπάντησιν	N-ASF	N-ASF	5222	ὑπάντησις	ὑπάντησιν	
John 12:13	αὐτῷ,	P-DSM	P-DSM	846	αὐτός	αὐτῷ	
John 12:13	καὶ	CONJ	CONJ	2532	καί	καί	
John 12:13	ἐκραύγαζον	V-IAI-3P	V-IAI-3P	2905&5707	κραυγάζω	ἐκραύγαζον	
John 12:13	Ὡσαννά,	HEB	HEB	5614	ὡσαννά	Ὡσαννά	
John 12:13	εὐλογημένος	V-RPP-NSM	V-RPP-NSM	2127&5772	εὐλογέω	εὐλογημένος	
John 12:13	ὁ	T-NSM	T-NSM	3588	ὁ	ὁ	
John 12:13	ἐρχόμενος	V-PNP-NSM	V-PNP-NSM	2064&5740	ἔρχομαι	ἐρχόμενος	
John 12:13	ἐν	PREP	PREP	1722	ἐν	ἐν	
John 12:13	ὀνόματι	N-DSN	N-DSN	3686	ὄνομα	ὀνόματι	
John 12:13	Κυρίου,	N-GSM	N-GSM	2962	κύριος	Κυρίου	
John 12:13	καὶ	CONJ	CONJ	2532	καί	καί	
John 12:13	ὁ	T-NSM	T-NSM	3588	ὁ	ὁ	
John 12:13	Βασιλεὺς	N-NSM	N-NSM	935	βασιλεύς	Βασιλεύς	
John 12:13	τοῦ	T-GSM	T-GSM	3588	ὁ	τοῦ	
John 12:13	Ἰσραήλ.	N-PRI	N-PRI	2474	Ἰσραήλ	Ἰσραήλ	
John 12:14	εὑρὼν	V-2AAP-NSM	V-2AAP-NSM	2147&5631	εὑρίσκω	εὑρών	
John 12:14	δὲ	CONJ	CONJ	1161	δέ	δέ	
John 12:14	ὁ	T-NSM	T-NSM	3588	ὁ	ὁ	
John 12:14	Ἰησοῦς	N-NSM	N-NSM	2424	Ἰησοῦς	Ἰησοῦς	
John 12:14	ὀνάριον	N-ASN	N-ASN	3678	ὀνάριον	ὀνάριον	
John 12:14	ἐκάθισεν	V-AAI-3S	V-AAI-3S	2523&5656	καθίζω	ἐκάθισεν	
John 12:14	ἐπ’	PREP	PREP	1909	ἐπί	ἐπ’	
John 12:14	αὐτό,	P-ASN	P-ASN	846	αὐτός	αὐτό	
John 12:14	καθώς	ADV	ADV	2531	καθώς	καθώς	
John 12:14	ἐστιν	V-PAI-3S	V-PAI-3S	1510&5719	εἰμί	ἐστιν	
John 12:14	γεγραμμένον	V-RPP-NSN	V-RPP-NSN	1125&5772	γράφω	γεγραμμένον	
John 12:15	Μὴ	PRT-N	PRT-N	3361	μή	Μή	
John 12:15	φοβοῦ,	V-PNM-2S	V-PNM-2S	5399&5737	φοβέω	φοβοῦ	
John 12:15	θυγάτηρ	N-VSF	N-VSF	2364	θυγάτηρ	θυγάτηρ	
John 12:15	Σιών·	N-PRI	N-PRI	4622	Σιών	Σιών	
John 12:15	ἰδοὺ	V-2AMM-2S	V-2AMM-2S	3708&5640	ὁράω	ἰδού	
John 12:15	ὁ	T-NSM	T-NSM	3588	ὁ	ὁ	
John 12:15	Βασιλεύς	N-NSM	N-NSM	935	βασιλεύς	Βασιλεύς	
John 12:15	σου	P-2GS	P-2GS	4771	σύ	σου	
John 12:15	ἔρχεται,	V-PNI-3S	V-PNI-3S	2064&5736	ἔρχομαι	ἔρχεται	
John 12:15	καθήμενος	V-PNP-NSM	V-PNP-NSM	2521&5740	κάθημαι	καθήμενος	
John 12:15	ἐπὶ	PREP	PREP	1909	ἐπί	ἐπί	
John 12:15	πῶλον	N-ASM	N-ASM	4454	πῶλος	πῶλον	
John 12:15	ὄνου.	N-GSF	N-GSF	3688	ὄνος	ὄνου	
John 12:16	Ταῦτα	D-APN	D-APN	3778	οὗτος	Ταῦτα	
John 12:16	οὐκ	PRT-N	PRT-N	3756	οὐ	οὐκ	
John 12:16	ἔγνωσαν	V-2AAI-3P	V-2AAI-3P	1097&5627	γινώσκω	ἔγνωσαν	
John 12:16	αὐτοῦ	P-GSM	P-GSM	846	αὐτός	αὐτοῦ	
John 12:16	οἱ	T-NPM	T-NPM	3588	ὁ	οἱ	
John 12:16	μαθηταὶ	N-NPM	N-NPM	3101	μαθητής	μαθηταί	
John 12:16	τὸ	T-ASN	T-ASN	3588	ὁ	τό	
John 12:16	πρῶτον,	A-ASN-S	A-ASN-S	4413	πρῶτος	πρῶτον	
John 12:16	ἀλλ’	CONJ	CONJ	235	ἀλλά	ἀλλ’	
John 12:16	ὅτε	ADV	ADV	3753	ὅτε	ὅτε	
John 12:16	ἐδοξάσθη	V-API-3S	V-API-3S	1392&5681	δοξάζω	ἐδοξάσθη	
John 12:16	Ἰησοῦς	N-NSM	N-NSM	2424	Ἰησοῦς	Ἰησοῦς	
John 12:16	τότε	ADV	ADV	5119	τότε	τότε	
John 12:16	ἐμνήσθησαν	V-API-3P	V-API-3P	3403&5681	μιμνῄσκω	ἐμνήσθησαν	
John 12:16	ὅτι	CONJ	CONJ	3754	ὅτι	ὅτι	
John 12:16	ταῦτα	D-NPN	D-NPN	3778	οὗτος	ταῦτα	
John 12:16	ἦν	V-IAI-3S	V-IAI-3S	1510&5707	εἰμί	ἦν	
John 12:16	ἐπ’	PREP	PREP	1909	ἐπί	ἐπ’	
John 12:16	αὐτῷ	P-DSM	P-DSM	846	αὐτός	αὐτῷ	
John 12:16	γεγραμμένα	V-RPP-NPN	V-RPP-NPN	1125&5772	γράφω	γεγραμμένα	
John 12:16	καὶ	CONJ	CONJ	2532	καί	καί	
John 12:16	ταῦτα	D-APN	D-APN	3778	οὗτος	ταῦτα	
John 12:16	ἐποίησαν	V-AAI-3P	V-AAI-3P	4160&5656	ποιέω	ἐποίησαν	
John 12:16	αὐτῷ.	P-DSM	P-DSM	846	αὐτός	αὐτῷ	
John 12:17	Ἐμαρτύρει	V-IAI-3S	V-IAI-3S	3140&5707	μαρτυρέω	Ἐμαρτύρει	
John 12:17	οὖν	CONJ	CONJ	3767	οὖν	οὖν	
John 12:17	ὁ	T-NSM	T-NSM	3588	ὁ	ὁ	
John 12:17	ὄχλος	N-NSM	N-NSM	3793	ὄχλος	ὄχλος	
John 12:17	ὁ	T-NSM	T-NSM	3588	ὁ	ὁ	
John 12:17	ὢν	V-PAP-NSM	V-PAP-NSM	1510&5723	εἰμί	ὤν	
John 12:17	μετ’	PREP	PREP	3326	μετά	μετ’	
John 12:17	αὐτοῦ	P-GSM	P-GSM	846	αὐτός	αὐτοῦ	
John 12:17	ὅτε	ADV	ADV	3753	ὅτε	ὅτε	
John 12:17	τὸν	T-ASM	T-ASM	3588	ὁ	τόν	
John 12:17	Λάζαρον	N-ASM	N-ASM	2976	Λάζαρος	Λάζαρον	
John 12:17	ἐφώνησεν	V-AAI-3S	V-AAI-3S	5455&5656	φωνέω	ἐφώνησεν	
John 12:17	ἐκ	PREP	PREP	1537	ἐκ	ἐκ	
John 12:17	τοῦ	T-GSN	T-GSN	3588	ὁ	τοῦ	
John 12:17	μνημείου	N-GSN	N-GSN	3419	μνημεῖον	μνημείου	
John 12:17	καὶ	CONJ	CONJ	2532	καί	καί	
John 12:17	ἤγειρεν	V-AAI-3S	V-AAI-3S	1453&5656	ἐγείρω	ἤγειρεν	
John 12:17	αὐτὸν	P-ASM	P-ASM	846	αὐτός	αὐτόν	
John 12:17	ἐκ	PREP	PREP	1537	ἐκ	ἐκ	
John 12:17	νεκρῶν.	A-GPM	A-GPM	3498	νεκρός	νεκρῶν	
John 12:18	διὰ	PREP	PREP	1223	διά	διά	
John 12:18	τοῦτο	D-ASN	D-ASN	3778	οὗτος	τοῦτο	
John 12:18	καὶ	CONJ	CONJ	2532	καί	καί	
John 12:18	ὑπήντησεν	V-AAI-3S	V-AAI-3S	5221&5656	ὑπαντάω	ὑπήντησεν	
John 12:18	αὐτῷ	P-DSM	P-DSM	846	αὐτός	αὐτῷ	
John 12:18	ὁ	T-NSM	T-NSM	3588	ὁ	ὁ	
John 12:18	ὄχλος,	N-NSM	N-NSM	3793	ὄχλος	ὄχλος	
John 12:18	ὅτι	CONJ	CONJ	3754	ὅτι	ὅτι	
John 12:18	ἤκουσαν	V-AAI-3P	V-AAI-3P	191&5656	ἀκούω	ἤκουσαν	
John 12:18	τοῦτο	D-ASN	D-ASN	3778	οὗτος	τοῦτο	
John 12:18	αὐτὸν	P-ASM	P-ASM	846	αὐτός	αὐτόν	
John 12:18	πεποιηκέναι	V-RAN	V-RAN	4160&5760	ποιέω	πεποιηκέναι	
John 12:18	τὸ	T-ASN	T-ASN	3588	ὁ	τό	
John 12:18	σημεῖον.	N-ASN	N-ASN	4592	σημεῖον	σημεῖον	
John 12:19	οἱ	T-NPM	T-NPM	3588	ὁ	οἱ	
John 12:19	οὖν	CONJ	CONJ	3767	οὖν	οὖν	
John 12:19	Φαρισαῖοι	N-NPM	N-NPM	5330	Φαρισαῖος	Φαρισαῖοι	
John 12:19	εἶπαν	V-2AAI-3P	V-2AAI-3P	3004&5627	λέγω	εἶπαν	
John 12:19	πρὸς	PREP	PREP	4314	πρός	πρός	
John 12:19	ἑαυτούς	F-3APM	F-3APM	1438	ἑαυτοῦ	ἑαυτούς	
John 12:19	Θεωρεῖτε	V-PAI-2P	V-PAI-2P	2334&5719	θεωρέω	Θεωρεῖτε	
John 12:19	ὅτι	CONJ	CONJ	3754	ὅτι	ὅτι	
John 12:19	οὐκ	PRT-N	PRT-N	3756	οὐ	οὐκ	
John 12:19	ὠφελεῖτε	V-PAI-2P	V-PAI-2P	5623&5719	ὠφελέω	ὠφελεῖτε	
John 12:19	οὐδέν·	A-ASN-N	A-ASN-N	3762	οὐδείς	οὐδέν	
John 12:19	ἴδε	V-2AAM-2S	V-2AAM-2S	3708&5628	ὁράω	ἴδε	
John 12:19	ὁ	T-NSM	T-NSM	3588	ὁ	ὁ	
John 12:19	κόσμος	N-NSM	N-NSM	2889	κόσμος	κόσμος	
John 12:19	ὀπίσω	ADV	ADV	3694	ὀπίσω	ὀπίσω	
John 12:19	αὐτοῦ	P-GSM	P-GSM	846	αὐτός	αὐτοῦ	
John 12:19	ἀπῆλθεν.	V-2AAI-3S	V-2AAI-3S	565&5627	ἀπέρχομαι	ἀπῆλθεν	
John 12:20	Ἦσαν	V-IAI-3P	V-IAI-3P	1510&5707	εἰμί	Ἦσαν	
John 12:20	δὲ	CONJ	CONJ	1161	δέ	δέ	
John 12:20	Ἕλληνές	N-NPM	N-NPM	1672	Ἕλλην	Ἕλληνες	
John 12:20	τινες	X-NPM	X-NPM	5100	τὶς	τινες	
John 12:20	ἐκ	PREP	PREP	1537	ἐκ	ἐκ	
John 12:20	τῶν	T-GPM	T-GPM	3588	ὁ	τῶν	
John 12:20	ἀναβαινόντων	V-PAP-GPM	V-PAP-GPM	305&5723	ἀναβαίνω	ἀναβαινόντων	
John 12:20	ἵνα	CONJ	CONJ	2443	ἵνα	ἵνα	
John 12:20	προσκυνήσωσιν	V-AAS-3P	V-AAS-3P	4352&5661	προσκυνέω	προσκυνήσωσιν	
John 12:20	ἐν	PREP	PREP	1722	ἐν	ἐν	
John 12:20	τῇ	T-DSF	T-DSF	3588	ὁ	τῇ	
John 12:20	ἑορτῇ·	N-DSF	N-DSF	1859	ἑορτή	ἑορτῇ	
John 12:21	οὗτοι	D-NPM	D-NPM	3778	οὗτος	οὗτοι	
John 12:21	οὖν	CONJ	CONJ	3767	οὖν	οὖν	
John 12:21	προσῆλθον	V-2AAI-3P	V-2AAI-3P	4334	προσέρχομαι	προσῆλθον	
John 12:21	Φιλίππῳ	N-DSM	N-DSM	5376	Φίλιππος	Φιλίππῳ	
John 12:21	τῷ	T-DSM	T-DSM	3588	ὁ	τῷ	
John 12:21	ἀπὸ	PREP	PREP	575	ἀπό	ἀπό	
John 12:21	Βηθσαϊδὰ	N-PRI	N-PRI	966	Βηθσαϊδά	Βηθσαϊδά	
John 12:21	τῆς	T-GSF	T-GSF	3588	ὁ	τῆς	
John 12:21	Γαλιλαίας,	N-GSF	N-GSF	1056	Γαλιλαία	Γαλιλαίας	
John 12:21	καὶ	CONJ	CONJ	2532	καί	καί	
John 12:21	ἠρώτων	V-IAI-3P	V-IAI-3P	2065&5707	ἐρωτάω	ἠρώτων	
John 12:21	αὐτὸν	P-ASM	P-ASM	846	αὐτός	αὐτόν	
John 12:21	λέγοντες	V-PAP-NPM	V-PAP-NPM	3004&5723	λέγω	λέγοντες	
John 12:21	Κύριε,	N-VSM	N-VSM	2962	κύριος	Κύριε	
John 12:21	θέλομεν	V-PAI-1P	V-PAI-1P	2309&5719	θέλω	θέλομεν	
John 12:21	τὸν	T-ASM	T-ASM	3588	ὁ	τόν	
John 12:21	Ἰησοῦν	N-ASM	N-ASM	2424	Ἰησοῦς	Ἰησοῦν	
John 12:21	ἰδεῖν.	V-2AAN	V-2AAN	3708&5629	ὁράω	ἰδεῖν	
John 12:22	ἔρχεται	V-PNI-3S	V-PNI-3S	2064&5736	ἔρχομαι	ἔρχεται	
John 12:22	ὁ	T-NSM	T-NSM	3588	ὁ	ὁ	
John 12:22	Φίλιππος	N-NSM	N-NSM	5376	Φίλιππος	Φίλιππος	
John 12:22	καὶ	CONJ	CONJ	2532	καί	καί	
John 12:22	λέγει	V-PAI-3S	V-PAI-3S	3004&5719	λέγω	λέγει	
John 12:22	τῷ	T-DSM	T-DSM	3588	ὁ	τῷ	
John 12:22	Ἀνδρέᾳ·	N-DSM	N-DSM	406	Ἀνδρέας	Ἀνδρέᾳ	
John 12:22	ἔρχεται	V-PNI-3S	V-PNI-3S	2064&5736	ἔρχομαι	ἔρχεται	
John 12:22	Ἀνδρέας	N-NSM	N-NSM	406	Ἀνδρέας	Ἀνδρέας	
John 12:22	καὶ	CONJ	CONJ	2532	καί	καί	
John 12:22	Φίλιππος	N-NSM	N-NSM	5376	Φίλιππος	Φίλιππος	
John 12:22	καὶ	CONJ	CONJ	2532	καί	καί	
John 12:22	λέγουσιν	V-PAI-3P	V-PAI-3P	3004&5719	λέγω	λέγουσιν	
John 12:22	τῷ	T-DSM	T-DSM	3588	ὁ	τῷ	
John 12:22	Ἰησοῦ.	N-DSM	N-DSM	2424	Ἰησοῦς	Ἰησοῦ	
John 12:23	ὁ	T-NSM	T-NSM	3588	ὁ	ὁ	
John 12:23	δὲ	CONJ	CONJ	1161	δέ	δέ	
John 12:23	Ἰησοῦς	N-NSM	N-NSM	2424	Ἰησοῦς	Ἰησοῦς	
John 12:23	ἀποκρίνεται	V-PNI-3S	V-PNI-3S	611&5736	ἀποκρίνομαι	ἀποκρίνεται	
John 12:23	αὐτοῖς	P-DPM	P-DPM	846	αὐτός	αὐτοῖς	
John 12:23	λέγων	V-PAP-NSM	V-PAP-NSM	3004&5723	λέγω	λέγων	
John 12:23	Ἐλήλυθεν	V-2RAI-3S	V-2RAI-3S	2064&5754	ἔρχομαι	Ἐλήλυθεν	
John 12:23	ἡ	T-NSF	T-NSF	3588	ὁ	ἡ	
John 12:23	ὥρα	N-NSF	N-NSF	5610	ὥρα	ὥρα	
John 12:23	ἵνα	CONJ	CONJ	2443	ἵνα	ἵνα	
John 12:23	δοξασθῇ	V-APS-3S	V-APS-3S	1392&5686	δοξάζω	δοξασθῇ	
John 12:23	ὁ	T-NSM	T-NSM	3588	ὁ	ὁ	
John 12:23	Υἱὸς	N-NSM	N-NSM	5207	υἱός	Υἱός	
John 12:23	τοῦ	T-GSM	T-GSM	3588	ὁ	τοῦ	
John 12:23	ἀνθρώπου.	N-GSM	N-GSM	444	ἄνθρωπος	ἀνθρώπου	
John 12:24	ἀμὴν	HEB	HEB	281	ἀμήν	ἀμήν	
John 12:24	ἀμὴν	HEB	HEB	281	ἀμήν	ἀμήν	
John 12:24	λέγω	V-PAI-1S	V-PAI-1S	3004&5719	λέγω	λέγω	
John 12:24	ὑμῖν,	P-2DP	P-2DP	4771	σύ	ὑμῖν	
John 12:24	ἐὰν	COND	COND	1437	ἐάν	ἐάν	
John 12:24	μὴ	PRT-N	PRT-N	3361	μή	μή	
John 12:24	ὁ	T-NSM	T-NSM	3588	ὁ	ὁ	
John 12:24	κόκκος	N-NSM	N-NSM	2848	κόκκος	κόκκος	
John 12:24	τοῦ	T-GSM	T-GSM	3588	ὁ	τοῦ	
John 12:24	σίτου	N-GSM	N-GSM	4621	σῖτος	σίτου	
John 12:24	πεσὼν	V-2AAP-NSM	V-2AAP-NSM	4098&5631	πίπτω	πεσών	
John 12:24	εἰς	PREP	PREP	1519	εἰς	εἰς	
John 12:24	τὴν	T-ASF	T-ASF	3588	ὁ	τήν	
John 12:24	γῆν	N-ASF	N-ASF	1093	γῆ	γῆν	
John 12:24	ἀποθάνῃ,	V-2AAS-3S	V-2AAS-3S	599&5632	ἀποθνῄσκω	ἀποθάνῃ	
John 12:24	αὐτὸς	P-NSM	P-NSM	846	αὐτός	αὐτός	
John 12:24	μόνος	A-NSM	A-NSM	3441	μόνος	μόνος	
John 12:24	μένει·	V-PAI-3S	V-PAI-3S	3306&5719	μένω	μένει	
John 12:24	ἐὰν	COND	COND	1437	ἐάν	ἐάν	
John 12:24	δὲ	CONJ	CONJ	1161	δέ	δέ	
John 12:24	ἀποθάνῃ,	V-2AAS-3S	V-2AAS-3S	599&5632	ἀποθνῄσκω	ἀποθάνῃ	
John 12:24	πολὺν	A-ASM	A-ASM	4183	πολύς	πολύν	
John 12:24	καρπὸν	N-ASM	N-ASM	2590	καρπός	καρπόν	
John 12:24	φέρει.	V-PAI-3S	V-PAI-3S	5342&5719	φέρω	φέρει	
John 12:25	ὁ	T-NSM	T-NSM	3588	ὁ	ὁ	
John 12:25	φιλῶν	V-PAP-NSM	V-PAP-NSM	5368&5723	φιλέω	φιλῶν	
John 12:25	τὴν	T-ASF	T-ASF	3588	ὁ	τήν	
John 12:25	ψυχὴν	N-ASF	N-ASF	5590	ψυχή	ψυχήν	
John 12:25	αὐτοῦ	P-GSM	P-GSM	846	αὐτός	αὐτοῦ	
John 12:25	ἀπολλύει	V-PAI-3S	V-PAI-3S	622&5719	ἀπόλλυμι	ἀπολλύει	
John 12:25	αὐτήν,	P-ASF	P-ASF	846	αὐτός	αὐτήν	
John 12:25	καὶ	CONJ	CONJ	2532	καί	καί	
John 12:25	ὁ	T-NSM	T-NSM	3588	ὁ	ὁ	
John 12:25	μισῶν	V-PAP-NSM	V-PAP-NSM	3404&5723	μισέω	μισῶν	
John 12:25	τὴν	T-ASF	T-ASF	3588	ὁ	τήν	
John 12:25	ψυχὴν	N-ASF	N-ASF	5590	ψυχή	ψυχήν	
John 12:25	αὐτοῦ	P-GSM	P-GSM	846	αὐτός	αὐτοῦ	
John 12:25	ἐν	PREP	PREP	1722	ἐν	ἐν	
John 12:25	τῷ	T-DSM	T-DSM	3588	ὁ	τῷ	
John 12:25	κόσμῳ	N-DSM	N-DSM	2889	κόσμος	κόσμῳ	
John 12:25	τούτῳ	D-DSM	D-DSM	3778	οὗτος	τούτῳ	
John 12:25	εἰς	PREP	PREP	1519	εἰς	εἰς	
John 12:25	ζωὴν	N-ASF	N-ASF	2222	ζωή	ζωήν	
John 12:25	αἰώνιον	A-ASF	A-ASF	166	αἰώνιος	αἰώνιον	
John 12:25	φυλάξει	V-FAI-3S	V-FAI-3S	5442&5692	φυλάσσω	φυλάξει	
John 12:25	αὐτήν.	P-ASF	P-ASF	846	αὐτός	αὐτήν	
John 12:26	ἐὰν	COND	COND	1437	ἐάν	ἐάν	
John 12:26	ἐμοί	P-1DS	P-1DS	1473	ἐγώ	ἐμοί	
John 12:26	τις	X-NSM	X-NSM	5100	τὶς	τις	
John 12:26	διακονῇ,	V-PAS-3S	V-PAS-3S	1247&5725	διακονέω	διακονῇ	
John 12:26	ἐμοὶ	P-1DS	P-1DS	1473	ἐγώ	ἐμοί	
John 12:26	ἀκολουθείτω,	V-PAM-3S	V-PAM-3S	190&5720	ἀκολουθέω	ἀκολουθείτω	
John 12:26	καὶ	CONJ	CONJ	2532	καί	καί	
John 12:26	ὅπου	ADV	ADV	3699	ὅπου	ὅπου	
John 12:26	εἰμὶ	V-PAI-1S	V-PAI-1S	1510&5719	εἰμί	εἰμί	
John 12:26	ἐγὼ,	P-1NS	P-1NS	1473	ἐγώ	ἐγώ	
John 12:26	ἐκεῖ	ADV	ADV	1563	ἐκεῖ	ἐκεῖ	
John 12:26	καὶ	CONJ	CONJ	2532	καί	καί	
John 12:26	ὁ	T-NSM	T-NSM	3588	ὁ	ὁ	
John 12:26	διάκονος	N-NSM	N-NSM	1249	διάκονος	διάκονος	
John 12:26	ὁ	T-NSM	T-NSM	3588	ὁ	ὁ	
John 12:26	ἐμὸς	S-1SNSM	S-1SNSM	1699	ἐμός	ἐμός	
John 12:26	ἔσται·	V-FDI-3S	V-FDI-3S	1510&5695	εἰμί	ἔσται	
John 12:26	ἐάν	COND	COND	1437	ἐάν	ἐάν	
John 12:26	τις	X-NSM	X-NSM	5100	τὶς	τις	
John 12:26	ἐμοὶ	P-1DS	P-1DS	1473	ἐγώ	ἐμοί	
John 12:26	διακονῇ,	V-PAS-3S	V-PAS-3S	1247&5725	διακονέω	διακονῇ	
John 12:26	τιμήσει	V-FAI-3S	V-FAI-3S	5091&5692	τιμάω	τιμήσει	
John 12:26	αὐτὸν	P-ASM	P-ASM	846	αὐτός	αὐτόν	
John 12:26	ὁ	T-NSM	T-NSM	3588	ὁ	ὁ	
John 12:26	Πατήρ.	N-NSM	N-NSM	3962	πατήρ	Πατήρ	
John 12:27	νῦν	ADV	ADV	3568	νῦν	νῦν	
John 12:27	ἡ	T-NSF	T-NSF	3588	ὁ	ἡ	
John 12:27	ψυχή	N-NSF	N-NSF	5590	ψυχή	ψυχή	
John 12:27	μου	P-1GS	P-1GS	1473	ἐγώ	μου	
John 12:27	τετάρακται,	V-RPI-3S	V-RPI-3S	5015&5769	ταράσσω	τετάρακται	
John 12:27	καὶ	CONJ	CONJ	2532	καί	καί	
John 12:27	τί	I-ASN	I-ASN	5101	τίς	τί	
John 12:27	εἴπω;	V-2AAS-1S	V-2AAS-1S	3004&5632	λέγω	εἴπω	
John 12:27	Πάτερ,	N-VSM	N-VSM	3962	πατήρ	Πάτερ	
John 12:27	σῶσόν	V-AAM-2S	V-AAM-2S	4982&5657	σῴζω	σῶσον	
John 12:27	με	P-1AS	P-1AS	1473	ἐγώ	με	
John 12:27	ἐκ	PREP	PREP	1537	ἐκ	ἐκ	
John 12:27	τῆς	T-GSF	T-GSF	3588	ὁ	τῆς	
John 12:27	ὥρας	N-GSF	N-GSF	5610	ὥρα	ὥρας	
John 12:27	ταύτης.	D-GSF	D-GSF	3778	οὗτος	ταύτης	
John 12:27	ἀλλὰ	CONJ	CONJ	235	ἀλλά	ἀλλά	
John 12:27	διὰ	PREP	PREP	1223	διά	διά	
John 12:27	τοῦτο	D-ASN	D-ASN	3778	οὗτος	τοῦτο	
John 12:27	ἦλθον	V-2AAI-1S	V-2AAI-1S	2064&5627	ἔρχομαι	ἦλθον	
John 12:27	εἰς	PREP	PREP	1519	εἰς	εἰς	
John 12:27	τὴν	T-ASF	T-ASF	3588	ὁ	τήν	
John 12:27	ὥραν	N-ASF	N-ASF	5610	ὥρα	ὥραν	
John 12:27	ταύτην.	D-ASF	D-ASF	3778	οὗτος	ταύτην	
John 12:28	Πάτερ,	N-VSM	N-VSM	3962	πατήρ	Πάτερ	
John 12:28	δόξασόν	V-AAM-2S	V-AAM-2S	1392&5657	δοξάζω	δόξασον	
John 12:28	σου	P-2GS	P-2GS	4771	σύ	σου	
John 12:28	τὸ	T-ASN	T-ASN	3588	ὁ	τό	
John 12:28	ὄνομα.	N-ASN	N-ASN	3686	ὄνομα	ὄνομα	
John 12:28	ἦλθεν	V-2AAI-3S	V-2AAI-3S	2064&5627	ἔρχομαι	ἦλθεν	
John 12:28	οὖν	CONJ	CONJ	3767	οὖν	οὖν	
John 12:28	φωνὴ	N-NSF	N-NSF	5456	φωνή	φωνή	
John 12:28	ἐκ	PREP	PREP	1537	ἐκ	ἐκ	
John 12:28	τοῦ	T-GSM	T-GSM	3588	ὁ	τοῦ	
John 12:28	οὐρανοῦ	N-GSM	N-GSM	3772	οὐρανός	οὐρανοῦ	
John 12:28	Καὶ	CONJ	CONJ	2532	καί	Καί	
John 12:28	ἐδόξασα	V-AAI-1S	V-AAI-1S	1392&5656	δοξάζω	ἐδόξασα	
John 12:28	καὶ	CONJ	CONJ	2532	καί	καί	
John 12:28	πάλιν	ADV	ADV	3825	πάλιν	πάλιν	
John 12:28	δοξάσω.	V-FAI-1S	V-FAI-1S	1392&5692	δοξάζω	δοξάσω	
John 12:29	ὁ	T-NSM	T-NSM	3588	ὁ	ὁ	
John 12:29	οὖν	CONJ	CONJ	3767	οὖν	οὖν	
John 12:29	ὄχλος	N-NSM	N-NSM	3793	ὄχλος	ὄχλος	
John 12:29	ὁ	T-NSM	T-NSM	3588	ὁ	ὁ	
John 12:29	ἑστὼς	V-RAP-NSM	V-RAP-NSM	2476&5761	ἵστημι	ἑστώς	
John 12:29	καὶ	CONJ	CONJ	2532	καί	καί	
John 12:29	ἀκούσας	V-AAP-NSM	V-AAP-NSM	191&5660	ἀκούω	ἀκούσας	
John 12:29	ἔλεγεν	V-IAI-3S	V-IAI-3S	3004&5707	λέγω	ἔλεγεν	
John 12:29	βροντὴν	N-ASF	N-ASF	1027	βροντή	βροντήν	
John 12:29	γεγονέναι·	V-2RAN	V-2RAN	1096&5755	γίνομαι	γεγονέναι	
John 12:29	ἄλλοι	A-NPM	A-NPM	243	ἄλλος	ἄλλοι	
John 12:29	ἔλεγον	V-IAI-3P	V-IAI-3P	3004&5707	λέγω	ἔλεγον	
John 12:29	Ἄγγελος	N-NSM	N-NSM	32	ἄγγελος	Ἄγγελος	
John 12:29	αὐτῷ	P-DSM	P-DSM	846	αὐτός	αὐτῷ	
John 12:29	λελάληκεν.	V-RAI-3S	V-RAI-3S	2980&5758	λαλέω	λελάληκεν	
John 12:30	ἀπεκρίθη	V-ADI-3S	V-ADI-3S	611&5662	ἀποκρίνομαι	ἀπεκρίθη	
John 12:30	Ἰησοῦς	N-NSM	N-NSM	2424	Ἰησοῦς	Ἰησοῦς	
John 12:30	καὶ	CONJ	CONJ	2532	καί	καί	
John 12:30	εἶπεν	V-2AAI-3S	V-2AAI-3S	3004&5627	λέγω	εἶπεν	
John 12:30	Οὐ	PRT-N	PRT-N	3756	οὐ	Οὐ	
John 12:30	δι’	PREP	PREP	1223	διά	δι’	
John 12:30	ἐμὲ	P-1AS	P-1AS	1473	ἐγώ	ἐμέ	
John 12:30	ἡ	T-NSF	T-NSF	3588	ὁ	ἡ	
John 12:30	φωνὴ	N-NSF	N-NSF	5456	φωνή	φωνή	
John 12:30	αὕτη	D-NSF	D-NSF	3778	οὗτος	αὕτη	
John 12:30	γέγονεν	V-2RAI-3S	V-2RAI-3S	1096&5754	γίνομαι	γέγονεν	
John 12:30	ἀλλὰ	CONJ	CONJ	235	ἀλλά	ἀλλά	
John 12:30	δι’	PREP	PREP	1223	διά	δι’	
John 12:30	ὑμᾶς.	P-2AP	P-2AP	4771	σύ	ὑμᾶς	
John 12:31	νῦν	ADV	ADV	3568	νῦν	νῦν	
John 12:31	κρίσις	N-NSF	N-NSF	2920	κρίσις	κρίσις	
John 12:31	ἐστὶν	V-PAI-3S	V-PAI-3S	1510&5719	εἰμί	ἐστίν	
John 12:31	τοῦ	T-GSM	T-GSM	3588	ὁ	τοῦ	
John 12:31	κόσμου	N-GSM	N-GSM	2889	κόσμος	κόσμου	
John 12:31	τούτου·	D-GSM	D-GSM	3778	οὗτος	τούτου	
John 12:31	νῦν	ADV	ADV	3568	νῦν	νῦν	
John 12:31	ὁ	T-NSM	T-NSM	3588	ὁ	ὁ	
John 12:31	ἄρχων	N-NSM	N-NSM	758	ἄρχων	ἄρχων	
John 12:31	τοῦ	T-GSM	T-GSM	3588	ὁ	τοῦ	
John 12:31	κόσμου	N-GSM	N-GSM	2889	κόσμος	κόσμου	
John 12:31	τούτου	D-GSM	D-GSM	3778	οὗτος	τούτου	
John 12:31	ἐκβληθήσεται	V-FPI-3S	V-FPI-3S	1544&5701	ἐκβάλλω	ἐκβληθήσεται	
John 12:31	ἔξω·	ADV	ADV	1854	ἔξω	ἔξω	
John 12:32	κἀγὼ	P-1NS-K	P-1NS-K	2504	κἀγώ	κἀγώ	
John 12:32	ἐὰν	COND	COND	1437	ἐάν	ἐάν	
John 12:32	ὑψωθῶ	V-APS-1S	V-APS-1S	5312&5686	ὑψόω	ὑψωθῶ	
John 12:32	ἐκ	PREP	PREP	1537	ἐκ	ἐκ	
John 12:32	τῆς	T-GSF	T-GSF	3588	ὁ	τῆς	
John 12:32	γῆς,	N-GSF	N-GSF	1093	γῆ	γῆς	
John 12:32	πάντας	A-APM	A-APM	3956	πᾶς	πάντας	
John 12:32	ἑλκύσω	V-FAI-1S	V-FAI-1S	1670&5692	ἕλκω	ἑλκύσω	
John 12:32	πρὸς	PREP	PREP	4314	πρός	πρός	
John 12:32	ἐμαυτόν.	F-1ASM	F-1ASM	1683	ἐμαυτοῦ	ἐμαυτόν	
John 12:33	τοῦτο	D-ASN	D-ASN	3778	οὗτος	τοῦτο	
John 12:33	δὲ	CONJ	CONJ	1161	δέ	δέ	
John 12:33	ἔλεγεν	V-IAI-3S	V-IAI-3S	3004&5707	λέγω	ἔλεγεν	
John 12:33	σημαίνων	V-PAP-NSM	V-PAP-NSM	4591&5723	σημαίνω	σημαίνων	
John 12:33	ποίῳ	I-DSM	I-DSM	4169	ποῖος	ποίῳ	
John 12:33	θανάτῳ	N-DSM	N-DSM	2288	θάνατος	θανάτῳ	
John 12:33	ἤμελλεν	V-IAI-3S-ATT	V-IAI-3S-ATT	3195&5707	μέλλω	ἤμελλεν	
John 12:33	ἀποθνήσκειν.	V-PAN	V-PAN	599&5721	ἀποθνῄσκω	ἀποθνήσκειν	
John 12:34	ἀπεκρίθη	V-ADI-3S	V-ADI-3S	611&5662	ἀποκρίνομαι	ἀπεκρίθη	
John 12:34	οὖν	CONJ	CONJ	3767	οὖν	οὖν	
John 12:34	αὐτῷ	P-DSM	P-DSM	846	αὐτός	αὐτῷ	
John 12:34	ὁ	T-NSM	T-NSM	3588	ὁ	ὁ	
John 12:34	ὄχλος	N-NSM	N-NSM	3793	ὄχλος	ὄχλος	
John 12:34	Ἡμεῖς	P-1NP	P-1NP	1473	ἐγώ	Ἡμεῖς	
John 12:34	ἠκούσαμεν	V-AAI-1P	V-AAI-1P	191&5656	ἀκούω	ἠκούσαμεν	
John 12:34	ἐκ	PREP	PREP	1537	ἐκ	ἐκ	
John 12:34	τοῦ	T-GSM	T-GSM	3588	ὁ	τοῦ	
John 12:34	νόμου	N-GSM	N-GSM	3551	νόμος	νόμου	
John 12:34	ὅτι	CONJ	CONJ	3754	ὅτι	ὅτι	
John 12:34	ὁ	T-NSM	T-NSM	3588	ὁ	ὁ	
John 12:34	Χριστὸς	N-NSM	N-NSM	5547	Χριστός	Χριστός	
John 12:34	μένει	V-PAI-3S	V-PAI-3S	3306&5719	μένω	μένει	
John 12:34	εἰς	PREP	PREP	1519	εἰς	εἰς	
John 12:34	τὸν	T-ASM	T-ASM	3588	ὁ	τόν	
John 12:34	αἰῶνα,	N-ASM	N-ASM	165	αἰών	αἰῶνα	
John 12:34	καὶ	CONJ	CONJ	2532	καί	καί	
John 12:34	πῶς	ADV-I	ADV-I	4459	πῶς	πῶς	
John 12:34	λέγεις	V-PAI-2S	V-PAI-2S	3004&5719	λέγω	λέγεις	
John 12:34	σὺ	P-2NS	P-2NS	4771	σύ	σύ	
John 12:34	ὅτι	CONJ	CONJ	3754	ὅτι	ὅτι	
John 12:34	δεῖ	V-PAI-3S	V-PAI-3S	1163&5719	δεῖ	δεῖ	
John 12:34	ὑψωθῆναι	V-APN	V-APN	5312&5683	ὑψόω	ὑψωθῆναι	
John 12:34	τὸν	T-ASM	T-ASM	3588	ὁ	τόν	
John 12:34	Υἱὸν	N-ASM	N-ASM	5207	υἱός	Υἱόν	
John 12:34	τοῦ	T-GSM	T-GSM	3588	ὁ	τοῦ	
John 12:34	ἀνθρώπου;	N-GSM	N-GSM	444	ἄνθρωπος	ἀνθρώπου	
John 12:34	τίς	I-NSM	I-NSM	5101	τίς	τίς	
John 12:34	ἐστιν	V-PAI-3S	V-PAI-3S	1510&5719	εἰμί	ἐστιν	
John 12:34	οὗτος	D-NSM	D-NSM	3778	οὗτος	οὗτος	
John 12:34	ὁ	T-NSM	T-NSM	3588	ὁ	ὁ	
John 12:34	Υἱὸς	N-NSM	N-NSM	5207	υἱός	Υἱός	
John 12:34	τοῦ	T-GSM	T-GSM	3588	ὁ	τοῦ	
John 12:34	ἀνθρώπου;	N-GSM	N-GSM	444	ἄνθρωπος	ἀνθρώπου	
John 12:35	εἶπεν	V-2AAI-3S	V-2AAI-3S	3004&5627	λέγω	εἶπεν	
John 12:35	οὖν	CONJ	CONJ	3767	οὖν	οὖν	
John 12:35	αὐτοῖς	P-DPM	P-DPM	846	αὐτός	αὐτοῖς	
John 12:35	ὁ	T-NSM	T-NSM	3588	ὁ	ὁ	
John 12:35	Ἰησοῦς	N-NSM	N-NSM	2424	Ἰησοῦς	Ἰησοῦς	
John 12:35	Ἔτι	ADV	ADV	2089	ἔτι	Ἔτι	
John 12:35	μικρὸν	A-ASM	A-ASM	3398	μικρός	μικρόν	
John 12:35	χρόνον	N-ASM	N-ASM	5550	χρόνος	χρόνον	
John 12:35	τὸ	T-NSN	T-NSN	3588	ὁ	τό	
John 12:35	φῶς	N-NSN	N-NSN	5457	φῶς	φῶς	
John 12:35	ἐν	PREP	PREP	1722	ἐν	ἐν	
John 12:35	ὑμῖν	P-2DP	P-2DP	4771	σύ	ὑμῖν	
John 12:35	ἐστιν.	V-PAI-3S	V-PAI-3S	1510	εἰμί	ἐστιν	
John 12:35	περιπατεῖτε	V-PAM-2P	V-PAM-2P	4043&5720	περιπατέω	περιπατεῖτε	
John 12:35	ὡς	ADV	ADV	5613	ὡς	ὡς	
John 12:35	τὸ	T-ASN	T-ASN	3588	ὁ	τό	
John 12:35	φῶς	N-ASN	N-ASN	5457	φῶς	φῶς	
John 12:35	ἔχετε,	V-PAI-2P	V-PAI-2P	2192&5719	ἔχω	ἔχετε	
John 12:35	ἵνα	CONJ	CONJ	2443	ἵνα	ἵνα	
John 12:35	μὴ	PRT-N	PRT-N	3361	μή	μή	
John 12:35	σκοτία	N-NSF	N-NSF	4653	σκοτία	σκοτία	
John 12:35	ὑμᾶς	P-2AP	P-2AP	4771	σύ	ὑμᾶς	
John 12:35	καταλάβῃ·	V-2AAS-3S	V-2AAS-3S	2638&5632	καταλαμβάνω	καταλάβῃ	
John 12:35	καὶ	CONJ	CONJ	2532	καί	καί	
John 12:35	ὁ	T-NSM	T-NSM	3588	ὁ	ὁ	
John 12:35	περιπατῶν	V-PAP-NSM	V-PAP-NSM	4043&5723	περιπατέω	περιπατῶν	
John 12:35	ἐν	PREP	PREP	1722	ἐν	ἐν	
John 12:35	τῇ	T-DSF	T-DSF	3588	ὁ	τῇ	
John 12:35	σκοτίᾳ	N-DSF	N-DSF	4653	σκοτία	σκοτίᾳ	
John 12:35	οὐκ	PRT-N	PRT-N	3756	οὐ	οὐκ	
John 12:35	οἶδεν	V-RAI-3S	V-RAI-3S	1492&5758	οἶδα	οἶδεν	
John 12:35	ποῦ	ADV-I	ADV-I	4226	ποῦ	ποῦ	
John 12:35	ὑπάγει.	V-PAI-3S	V-PAI-3S	5217&5719	ὑπάγω	ὑπάγει	
John 12:36	ὡς	ADV	ADV	5613	ὡς	ὡς	
John 12:36	τὸ	T-ASN	T-ASN	3588	ὁ	τό	
John 12:36	φῶς	N-ASN	N-ASN	5457	φῶς	φῶς	
John 12:36	ἔχετε,	V-PAI-2P	V-PAI-2P	2192&5719	ἔχω	ἔχετε	
John 12:36	πιστεύετε	V-PAM-2P	V-PAM-2P	4100&5720	πιστεύω	πιστεύετε	
John 12:36	εἰς	PREP	PREP	1519	εἰς	εἰς	
John 12:36	τὸ	T-ASN	T-ASN	3588	ὁ	τό	
John 12:36	φῶς,	N-ASN	N-ASN	5457	φῶς	φῶς	
John 12:36	ἵνα	CONJ	CONJ	2443	ἵνα	ἵνα	
John 12:36	υἱοὶ	N-NPM	N-NPM	5207	υἱός	υἱοί	
John 12:36	φωτὸς	N-GSN	N-GSN	5457	φῶς	φωτός	
John 12:36	γένησθε.	V-2ADS-2P	V-2ADS-2P	1096&5638	γίνομαι	γένησθε	
John 12:36	Ταῦτα	D-APN	D-APN	3778	οὗτος	Ταῦτα	
John 12:36	ἐλάλησεν	V-AAI-3S	V-AAI-3S	2980&5656	λαλέω	ἐλάλησεν	
John 12:36	Ἰησοῦς,	N-NSM	N-NSM	2424	Ἰησοῦς	Ἰησοῦς	
John 12:36	καὶ	CONJ	CONJ	2532	καί	καί	
John 12:36	ἀπελθὼν	V-2AAP-NSM	V-2AAP-NSM	565&5631	ἀπέρχομαι	ἀπελθών	
John 12:36	ἐκρύβη	V-2API-3S	V-2API-3S	2928&5648	κρύπτω	ἐκρύβη	
John 12:36	ἀπ’	PREP	PREP	575	ἀπό	ἀπ’	
John 12:36	αὐτῶν.	P-GPM	P-GPM	846	αὐτός	αὐτῶν	
John 12:37	Τοσαῦτα	D-APN	D-APN	5118	τοσοῦτος	Τοσαῦτα	
John 12:37	δὲ	CONJ	CONJ	1161	δέ	δέ	
John 12:37	αὐτοῦ	P-GSM	P-GSM	846	αὐτός	αὐτοῦ	
John 12:37	σημεῖα	N-APN	N-APN	4592	σημεῖον	σημεῖα	
John 12:37	πεποιηκότος	V-RAP-GSM	V-RAP-GSM	4160&5761	ποιέω	πεποιηκότος	
John 12:37	ἔμπροσθεν	PREP	PREP	1715	ἔμπροσθεν	ἔμπροσθεν	
John 12:37	αὐτῶν	P-GPM	P-GPM	846	αὐτός	αὐτῶν	
John 12:37	οὐκ	PRT-N	PRT-N	3756	οὐ	οὐκ	
John 12:37	ἐπίστευον	V-IAI-3P	V-IAI-3P	4100&5707	πιστεύω	ἐπίστευον	
John 12:37	εἰς	PREP	PREP	1519	εἰς	εἰς	
John 12:37	αὐτόν,	P-ASM	P-ASM	846	αὐτός	αὐτόν	
John 12:38	ἵνα	CONJ	CONJ	2443	ἵνα	ἵνα	
John 12:38	ὁ	T-NSM	T-NSM	3588	ὁ	ὁ	
John 12:38	λόγος	N-NSM	N-NSM	3056	λόγος	λόγος	
John 12:38	Ἡσαΐου	N-GSM	N-GSM	2268	Ἠσαΐας	Ἡσαΐου	
John 12:38	τοῦ	T-GSM	T-GSM	3588	ὁ	τοῦ	
John 12:38	προφήτου	N-GSM	N-GSM	4396	προφήτης	προφήτου	
John 12:38	πληρωθῇ	V-APS-3S	V-APS-3S	4137&5686	πληρόω	πληρωθῇ	
John 12:38	ὃν	R-ASM	R-ASM	3739	ὅς	ὅν	
John 12:38	εἶπεν	V-2AAI-3S	V-2AAI-3S	3004&5627	λέγω	εἶπεν	
John 12:38	Κύριε,	N-VSM	N-VSM	2962	κύριος	Κύριε	
John 12:38	τίς	I-NSM	I-NSM	5101	τίς	τίς	
John 12:38	ἐπίστευσεν	V-AAI-3S	V-AAI-3S	4100&5656	πιστεύω	ἐπίστευσεν	
John 12:38	τῇ	T-DSF	T-DSF	3588	ὁ	τῇ	
John 12:38	ἀκοῇ	N-DSF	N-DSF	189	ἀκοή	ἀκοῇ	
John 12:38	ἡμῶν;	P-1GP	P-1GP	1473	ἐγώ	ἡμῶν	
John 12:38	καὶ	CONJ	CONJ	2532	καί	καί	
John 12:38	ὁ	T-NSM	T-NSM	3588	ὁ	ὁ	
John 12:38	βραχίων	N-NSM	N-NSM	1023	βραχίων	βραχίων	
John 12:38	Κυρίου	N-GSM	N-GSM	2962	κύριος	Κυρίου	
John 12:38	τίνι	I-DSM	I-DSM	5101	τίς	τίνι	
John 12:38	ἀπεκαλύφθη;	V-API-3S	V-API-3S	601&5681	ἀποκαλύπτω	ἀπεκαλύφθη	
John 12:39	διὰ	PREP	PREP	1223	διά	διά	
John 12:39	τοῦτο	D-ASN	D-ASN	3778	οὗτος	τοῦτο	
John 12:39	οὐκ	PRT-N	PRT-N	3756	οὐ	οὐκ	
John 12:39	ἠδύναντο	V-INI-3P-ATT	V-INI-3P-ATT	1410&5711	δύναμαι	ἠδύναντο	
John 12:39	πιστεύειν,	V-PAN	V-PAN	4100&5721	πιστεύω	πιστεύειν	
John 12:39	ὅτι	CONJ	CONJ	3754	ὅτι	ὅτι	
John 12:39	πάλιν	ADV	ADV	3825	πάλιν	πάλιν	
John 12:39	εἶπεν	V-2AAI-3S	V-2AAI-3S	3004&5627	λέγω	εἶπεν	
John 12:39	Ἡσαΐας	N-NSM	N-NSM	2268	Ἠσαΐας	Ἡσαΐας	
John 12:40	Τετύφλωκεν	V-RAI-3S	V-RAI-3S	5186&5758	τυφλόω	Τετύφλωκεν	
John 12:40	αὐτῶν	P-GPM	P-GPM	846	αὐτός	αὐτῶν	
John 12:40	τοὺς	T-APM	T-APM	3588	ὁ	τούς	
John 12:40	ὀφθαλμοὺς	N-APM	N-APM	3788	ὀφθαλμός	ὀφθαλμούς	
John 12:40	καὶ	CONJ	CONJ	2532	καί	καί	
John 12:40	ἐπώρωσεν	V-AAI-3S	V-AAI-3S	4456&5656	πωρόω	ἐπώρωσεν	
John 12:40	αὐτῶν	P-GPM	P-GPM	846	αὐτός	αὐτῶν	
John 12:40	τὴν	T-ASF	T-ASF	3588	ὁ	τήν	
John 12:40	καρδίαν,	N-ASF	N-ASF	2588	καρδία	καρδίαν	
John 12:40	ἵνα	CONJ	CONJ	2443	ἵνα	ἵνα	
John 12:40	μὴ	PRT-N	PRT-N	3361	μή	μή	
John 12:40	ἴδωσιν	V-2AAS-3P	V-2AAS-3P	3708&5632	ὁράω	ἴδωσιν	
John 12:40	τοῖς	T-DPM	T-DPM	3588	ὁ	τοῖς	
John 12:40	ὀφθαλμοῖς	N-DPM	N-DPM	3788	ὀφθαλμός	ὀφθαλμοῖς	
John 12:40	καὶ	CONJ	CONJ	2532	καί	καί	
John 12:40	νοήσωσιν	V-AAS-3P	V-AAS-3P	3539&5661	νοέω	νοήσωσιν	
John 12:40	τῇ	T-DSF	T-DSF	3588	ὁ	τῇ	
John 12:40	καρδίᾳ	N-DSF	N-DSF	2588	καρδία	καρδίᾳ	
John 12:40	καὶ	CONJ	CONJ	2532	καί	καί	
John 12:40	στραφῶσιν,	V-2APS-3P	V-2APS-3P	4762&5652	στρέφω	στραφῶσιν	
John 12:40	καὶ	CONJ	CONJ	2532	καί	καί	
John 12:40	ἰάσομαι	V-FDI-1S	V-FDI-1S	2390&5695	ἰάομαι	ἰάσομαι	
John 12:40	αὐτούς.	P-APM	P-APM	846	αὐτός	αὐτούς	
John 12:41	ταῦτα	D-APN	D-APN	3778	οὗτος	ταῦτα	
John 12:41	εἶπεν	V-2AAI-3S	V-2AAI-3S	3004&5627	λέγω	εἶπεν	
John 12:41	Ἡσαΐας	N-NSM	N-NSM	2268	Ἠσαΐας	Ἡσαΐας	
John 12:41	ὅτι	CONJ	CONJ	3754	ὅτι	ὅτι	
John 12:41	εἶδεν	V-2AAI-3S	V-2AAI-3S	3708&5627	ὁράω	εἶδεν	
John 12:41	τὴν	T-ASF	T-ASF	3588	ὁ	τήν	
John 12:41	δόξαν	N-ASF	N-ASF	1391	δόξα	δόξαν	
John 12:41	αὐτοῦ,	P-GSM	P-GSM	846	αὐτός	αὐτοῦ	
John 12:41	καὶ	CONJ	CONJ	2532	καί	καί	
John 12:41	ἐλάλησεν	V-AAI-3S	V-AAI-3S	2980&5656	λαλέω	ἐλάλησεν	
John 12:41	περὶ	PREP	PREP	4012	περί	περί	
John 12:41	αὐτοῦ.	P-GSM	P-GSM	846	αὐτός	αὐτοῦ	
John 12:42	ὅμως	CONJ	CONJ	3676	ὅμως	ὅμως	
John 12:42	μέντοι	CONJ	CONJ	3305	μέντοι	μέντοι	
John 12:42	καὶ	CONJ	CONJ	2532	καί	καί	
John 12:42	ἐκ	PREP	PREP	1537	ἐκ	ἐκ	
John 12:42	τῶν	T-GPM	T-GPM	3588	ὁ	τῶν	
John 12:42	ἀρχόντων	N-GPM	N-GPM	758	ἄρχων	ἀρχόντων	
John 12:42	πολλοὶ	A-NPM	A-NPM	4183	πολύς	πολλοί	
John 12:42	ἐπίστευσαν	V-AAI-3P	V-AAI-3P	4100&5656	πιστεύω	ἐπίστευσαν	
John 12:42	εἰς	PREP	PREP	1519	εἰς	εἰς	
John 12:42	αὐτόν,	P-ASM	P-ASM	846	αὐτός	αὐτόν	
John 12:42	ἀλλὰ	CONJ	CONJ	235	ἀλλά	ἀλλά	
John 12:42	διὰ	PREP	PREP	1223	διά	διά	
John 12:42	τοὺς	T-APM	T-APM	3588	ὁ	τούς	
John 12:42	Φαρισαίους	N-APM	N-APM	5330	Φαρισαῖος	Φαρισαίους	
John 12:42	οὐχ	PRT-N	PRT-N	3756	οὐ	οὐχ	
John 12:42	ὡμολόγουν,	V-IAI-3P	V-IAI-3P	3670&5707	ὁμολογέω	ὡμολόγουν	
John 12:42	ἵνα	CONJ	CONJ	2443	ἵνα	ἵνα	
John 12:42	μὴ	PRT-N	PRT-N	3361	μή	μή	
John 12:42	ἀποσυνάγωγοι	A-NPM	A-NPM	656	ἀποσυνάγωγος	ἀποσυνάγωγοι	
John 12:42	γένωνται·	V-2ADS-3P	V-2ADS-3P	1096&5638	γίνομαι	γένωνται	
John 12:43	ἠγάπησαν	V-AAI-3P	V-AAI-3P	25&5656	ἀγαπάω	ἠγάπησαν	
John 12:43	γὰρ	CONJ	CONJ	1063	γάρ	γάρ	
John 12:43	τὴν	T-ASF	T-ASF	3588	ὁ	τήν	
John 12:43	δόξαν	N-ASF	N-ASF	1391	δόξα	δόξαν	
John 12:43	τῶν	T-GPM	T-GPM	3588	ὁ	τῶν	
John 12:43	ἀνθρώπων	N-GPM	N-GPM	444	ἄνθρωπος	ἀνθρώπων	
John 12:43	μᾶλλον	ADV	ADV	3123	μᾶλλον	μᾶλλον	
John 12:43	ἤπερ	PRT	PRT	2260	ἤπερ	ἤπερ	
John 12:43	τὴν	T-ASF	T-ASF	3588	ὁ	τήν	
John 12:43	δόξαν	N-ASF	N-ASF	1391	δόξα	δόξαν	
John 12:43	τοῦ	T-GSM	T-GSM	3588	ὁ	τοῦ	
John 12:43	Θεοῦ.	N-GSM	N-GSM	2316	θεός	Θεοῦ	
John 12:44	Ἰησοῦς	N-NSM	N-NSM	2424	Ἰησοῦς	Ἰησοῦς	
John 12:44	δὲ	CONJ	CONJ	1161	δέ	δέ	
John 12:44	ἔκραξεν	V-AAI-3S	V-AAI-3S	2896&5656	κράζω	ἔκραξεν	
John 12:44	καὶ	CONJ	CONJ	2532	καί	καί	
John 12:44	εἶπεν	V-2AAI-3S	V-2AAI-3S	3004&5627	λέγω	εἶπεν	
John 12:44	Ὁ	T-NSM	T-NSM	3588	ὁ	Ὁ	
John 12:44	πιστεύων	V-PAP-NSM	V-PAP-NSM	4100&5723	πιστεύω	πιστεύων	
John 12:44	εἰς	PREP	PREP	1519	εἰς	εἰς	
John 12:44	ἐμὲ	P-1AS	P-1AS	1473	ἐγώ	ἐμέ	
John 12:44	οὐ	PRT-N	PRT-N	3756	οὐ	οὐ	
John 12:44	πιστεύει	V-PAI-3S	V-PAI-3S	4100&5719	πιστεύω	πιστεύει	
John 12:44	εἰς	PREP	PREP	1519	εἰς	εἰς	
John 12:44	ἐμὲ	P-1AS	P-1AS	1473	ἐγώ	ἐμέ	
John 12:44	ἀλλὰ	CONJ	CONJ	235	ἀλλά	ἀλλά	
John 12:44	εἰς	PREP	PREP	1519	εἰς	εἰς	
John 12:44	τὸν	T-ASM	T-ASM	3588	ὁ	τόν	
John 12:44	πέμψαντά	V-AAP-ASM	V-AAP-ASM	3992&5660	πέμπω	πέμψαντα	
John 12:44	με,	P-1AS	P-1AS	1473	ἐγώ	με	
John 12:45	καὶ	CONJ	CONJ	2532	καί	καί	
John 12:45	ὁ	T-NSM	T-NSM	3588	ὁ	ὁ	
John 12:45	θεωρῶν	V-PAP-NSM	V-PAP-NSM	2334&5723	θεωρέω	θεωρῶν	
John 12:45	ἐμὲ	P-1AS	P-1AS	1473	ἐγώ	ἐμέ	
John 12:45	θεωρεῖ	V-PAI-3S	V-PAI-3S	2334&5719	θεωρέω	θεωρεῖ	
John 12:45	τὸν	T-ASM	T-ASM	3588	ὁ	τόν	
John 12:45	πέμψαντά	V-AAP-ASM	V-AAP-ASM	3992&5660	πέμπω	πέμψαντα	
John 12:45	με.	P-1AS	P-1AS	1473	ἐγώ	με	
John 12:46	ἐγὼ	P-1NS	P-1NS	1473	ἐγώ	ἐγώ	
John 12:46	φῶς	N-NSN	N-NSN	5457	φῶς	φῶς	
John 12:46	εἰς	PREP	PREP	1519	εἰς	εἰς	
John 12:46	τὸν	T-ASM	T-ASM	3588	ὁ	τόν	
John 12:46	κόσμον	N-ASM	N-ASM	2889	κόσμος	κόσμον	
John 12:46	ἐλήλυθα,	V-2RAI-1S	V-2RAI-1S	2064&5754	ἔρχομαι	ἐλήλυθα	
John 12:46	ἵνα	CONJ	CONJ	2443	ἵνα	ἵνα	
John 12:46	πᾶς	A-NSM	A-NSM	3956	πᾶς	πᾶς	
John 12:46	ὁ	T-NSM	T-NSM	3588	ὁ	ὁ	
John 12:46	πιστεύων	V-PAP-NSM	V-PAP-NSM	4100&5723	πιστεύω	πιστεύων	
John 12:46	εἰς	PREP	PREP	1519	εἰς	εἰς	
John 12:46	ἐμὲ	P-1AS	P-1AS	1473	ἐγώ	ἐμέ	
John 12:46	ἐν	PREP	PREP	1722	ἐν	ἐν	
John 12:46	τῇ	T-DSF	T-DSF	3588	ὁ	τῇ	
John 12:46	σκοτίᾳ	N-DSF	N-DSF	4653	σκοτία	σκοτίᾳ	
John 12:46	μὴ	PRT-N	PRT-N	3361	μή	μή	
John 12:46	μείνῃ.	V-AAS-3S	V-AAS-3S	3306&5661	μένω	μείνῃ	
John 12:47	καὶ	CONJ	CONJ	2532	καί	καί	
John 12:47	ἐάν	COND	COND	1437	ἐάν	ἐάν	
John 12:47	τίς	X-NSM	X-NSM	5100	τὶς	τίς	
John 12:47	μου	P-1GS	P-1GS	1473	ἐγώ	μου	
John 12:47	ἀκούσῃ	V-AAS-3S	V-AAS-3S	191&5661	ἀκούω	ἀκούσῃ	
John 12:47	τῶν	T-GPN	T-GPN	3588	ὁ	τῶν	
John 12:47	ῥημάτων	N-GPN	N-GPN	4487	ῥῆμα	ῥημάτων	
John 12:47	καὶ	CONJ	CONJ	2532	καί	καί	
John 12:47	μὴ	PRT-N	PRT-N	3361	μή	μή	
John 12:47	φυλάξῃ,	V-AAS-3S	V-AAS-3S	5442&5661	φυλάσσω	φυλάξῃ	
John 12:47	ἐγὼ	P-1NS	P-1NS	1473	ἐγώ	ἐγώ	
John 12:47	οὐ	PRT-N	PRT-N	3756	οὐ	οὐ	
John 12:47	κρίνω	V-PAI-1S	V-PAI-1S	2919&5719	κρίνω	κρίνω	
John 12:47	αὐτόν·	P-ASM	P-ASM	846	αὐτός	αὐτόν	
John 12:47	οὐ	PRT-N	PRT-N	3756	οὐ	οὐ	
John 12:47	γὰρ	CONJ	CONJ	1063	γάρ	γάρ	
John 12:47	ἦλθον	V-2AAI-1S	V-2AAI-1S	2064&5627	ἔρχομαι	ἦλθον	
John 12:47	ἵνα	CONJ	CONJ	2443	ἵνα	ἵνα	
John 12:47	κρίνω	V-PAS-1S	V-PAS-1S	2919&5725	κρίνω	κρίνω	
John 12:47	τὸν	T-ASM	T-ASM	3588	ὁ	τόν	
John 12:47	κόσμον,	N-ASM	N-ASM	2889	κόσμος	κόσμον	
John 12:47	ἀλλ’	CONJ	CONJ	235	ἀλλά	ἀλλ’	
John 12:47	ἵνα	CONJ	CONJ	2443	ἵνα	ἵνα	
John 12:47	σώσω	V-AAS-1S	V-AAS-1S	4982&5661	σῴζω	σώσω	
John 12:47	τὸν	T-ASM	T-ASM	3588	ὁ	τόν	
John 12:47	κόσμον.	N-ASM	N-ASM	2889	κόσμος	κόσμον	
John 12:48	ὁ	T-NSM	T-NSM	3588	ὁ	ὁ	
John 12:48	ἀθετῶν	V-PAP-NSM	V-PAP-NSM	114&5723	ἀθετέω	ἀθετῶν	
John 12:48	ἐμὲ	P-1AS	P-1AS	1473	ἐγώ	ἐμέ	
John 12:48	καὶ	CONJ	CONJ	2532	καί	καί	
John 12:48	μὴ	PRT-N	PRT-N	3361	μή	μή	
John 12:48	λαμβάνων	V-PAP-NSM	V-PAP-NSM	2983&5723	λαμβάνω	λαμβάνων	
John 12:48	τὰ	T-APN	T-APN	3588	ὁ	τά	
John 12:48	ῥήματά	N-APN	N-APN	4487	ῥῆμα	ῥήματα	
John 12:48	μου	P-1GS	P-1GS	1473	ἐγώ	μου	
John 12:48	ἔχει	V-PAI-3S	V-PAI-3S	2192&5719	ἔχω	ἔχει	
John 12:48	τὸν	T-ASM	T-ASM	3588	ὁ	τόν	
John 12:48	κρίνοντα	V-PAP-ASM	V-PAP-ASM	2919&5723	κρίνω	κρίνοντα	
John 12:48	αὐτόν·	P-ASM	P-ASM	846	αὐτός	αὐτόν	
John 12:48	ὁ	T-NSM	T-NSM	3588	ὁ	ὁ	
John 12:48	λόγος	N-NSM	N-NSM	3056	λόγος	λόγος	
John 12:48	ὃν	R-ASM	R-ASM	3739	ὅς	ὅν	
John 12:48	ἐλάλησα,	V-AAI-1S	V-AAI-1S	2980&5656	λαλέω	ἐλάλησα	
John 12:48	ἐκεῖνος	D-NSM	D-NSM	1565	ἐκεῖνος	ἐκεῖνος	
John 12:48	κρινεῖ	V-FAI-3S	V-FAI-3S	2919&5692	κρίνω	κρινεῖ	
John 12:48	αὐτὸν	P-ASM	P-ASM	846	αὐτός	αὐτόν	
John 12:48	ἐν	PREP	PREP	1722	ἐν	ἐν	
John 12:48	τῇ	T-DSF	T-DSF	3588	ὁ	τῇ	
John 12:48	ἐσχάτῃ	A-DSF-S	A-DSF-S	2078	ἔσχατος	ἐσχάτῃ	
John 12:48	ἡμέρᾳ·	N-DSF	N-DSF	2250	ἡμέρα	ἡμέρᾳ	
John 12:49	ὅτι	CONJ	CONJ	3754	ὅτι	ὅτι	
John 12:49	ἐγὼ	P-1NS	P-1NS	1473	ἐγώ	ἐγώ	
John 12:49	ἐξ	PREP	PREP	1537	ἐκ	ἐξ	
John 12:49	ἐμαυτοῦ	F-1GSM	F-1GSM	1683	ἐμαυτοῦ	ἐμαυτοῦ	
John 12:49	οὐκ	PRT-N	PRT-N	3756	οὐ	οὐκ	
John 12:49	ἐλάλησα,	V-AAI-1S	V-AAI-1S	2980&5656	λαλέω	ἐλάλησα	
John 12:49	ἀλλ’	CONJ	CONJ	235	ἀλλά	ἀλλ’	
John 12:49	ὁ	T-NSM	T-NSM	3588	ὁ	ὁ	
John 12:49	πέμψας	V-AAP-NSM	V-AAP-NSM	3992&5660	πέμπω	πέμψας	
John 12:49	με	P-1AS	P-1AS	1473	ἐγώ	με	
John 12:49	Πατὴρ	N-NSM	N-NSM	3962	πατήρ	Πατήρ	
John 12:49	αὐτός	P-NSM	P-NSM	846	αὐτός	αὐτός	
John 12:49	μοι	P-1DS	P-1DS	1473	ἐγώ	μοι	
John 12:49	ἐντολὴν	N-ASF	N-ASF	1785	ἐντολή	ἐντολήν	
John 12:49	δέδωκεν	V-RAI-3S	V-RAI-3S	1325&5758	δίδωμι	δέδωκεν	
John 12:49	τί	I-ASN	I-ASN	5101	τίς	τί	
John 12:49	εἴπω	V-2AAS-1S	V-2AAS-1S	3004&5632	λέγω	εἴπω	
John 12:49	καὶ	CONJ	CONJ	2532	καί	καί	
John 12:49	τί	I-ASN	I-ASN	5101	τίς	τί	
John 12:49	λαλήσω.	V-AAS-1S	V-AAS-1S	2980&5661	λαλέω	λαλήσω	
John 12:50	καὶ	CONJ	CONJ	2532	καί	καί	
John 12:50	οἶδα	V-RAI-1S	V-RAI-1S	1492&5758	οἶδα	οἶδα	
John 12:50	ὅτι	CONJ	CONJ	3754	ὅτι	ὅτι	
John 12:50	ἡ	T-NSF	T-NSF	3588	ὁ	ἡ	
John 12:50	ἐντολὴ	N-NSF	N-NSF	1785	ἐντολή	ἐντολή	
John 12:50	αὐτοῦ	P-GSM	P-GSM	846	αὐτός	αὐτοῦ	
John 12:50	ζωὴ	N-NSF	N-NSF	2222	ζωή	ζωή	
John 12:50	αἰώνιός	A-NSF	A-NSF	166	αἰώνιος	αἰώνιος	
John 12:50	ἐστιν.	V-PAI-3S	V-PAI-3S	1510&5719	εἰμί	ἐστιν	
John 12:50	ἃ	R-APN	R-APN	3739	ὅς	ἅ	
John 12:50	οὖν	CONJ	CONJ	3767	οὖν	οὖν	
John 12:50	ἐγὼ	P-1NS	P-1NS	1473	ἐγώ	ἐγώ	
John 12:50	λαλῶ,	V-PAI-1S	V-PAI-1S	2980&5719	λαλέω	λαλῶ	
John 12:50	καθὼς	ADV	ADV	2531	καθώς	καθώς	
John 12:50	εἴρηκέν	V-RAI-3S-ATT	V-RAI-3S-ATT	2046&5758	εἶπον	εἴρηκεν	
John 12:50	μοι	P-1DS	P-1DS	1473	ἐγώ	μοι	
John 12:50	ὁ	T-NSM	T-NSM	3588	ὁ	ὁ	
John 12:50	Πατήρ,	N-NSM	N-NSM	3962	πατήρ	Πατήρ	
John 12:50	οὕτως	ADV	ADV	3779	οὕτω	οὕτως	
John 12:50	λαλῶ.	V-PAI-1S	V-PAI-1S	2980&5719	λαλέω	λαλῶ	
John 13:1	Πρὸ	PREP	PREP	4253	πρό	Πρό	
John 13:1	δὲ	CONJ	CONJ	1161	δέ	δέ	
John 13:1	τῆς	T-GSF	T-GSF	3588	ὁ	τῆς	
John 13:1	ἑορτῆς	N-GSF	N-GSF	1859	ἑορτή	ἑορτῆς	
John 13:1	τοῦ	T-GSN	T-GSN	3588	ὁ	τοῦ	
John 13:1	πάσχα	ARAM	ARAM	3957	πάσχα	πάσχα	
John 13:1	εἰδὼς	V-RAP-NSM	V-RAP-NSM	1492&5761	οἶδα	εἰδώς	
John 13:1	ὁ	T-NSM	T-NSM	3588	ὁ	ὁ	
John 13:1	Ἰησοῦς	N-NSM	N-NSM	2424	Ἰησοῦς	Ἰησοῦς	
John 13:1	ὅτι	CONJ	CONJ	3754	ὅτι	ὅτι	
John 13:1	ἦλθεν	V-2AAI-3S	V-2AAI-3S	2064&5627	ἔρχομαι	ἦλθεν	
John 13:1	αὐτοῦ	P-GSM	P-GSM	846	αὐτός	αὐτοῦ	
John 13:1	ἡ	T-NSF	T-NSF	3588	ὁ	ἡ	
John 13:1	ὥρα	N-NSF	N-NSF	5610	ὥρα	ὥρα	
John 13:1	ἵνα	CONJ	CONJ	2443	ἵνα	ἵνα	
John 13:1	μεταβῇ	V-2AAS-3S	V-2AAS-3S	3327&5632	μεταβαίνω	μεταβῇ	
John 13:1	ἐκ	PREP	PREP	1537	ἐκ	ἐκ	
John 13:1	τοῦ	T-GSM	T-GSM	3588	ὁ	τοῦ	
John 13:1	κόσμου	N-GSM	N-GSM	2889	κόσμος	κόσμου	
John 13:1	τούτου	D-GSM	D-GSM	3778	οὗτος	τούτου	
John 13:1	πρὸς	PREP	PREP	4314	πρός	πρός	
John 13:1	τὸν	T-ASM	T-ASM	3588	ὁ	τόν	
John 13:1	Πατέρα,	N-ASM	N-ASM	3962	πατήρ	Πατέρα	
John 13:1	ἀγαπήσας	V-AAP-NSM	V-AAP-NSM	25&5660	ἀγαπάω	ἀγαπήσας	
John 13:1	τοὺς	T-APM	T-APM	3588	ὁ	τούς	
John 13:1	ἰδίους	A-APM	A-APM	2398	ἴδιος	ἰδίους	
John 13:1	τοὺς	T-APM	T-APM	3588	ὁ	τούς	
John 13:1	ἐν	PREP	PREP	1722	ἐν	ἐν	
John 13:1	τῷ	T-DSM	T-DSM	3588	ὁ	τῷ	
John 13:1	κόσμῳ,	N-DSM	N-DSM	2889	κόσμος	κόσμῳ	
John 13:1	εἰς	PREP	PREP	1519	εἰς	εἰς	
John 13:1	τέλος	N-ASN	N-ASN	5056	τέλος	τέλος	
John 13:1	ἠγάπησεν	V-AAI-3S	V-AAI-3S	25&5656	ἀγαπάω	ἠγάπησεν	
John 13:1	αὐτούς.	P-APM	P-APM	846	αὐτός	αὐτούς	
John 13:2	καὶ	CONJ	CONJ	2532	καί	καί	
John 13:2	δείπνου	N-GSN	N-GSN	1173	δεῖπνον	δείπνου	
John 13:2	γινομένου,	V-PNP-GSN	V-PNP-GSN	1096&5740	γίνομαι	γινομένου	
John 13:2	τοῦ	T-GSM	T-GSM	3588	ὁ	τοῦ	
John 13:2	διαβόλου	A-GSM	A-GSM	1228	διάβολος	διαβόλου	
John 13:2	ἤδη	ADV	ADV	2235	ἤδη	ἤδη	
John 13:2	βεβληκότος	V-RAP-GSM	V-RAP-GSM	906&5761	βάλλω	βεβληκότος	
John 13:2	εἰς	PREP	PREP	1519	εἰς	εἰς	
John 13:2	τὴν	T-ASF	T-ASF	3588	ὁ	τήν	
John 13:2	καρδίαν	N-ASF	N-ASF	2588	καρδία	καρδίαν	
John 13:2	ἵνα	CONJ	CONJ	2443	ἵνα	ἵνα	
John 13:2	παραδοῖ	V-2AAS-3S	V-2AAS-3S	3860&5632	παραδίδωμι	παραδοῖ	
John 13:2	αὐτὸν	P-ASM	P-ASM	846	αὐτός	αὐτόν	
John 13:2	Ἰούδας	N-NSM	N-NSM	2455	Ἰούδας	Ἰούδας	
John 13:2	Σίμωνος	N-GSM	N-GSM	4613	Σίμων	Σίμωνος	
John 13:2	Ἰσκαριώτης,	N-NSM	N-NSM	2469	Ἰσκαριώθ	Ἰσκαριώτης	
John 13:3	εἰδὼς	V-RAP-NSM	V-RAP-NSM	1492&5761	οἶδα	εἰδώς	
John 13:3	ὅτι	CONJ	CONJ	3754	ὅτι	ὅτι	
John 13:3	πάντα	A-APN	A-APN	3956	πᾶς	πάντα	
John 13:3	ἔδωκεν	V-AAI-3S	V-AAI-3S	1325&5656	δίδωμι	ἔδωκεν	
John 13:3	αὐτῷ	P-DSM	P-DSM	846	αὐτός	αὐτῷ	
John 13:3	ὁ	T-NSM	T-NSM	3588	ὁ	ὁ	
John 13:3	Πατὴρ	N-NSM	N-NSM	3962	πατήρ	Πατήρ	
John 13:3	εἰς	PREP	PREP	1519	εἰς	εἰς	
John 13:3	τὰς	T-APF	T-APF	3588	ὁ	τάς	
John 13:3	χεῖρας,	N-APF	N-APF	5495	χείρ	χεῖρας	
John 13:3	καὶ	CONJ	CONJ	2532	καί	καί	
John 13:3	ὅτι	CONJ	CONJ	3754	ὅτι	ὅτι	
John 13:3	ἀπὸ	PREP	PREP	575	ἀπό	ἀπό	
John 13:3	Θεοῦ	N-GSM	N-GSM	2316	θεός	Θεοῦ	
John 13:3	ἐξῆλθεν	V-2AAI-3S	V-2AAI-3S	1831&5627	ἐξέρχομαι	ἐξῆλθεν	
John 13:3	καὶ	CONJ	CONJ	2532	καί	καί	
John 13:3	πρὸς	PREP	PREP	4314	πρός	πρός	
John 13:3	τὸν	T-ASM	T-ASM	3588	ὁ	τόν	
John 13:3	Θεὸν	N-ASM	N-ASM	2316	θεός	Θεόν	
John 13:3	ὑπάγει,	V-PAI-3S	V-PAI-3S	5217&5719	ὑπάγω	ὑπάγει	
John 13:4	ἐγείρεται	V-PPI-3S	V-PEI-3S	1453&5743	ἐγείρω	ἐγείρεται	
John 13:4	ἐκ	PREP	PREP	1537	ἐκ	ἐκ	
John 13:4	τοῦ	T-GSN	T-GSN	3588	ὁ	τοῦ	
John 13:4	δείπνου	N-GSN	N-GSN	1173	δεῖπνον	δείπνου	
John 13:4	καὶ	CONJ	CONJ	2532	καί	καί	
John 13:4	τίθησιν	V-PAI-3S	V-PAI-3S	5087&5719	τίθημι	τίθησιν	
John 13:4	τὰ	T-APN	T-APN	3588	ὁ	τά	
John 13:4	ἱμάτια,	N-APN	N-APN	2440	ἱμάτιον	ἱμάτια	
John 13:4	καὶ	CONJ	CONJ	2532	καί	καί	
John 13:4	λαβὼν	V-2AAP-NSM	V-2AAP-NSM	2983&5631	λαμβάνω	λαβών	
John 13:4	λέντιον	N-ASN	N-ASN	3012	λέντιον	λέντιον	
John 13:4	διέζωσεν	V-AAI-3S	V-AAI-3S	1241&5656	διαζώννυμι	διέζωσεν	
John 13:4	ἑαυτόν·	F-3ASM	F-3ASM	1438	ἑαυτοῦ	ἑαυτόν	
John 13:5	εἶτα	ADV	ADV	1534	εἶτα	εἶτα	
John 13:5	βάλλει	V-PAI-3S	V-PAI-3S	906&5719	βάλλω	βάλλει	
John 13:5	ὕδωρ	N-ASN	N-ASN	5204	ὕδωρ	ὕδωρ	
John 13:5	εἰς	PREP	PREP	1519	εἰς	εἰς	
John 13:5	τὸν	T-ASM	T-ASM	3588	ὁ	τόν	
John 13:5	νιπτῆρα,	N-ASM	N-ASM	3537	νιπτήρ	νιπτῆρα	
John 13:5	καὶ	CONJ	CONJ	2532	καί	καί	
John 13:5	ἤρξατο	V-AMI-3S	V-AMI-3S	756&5668	ἄρχω	ἤρξατο	
John 13:5	νίπτειν	V-PAN	V-PAN	3538&5721	νίπτω	νίπτειν	
John 13:5	τοὺς	T-APM	T-APM	3588	ὁ	τούς	
John 13:5	πόδας	N-APM	N-APM	4228	πούς	πόδας	
John 13:5	τῶν	T-GPM	T-GPM	3588	ὁ	τῶν	
John 13:5	μαθητῶν	N-GPM	N-GPM	3101	μαθητής	μαθητῶν	
John 13:5	καὶ	CONJ	CONJ	2532	καί	καί	
John 13:5	ἐκμάσσειν	V-PAN	V-PAN	1591&5721	ἐκμάσσω	ἐκμάσσειν	
John 13:5	τῷ	T-DSN	T-DSN	3588	ὁ	τῷ	
John 13:5	λεντίῳ	N-DSN	N-DSN	3012	λέντιον	λεντίῳ	
John 13:5	ᾧ	R-DSN	R-DSN	3739	ὅς	ᾧ	
John 13:5	ἦν	V-IAI-3S	V-IAI-3S	1510&5707	εἰμί	ἦν	
John 13:5	διεζωσμένος.	V-RPP-NSM	V-RPP-NSM	1241&5772	διαζώννυμι	διεζωσμένος	
John 13:6	ἔρχεται	V-PNI-3S	V-PNI-3S	2064&5736	ἔρχομαι	ἔρχεται	
John 13:6	οὖν	CONJ	CONJ	3767	οὖν	οὖν	
John 13:6	πρὸς	PREP	PREP	4314	πρός	πρός	
John 13:6	Σίμωνα	N-ASM	N-ASM	4613	Σίμων	Σίμωνα	
John 13:6	Πέτρον·	N-ASM	N-ASM	4074	Πέτρος	Πέτρον	
John 13:6	λέγει	V-PAI-3S	V-PAI-3S	3004&5719	λέγω	λέγει	
John 13:6	αὐτῷ	P-DSM	P-DSM	846	αὐτός	αὐτῷ	
John 13:6	Κύριε,	N-VSM	N-VSM	2962	κύριος	Κύριε	
John 13:6	σύ	P-2NS	P-2NS	4771	σύ	σύ	
John 13:6	μου	P-1GS	P-1GS	1473	ἐγώ	μου	
John 13:6	νίπτεις	V-PAI-2S	V-PAI-2S	3538&5719	νίπτω	νίπτεις	
John 13:6	τοὺς	T-APM	T-APM	3588	ὁ	τούς	
John 13:6	πόδας;	N-APM	N-APM	4228	πούς	πόδας	
John 13:7	ἀπεκρίθη	V-ADI-3S	V-ADI-3S	611&5662	ἀποκρίνομαι	ἀπεκρίθη	
John 13:7	Ἰησοῦς	N-NSM	N-NSM	2424	Ἰησοῦς	Ἰησοῦς	
John 13:7	καὶ	CONJ	CONJ	2532	καί	καί	
John 13:7	εἶπεν	V-2AAI-3S	V-2AAI-3S	3004&5627	λέγω	εἶπεν	
John 13:7	αὐτῷ	P-DSM	P-DSM	846	αὐτός	αὐτῷ	
John 13:7	Ὃ	R-ASN	R-ASN	3739	ὅς	Ὅ	
John 13:7	ἐγὼ	P-1NS	P-1NS	1473	ἐγώ	ἐγώ	
John 13:7	ποιῶ	V-PAI-1S	V-PAI-1S	4160&5719	ποιέω	ποιῶ	
John 13:7	σὺ	P-2NS	P-2NS	4771	σύ	σύ	
John 13:7	οὐκ	PRT-N	PRT-N	3756	οὐ	οὐκ	
John 13:7	οἶδας	V-RAI-2S	V-RAI-2S	1492&5758	οἶδα	οἶδας	
John 13:7	ἄρτι,	ADV	ADV	737	ἄρτι	ἄρτι	
John 13:7	γνώσῃ	V-FDI-2S	V-FDI-2S	1097&5695	γινώσκω	γνώσῃ	
John 13:7	δὲ	CONJ	CONJ	1161	δέ	δέ	
John 13:7	μετὰ	PREP	PREP	3326	μετά	μετά	
John 13:7	ταῦτα.	D-APN	D-APN	3778	οὗτος	ταῦτα	
John 13:8	λέγει	V-PAI-3S	V-PAI-3S	3004&5719	λέγω	λέγει	
John 13:8	αὐτῷ	P-DSM	P-DSM	846	αὐτός	αὐτῷ	
John 13:8	Πέτρος	N-NSM	N-NSM	4074	Πέτρος	Πέτρος	
John 13:8	Οὐ	PRT-N	PRT-N	3756	οὐ	Οὐ	
John 13:8	μὴ	PRT-N	PRT-N	3361	μή	μή	
John 13:8	νίψῃς	V-AAS-2S	V-AAS-2S	3538&5661	νίπτω	νίψῃς	
John 13:8	μου	P-1GS	P-1GS	1473	ἐγώ	μου	
John 13:8	τοὺς	T-APM	T-APM	3588	ὁ	τούς	
John 13:8	πόδας	N-APM	N-APM	4228	πούς	πόδας	
John 13:8	εἰς	PREP	PREP	1519	εἰς	εἰς	
John 13:8	τὸν	T-ASM	T-ASM	3588	ὁ	τόν	
John 13:8	αἰῶνα.	N-ASM	N-ASM	165	αἰών	αἰῶνα	
John 13:8	ἀπεκρίθη	V-ADI-3S	V-ADI-3S	611&5662	ἀποκρίνομαι	ἀπεκρίθη	
John 13:8	Ἰησοῦς	N-NSM	N-NSM	2424	Ἰησοῦς	Ἰησοῦς	
John 13:8	αὐτῷ	P-DSM	P-DSM	846	αὐτός	αὐτῷ	
John 13:8	Ἐὰν	COND	COND	1437	ἐάν	Ἐάν	
John 13:8	μὴ	PRT-N	PRT-N	3361	μή	μή	
John 13:8	νίψω	V-AAS-1S	V-AAS-1S	3538&5661	νίπτω	νίψω	
John 13:8	σε,	P-2AS	P-2AS	4771	σύ	σε	
John 13:8	οὐκ	PRT-N	PRT-N	3756	οὐ	οὐκ	
John 13:8	ἔχεις	V-PAI-2S	V-PAI-2S	2192&5719	ἔχω	ἔχεις	
John 13:8	μέρος	N-ASN	N-ASN	3313	μέρος	μέρος	
John 13:8	μετ’	PREP	PREP	3326	μετά	μετ’	
John 13:8	ἐμοῦ.	P-1GS	P-1GS	1473	ἐγώ	ἐμοῦ	
John 13:9	λέγει	V-PAI-3S	V-PAI-3S	3004&5719	λέγω	λέγει	
John 13:9	αὐτῷ	P-DSM	P-DSM	846	αὐτός	αὐτῷ	
John 13:9	Σίμων	N-NSM	N-NSM	4613	Σίμων	Σίμων	
John 13:9	Πέτρος	N-NSM	N-NSM	4074	Πέτρος	Πέτρος	
John 13:9	Κύριε,	N-VSM	N-VSM	2962	κύριος	Κύριε	
John 13:9	μὴ	PRT-N	PRT-N	3361	μή	μή	
John 13:9	τοὺς	T-APM	T-APM	3588	ὁ	τούς	
John 13:9	πόδας	N-APM	N-APM	4228	πούς	πόδας	
John 13:9	μου	P-1GS	P-1GS	1473	ἐγώ	μου	
John 13:9	μόνον	ADV	ADV	3440	μόνος	μόνον	
John 13:9	ἀλλὰ	CONJ	CONJ	235	ἀλλά	ἀλλά	
John 13:9	καὶ	CONJ	CONJ	2532	καί	καί	
John 13:9	τὰς	T-APF	T-APF	3588	ὁ	τάς	
John 13:9	χεῖρας	N-APF	N-APF	5495	χείρ	χεῖρας	
John 13:9	καὶ	CONJ	CONJ	2532	καί	καί	
John 13:9	τὴν	T-ASF	T-ASF	3588	ὁ	τήν	
John 13:9	κεφαλήν.	N-ASF	N-ASF	2776	κεφαλή	κεφαλήν	
John 13:10	λέγει	V-PAI-3S	V-PAI-3S	3004&5719	λέγω	λέγει	
John 13:10	αὐτῷ	P-DSM	P-DSM	846	αὐτός	αὐτῷ	
John 13:10	Ἰησοῦς	N-NSM	N-NSM	2424	Ἰησοῦς	Ἰησοῦς	
John 13:10	Ὁ	T-NSM	T-NSM	3588	ὁ	Ὁ	
John 13:10	λελουμένος	V-RPP-NSM	V-RPP-NSM	3068&5772	λούω	λελουμένος	
John 13:10	οὐκ	PRT-N	PRT-N	3756	οὐ	οὐκ	
John 13:10	ἔχει	V-PAI-3S	V-PAI-3S	2192&5719	ἔχω	ἔχει	
John 13:10	χρείαν	N-ASF	N-ASF	5532	χρεία	χρείαν	
John 13:10	εἰ	COND	COND	1487	εἰ	εἰ	
John 13:10	μὴ	PRT-N	PRT-N	3361	μή	μή	
John 13:10	τοὺς	T-APM	T-APM	3588	ὁ	τούς	
John 13:10	πόδας	N-APM	N-APM	4228	πούς	πόδας	
John 13:10	νίψασθαι,	V-AMN	V-AMN	3538&5670	νίπτω	νίψασθαι	
John 13:10	ἀλλ’	CONJ	CONJ	235	ἀλλά	ἀλλ’	
John 13:10	ἔστιν	V-PAI-3S	V-PAI-3S	1510&5719	εἰμί	ἔστιν	
John 13:10	καθαρὸς	A-NSM	A-NSM	2513	καθαρός	καθαρός	
John 13:10	ὅλος·	A-NSM	A-NSM	3650	ὅλος	ὅλος	
John 13:10	καὶ	CONJ	CONJ	2532	καί	καί	
John 13:10	ὑμεῖς	P-2NP	P-2NP	4771	σύ	ὑμεῖς	
John 13:10	καθαροί	A-NPM	A-NPM	2513	καθαρός	καθαροί	
John 13:10	ἐστε,	V-PAI-2P	V-PAI-2P	1510&5719	εἰμί	ἐστε	
John 13:10	ἀλλ’	CONJ	CONJ	235	ἀλλά	ἀλλ’	
John 13:10	οὐχὶ	PRT-N	PRT-N	3780	οὐχί	οὐχί	
John 13:10	πάντες.	A-NPM	A-NPM	3956	πᾶς	πάντες	
John 13:11	ᾔδει	V-2LAI-3S	V-2LAI-3S	1492&5714	οἶδα	ᾔδει	
John 13:11	γὰρ	CONJ	CONJ	1063	γάρ	γάρ	
John 13:11	τὸν	T-ASM	T-ASM	3588	ὁ	τόν	
John 13:11	παραδιδόντα	V-PAP-ASM	V-PAP-ASM	3860&5723	παραδίδωμι	παραδιδόντα	
John 13:11	αὐτόν·	P-ASM	P-ASM	846	αὐτός	αὐτόν	
John 13:11	διὰ	PREP	PREP	1223	διά	διά	
John 13:11	τοῦτο	D-ASN	D-ASN	3778	οὗτος	τοῦτο	
John 13:11	εἶπεν	V-2AAI-3S	V-2AAI-3S	3004&5627	λέγω	εἶπεν	
John 13:11	ὅτι	CONJ	CONJ	3754	ὅτι	ὅτι	
John 13:11	Οὐχὶ	PRT-N	PRT-N	3780	οὐχί	Οὐχί	
John 13:11	πάντες	A-NPM	A-NPM	3956	πᾶς	πάντες	
John 13:11	καθαροί	A-NPM	A-NPM	2513	καθαρός	καθαροί	
John 13:11	ἐστε.	V-PAI-2P	V-PAI-2P	1510&5719	εἰμί	ἐστε	
John 13:12	Ὅτε	ADV	ADV	3753	ὅτε	Ὅτε	
John 13:12	οὖν	CONJ	CONJ	3767	οὖν	οὖν	
John 13:12	ἔνιψεν	V-AAI-3S	V-AAI-3S	3538&5656	νίπτω	ἔνιψεν	
John 13:12	τοὺς	T-APM	T-APM	3588	ὁ	τούς	
John 13:12	πόδας	N-APM	N-APM	4228	πούς	πόδας	
John 13:12	αὐτῶν	P-GPM	P-GPM	846	αὐτός	αὐτῶν	
John 13:12	καὶ	CONJ	CONJ	2532	καί	καί	
John 13:12	ἔλαβεν	V-2AAI-3S	V-2AAI-3S	2983&5627	λαμβάνω	ἔλαβεν	
John 13:12	τὰ	T-APN	T-APN	3588	ὁ	τά	
John 13:12	ἱμάτια	N-APN	N-APN	2440	ἱμάτιον	ἱμάτια	
John 13:12	αὐτοῦ	P-GSM	P-GSM	846	αὐτός	αὐτοῦ	
John 13:12	καὶ	CONJ	CONJ	2532	καί	καί	
John 13:12	ἀνέπεσεν	V-2AAI-3S	V-2AAI-3S	377&5627	ἀναπίπτω	ἀνέπεσεν	
John 13:12	πάλιν,	ADV	ADV	3825	πάλιν	πάλιν	
John 13:12	εἶπεν	V-2AAI-3S	V-2AAI-3S	3004&5627	λέγω	εἶπεν	
John 13:12	αὐτοῖς	P-DPM	P-DPM	846	αὐτός	αὐτοῖς	
John 13:12	Γινώσκετε	V-PAI-2P	V-PAI-2P	1097&5719	γινώσκω	Γινώσκετε	
John 13:12	τί	I-ASN	I-ASN	5101	τίς	τί	
John 13:12	πεποίηκα	V-RAI-1S	V-RAI-1S	4160&5758	ποιέω	πεποίηκα	
John 13:12	ὑμῖν;	P-2DP	P-2DP	4771	σύ	ὑμῖν	
John 13:13	ὑμεῖς	P-2NP	P-2NP	4771	σύ	ὑμεῖς	
John 13:13	φωνεῖτέ	V-PAI-2P	V-PAI-2P	5455&5719	φωνέω	φωνεῖτε	
John 13:13	με	P-1AS	P-1AS	1473	ἐγώ	με	
John 13:13	Ὁ	T-NSM	T-NSM	3588	ὁ	Ὁ	
John 13:13	Διδάσκαλος	N-NSM	N-NSM	1320	διδάσκαλος	Διδάσκαλος	
John 13:13	καὶ	CONJ	CONJ	2532	καί	καί	
John 13:13	ὁ	T-NSM	T-NSM	3588	ὁ	ὁ	
John 13:13	Κύριος,	N-NSM	N-NSM	2962	κύριος	Κύριος	
John 13:13	καὶ	CONJ	CONJ	2532	καί	καί	
John 13:13	καλῶς	ADV	ADV	2573	καλῶς	καλῶς	
John 13:13	λέγετε·	V-PAI-2P	V-PAI-2P	3004&5719	λέγω	λέγετε	
John 13:13	εἰμὶ	V-PAI-1S	V-PAI-1S	1510&5719	εἰμί	εἰμί	
John 13:13	γάρ.	CONJ	CONJ	1063	γάρ	γάρ	
John 13:14	εἰ	COND	COND	1487	εἰ	εἰ	
John 13:14	οὖν	CONJ	CONJ	3767	οὖν	οὖν	
John 13:14	ἐγὼ	P-1NS	P-1NS	1473	ἐγώ	ἐγώ	
John 13:14	ἔνιψα	V-AAI-1S	V-AAI-1S	3538&5656	νίπτω	ἔνιψα	
John 13:14	ὑμῶν	P-2GP	P-2GP	4771	σύ	ὑμῶν	
John 13:14	τοὺς	T-APM	T-APM	3588	ὁ	τούς	
John 13:14	πόδας	N-APM	N-APM	4228	πούς	πόδας	
John 13:14	ὁ	T-NSM	T-NSM	3588	ὁ	ὁ	
John 13:14	Κύριος	N-NSM	N-NSM	2962	κύριος	Κύριος	
John 13:14	καὶ	CONJ	CONJ	2532	καί	καί	
John 13:14	ὁ	T-NSM	T-NSM	3588	ὁ	ὁ	
John 13:14	Διδάσκαλος,	N-NSM	N-NSM	1320	διδάσκαλος	Διδάσκαλος	
John 13:14	καὶ	CONJ	CONJ	2532	καί	καί	
John 13:14	ὑμεῖς	P-2NP	P-2NP	4771	σύ	ὑμεῖς	
John 13:14	ὀφείλετε	V-PAI-2P	V-PAI-2P	3784&5719	ὀφείλω	ὀφείλετε	
John 13:14	ἀλλήλων	C-GPM	C-GPM	240	ἀλλήλων	ἀλλήλων	
John 13:14	νίπτειν	V-PAN	V-PAN	3538&5721	νίπτω	νίπτειν	
John 13:14	τοὺς	T-APM	T-APM	3588	ὁ	τούς	
John 13:14	πόδας·	N-APM	N-APM	4228	πούς	πόδας	
John 13:15	ὑπόδειγμα	N-ASN	N-ASN	5262	ὑπόδειγμα	ὑπόδειγμα	
John 13:15	γὰρ	CONJ	CONJ	1063	γάρ	γάρ	
John 13:15	ἔδωκα	V-AAI-1S	V-AAI-1S	1325&5656	δίδωμι	ἔδωκα	
John 13:15	ὑμῖν	P-2DP	P-2DP	4771	σύ	ὑμῖν	
John 13:15	ἵνα	CONJ	CONJ	2443	ἵνα	ἵνα	
John 13:15	καθὼς	ADV	ADV	2531	καθώς	καθώς	
John 13:15	ἐγὼ	P-1NS	P-1NS	1473	ἐγώ	ἐγώ	
John 13:15	ἐποίησα	V-AAI-1S	V-AAI-1S	4160&5656	ποιέω	ἐποίησα	
John 13:15	ὑμῖν	P-2DP	P-2DP	4771	σύ	ὑμῖν	
John 13:15	καὶ	CONJ	CONJ	2532	καί	καί	
John 13:15	ὑμεῖς	P-2NP	P-2NP	4771	σύ	ὑμεῖς	
John 13:15	ποιῆτε.	V-PAS-2P	V-PAS-2P	4160&5725	ποιέω	ποιῆτε	
John 13:16	ἀμὴν	HEB	HEB	281	ἀμήν	ἀμήν	
John 13:16	ἀμὴν	HEB	HEB	281	ἀμήν	ἀμήν	
John 13:16	λέγω	V-PAI-1S	V-PAI-1S	3004&5719	λέγω	λέγω	
John 13:16	ὑμῖν,	P-2DP	P-2DP	4771	σύ	ὑμῖν	
John 13:16	οὐκ	PRT-N	PRT-N	3756	οὐ	οὐκ	
John 13:16	ἔστιν	V-PAI-3S	V-PAI-3S	1510&5719	εἰμί	ἔστιν	
John 13:16	δοῦλος	N-NSM	N-NSM	1401	δοῦλος (II)	δοῦλος	
John 13:16	μείζων	A-NSM-C	A-NSM-C	3173	μέγας	μείζων	
John 13:16	τοῦ	T-GSM	T-GSM	3588	ὁ	τοῦ	
John 13:16	κυρίου	N-GSM	N-GSM	2962	κύριος	κυρίου	
John 13:16	αὐτοῦ,	P-GSM	P-GSM	846	αὐτός	αὐτοῦ	
John 13:16	οὐδὲ	CONJ-N	CONJ-N	3761	οὐδέ	οὐδέ	
John 13:16	ἀπόστολος	N-NSM	N-NSM	652	ἀπόστολος	ἀπόστολος	
John 13:16	μείζων	A-NSM-C	A-NSM-C	3173	μέγας	μείζων	
John 13:16	τοῦ	T-GSM	T-GSM	3588	ὁ	τοῦ	
John 13:16	πέμψαντος	V-AAP-GSM	V-AAP-GSM	3992&5660	πέμπω	πέμψαντος	
John 13:16	αὐτόν.	P-ASM	P-ASM	846	αὐτός	αὐτόν	
John 13:17	εἰ	COND	COND	1487	εἰ	εἰ	
John 13:17	ταῦτα	D-APN	D-APN	3778	οὗτος	ταῦτα	
John 13:17	οἴδατε,	V-RAI-2P	V-RAI-2P	1492&5758	οἶδα	οἴδατε	
John 13:17	μακάριοί	A-NPM	A-NPM	3107	μακάριος	μακάριοι	
John 13:17	ἐστε	V-PAI-2P	V-PAI-2P	1510&5719	εἰμί	ἐστε	
John 13:17	ἐὰν	COND	COND	1437	ἐάν	ἐάν	
John 13:17	ποιῆτε	V-PAS-2P	V-PAS-2P	4160&5725	ποιέω	ποιῆτε	
John 13:17	αὐτά.	P-APN	P-APN	846	αὐτός	αὐτά	
John 13:18	οὐ	PRT-N	PRT-N	3756	οὐ	οὐ	
John 13:18	περὶ	PREP	PREP	4012	περί	περί	
John 13:18	πάντων	A-GPM	A-GPM	3956	πᾶς	πάντων	
John 13:18	ὑμῶν	P-2GP	P-2GP	4771	σύ	ὑμῶν	
John 13:18	λέγω·	V-PAI-1S	V-PAI-1S	3004&5719	λέγω	λέγω	
John 13:18	ἐγὼ	P-1NS	P-1NS	1473	ἐγώ	ἐγώ	
John 13:18	οἶδα	V-RAI-1S	V-RAI-1S	1492&5758	οἶδα	οἶδα	
John 13:18	τίνας	I-APM	I-APM	5101	τίς	τίνας	
John 13:18	ἐξελεξάμην·	V-AMI-1S	V-AMI-1S	1586&5668	ἐκλέγω	ἐξελεξάμην	
John 13:18	ἀλλ’	CONJ	CONJ	235	ἀλλά	ἀλλ’	
John 13:18	ἵνα	CONJ	CONJ	2443	ἵνα	ἵνα	
John 13:18	ἡ	T-NSF	T-NSF	3588	ὁ	ἡ	
John 13:18	γραφὴ	N-NSF	N-NSF	1124	γραφή	γραφή	
John 13:18	πληρωθῇ	V-APS-3S	V-APS-3S	4137&5686	πληρόω	πληρωθῇ	
John 13:18	Ὁ	T-NSM	T-NSM	3588	ὁ	Ὁ	
John 13:18	τρώγων	V-PAP-NSM	V-PAP-NSM	5176&5723	τρώγω	τρώγων	
John 13:18	μου	P-1GS	P-1GS	1473	ἐγώ	μου	
John 13:18	τὸν	T-ASM	T-ASM	3588	ὁ	τόν	
John 13:18	ἄρτον	N-ASM	N-ASM	740	ἄρτος	ἄρτον	
John 13:18	ἐπῆρεν	V-AAI-3S	V-AAI-3S	1869&5656	ἐπαίρω	ἐπῆρεν	
John 13:18	ἐπ’	PREP	PREP	1909	ἐπί	ἐπ’	
John 13:18	ἐμὲ	P-1AS	P-1AS	1473	ἐγώ	ἐμέ	
John 13:18	τὴν	T-ASF	T-ASF	3588	ὁ	τήν	
John 13:18	πτέρναν	N-ASF	N-ASF	4418	πτέρνα	πτέρναν	
John 13:18	αὐτοῦ.	P-GSM	P-GSM	846	αὐτός	αὐτοῦ	
John 13:19	ἀπ’	PREP	PREP	575	ἀπό	ἀπ’	
John 13:19	ἄρτι	ADV	ADV	737	ἄρτι	ἄρτι	
John 13:19	λέγω	V-PAI-1S	V-PAI-1S	3004&5719	λέγω	λέγω	
John 13:19	ὑμῖν	P-2DP	P-2DP	4771	σύ	ὑμῖν	
John 13:19	πρὸ	PREP	PREP	4253	πρό	πρό	
John 13:19	τοῦ	T-GSN	T-GSN	3588	ὁ	τοῦ	
John 13:19	γενέσθαι,	V-2ADN	V-2ADN	1096&5635	γίνομαι	γενέσθαι	
John 13:19	ἵνα	CONJ	CONJ	2443	ἵνα	ἵνα	
John 13:19	πιστεύητε	V-PAS-2P	V-PAS-2P	4100&5725	πιστεύω	πιστεύητε	
John 13:19	ὅταν	CONJ	CONJ	3752	ὅταν	ὅταν	
John 13:19	γένηται	V-2ADS-3S	V-2ADS-3S	1096&5638	γίνομαι	γένηται	
John 13:19	ὅτι	CONJ	CONJ	3754	ὅτι	ὅτι	
John 13:19	ἐγώ	P-1NS	P-1NS	1473	ἐγώ	ἐγώ	
John 13:19	εἰμι.	V-PAI-1S	V-PAI-1S	1510&5719	εἰμί	εἰμι	
John 13:20	ἀμὴν	HEB	HEB	281	ἀμήν	ἀμήν	
John 13:20	ἀμὴν	HEB	HEB	281	ἀμήν	ἀμήν	
John 13:20	λέγω	V-PAI-1S	V-PAI-1S	3004&5719	λέγω	λέγω	
John 13:20	ὑμῖν,	P-2DP	P-2DP	4771	σύ	ὑμῖν	
John 13:20	ὁ	T-NSM	T-NSM	3588	ὁ	ὁ	
John 13:20	λαμβάνων	V-PAP-NSM	V-PAP-NSM	2983&5723	λαμβάνω	λαμβάνων	
John 13:20	ἄν	PRT	PRT	302	ἄν	ἄν	
John 13:20	τινα	X-ASM	X-ASM	5100	τὶς	τινα	
John 13:20	πέμψω	V-AAS-1S	V-AAS-1S	3992&5661	πέμπω	πέμψω	
John 13:20	ἐμὲ	P-1AS	P-1AS	1473	ἐγώ	ἐμέ	
John 13:20	λαμβάνει,	V-PAI-3S	V-PAI-3S	2983&5719	λαμβάνω	λαμβάνει	
John 13:20	ὁ	T-NSM	T-NSM	3588	ὁ	ὁ	
John 13:20	δὲ	CONJ	CONJ	1161	δέ	δέ	
John 13:20	ἐμὲ	P-1AS	P-1AS	1473	ἐγώ	ἐμέ	
John 13:20	λαμβάνων	V-PAP-NSM	V-PAP-NSM	2983&5723	λαμβάνω	λαμβάνων	
John 13:20	λαμβάνει	V-PAI-3S	V-PAI-3S	2983&5719	λαμβάνω	λαμβάνει	
John 13:20	τὸν	T-ASM	T-ASM	3588	ὁ	τόν	
John 13:20	πέμψαντά	V-AAP-ASM	V-AAP-ASM	3992&5660	πέμπω	πέμψαντα	
John 13:20	με.	P-1AS	P-1AS	1473	ἐγώ	με	
John 13:21	Ταῦτα	D-APN	D-APN	3778	οὗτος	Ταῦτα	
John 13:21	εἰπὼν	V-2AAP-NSM	V-2AAP-NSM	3004&5631	λέγω	εἰπών	
John 13:21	Ἰησοῦς	N-NSM	N-NSM	2424	Ἰησοῦς	Ἰησοῦς	
John 13:21	ἐταράχθη	V-API-3S	V-API-3S	5015&5681	ταράσσω	ἐταράχθη	
John 13:21	τῷ	T-DSN	T-DSN	3588	ὁ	τῷ	
John 13:21	πνεύματι	N-DSN	N-DSN	4151	πνεῦμα	πνεύματι	
John 13:21	καὶ	CONJ	CONJ	2532	καί	καί	
John 13:21	ἐμαρτύρησεν	V-AAI-3S	V-AAI-3S	3140&5656	μαρτυρέω	ἐμαρτύρησεν	
John 13:21	καὶ	CONJ	CONJ	2532	καί	καί	
John 13:21	εἶπεν	V-2AAI-3S	V-2AAI-3S	3004&5627	λέγω	εἶπεν	
John 13:21	Ἀμὴν	HEB	HEB	281	ἀμήν	Ἀμήν	
John 13:21	ἀμὴν	HEB	HEB	281	ἀμήν	ἀμήν	
John 13:21	λέγω	V-PAI-1S	V-PAI-1S	3004&5719	λέγω	λέγω	
John 13:21	ὑμῖν	P-2DP	P-2DP	4771	σύ	ὑμῖν	
John 13:21	ὅτι	CONJ	CONJ	3754	ὅτι	ὅτι	
John 13:21	εἷς	A-NSM	A-NSM	1520	εἷς	εἷς	
John 13:21	ἐξ	PREP	PREP	1537	ἐκ	ἐξ	
John 13:21	ὑμῶν	P-2GP	P-2GP	4771	σύ	ὑμῶν	
John 13:21	παραδώσει	V-FAI-3S	V-FAI-3S	3860&5692	παραδίδωμι	παραδώσει	
John 13:21	με.	P-1AS	P-1AS	1473	ἐγώ	με	
John 13:22	ἔβλεπον	V-IAI-3P	V-IAI-3P	991&5707	βλέπω	ἔβλεπον	
John 13:22	εἰς	PREP	PREP	1519	εἰς	εἰς	
John 13:22	ἀλλήλους	C-APM	C-APM	240	ἀλλήλων	ἀλλήλους	
John 13:22	οἱ	T-NPM	T-NPM	3588	ὁ	οἱ	
John 13:22	μαθηταὶ	N-NPM	N-NPM	3101	μαθητής	μαθηταί	
John 13:22	ἀπορούμενοι	V-PMP-NPM	V-PEP-NPM	639&5734	ἀπορέω	ἀπορούμενοι	
John 13:22	περὶ	PREP	PREP	4012	περί	περί	
John 13:22	τίνος	I-GSM	I-GSM	5101	τίς	τίνος	
John 13:22	λέγει.	V-PAI-3S	V-PAI-3S	3004&5719	λέγω	λέγει	
John 13:23	ἦν	V-IAI-3S	V-IAI-3S	1510&5707	εἰμί	ἦν	
John 13:23	ἀνακείμενος	V-PNP-NSM	V-PNP-NSM	345&5740	ἀνάκειμαι	ἀνακείμενος	
John 13:23	εἷς	A-NSM	A-NSM	1520	εἷς	εἷς	
John 13:23	ἐκ	PREP	PREP	1537	ἐκ	ἐκ	
John 13:23	τῶν	T-GPM	T-GPM	3588	ὁ	τῶν	
John 13:23	μαθητῶν	N-GPM	N-GPM	3101	μαθητής	μαθητῶν	
John 13:23	αὐτοῦ	P-GSM	P-GSM	846	αὐτός	αὐτοῦ	
John 13:23	ἐν	PREP	PREP	1722	ἐν	ἐν	
John 13:23	τῷ	T-DSM	T-DSM	3588	ὁ	τῷ	
John 13:23	κόλπῳ	N-DSM	N-DSM	2859	κόλπος	κόλπῳ	
John 13:23	τοῦ	T-GSM	T-GSM	3588	ὁ	τοῦ	
John 13:23	Ἰησοῦ,	N-GSM	N-GSM	2424	Ἰησοῦς	Ἰησοῦ	
John 13:23	ὃν	R-ASM	R-ASM	3739	ὅς	ὅν	
John 13:23	ἠγάπα	V-IAI-3S	V-IAI-3S	25&5707	ἀγαπάω	ἠγάπα	
John 13:23	ὁ	T-NSM	T-NSM	3588	ὁ	ὁ	
John 13:23	Ἰησοῦς·	N-NSM	N-NSM	2424	Ἰησοῦς	Ἰησοῦς	
John 13:24	νεύει	V-PAI-3S	V-PAI-3S	3506&5719	νεύω	νεύει	
John 13:24	οὖν	CONJ	CONJ	3767	οὖν	οὖν	
John 13:24	τούτῳ	D-DSM	D-DSM	3778	οὗτος	τούτῳ	
John 13:24	Σίμων	N-NSM	N-NSM	4613	Σίμων	Σίμων	
John 13:24	Πέτρος	N-NSM	N-NSM	4074	Πέτρος	Πέτρος	
John 13:24	καὶ	CONJ	CONJ	2532	καί	καί	
John 13:24	λέγει	V-PAI-3S	V-PAI-3S	3004&5719	λέγω	λέγει	
John 13:24	αὐτῷ	P-DSM	P-DSM	846	αὐτός	αὐτῷ	
John 13:24	Εἰπὲ	V-2AAM-2S	V-2AAM-2S	3004&5628	λέγω	Εἰπέ	
John 13:24	τίς	I-NSM	I-NSM	5101	τίς	τίς	
John 13:24	ἐστιν	V-PAI-3S	V-PAI-3S	1510&5719	εἰμί	ἐστιν	
John 13:24	περὶ	PREP	PREP	4012	περί	περί	
John 13:24	οὗ	R-GSM	R-GSM	3739	ὅς	οὗ	
John 13:24	λέγει.	V-PAI-3S	V-PAI-3S	3004&5719	λέγω	λέγει	
John 13:25	ἀναπεσὼν	V-2AAP-NSM	V-2AAP-NSM	377&5631	ἀναπίπτω	ἀναπεσών	
John 13:25	ἐκεῖνος	D-NSM	D-NSM	1565	ἐκεῖνος	ἐκεῖνος	
John 13:25	οὕτως	ADV	ADV	3779	οὕτω	οὕτως	
John 13:25	ἐπὶ	PREP	PREP	1909	ἐπί	ἐπί	
John 13:25	τὸ	T-ASN	T-ASN	3588	ὁ	τό	
John 13:25	στῆθος	N-ASN	N-ASN	4738	στῆθος	στῆθος	
John 13:25	τοῦ	T-GSM	T-GSM	3588	ὁ	τοῦ	
John 13:25	Ἰησοῦ	N-GSM	N-GSM	2424	Ἰησοῦς	Ἰησοῦ	
John 13:25	λέγει	V-PAI-3S	V-PAI-3S	3004&5719	λέγω	λέγει	
John 13:25	αὐτῷ	P-DSM	P-DSM	846	αὐτός	αὐτῷ	
John 13:25	Κύριε,	N-VSM	N-VSM	2962	κύριος	Κύριε	
John 13:25	τίς	I-NSM	I-NSM	5101	τίς	τίς	
John 13:25	ἐστιν;	V-PAI-3S	V-PAI-3S	1510&5719	εἰμί	ἐστιν	
John 13:26	ἀποκρίνεται	V-PNI-3S	V-PNI-3S	611&5736	ἀποκρίνομαι	ἀποκρίνεται	
John 13:26	οὖν	CONJ	CONJ	3767	οὖν	οὖν	
John 13:26	ὁ	T-NSM	T-NSM	3588	ὁ	ὁ	
John 13:26	Ἰησοῦς	N-NSM	N-NSM	2424	Ἰησοῦς	Ἰησοῦς	
John 13:26	Ἐκεῖνός	D-NSM	D-NSM	1565	ἐκεῖνος	Ἐκεῖνος	
John 13:26	ἐστιν	V-PAI-3S	V-PAI-3S	1510&5719	εἰμί	ἐστιν	
John 13:26	ᾧ	R-DSM	R-DSM	3739	ὅς	ᾧ	
John 13:26	ἐγὼ	P-1NS	P-1NS	1473	ἐγώ	ἐγώ	
John 13:26	βάψω	V-FAI-1S	V-FAI-1S	911&5692	βάπτω	βάψω	
John 13:26	τὸ	T-ASN	T-ASN	3588	ὁ	τό	
John 13:26	ψωμίον	N-ASN	N-ASN	5596	ψωμίον	ψωμίον	
John 13:26	καὶ	CONJ	CONJ	2532	καί	καί	
John 13:26	δώσω	V-FAI-1S	V-FAI-1S	1325&5692	δίδωμι	δώσω	
John 13:26	αὐτῷ.	P-DSM	P-DSM	846	αὐτός	αὐτῷ	
John 13:26	βάψας	V-AAP-NSM	V-AAP-NSM	911&5660	βάπτω	βάψας	
John 13:26	οὖν	CONJ	CONJ	3767	οὖν	οὖν	
John 13:26	τὸ	T-ASN	T-ASN	3588	ὁ	τό	
John 13:26	ψωμίον	N-ASN	N-ASN	5596	ψωμίον	ψωμίον	
John 13:26	λαμβάνει	V-PAI-3S	V-PAI-3S	2983&5719	λαμβάνω	λαμβάνει	
John 13:26	καὶ	CONJ	CONJ	2532	καί	καί	
John 13:26	δίδωσιν	V-PAI-3S	V-PAI-3S	1325&5719	δίδωμι	δίδωσιν	
John 13:26	Ἰούδᾳ	N-DSM	N-DSM	2455	Ἰούδας	Ἰούδᾳ	
John 13:26	Σίμωνος	N-GSM	N-GSM	4613	Σίμων	Σίμωνος	
John 13:26	Ἰσκαριώτου.	N-GSM	N-GSM	2469	Ἰσκαριώθ	Ἰσκαριώτου	
John 13:27	καὶ	CONJ	CONJ	2532	καί	καί	
John 13:27	μετὰ	PREP	PREP	3326	μετά	μετά	
John 13:27	τὸ	T-ASN	T-ASN	3588	ὁ	τό	
John 13:27	ψωμίον	N-ASN	N-ASN	5596	ψωμίον	ψωμίον	
John 13:27	τότε	ADV	ADV	5119	τότε	τότε	
John 13:27	εἰσῆλθεν	V-2AAI-3S	V-2AAI-3S	1525&5627	εἰσέρχομαι	εἰσῆλθεν	
John 13:27	εἰς	PREP	PREP	1519	εἰς	εἰς	
John 13:27	ἐκεῖνον	D-ASM	D-ASM	1565	ἐκεῖνος	ἐκεῖνον	
John 13:27	ὁ	T-NSM	T-NSM	3588	ὁ	ὁ	
John 13:27	Σατανᾶς.	N-NSM	N-NSM	4567	Σατανᾶς	Σατανᾶς	
John 13:27	λέγει	V-PAI-3S	V-PAI-3S	3004&5719	λέγω	λέγει	
John 13:27	οὖν	CONJ	CONJ	3767	οὖν	οὖν	
John 13:27	αὐτῷ	P-DSM	P-DSM	846	αὐτός	αὐτῷ	
John 13:27	Ἰησοῦς	N-NSM	N-NSM	2424	Ἰησοῦς	Ἰησοῦς	
John 13:27	Ὃ	R-ASN	R-ASN	3739	ὅς	Ὅ	
John 13:27	ποιεῖς	V-PAI-2S	V-PAI-2S	4160&5719	ποιέω	ποιεῖς	
John 13:27	ποίησον	V-AAM-2S	V-AAM-2S	4160&5657	ποιέω	ποίησον	
John 13:27	τάχιον.	ADV-C	ADV-C	5032	ταχύς	τάχιον	
John 13:28	τοῦτο	D-ASN	D-ASN	3778	οὗτος	τοῦτο	
John 13:28	δὲ	CONJ	CONJ	1161	δέ	δέ	
John 13:28	οὐδεὶς	A-NSM-N	A-NSM-N	3762	οὐδείς	οὐδείς	
John 13:28	ἔγνω	V-2AAI-3S	V-2AAI-3S	1097&5627	γινώσκω	ἔγνω	
John 13:28	τῶν	T-GPM	T-GPM	3588	ὁ	τῶν	
John 13:28	ἀνακειμένων	V-PNP-GPM	V-PNP-GPM	345&5740	ἀνάκειμαι	ἀνακειμένων	
John 13:28	πρὸς	PREP	PREP	4314	πρός	πρός	
John 13:28	τί	I-ASN	I-ASN	5101	τίς	τί	
John 13:28	εἶπεν	V-2AAI-3S	V-2AAI-3S	3004&5627	λέγω	εἶπεν	
John 13:28	αὐτῷ·	P-DSM	P-DSM	846	αὐτός	αὐτῷ	
John 13:29	τινὲς	X-NPM	X-NPM	5100	τὶς	τινές	
John 13:29	γὰρ	CONJ	CONJ	1063	γάρ	γάρ	
John 13:29	ἐδόκουν,	V-IAI-3P	V-IAI-3P	1380&5707	δοκέω	ἐδόκουν	
John 13:29	ἐπεὶ	CONJ	CONJ	1893	ἐπεί	ἐπεί	
John 13:29	τὸ	T-ASN	T-ASN	3588	ὁ	τό	
John 13:29	γλωσσόκομον	N-ASN	N-ASN	1101	γλωσσόκομον	γλωσσόκομον	
John 13:29	εἶχεν	V-IAI-3S	V-IAI-3S	2192&5707	ἔχω	εἶχεν	
John 13:29	Ἰούδας,	N-NSM	N-NSM	2455	Ἰούδας	Ἰούδας	
John 13:29	ὅτι	CONJ	CONJ	3754	ὅτι	ὅτι	
John 13:29	λέγει	V-PAI-3S	V-PAI-3S	3004&5719	λέγω	λέγει	
John 13:29	αὐτῷ	P-DSM	P-DSM	846	αὐτός	αὐτῷ	
John 13:29	Ἰησοῦς	N-NSM	N-NSM	2424	Ἰησοῦς	Ἰησοῦς	
John 13:29	Ἀγόρασον	V-AAM-2S	V-AAM-2S	59&5657	ἀγοράζω	Ἀγόρασον	
John 13:29	ὧν	R-GPN	R-GPN	3739	ὅς	ὧν	
John 13:29	χρείαν	N-ASF	N-ASF	5532	χρεία	χρείαν	
John 13:29	ἔχομεν	V-PAI-1P	V-PAI-1P	2192&5719	ἔχω	ἔχομεν	
John 13:29	εἰς	PREP	PREP	1519	εἰς	εἰς	
John 13:29	τὴν	T-ASF	T-ASF	3588	ὁ	τήν	
John 13:29	ἑορτήν,	N-ASF	N-ASF	1859	ἑορτή	ἑορτήν	
John 13:29	ἢ	PRT	PRT	2228	ἤ	ἤ	
John 13:29	τοῖς	T-DPM	T-DPM	3588	ὁ	τοῖς	
John 13:29	πτωχοῖς	A-DPM	A-DPM	4434	πτωχός	πτωχοῖς	
John 13:29	ἵνα	CONJ	CONJ	2443	ἵνα	ἵνα	
John 13:29	τι	X-ASN	X-ASN	5100	τὶς	τι	
John 13:29	δῷ.	V-2AAS-3S	V-2AAS-3S	1325&5632	δίδωμι	δῷ	
John 13:30	λαβὼν	V-2AAP-NSM	V-2AAP-NSM	2983&5631	λαμβάνω	λαβών	
John 13:30	οὖν	CONJ	CONJ	3767	οὖν	οὖν	
John 13:30	τὸ	T-ASN	T-ASN	3588	ὁ	τό	
John 13:30	ψωμίον	N-ASN	N-ASN	5596	ψωμίον	ψωμίον	
John 13:30	ἐκεῖνος	D-NSM	D-NSM	1565	ἐκεῖνος	ἐκεῖνος	
John 13:30	ἐξῆλθεν	V-2AAI-3S	V-2AAI-3S	1831&5627	ἐξέρχομαι	ἐξῆλθεν	
John 13:30	εὐθύς·	ADV	ADV	2112	εὐθέως	εὐθύς	
John 13:30	ἦν	V-IAI-3S	V-IAI-3S	1510&5707	εἰμί	ἦν	
John 13:30	δὲ	CONJ	CONJ	1161	δέ	δέ	
John 13:30	νύξ.	N-NSF	N-NSF	3571	νύξ	νύξ	
John 13:31	Ὅτε	ADV	ADV	3753	ὅτε	Ὅτε	
John 13:31	οὖν	CONJ	CONJ	3767	οὖν	οὖν	
John 13:31	ἐξῆλθεν,	V-2AAI-3S	V-2AAI-3S	1831&5627	ἐξέρχομαι	ἐξῆλθεν	
John 13:31	λέγει	V-PAI-3S	V-PAI-3S	3004&5719	λέγω	λέγει	
John 13:31	Ἰησοῦς	N-NSM	N-NSM	2424	Ἰησοῦς	Ἰησοῦς	
John 13:31	Νῦν	ADV	ADV	3568	νῦν	Νῦν	
John 13:31	ἐδοξάσθη	V-API-3S	V-API-3S	1392&5681	δοξάζω	ἐδοξάσθη	
John 13:31	ὁ	T-NSM	T-NSM	3588	ὁ	ὁ	
John 13:31	Υἱὸς	N-NSM	N-NSM	5207	υἱός	Υἱός	
John 13:31	τοῦ	T-GSM	T-GSM	3588	ὁ	τοῦ	
John 13:31	ἀνθρώπου,	N-GSM	N-GSM	444	ἄνθρωπος	ἀνθρώπου	
John 13:31	καὶ	CONJ	CONJ	2532	καί	καί	
John 13:31	ὁ	T-NSM	T-NSM	3588	ὁ	ὁ	
John 13:31	Θεὸς	N-NSM	N-NSM	2316	θεός	Θεός	
John 13:31	ἐδοξάσθη	V-API-3S	V-API-3S	1392&5681	δοξάζω	ἐδοξάσθη	
John 13:31	ἐν	PREP	PREP	1722	ἐν	ἐν	
John 13:31	αὐτῷ·	P-DSM	P-DSM	846	αὐτός	αὐτῷ	
John 13:32	εἰ	COND	COND	1487	εἰ	εἰ	
John 13:32	ὁ	T-NSM	T-NSM	3588	ὁ	ὁ	
John 13:32	Θεὸς	N-NSM	N-NSM	2316	θεός	Θεός	
John 13:32	ἐδοξάσθη	V-API-3S	V-API-3S	1392	δοξάζω	ἐδοξάσθη	
John 13:32	ἐν	PREP	PREP	1722	ἐν	ἐν	
John 13:32	αὐτῷ,	P-DSM	P-DSM	846	αὐτός	αὐτῷ	
John 13:32	καὶ	CONJ	CONJ	2532	καί	καί	
John 13:32	ὁ	T-NSM	T-NSM	3588	ὁ	ὁ	
John 13:32	Θεὸς	N-NSM	N-NSM	2316	θεός	Θεός	
John 13:32	δοξάσει	V-FAI-3S	V-FAI-3S	1392&5692	δοξάζω	δοξάσει	
John 13:32	αὐτὸν	P-ASM	P-ASM	846	αὐτός	αὐτόν	
John 13:32	ἐν	PREP	PREP	1722	ἐν	ἐν	
John 13:32	αὑτῷ,	F-3DSM	F-3DSM	848	ἑαυτοῦ	αὑτῷ	
John 13:32	καὶ	CONJ	CONJ	2532	καί	καί	
John 13:32	εὐθὺς	ADV	ADV	2112	εὐθέως	εὐθύς	
John 13:32	δοξάσει	V-FAI-3S	V-FAI-3S	1392&5692	δοξάζω	δοξάσει	
John 13:32	αὐτόν.	P-ASM	P-ASM	846	αὐτός	αὐτόν	
John 13:33	τεκνία,	N-VPN	N-VPN	5040	τεκνίον	τεκνία	
John 13:33	ἔτι	ADV	ADV	2089	ἔτι	ἔτι	
John 13:33	μικρὸν	A-ASN	A-ASN	3398	μικρός	μικρόν	
John 13:33	μεθ’	PREP	PREP	3326	μετά	μεθ’	
John 13:33	ὑμῶν	P-2GP	P-2GP	4771	σύ	ὑμῶν	
John 13:33	εἰμι·	V-PAI-1S	V-PAI-1S	1510	εἰμί	εἰμι	
John 13:33	ζητήσετέ	V-FAI-2P	V-FAI-2P	2212&5692	ζητέω	ζητήσετε	
John 13:33	με,	P-1AS	P-1AS	1473	ἐγώ	με	
John 13:33	καὶ	CONJ	CONJ	2532	καί	καί	
John 13:33	καθὼς	ADV	ADV	2531	καθώς	καθώς	
John 13:33	εἶπον	V-2AAI-1S	V-2AAI-1S	3004&5627	λέγω	εἶπον	
John 13:33	τοῖς	T-DPM	T-DPM	3588	ὁ	τοῖς	
John 13:33	Ἰουδαίοις	A-DPM	A-DPM	2453	Ἰουδαῖος	Ἰουδαίοις	
John 13:33	ὅτι	CONJ	CONJ	3754	ὅτι	ὅτι	
John 13:33	Ὅπου	ADV	ADV	3699	ὅπου	Ὅπου	
John 13:33	ἐγὼ	P-1NS	P-1NS	1473	ἐγώ	ἐγώ	
John 13:33	ὑπάγω	V-PAI-1S	V-PAI-1S	5217&5719	ὑπάγω	ὑπάγω	
John 13:33	ὑμεῖς	P-2NP	P-2NP	4771	σύ	ὑμεῖς	
John 13:33	οὐ	PRT-N	PRT-N	3756	οὐ	οὐ	
John 13:33	δύνασθε	V-PNI-2P	V-PNI-2P	1410&5736	δύναμαι	δύνασθε	
John 13:33	ἐλθεῖν,	V-2AAN	V-2AAN	2064&5629	ἔρχομαι	ἐλθεῖν	
John 13:33	καὶ	CONJ	CONJ	2532	καί	καί	
John 13:33	ὑμῖν	P-2DP	P-2DP	4771	σύ	ὑμῖν	
John 13:33	λέγω	V-PAI-1S	V-PAI-1S	3004&5719	λέγω	λέγω	
John 13:33	ἄρτι.	ADV	ADV	737	ἄρτι	ἄρτι	
John 13:34	ἐντολὴν	N-ASF	N-ASF	1785	ἐντολή	ἐντολήν	
John 13:34	καινὴν	A-ASF	A-ASF	2537	καινός	καινήν	
John 13:34	δίδωμι	V-PAI-1S	V-PAI-1S	1325&5719	δίδωμι	δίδωμι	
John 13:34	ὑμῖν,	P-2DP	P-2DP	4771	σύ	ὑμῖν	
John 13:34	ἵνα	CONJ	CONJ	2443	ἵνα	ἵνα	
John 13:34	ἀγαπᾶτε	V-PAS-2P	V-PAS-2P	25&5725	ἀγαπάω	ἀγαπᾶτε	
John 13:34	ἀλλήλους,	C-APM	C-APM	240	ἀλλήλων	ἀλλήλους	
John 13:34	καθὼς	ADV	ADV	2531	καθώς	καθώς	
John 13:34	ἠγάπησα	V-AAI-1S	V-AAI-1S	25&5656	ἀγαπάω	ἠγάπησα	
John 13:34	ὑμᾶς	P-2AP	P-2AP	4771	σύ	ὑμᾶς	
John 13:34	ἵνα	CONJ	CONJ	2443	ἵνα	ἵνα	
John 13:34	καὶ	CONJ	CONJ	2532	καί	καί	
John 13:34	ὑμεῖς	P-2NP	P-2NP	4771	σύ	ὑμεῖς	
John 13:34	ἀγαπᾶτε	V-PAS-2P	V-PAS-2P	25&5725	ἀγαπάω	ἀγαπᾶτε	
John 13:34	ἀλλήλους.	C-APM	C-APM	240	ἀλλήλων	ἀλλήλους	
John 13:35	ἐν	PREP	PREP	1722	ἐν	ἐν	
John 13:35	τούτῳ	D-DSN	D-DSN	3778	οὗτος	τούτῳ	
John 13:35	γνώσονται	V-FDI-3P	V-FDI-3P	1097&5695	γινώσκω	γνώσονται	
John 13:35	πάντες	A-NPM	A-NPM	3956	πᾶς	πάντες	
John 13:35	ὅτι	CONJ	CONJ	3754	ὅτι	ὅτι	
John 13:35	ἐμοὶ	S-1SNPM	S-1SNPM	1699	ἐμός	ἐμοί	
John 13:35	μαθηταί	N-NPM	N-NPM	3101	μαθητής	μαθηταί	
John 13:35	ἐστε,	V-PAI-2P	V-PAI-2P	1510&5719	εἰμί	ἐστε	
John 13:35	ἐὰν	COND	COND	1437	ἐάν	ἐάν	
John 13:35	ἀγάπην	N-ASF	N-ASF	26	ἀγάπη	ἀγάπην	
John 13:35	ἔχητε	V-PAS-2P	V-PAS-2P	2192&5725	ἔχω	ἔχητε	
John 13:35	ἐν	PREP	PREP	1722	ἐν	ἐν	
John 13:35	ἀλλήλοις.	C-DPM	C-DPM	240	ἀλλήλων	ἀλλήλοις	
John 13:36	Λέγει	V-PAI-3S	V-PAI-3S	3004&5719	λέγω	Λέγει	
John 13:36	αὐτῷ	P-DSM	P-DSM	846	αὐτός	αὐτῷ	
John 13:36	Σίμων	N-NSM	N-NSM	4613	Σίμων	Σίμων	
John 13:36	Πέτρος	N-NSM	N-NSM	4074	Πέτρος	Πέτρος	
John 13:36	Κύριε,	N-VSM	N-VSM	2962	κύριος	Κύριε	
John 13:36	ποῦ	ADV-I	ADV-I	4226	ποῦ	ποῦ	
John 13:36	ὑπάγεις;	V-PAI-2S	V-PAI-2S	5217&5719	ὑπάγω	ὑπάγεις	
John 13:36	ἀπεκρίθη	V-ADI-3S	V-ADI-3S	611&5662	ἀποκρίνομαι	ἀπεκρίθη	
John 13:36	Ἰησοῦς	N-NSM	N-NSM	2424	Ἰησοῦς	Ἰησοῦς	
John 13:36	Ὅπου	ADV	ADV	3699	ὅπου	Ὅπου	
John 13:36	ὑπάγω	V-PAI-1S	V-PAI-1S	5217&5719	ὑπάγω	ὑπάγω	
John 13:36	οὐ	PRT-N	PRT-N	3756	οὐ	οὐ	
John 13:36	δύνασαί	V-PNI-2S	V-PNI-2S	1410&5736	δύναμαι	δύνασαι	
John 13:36	μοι	P-1DS	P-1DS	1473	ἐγώ	μοι	
John 13:36	νῦν	ADV	ADV	3568	νῦν	νῦν	
John 13:36	ἀκολουθῆσαι,	V-AAN	V-AAN	190&5658	ἀκολουθέω	ἀκολουθῆσαι	
John 13:36	ἀκολουθήσεις	V-FAI-2S	V-FAI-2S	190&5692	ἀκολουθέω	ἀκολουθήσεις	
John 13:36	δὲ	CONJ	CONJ	1161	δέ	δέ	
John 13:36	ὕστερον.	ADV	ADV	5305	ὕστερος	ὕστερον	
John 13:37	λέγει	V-PAI-3S	V-PAI-3S	3004&5719	λέγω	λέγει	
John 13:37	αὐτῷ	P-DSM	P-DSM	846	αὐτός	αὐτῷ	
John 13:37	Πέτρος	N-NSM	N-NSM	4074	Πέτρος	Πέτρος	
John 13:37	Κύριε,	N-VSM	N-VSM	2962	κύριος	Κύριε	
John 13:37	διὰ	PREP	PREP	1223	διά	διά	
John 13:37	τί	I-ASN	I-ASN	5101	τίς	τί	
John 13:37	οὐ	PRT-N	PRT-N	3756	οὐ	οὐ	
John 13:37	δύναμαί	V-PNI-1S	V-PNI-1S	1410&5736	δύναμαι	δύναμαι	
John 13:37	σοι	P-2DS	P-2DS	4771	σύ	σοι	
John 13:37	ἀκολουθῆσαι	V-AAN	V-AAN	190	ἀκολουθέω	ἀκολουθῆσαι	
John 13:37	ἄρτι;	ADV	ADV	737	ἄρτι	ἄρτι	
John 13:37	τὴν	T-ASF	T-ASF	3588	ὁ	τήν	
John 13:37	ψυχήν	N-ASF	N-ASF	5590	ψυχή	ψυχήν	
John 13:37	μου	P-1GS	P-1GS	1473	ἐγώ	μου	
John 13:37	ὑπὲρ	PREP	PREP	5228	ὑπέρ	ὑπέρ	
John 13:37	σοῦ	P-2GS	P-2GS	4771	σύ	σοῦ	
John 13:37	θήσω.	V-FAI-1S	V-FAI-1S	5087&5692	τίθημι	θήσω	
John 13:38	ἀποκρίνεται	V-PNI-3S	V-PNI-3S	611&5736	ἀποκρίνομαι	ἀποκρίνεται	
John 13:38	Ἰησοῦς	N-NSM	N-NSM	2424	Ἰησοῦς	Ἰησοῦς	
John 13:38	Τὴν	T-ASF	T-ASF	3588	ὁ	Τήν	
John 13:38	ψυχήν	N-ASF	N-ASF	5590	ψυχή	ψυχήν	
John 13:38	σου	P-2GS	P-2GS	4771	σύ	σου	
John 13:38	ὑπὲρ	PREP	PREP	5228	ὑπέρ	ὑπέρ	
John 13:38	ἐμοῦ	P-1GS	P-1GS	1473	ἐγώ	ἐμοῦ	
John 13:38	θήσεις;	V-FAI-2S	V-FAI-2S	5087&5692	τίθημι	θήσεις	
John 13:38	ἀμὴν	HEB	HEB	281	ἀμήν	ἀμήν	
John 13:38	ἀμὴν	HEB	HEB	281	ἀμήν	ἀμήν	
John 13:38	λέγω	V-PAI-1S	V-PAI-1S	3004&5719	λέγω	λέγω	
John 13:38	σοι,	P-2DS	P-2DS	4771	σύ	σοι	
John 13:38	οὐ	PRT-N	PRT-N	3756	οὐ	οὐ	
John 13:38	μὴ	PRT-N	PRT-N	3361	μή	μή	
John 13:38	ἀλέκτωρ	N-NSM	N-NSM	220	ἀλέκτωρ	ἀλέκτωρ	
John 13:38	φωνήσῃ	V-AAS-3S	V-AAS-3S	5455&5661	φωνέω	φωνήσῃ	
John 13:38	ἕως	ADV	ADV	2193	ἕως	ἕως	
John 13:38	οὗ	R-GSM	R-GSM	3739	ὅς	οὗ	
John 13:38	ἀρνήσῃ	V-ADS-2S	V-ADS-2S	720&5667	ἀρνέομαι	ἀρνήσῃ	
John 13:38	με	P-1AS	P-1AS	1473	ἐγώ	με	
John 13:38	τρίς.	ADV	ADV	5151	τρίς	τρίς	
John 14:1	Μὴ	PRT-N	PRT-N	3361	μή	Μή	
John 14:1	ταρασσέσθω	V-PPM-3S	V-PEM-3S	5015&5744	ταράσσω	ταρασσέσθω	
John 14:1	ὑμῶν	P-2GP	P-2GP	4771	σύ	ὑμῶν	
John 14:1	ἡ	T-NSF	T-NSF	3588	ὁ	ἡ	
John 14:1	καρδία·	N-NSF	N-NSF	2588	καρδία	καρδία	
John 14:1	πιστεύετε	V-PAI-2P	V-PAI-2P	4100&5719	πιστεύω	πιστεύετε	
John 14:1	εἰς	PREP	PREP	1519	εἰς	εἰς	
John 14:1	τὸν	T-ASM	T-ASM	3588	ὁ	τόν	
John 14:1	Θεόν,	N-ASM	N-ASM	2316	θεός	Θεόν	
John 14:1	καὶ	CONJ	CONJ	2532	καί	καί	
John 14:1	εἰς	PREP	PREP	1519	εἰς	εἰς	
John 14:1	ἐμὲ	P-1AS	P-1AS	1473	ἐγώ	ἐμέ	
John 14:1	πιστεύετε.	V-PAM-2P	V-PAM-2P	4100&5720	πιστεύω	πιστεύετε	
John 14:2	ἐν	PREP	PREP	1722	ἐν	ἐν	
John 14:2	τῇ	T-DSF	T-DSF	3588	ὁ	τῇ	
John 14:2	οἰκίᾳ	N-DSF	N-DSF	3614	οἰκία	οἰκίᾳ	
John 14:2	τοῦ	T-GSM	T-GSM	3588	ὁ	τοῦ	
John 14:2	Πατρός	N-GSM	N-GSM	3962	πατήρ	Πατρός	
John 14:2	μου	P-1GS	P-1GS	1473	ἐγώ	μου	
John 14:2	μοναὶ	N-NPF	N-NPF	3438	μονή	μοναί	
John 14:2	πολλαί	A-NPF	A-NPF	4183	πολύς	πολλαί	
John 14:2	εἰσιν·	V-PAI-3P	V-PAI-3P	1510&5719	εἰμί	εἰσιν	
John 14:2	εἰ	COND	COND	1487	εἰ	εἰ	
John 14:2	δὲ	CONJ	CONJ	1161	δέ	δέ	
John 14:2	μή,	PRT-N	PRT-N	3361	μή	μή	
John 14:2	εἶπον	V-2AAI-1S	V-2AAI-1S	3004&5627	λέγω	εἶπον	
John 14:2	ἂν	PRT	PRT	302	ἄν	ἄν	
John 14:2	ὑμῖν·	P-2DP	P-2DP	4771	σύ	ὑμῖν	
John 14:2	ὅτι	CONJ	CONJ	3754	ὅτι	ὅτι	
John 14:2	πορεύομαι	V-PNI-1S	V-PNI-1S	4198&5736	πορεύομαι	πορεύομαι	
John 14:2	ἑτοιμάσαι	V-AAN	V-AAN	2090&5658	ἑτοιμάζω	ἑτοιμάσαι	
John 14:2	τόπον	N-ASM	N-ASM	5117	τόπος	τόπον	
John 14:2	ὑμῖν·	P-2DP	P-2DP	4771	σύ	ὑμῖν	
John 14:3	καὶ	CONJ	CONJ	2532	καί	καί	
John 14:3	ἐὰν	COND	COND	1437	ἐάν	ἐάν	
John 14:3	πορευθῶ	V-AOS-1S	V-AOS-1S	4198&5680	πορεύομαι	πορευθῶ	
John 14:3	καὶ	CONJ	CONJ	2532	καί	καί	
John 14:3	ἑτοιμάσω	V-AAS-1S	V-AAS-1S	2090&5661	ἑτοιμάζω	ἑτοιμάσω	
John 14:3	τόπον	N-ASM	N-ASM	5117	τόπος	τόπον	
John 14:3	ὑμῖν,	P-2DP	P-2DP	4771	σύ	ὑμῖν	
John 14:3	πάλιν	ADV	ADV	3825	πάλιν	πάλιν	
John 14:3	ἔρχομαι	V-PNI-1S	V-PNI-1S	2064&5736	ἔρχομαι	ἔρχομαι	
John 14:3	καὶ	CONJ	CONJ	2532	καί	καί	
John 14:3	παραλήμψομαι	V-FDI-1S	V-FDI-1S	3880&5695	παραλαμβάνω	παραλήμψομαι	
John 14:3	ὑμᾶς	P-2AP	P-2AP	4771	σύ	ὑμᾶς	
John 14:3	πρὸς	PREP	PREP	4314	πρός	πρός	
John 14:3	ἐμαυτόν,	F-1ASM	F-1ASM	1683	ἐμαυτοῦ	ἐμαυτόν	
John 14:3	ἵνα	CONJ	CONJ	2443	ἵνα	ἵνα	
John 14:3	ὅπου	ADV	ADV	3699	ὅπου	ὅπου	
John 14:3	εἰμὶ	V-PAI-1S	V-PAI-1S	1510&5719	εἰμί	εἰμί	
John 14:3	ἐγὼ	P-1NS	P-1NS	1473	ἐγώ	ἐγώ	
John 14:3	καὶ	CONJ	CONJ	2532	καί	καί	
John 14:3	ὑμεῖς	P-2NP	P-2NP	4771	σύ	ὑμεῖς	
John 14:3	ἦτε.	V-PAS-2P	V-PAS-2P	1510&5725	εἰμί	ἦτε	
John 14:4	καὶ	CONJ	CONJ	2532	καί	καί	
John 14:4	ὅπου	ADV	ADV	3699	ὅπου	ὅπου	
John 14:4	ἐγὼ	P-1NS	P-1NS	1473	ἐγώ	ἐγώ	
John 14:4	ὑπάγω	V-PAI-1S	V-PAI-1S	5217&5719	ὑπάγω	ὑπάγω	
John 14:4	οἴδατε	V-RAI-2P	V-RAI-2P	1492&5758	οἶδα	οἴδατε	
John 14:4	τὴν	T-ASF	T-ASF	3588	ὁ	τήν	
John 14:4	ὁδόν.	N-ASF	N-ASF	3598	ὁδός	ὁδόν	
John 14:5	Λέγει	V-PAI-3S	V-PAI-3S	3004&5719	λέγω	Λέγει	
John 14:5	αὐτῷ	P-DSM	P-DSM	846	αὐτός	αὐτῷ	
John 14:5	Θωμᾶς	N-NSM	N-NSM	2381	Θωμᾶς	Θωμᾶς	
John 14:5	Κύριε,	N-VSM	N-VSM	2962	κύριος	Κύριε	
John 14:5	οὐκ	PRT-N	PRT-N	3756	οὐ	οὐκ	
John 14:5	οἴδαμεν	V-RAI-1P	V-RAI-1P	1492&5758	οἶδα	οἴδαμεν	
John 14:5	ποῦ	ADV-I	ADV-I	4226	ποῦ	ποῦ	
John 14:5	ὑπάγεις·	V-PAI-2S	V-PAI-2S	5217&5719	ὑπάγω	ὑπάγεις	
John 14:5	πῶς	ADV-I	ADV-I	4459	πῶς	πῶς	
John 14:5	οἴδαμεν	V-RAI-1P	V-RAI-1P	1492&5758	οἶδα	οἴδαμεν	
John 14:5	τὴν	T-ASF	T-ASF	3588	ὁ	τήν	
John 14:5	ὁδὸν;	N-ASF	N-ASF	3598	ὁδός	ὁδόν	
John 14:6	λέγει	V-PAI-3S	V-PAI-3S	3004&5719	λέγω	λέγει	
John 14:6	αὐτῷ	P-DSM	P-DSM	846	αὐτός	αὐτῷ	
John 14:6	Ἰησοῦς	N-NSM	N-NSM	2424	Ἰησοῦς	Ἰησοῦς	
John 14:6	Ἐγώ	P-1NS	P-1NS	1473	ἐγώ	Ἐγώ	
John 14:6	εἰμι	V-PAI-1S	V-PAI-1S	1510&5719	εἰμί	εἰμι	
John 14:6	ἡ	T-NSF	T-NSF	3588	ὁ	ἡ	
John 14:6	ὁδὸς	N-NSF	N-NSF	3598	ὁδός	ὁδός	
John 14:6	καὶ	CONJ	CONJ	2532	καί	καί	
John 14:6	ἡ	T-NSF	T-NSF	3588	ὁ	ἡ	
John 14:6	ἀλήθεια	N-NSF	N-NSF	225	ἀλήθεια	ἀλήθεια	
John 14:6	καὶ	CONJ	CONJ	2532	καί	καί	
John 14:6	ἡ	T-NSF	T-NSF	3588	ὁ	ἡ	
John 14:6	ζωή·	N-NSF	N-NSF	2222	ζωή	ζωή	
John 14:6	οὐδεὶς	A-NSM-N	A-NSM-N	3762	οὐδείς	οὐδείς	
John 14:6	ἔρχεται	V-PNI-3S	V-PNI-3S	2064&5736	ἔρχομαι	ἔρχεται	
John 14:6	πρὸς	PREP	PREP	4314	πρός	πρός	
John 14:6	τὸν	T-ASM	T-ASM	3588	ὁ	τόν	
John 14:6	Πατέρα	N-ASM	N-ASM	3962	πατήρ	Πατέρα	
John 14:6	εἰ	COND	COND	1487	εἰ	εἰ	
John 14:6	μὴ	PRT-N	PRT-N	3361	μή	μή	
John 14:6	δι’	PREP	PREP	1223	διά	δι’	
John 14:6	ἐμοῦ.	P-1GS	P-1GS	1473	ἐγώ	ἐμοῦ	
John 14:7	εἰ	COND	COND	1487	εἰ	εἰ	
John 14:7	ἐγνώκειτέ	V-LAI-2P	V-LAI-2P	1097&5715	γινώσκω	ἐγνώκειτε	
John 14:7	με,	P-1AS	P-1AS	1473	ἐγώ	με	
John 14:7	καὶ	CONJ	CONJ	2532	καί	καί	
John 14:7	τὸν	T-ASM	T-ASM	3588	ὁ	τόν	
John 14:7	Πατέρα	N-ASM	N-ASM	3962	πατήρ	Πατέρα	
John 14:7	μου	P-1GS	P-1GS	1473	ἐγώ	μου	
John 14:7	ἂν	PRT	PRT	302	ἄν	ἄν	
John 14:7	ᾔδειτε·	V-2LAI-2P	V-2LAI-2P	1492&5714	οἶδα	ᾔδειτε	
John 14:7	ἀπ’	PREP	PREP	575	ἀπό	ἀπ’	
John 14:7	ἄρτι	ADV	ADV	737	ἄρτι	ἄρτι	
John 14:7	γινώσκετε	V-PAI-2P	V-PAI-2P	1097&5719	γινώσκω	γινώσκετε	
John 14:7	αὐτὸν	P-ASM	P-ASM	846	αὐτός	αὐτόν	
John 14:7	καὶ	CONJ	CONJ	2532	καί	καί	
John 14:7	ἑωράκατε.	V-RAI-2P-ATT	V-RAI-2P-ATT	3708&5758	ὁράω	ἑωράκατε	
John 14:8	Λέγει	V-PAI-3S	V-PAI-3S	3004&5719	λέγω	Λέγει	
John 14:8	αὐτῷ	P-DSM	P-DSM	846	αὐτός	αὐτῷ	
John 14:8	Φίλιππος	N-NSM	N-NSM	5376	Φίλιππος	Φίλιππος	
John 14:8	Κύριε,	N-VSM	N-VSM	2962	κύριος	Κύριε	
John 14:8	δεῖξον	V-AAM-2S	V-AAM-2S	1166&5657	δείκνυμι	δεῖξον	
John 14:8	ἡμῖν	P-1DP	P-1DP	1473	ἐγώ	ἡμῖν	
John 14:8	τὸν	T-ASM	T-ASM	3588	ὁ	τόν	
John 14:8	Πατέρα,	N-ASM	N-ASM	3962	πατήρ	Πατέρα	
John 14:8	καὶ	CONJ	CONJ	2532	καί	καί	
John 14:8	ἀρκεῖ	V-PAI-3S	V-PAI-3S	714&5719	ἀρκέω	ἀρκεῖ	
John 14:8	ἡμῖν.	P-1DP	P-1DP	1473	ἐγώ	ἡμῖν	
John 14:9	λέγει	V-PAI-3S	V-PAI-3S	3004&5719	λέγω	λέγει	
John 14:9	αὐτῷ	P-DSM	P-DSM	846	αὐτός	αὐτῷ	
John 14:9	ὁ	T-NSM	T-NSM	3588	ὁ	ὁ	
John 14:9	Ἰησοῦς	N-NSM	N-NSM	2424	Ἰησοῦς	Ἰησοῦς	
John 14:9	Τοσοῦτον	D-ASM	D-ASM	5118	τοσοῦτος	Τοσοῦτον	
John 14:9	χρόνον	N-ASM	N-ASM	5550	χρόνος	χρόνον	
John 14:9	μεθ’	PREP	PREP	3326	μετά	μεθ’	
John 14:9	ὑμῶν	P-2GP	P-2GP	4771	σύ	ὑμῶν	
John 14:9	εἰμι	V-PAI-1S	V-PAI-1S	1510	εἰμί	εἰμι	
John 14:9	καὶ	CONJ	CONJ	2532	καί	καί	
John 14:9	οὐκ	PRT-N	PRT-N	3756	οὐ	οὐκ	
John 14:9	ἔγνωκάς	V-RAI-2S	V-RAI-2S	1097&5758	γινώσκω	ἔγνωκας	
John 14:9	με,	P-1AS	P-1AS	1473	ἐγώ	με	
John 14:9	Φίλιππε;	N-VSM	N-VSM	5376	Φίλιππος	Φίλιππε	
John 14:9	ὁ	T-NSM	T-NSM	3588	ὁ	ὁ	
John 14:9	ἑωρακὼς	V-RAP-NSM-ATT	V-RAP-NSM-ATT	3708&5761	ὁράω	ἑωρακώς	
John 14:9	ἐμὲ	P-1AS	P-1AS	1473	ἐγώ	ἐμέ	
John 14:9	ἑώρακεν	V-RAI-3S-ATT	V-RAI-3S-ATT	3708&5758	ὁράω	ἑώρακεν	
John 14:9	τὸν	T-ASM	T-ASM	3588	ὁ	τόν	
John 14:9	Πατέρα·	N-ASM	N-ASM	3962	πατήρ	Πατέρα	
John 14:9	πῶς	ADV-I	ADV-I	4459	πῶς	πῶς	
John 14:9	σὺ	P-2NS	P-2NS	4771	σύ	σύ	
John 14:9	λέγεις	V-PAI-2S	V-PAI-2S	3004&5719	λέγω	λέγεις	
John 14:9	Δεῖξον	V-AAM-2S	V-AAM-2S	1166&5657	δείκνυμι	Δεῖξον	
John 14:9	ἡμῖν	P-1DP	P-1DP	1473	ἐγώ	ἡμῖν	
John 14:9	τὸν	T-ASM	T-ASM	3588	ὁ	τόν	
John 14:9	Πατέρα;	N-ASM	N-ASM	3962	πατήρ	Πατέρα	
John 14:10	οὐ	PRT-N	PRT-N	3756	οὐ	οὐ	
John 14:10	πιστεύεις	V-PAI-2S	V-PAI-2S	4100&5719	πιστεύω	πιστεύεις	
John 14:10	ὅτι	CONJ	CONJ	3754	ὅτι	ὅτι	
John 14:10	ἐγὼ	P-1NS	P-1NS	1473	ἐγώ	ἐγώ	
John 14:10	ἐν	PREP	PREP	1722	ἐν	ἐν	
John 14:10	τῷ	T-DSM	T-DSM	3588	ὁ	τῷ	
John 14:10	Πατρὶ	N-DSM	N-DSM	3962	πατήρ	Πατρί	
John 14:10	καὶ	CONJ	CONJ	2532	καί	καί	
John 14:10	ὁ	T-NSM	T-NSM	3588	ὁ	ὁ	
John 14:10	Πατὴρ	N-NSM	N-NSM	3962	πατήρ	Πατήρ	
John 14:10	ἐν	PREP	PREP	1722	ἐν	ἐν	
John 14:10	ἐμοί	P-1DS	P-1DS	1473	ἐγώ	ἐμοί	
John 14:10	ἐστιν;	V-PAI-3S	V-PAI-3S	1510&5719	εἰμί	ἐστιν	
John 14:10	τὰ	T-APN	T-APN	3588	ὁ	τά	
John 14:10	ῥήματα	N-APN	N-APN	4487	ῥῆμα	ῥήματα	
John 14:10	ἃ	R-APN	R-APN	3739	ὅς	ἅ	
John 14:10	ἐγὼ	P-1NS	P-1NS	1473	ἐγώ	ἐγώ	
John 14:10	λέγω	V-PAI-1S	V-PAI-1S	3004&5719	λέγω	λέγω	
John 14:10	ὑμῖν	P-2DP	P-2DP	4771	σύ	ὑμῖν	
John 14:10	ἀπ’	PREP	PREP	575	ἀπό	ἀπ’	
John 14:10	ἐμαυτοῦ	F-1GSM	F-1GSM	1683	ἐμαυτοῦ	ἐμαυτοῦ	
John 14:10	οὐ	PRT-N	PRT-N	3756	οὐ	οὐ	
John 14:10	λαλῶ·	V-PAI-1S	V-PAI-1S	2980&5719	λαλέω	λαλῶ	
John 14:10	ὁ	T-NSM	T-NSM	3588	ὁ	ὁ	
John 14:10	δὲ	CONJ	CONJ	1161	δέ	δέ	
John 14:10	Πατὴρ	N-NSM	N-NSM	3962	πατήρ	Πατήρ	
John 14:10	ἐν	PREP	PREP	1722	ἐν	ἐν	
John 14:10	ἐμοὶ	P-1DS	P-1DS	1473	ἐγώ	ἐμοί	
John 14:10	μένων	V-PAP-NSM	V-PAP-NSM	3306&5723	μένω	μένων	
John 14:10	ποιεῖ	V-PAI-3S	V-PAI-3S	4160&5719	ποιέω	ποιεῖ	
John 14:10	τὰ	T-APN	T-APN	3588	ὁ	τά	
John 14:10	ἔργα	N-APN	N-APN	2041	ἔργον	ἔργα	
John 14:10	αὐτοῦ.	P-GSM	P-GSM	846	αὐτός	αὐτοῦ	
John 14:11	πιστεύετέ	V-PAM-2P	V-PAM-2P	4100&5720	πιστεύω	πιστεύετε	
John 14:11	μοι	P-1DS	P-1DS	1473	ἐγώ	μοι	
John 14:11	ὅτι	CONJ	CONJ	3754	ὅτι	ὅτι	
John 14:11	ἐγὼ	P-1NS	P-1NS	1473	ἐγώ	ἐγώ	
John 14:11	ἐν	PREP	PREP	1722	ἐν	ἐν	
John 14:11	τῷ	T-DSM	T-DSM	3588	ὁ	τῷ	
John 14:11	Πατρὶ	N-DSM	N-DSM	3962	πατήρ	Πατρί	
John 14:11	καὶ	CONJ	CONJ	2532	καί	καί	
John 14:11	ὁ	T-NSM	T-NSM	3588	ὁ	ὁ	
John 14:11	Πατὴρ	N-NSM	N-NSM	3962	πατήρ	Πατήρ	
John 14:11	ἐν	PREP	PREP	1722	ἐν	ἐν	
John 14:11	ἐμοί·	P-1DS	P-1DS	1473	ἐγώ	ἐμοί	
John 14:11	εἰ	COND	COND	1487	εἰ	εἰ	
John 14:11	δὲ	CONJ	CONJ	1161	δέ	δέ	
John 14:11	μή,	PRT-N	PRT-N	3361	μή	μή	
John 14:11	διὰ	PREP	PREP	1223	διά	διά	
John 14:11	τὰ	T-APN	T-APN	3588	ὁ	τά	
John 14:11	ἔργα	N-APN	N-APN	2041	ἔργον	ἔργα	
John 14:11	αὐτὰ	P-APN	P-APN	846	αὐτός	αὐτά	
John 14:11	πιστεύετε.	V-PAM-2P	V-PAM-2P	4100&5720	πιστεύω	πιστεύετε	
John 14:12	ἀμὴν	HEB	HEB	281	ἀμήν	ἀμήν	
John 14:12	ἀμὴν	HEB	HEB	281	ἀμήν	ἀμήν	
John 14:12	λέγω	V-PAI-1S	V-PAI-1S	3004&5719	λέγω	λέγω	
John 14:12	ὑμῖν,	P-2DP	P-2DP	4771	σύ	ὑμῖν	
John 14:12	ὁ	T-NSM	T-NSM	3588	ὁ	ὁ	
John 14:12	πιστεύων	V-PAP-NSM	V-PAP-NSM	4100&5723	πιστεύω	πιστεύων	
John 14:12	εἰς	PREP	PREP	1519	εἰς	εἰς	
John 14:12	ἐμὲ	P-1AS	P-1AS	1473	ἐγώ	ἐμέ	
John 14:12	τὰ	T-APN	T-APN	3588	ὁ	τά	
John 14:12	ἔργα	N-APN	N-APN	2041	ἔργον	ἔργα	
John 14:12	ἃ	R-APN	R-APN	3739	ὅς	ἅ	
John 14:12	ἐγὼ	P-1NS	P-1NS	1473	ἐγώ	ἐγώ	
John 14:12	ποιῶ	V-PAI-1S	V-PAI-1S	4160&5719	ποιέω	ποιῶ	
John 14:12	κἀκεῖνος	D-NSM-K	D-NSM-K	2548	κἀκεῖνος	κἀκεῖνος	
John 14:12	ποιήσει,	V-FAI-3S	V-FAI-3S	4160&5692	ποιέω	ποιήσει	
John 14:12	καὶ	CONJ	CONJ	2532	καί	καί	
John 14:12	μείζονα	A-APN-C	A-APN-C	3173	μέγας	μείζονα	
John 14:12	τούτων	D-GPN	D-GPN	3778	οὗτος	τούτων	
John 14:12	ποιήσει,	V-FAI-3S	V-FAI-3S	4160&5692	ποιέω	ποιήσει	
John 14:12	ὅτι	CONJ	CONJ	3754	ὅτι	ὅτι	
John 14:12	ἐγὼ	P-1NS	P-1NS	1473	ἐγώ	ἐγώ	
John 14:12	πρὸς	PREP	PREP	4314	πρός	πρός	
John 14:12	τὸν	T-ASM	T-ASM	3588	ὁ	τόν	
John 14:12	Πατέρα	N-ASM	N-ASM	3962	πατήρ	Πατέρα	
John 14:12	πορεύομαι·	V-PNI-1S	V-PNI-1S	4198&5736	πορεύομαι	πορεύομαι	
John 14:13	καὶ	CONJ	CONJ	2532	καί	καί	
John 14:13	ὅ	R-ASN	R-ASN	3739	ὅς	ὅ	
John 14:13	τι	X-ASN	X-ASN	5100	τὶς	τι	
John 14:13	ἂν	PRT	PRT	302	ἄν	ἄν	
John 14:13	αἰτήσητε	V-AAS-2P	V-AAS-2P	154&5661	αἰτέω	αἰτήσητε	
John 14:13	ἐν	PREP	PREP	1722	ἐν	ἐν	
John 14:13	τῷ	T-DSN	T-DSN	3588	ὁ	τῷ	
John 14:13	ὀνόματί	N-DSN	N-DSN	3686	ὄνομα	ὀνόματι	
John 14:13	μου,	P-1GS	P-1GS	1473	ἐγώ	μου	
John 14:13	τοῦτο	D-ASN	D-ASN	3778	οὗτος	τοῦτο	
John 14:13	ποιήσω,	V-FAI-1S	V-FAI-1S	4160&5692	ποιέω	ποιήσω	
John 14:13	ἵνα	CONJ	CONJ	2443	ἵνα	ἵνα	
John 14:13	δοξασθῇ	V-APS-3S	V-APS-3S	1392&5686	δοξάζω	δοξασθῇ	
John 14:13	ὁ	T-NSM	T-NSM	3588	ὁ	ὁ	
John 14:13	Πατὴρ	N-NSM	N-NSM	3962	πατήρ	Πατήρ	
John 14:13	ἐν	PREP	PREP	1722	ἐν	ἐν	
John 14:13	τῷ	T-DSM	T-DSM	3588	ὁ	τῷ	
John 14:13	Υἱῷ.	N-DSM	N-DSM	5207	υἱός	Υἱῷ	
John 14:14	ἐάν	COND	COND	1437	ἐάν	ἐάν	
John 14:14	τι	X-ASN	X-ASN	5100	τὶς	τι	
John 14:14	αἰτήσητέ	V-AAS-2P	V-AAS-2P	154&5661	αἰτέω	αἰτήσητε	
John 14:14	με	P-1AS	P-1AS	1473	ἐγώ	με	
John 14:14	ἐν	PREP	PREP	1722	ἐν	ἐν	
John 14:14	τῷ	T-DSN	T-DSN	3588	ὁ	τῷ	
John 14:14	ὀνόματί	N-DSN	N-DSN	3686	ὄνομα	ὀνόματι	
John 14:14	μου,	P-1GS	P-1GS	1473	ἐγώ	μου	
John 14:14	ἐγὼ	P-1NS	P-1NS	1473	ἐγώ	ἐγώ	
John 14:14	ποιήσω.	V-FAI-1S	V-FAI-1S	4160&5692	ποιέω	ποιήσω	
John 14:15	Ἐὰν	COND	COND	1437	ἐάν	Ἐάν	
John 14:15	ἀγαπᾶτέ	V-PAS-2P	V-PAS-2P	25&5725	ἀγαπάω	ἀγαπᾶτε	
John 14:15	με,	P-1AS	P-1AS	1473	ἐγώ	με	
John 14:15	τὰς	T-APF	T-APF	3588	ὁ	τάς	
John 14:15	ἐντολὰς	N-APF	N-APF	1785	ἐντολή	ἐντολάς	
John 14:15	τὰς	T-APF	T-APF	3588	ὁ	τάς	
John 14:15	ἐμὰς	S-1SAPF	S-1SAPF	1699	ἐμός	ἐμάς	
John 14:15	τηρήσετε.	V-FAI-2P	V-FAI-2P	5083&5692	τηρέω	τηρήσετε	
John 14:16	κἀγὼ	P-1NS-K	P-1NS-K	2504	κἀγώ	κἀγώ	
John 14:16	ἐρωτήσω	V-FAI-1S	V-FAI-1S	2065&5692	ἐρωτάω	ἐρωτήσω	
John 14:16	τὸν	T-ASM	T-ASM	3588	ὁ	τόν	
John 14:16	Πατέρα	N-ASM	N-ASM	3962	πατήρ	Πατέρα	
John 14:16	καὶ	CONJ	CONJ	2532	καί	καί	
John 14:16	ἄλλον	A-ASM	A-ASM	243	ἄλλος	ἄλλον	
John 14:16	Παράκλητον	N-ASM	N-ASM	3875	παράκλητος	Παράκλητον	
John 14:16	δώσει	V-FAI-3S	V-FAI-3S	1325&5692	δίδωμι	δώσει	
John 14:16	ὑμῖν	P-2DP	P-2DP	4771	σύ	ὑμῖν	
John 14:16	ἵνα	CONJ	CONJ	2443	ἵνα	ἵνα	
John 14:16	ᾖ	V-PAS-3S	V-PAS-3S	1510&5725	εἰμί	ᾖ	
John 14:16	μεθ’	PREP	PREP	3326	μετά	μεθ’	
John 14:16	ὑμῶν	P-2GP	P-2GP	4771	σύ	ὑμῶν	
John 14:16	εἰς	PREP	PREP	1519	εἰς	εἰς	
John 14:16	τὸν	T-ASM	T-ASM	3588	ὁ	τόν	
John 14:16	αἰῶνα,	N-ASM	N-ASM	165	αἰών	αἰῶνα	
John 14:17	τὸ	T-ASN	T-ASN	3588	ὁ	τό	
John 14:17	Πνεῦμα	N-ASN	N-ASN	4151	πνεῦμα	Πνεῦμα	
John 14:17	τῆς	T-GSF	T-GSF	3588	ὁ	τῆς	
John 14:17	ἀληθείας,	N-GSF	N-GSF	225	ἀλήθεια	ἀληθείας	
John 14:17	ὃ	R-ASN	R-ASN	3739	ὅς	ὅ	
John 14:17	ὁ	T-NSM	T-NSM	3588	ὁ	ὁ	
John 14:17	κόσμος	N-NSM	N-NSM	2889	κόσμος	κόσμος	
John 14:17	οὐ	PRT-N	PRT-N	3756	οὐ	οὐ	
John 14:17	δύναται	V-PNI-3S	V-PNI-3S	1410&5736	δύναμαι	δύναται	
John 14:17	λαβεῖν,	V-2AAN	V-2AAN	2983&5629	λαμβάνω	λαβεῖν	
John 14:17	ὅτι	CONJ	CONJ	3754	ὅτι	ὅτι	
John 14:17	οὐ	PRT-N	PRT-N	3756	οὐ	οὐ	
John 14:17	θεωρεῖ	V-PAI-3S	V-PAI-3S	2334&5719	θεωρέω	θεωρεῖ	
John 14:17	αὐτὸ	P-ASN	P-ASN	846	αὐτός	αὐτό	
John 14:17	οὐδὲ	CONJ-N	CONJ-N	3761	οὐδέ	οὐδέ	
John 14:17	γινώσκει·	V-PAI-3S	V-PAI-3S	1097&5719	γινώσκω	γινώσκει	
John 14:17	ὑμεῖς	P-2NP	P-2NP	4771	σύ	ὑμεῖς	
John 14:17	γινώσκετε	V-PAI-2P	V-PAI-2P	1097&5719	γινώσκω	γινώσκετε	
John 14:17	αὐτό,	P-ASN	P-ASN	846	αὐτός	αὐτό	
John 14:17	ὅτι	CONJ	CONJ	3754	ὅτι	ὅτι	
John 14:17	παρ’	PREP	PREP	3844	παρά	παρ’	
John 14:17	ὑμῖν	P-2DP	P-2DP	4771	σύ	ὑμῖν	
John 14:17	μένει	V-PAI-3S	V-PAI-3S	3306&5719	μένω	μένει	
John 14:17	καὶ	CONJ	CONJ	2532	καί	καί	
John 14:17	ἐν	PREP	PREP	1722	ἐν	ἐν	
John 14:17	ὑμῖν	P-2DP	P-2DP	4771	σύ	ὑμῖν	
John 14:17	ἔσται.	V-FDI-3S	V-FDI-3S	1510	εἰμί	ἔσται	
John 14:18	οὐκ	PRT-N	PRT-N	3756	οὐ	οὐκ	
John 14:18	ἀφήσω	V-FAI-1S	V-FAI-1S	863&5692	ἀφίημι	ἀφήσω	
John 14:18	ὑμᾶς	P-2AP	P-2AP	4771	σύ	ὑμᾶς	
John 14:18	ὀρφανούς,	A-APM	A-APM	3737	ὀρφανός	ὀρφανούς	
John 14:18	ἔρχομαι	V-PNI-1S	V-PNI-1S	2064&5736	ἔρχομαι	ἔρχομαι	
John 14:18	πρὸς	PREP	PREP	4314	πρός	πρός	
John 14:18	ὑμᾶς.	P-2AP	P-2AP	4771	σύ	ὑμᾶς	
John 14:19	ἔτι	ADV	ADV	2089	ἔτι	ἔτι	
John 14:19	μικρὸν	A-ASN	A-ASN	3398	μικρός	μικρόν	
John 14:19	καὶ	CONJ	CONJ	2532	καί	καί	
John 14:19	ὁ	T-NSM	T-NSM	3588	ὁ	ὁ	
John 14:19	κόσμος	N-NSM	N-NSM	2889	κόσμος	κόσμος	
John 14:19	με	P-1AS	P-1AS	1473	ἐγώ	με	
John 14:19	οὐκέτι	ADV-N	ADV-N	3765	οὐκέτι	οὐκέτι	
John 14:19	θεωρεῖ,	V-PAI-3S	V-PAI-3S	2334&5719	θεωρέω	θεωρεῖ	
John 14:19	ὑμεῖς	P-2NP	P-2NP	4771	σύ	ὑμεῖς	
John 14:19	δὲ	CONJ	CONJ	1161	δέ	δέ	
John 14:19	θεωρεῖτέ	V-PAI-2P	V-PAI-2P	2334&5719	θεωρέω	θεωρεῖτε	
John 14:19	με,	P-1AS	P-1AS	1473	ἐγώ	με	
John 14:19	ὅτι	CONJ	CONJ	3754	ὅτι	ὅτι	
John 14:19	ἐγὼ	P-1NS	P-1NS	1473	ἐγώ	ἐγώ	
John 14:19	ζῶ	V-PAI-1S	V-PAI-1S	2198&5719	ζάω	ζῶ	
John 14:19	καὶ	CONJ	CONJ	2532	καί	καί	
John 14:19	ὑμεῖς	P-2NP	P-2NP	4771	σύ	ὑμεῖς	
John 14:19	ζήσετε.	V-FAI-2P	V-FAI-2P	2198&5692	ζάω	ζήσετε	
John 14:20	ἐν	PREP	PREP	1722	ἐν	ἐν	
John 14:20	ἐκείνῃ	D-DSF	D-DSF	1565	ἐκεῖνος	ἐκείνῃ	
John 14:20	τῇ	T-DSF	T-DSF	3588	ὁ	τῇ	
John 14:20	ἡμέρᾳ	N-DSF	N-DSF	2250	ἡμέρα	ἡμέρᾳ	
John 14:20	γνώσεσθε	V-FDI-2P	V-FDI-2P	1097	γινώσκω	γνώσεσθε	
John 14:20	ὑμεῖς	P-2NP	P-2NP	4771	σύ	ὑμεῖς	
John 14:20	ὅτι	CONJ	CONJ	3754	ὅτι	ὅτι	
John 14:20	ἐγὼ	P-1NS	P-1NS	1473	ἐγώ	ἐγώ	
John 14:20	ἐν	PREP	PREP	1722	ἐν	ἐν	
John 14:20	τῷ	T-DSM	T-DSM	3588	ὁ	τῷ	
John 14:20	Πατρί	N-DSM	N-DSM	3962	πατήρ	Πατρί	
John 14:20	μου	P-1GS	P-1GS	1473	ἐγώ	μου	
John 14:20	καὶ	CONJ	CONJ	2532	καί	καί	
John 14:20	ὑμεῖς	P-2NP	P-2NP	4771	σύ	ὑμεῖς	
John 14:20	ἐν	PREP	PREP	1722	ἐν	ἐν	
John 14:20	ἐμοὶ	P-1DS	P-1DS	1473	ἐγώ	ἐμοί	
John 14:20	κἀγὼ	P-1NS-K	P-1NS-K	2504	κἀγώ	κἀγώ	
John 14:20	ἐν	PREP	PREP	1722	ἐν	ἐν	
John 14:20	ὑμῖν.	P-2DP	P-2DP	4771	σύ	ὑμῖν	
John 14:21	ὁ	T-NSM	T-NSM	3588	ὁ	ὁ	
John 14:21	ἔχων	V-PAP-NSM	V-PAP-NSM	2192&5723	ἔχω	ἔχων	
John 14:21	τὰς	T-APF	T-APF	3588	ὁ	τάς	
John 14:21	ἐντολάς	N-APF	N-APF	1785	ἐντολή	ἐντολάς	
John 14:21	μου	P-1GS	P-1GS	1473	ἐγώ	μου	
John 14:21	καὶ	CONJ	CONJ	2532	καί	καί	
John 14:21	τηρῶν	V-PAP-NSM	V-PAP-NSM	5083&5723	τηρέω	τηρῶν	
John 14:21	αὐτὰς,	P-APF	P-APF	846	αὐτός	αὐτάς	
John 14:21	ἐκεῖνός	D-NSM	D-NSM	1565	ἐκεῖνος	ἐκεῖνος	
John 14:21	ἐστιν	V-PAI-3S	V-PAI-3S	1510&5719	εἰμί	ἐστιν	
John 14:21	ὁ	T-NSM	T-NSM	3588	ὁ	ὁ	
John 14:21	ἀγαπῶν	V-PAP-NSM	V-PAP-NSM	25&5723	ἀγαπάω	ἀγαπῶν	
John 14:21	με·	P-1AS	P-1AS	1473	ἐγώ	με	
John 14:21	ὁ	T-NSM	T-NSM	3588	ὁ	ὁ	
John 14:21	δὲ	CONJ	CONJ	1161	δέ	δέ	
John 14:21	ἀγαπῶν	V-PAP-NSM	V-PAP-NSM	25&5723	ἀγαπάω	ἀγαπῶν	
John 14:21	με	P-1AS	P-1AS	1473	ἐγώ	με	
John 14:21	ἀγαπηθήσεται	V-FPI-3S	V-FPI-3S	25&5701	ἀγαπάω	ἀγαπηθήσεται	
John 14:21	ὑπὸ	PREP	PREP	5259	ὑπό	ὑπό	
John 14:21	τοῦ	T-GSM	T-GSM	3588	ὁ	τοῦ	
John 14:21	Πατρός	N-GSM	N-GSM	3962	πατήρ	Πατρός	
John 14:21	μου,	P-1GS	P-1GS	1473	ἐγώ	μου	
John 14:21	κἀγὼ	P-1NS-K	P-1NS-K	2504	κἀγώ	κἀγώ	
John 14:21	ἀγαπήσω	V-FAI-1S	V-FAI-1S	25&5692	ἀγαπάω	ἀγαπήσω	
John 14:21	αὐτὸν	P-ASM	P-ASM	846	αὐτός	αὐτόν	
John 14:21	καὶ	CONJ	CONJ	2532	καί	καί	
John 14:21	ἐμφανίσω	V-FAI-1S	V-FAI-1S	1718&5692	ἐμφανίζω	ἐμφανίσω	
John 14:21	αὐτῷ	P-DSM	P-DSM	846	αὐτός	αὐτῷ	
John 14:21	ἐμαυτόν.	F-1ASM	F-1ASM	1683	ἐμαυτοῦ	ἐμαυτόν	
John 14:22	Λέγει	V-PAI-3S	V-PAI-3S	3004&5719	λέγω	Λέγει	
John 14:22	αὐτῷ	P-DSM	P-DSM	846	αὐτός	αὐτῷ	
John 14:22	Ἰούδας,	N-NSM	N-NSM	2455	Ἰούδας	Ἰούδας	
John 14:22	οὐχ	PRT-N	PRT-N	3756	οὐ	οὐχ	
John 14:22	ὁ	T-NSM	T-NSM	3588	ὁ	ὁ	
John 14:22	Ἰσκαριώτης	N-NSM	N-NSM	2469	Ἰσκαριώθ	Ἰσκαριώτης	
John 14:22	Κύριε,	N-VSM	N-VSM	2962	κύριος	Κύριε	
John 14:22	καὶ	CONJ	CONJ	2532	καί	καί	
John 14:22	τί	I-NSN	I-NSN	5101	τίς	τί	
John 14:22	γέγονεν	V-2RAI-3S	V-2RAI-3S	1096&5754	γίνομαι	γέγονεν	
John 14:22	ὅτι	CONJ	CONJ	3754	ὅτι	ὅτι	
John 14:22	ἡμῖν	P-1DP	P-1DP	1473	ἐγώ	ἡμῖν	
John 14:22	μέλλεις	V-PAI-2S	V-PAI-2S	3195&5719	μέλλω	μέλλεις	
John 14:22	ἐμφανίζειν	V-PAN	V-PAN	1718&5721	ἐμφανίζω	ἐμφανίζειν	
John 14:22	σεαυτὸν	F-2ASM	F-2ASM	4572	σεαυτοῦ	σεαυτόν	
John 14:22	καὶ	CONJ	CONJ	2532	καί	καί	
John 14:22	οὐχὶ	PRT-I	PRT-I	3780	οὐχί	οὐχί	
John 14:22	τῷ	T-DSM	T-DSM	3588	ὁ	τῷ	
John 14:22	κόσμῳ;	N-DSM	N-DSM	2889	κόσμος	κόσμῳ	
John 14:23	ἀπεκρίθη	V-ADI-3S	V-ADI-3S	611&5662	ἀποκρίνομαι	ἀπεκρίθη	
John 14:23	Ἰησοῦς	N-NSM	N-NSM	2424	Ἰησοῦς	Ἰησοῦς	
John 14:23	καὶ	CONJ	CONJ	2532	καί	καί	
John 14:23	εἶπεν	V-2AAI-3S	V-2AAI-3S	3004&5627	λέγω	εἶπεν	
John 14:23	αὐτῷ	P-DSM	P-DSM	846	αὐτός	αὐτῷ	
John 14:23	Ἐάν	COND	COND	1437	ἐάν	Ἐάν	
John 14:23	τις	X-NSM	X-NSM	5100	τὶς	τις	
John 14:23	ἀγαπᾷ,	V-PAS-3S	V-PAS-3S	25&5725	ἀγαπάω	ἀγαπᾷ	
John 14:23	με	P-1AS	P-1AS	1473	ἐγώ	με	
John 14:23	τὸν	T-ASM	T-ASM	3588	ὁ	τόν	
John 14:23	λόγον	N-ASM	N-ASM	3056	λόγος	λόγον	
John 14:23	μου	P-1GS	P-1GS	1473	ἐγώ	μου	
John 14:23	τηρήσει,	V-FAI-3S	V-FAI-3S	5083&5692	τηρέω	τηρήσει	
John 14:23	καὶ	CONJ	CONJ	2532	καί	καί	
John 14:23	ὁ	T-NSM	T-NSM	3588	ὁ	ὁ	
John 14:23	Πατήρ	N-NSM	N-NSM	3962	πατήρ	Πατήρ	
John 14:23	μου	P-1GS	P-1GS	1473	ἐγώ	μου	
John 14:23	ἀγαπήσει	V-FAI-3S	V-FAI-3S	25&5692	ἀγαπάω	ἀγαπήσει	
John 14:23	αὐτόν,	P-ASM	P-ASM	846	αὐτός	αὐτόν	
John 14:23	καὶ	CONJ	CONJ	2532	καί	καί	
John 14:23	πρὸς	PREP	PREP	4314	πρός	πρός	
John 14:23	αὐτὸν	P-ASM	P-ASM	846	αὐτός	αὐτόν	
John 14:23	ἐλευσόμεθα	V-FDI-1P	V-FDI-1P	2064&5695	ἔρχομαι	ἐλευσόμεθα	
John 14:23	καὶ	CONJ	CONJ	2532	καί	καί	
John 14:23	μονὴν	N-ASF	N-ASF	3438	μονή	μονήν	
John 14:23	παρ’	PREP	PREP	3844	παρά	παρ’	
John 14:23	αὐτῷ	P-DSM	P-DSM	846	αὐτός	αὐτῷ	
John 14:23	ποιησόμεθα.	V-FDI-1P	V-FDI-1P	4160&5695	ποιέω	ποιησόμεθα	
John 14:24	ὁ	T-NSM	T-NSM	3588	ὁ	ὁ	
John 14:24	μὴ	PRT-N	PRT-N	3361	μή	μή	
John 14:24	ἀγαπῶν	V-PAP-NSM	V-PAP-NSM	25&5723	ἀγαπάω	ἀγαπῶν	
John 14:24	με	P-1AS	P-1AS	1473	ἐγώ	με	
John 14:24	τοὺς	T-APM	T-APM	3588	ὁ	τούς	
John 14:24	λόγους	N-APM	N-APM	3056	λόγος	λόγους	
John 14:24	μου	P-1GS	P-1GS	1473	ἐγώ	μου	
John 14:24	οὐ	PRT-N	PRT-N	3756	οὐ	οὐ	
John 14:24	τηρεῖ·	V-PAI-3S	V-PAI-3S	5083&5719	τηρέω	τηρεῖ	
John 14:24	καὶ	CONJ	CONJ	2532	καί	καί	
John 14:24	ὁ	T-NSM	T-NSM	3588	ὁ	ὁ	
John 14:24	λόγος	N-NSM	N-NSM	3056	λόγος	λόγος	
John 14:24	ὃν	R-ASM	R-ASM	3739	ὅς	ὅν	
John 14:24	ἀκούετε	V-PAI-2P	V-PAI-2P	191&5719	ἀκούω	ἀκούετε	
John 14:24	οὐκ	PRT-N	PRT-N	3756	οὐ	οὐκ	
John 14:24	ἔστιν	V-PAI-3S	V-PAI-3S	1510&5719	εἰμί	ἔστιν	
John 14:24	ἐμὸς	S-1SNSM	S-1SNSM	1699	ἐμός	ἐμός	
John 14:24	ἀλλὰ	CONJ	CONJ	235	ἀλλά	ἀλλά	
John 14:24	τοῦ	T-GSM	T-GSM	3588	ὁ	τοῦ	
John 14:24	πέμψαντός	V-AAP-GSM	V-AAP-GSM	3992&5660	πέμπω	πέμψαντος	
John 14:24	με	P-1AS	P-1AS	1473	ἐγώ	με	
John 14:24	Πατρός.	N-GSM	N-GSM	3962	πατήρ	Πατρός	
John 14:25	Ταῦτα	D-APN	D-APN	3778	οὗτος	Ταῦτα	
John 14:25	λελάληκα	V-RAI-1S	V-RAI-1S	2980&5758	λαλέω	λελάληκα	
John 14:25	ὑμῖν	P-2DP	P-2DP	4771	σύ	ὑμῖν	
John 14:25	παρ’	PREP	PREP	3844	παρά	παρ’	
John 14:25	ὑμῖν	P-2DP	P-2DP	4771	σύ	ὑμῖν	
John 14:25	μένων·	V-PAP-NSM	V-PAP-NSM	3306&5723	μένω	μένων	
John 14:26	ὁ	T-NSM	T-NSM	3588	ὁ	ὁ	
John 14:26	δὲ	CONJ	CONJ	1161	δέ	δέ	
John 14:26	Παράκλητος,	N-NSM	N-NSM	3875	παράκλητος	Παράκλητος	
John 14:26	τὸ	T-NSN	T-NSN	3588	ὁ	τό	
John 14:26	Πνεῦμα	N-NSN	N-NSN	4151	πνεῦμα	Πνεῦμα	
John 14:26	τὸ	T-NSN	T-NSN	3588	ὁ	τό	
John 14:26	Ἅγιον	A-NSN	A-NSN	40	ἅγιος	Ἅγιον	
John 14:26	ὃ	R-ASN	R-ASN	3739	ὅς	ὅ	
John 14:26	πέμψει	V-FAI-3S	V-FAI-3S	3992&5692	πέμπω	πέμψει	
John 14:26	ὁ	T-NSM	T-NSM	3588	ὁ	ὁ	
John 14:26	Πατὴρ	N-NSM	N-NSM	3962	πατήρ	Πατήρ	
John 14:26	ἐν	PREP	PREP	1722	ἐν	ἐν	
John 14:26	τῷ	T-DSN	T-DSN	3588	ὁ	τῷ	
John 14:26	ὀνόματί	N-DSN	N-DSN	3686	ὄνομα	ὀνόματι	
John 14:26	μου,	P-1GS	P-1GS	1473	ἐγώ	μου	
John 14:26	ἐκεῖνος	D-NSM	D-NSM	1565	ἐκεῖνος	ἐκεῖνος	
John 14:26	ὑμᾶς	P-2AP	P-2AP	4771	σύ	ὑμᾶς	
John 14:26	διδάξει	V-FAI-3S	V-FAI-3S	1321&5692	διδάσκω	διδάξει	
John 14:26	πάντα	A-APN	A-APN	3956	πᾶς	πάντα	
John 14:26	καὶ	CONJ	CONJ	2532	καί	καί	
John 14:26	ὑπομνήσει	V-FAI-3S	V-FAI-3S	5279&5692	ὑπομιμνῄσκω	ὑπομνήσει	
John 14:26	ὑμᾶς	P-2AP	P-2AP	4771	σύ	ὑμᾶς	
John 14:26	πάντα	A-APN	A-APN	3956	πᾶς	πάντα	
John 14:26	ἃ	R-APN	R-APN	3739	ὅς	ἅ	
John 14:26	εἶπον	V-2AAI-1S	V-2AAI-1S	3004&5627	λέγω	εἶπον	
John 14:26	ὑμῖν	P-2DP	P-2DP	4771	σύ	ὑμῖν	
John 14:26	ἐγώ.	P-1NS	P-1NS	1473	ἐγώ	ἐγώ	
John 14:27	Εἰρήνην	N-ASF	N-ASF	1515	εἰρήνη	Εἰρήνην	
John 14:27	ἀφίημι	V-PAI-1S	V-PAI-1S	863&5719	ἀφίημι	ἀφίημι	
John 14:27	ὑμῖν,	P-2DP	P-2DP	4771	σύ	ὑμῖν	
John 14:27	εἰρήνην	N-ASF	N-ASF	1515	εἰρήνη	εἰρήνην	
John 14:27	τὴν	T-ASF	T-ASF	3588	ὁ	τήν	
John 14:27	ἐμὴν	S-1SASF	S-1SASF	1699	ἐμός	ἐμήν	
John 14:27	δίδωμι	V-PAI-1S	V-PAI-1S	1325&5719	δίδωμι	δίδωμι	
John 14:27	ὑμῖν·	P-2DP	P-2DP	4771	σύ	ὑμῖν	
John 14:27	οὐ	PRT-N	PRT-N	3756	οὐ	οὐ	
John 14:27	καθὼς	ADV	ADV	2531	καθώς	καθώς	
John 14:27	ὁ	T-NSM	T-NSM	3588	ὁ	ὁ	
John 14:27	κόσμος	N-NSM	N-NSM	2889	κόσμος	κόσμος	
John 14:27	δίδωσιν	V-PAI-3S	V-PAI-3S	1325&5719	δίδωμι	δίδωσιν	
John 14:27	ἐγὼ	P-1NS	P-1NS	1473	ἐγώ	ἐγώ	
John 14:27	δίδωμι	V-PAI-1S	V-PAI-1S	1325&5719	δίδωμι	δίδωμι	
John 14:27	ὑμῖν.	P-2DP	P-2DP	4771	σύ	ὑμῖν	
John 14:27	μὴ	PRT-N	PRT-N	3361	μή	μή	
John 14:27	ταρασσέσθω	V-PPM-3S	V-PEM-3S	5015&5744	ταράσσω	ταρασσέσθω	
John 14:27	ὑμῶν	P-2GP	P-2GP	4771	σύ	ὑμῶν	
John 14:27	ἡ	T-NSF	T-NSF	3588	ὁ	ἡ	
John 14:27	καρδία	N-NSF	N-NSF	2588	καρδία	καρδία	
John 14:27	μηδὲ	CONJ-N	CONJ-N	3366	μηδέ	μηδέ	
John 14:27	δειλιάτω.	V-PAM-3S	V-PAM-3S	1168&5720	δειλιάω	δειλιάτω	
John 14:28	ἠκούσατε	V-AAI-2P	V-AAI-2P	191&5656	ἀκούω	ἠκούσατε	
John 14:28	ὅτι	CONJ	CONJ	3754	ὅτι	ὅτι	
John 14:28	ἐγὼ	P-1NS	P-1NS	1473	ἐγώ	ἐγώ	
John 14:28	εἶπον	V-2AAI-1S	V-2AAI-1S	3004&5627	λέγω	εἶπον	
John 14:28	ὑμῖν	P-2DP	P-2DP	4771	σύ	ὑμῖν	
John 14:28	Ὑπάγω	V-PAI-1S	V-PAI-1S	5217&5719	ὑπάγω	Ὑπάγω	
John 14:28	καὶ	CONJ	CONJ	2532	καί	καί	
John 14:28	ἔρχομαι	V-PNI-1S	V-PNI-1S	2064&5736	ἔρχομαι	ἔρχομαι	
John 14:28	πρὸς	PREP	PREP	4314	πρός	πρός	
John 14:28	ὑμᾶς.	P-2AP	P-2AP	4771	σύ	ὑμᾶς	
John 14:28	εἰ	COND	COND	1487	εἰ	εἰ	
John 14:28	ἠγαπᾶτέ	V-IAI-2P	V-IAI-2P	25&5707	ἀγαπάω	ἠγαπᾶτε	
John 14:28	με,	P-1AS	P-1AS	1473	ἐγώ	με	
John 14:28	ἐχάρητε	V-2AOI-2P	V-2AOI-2P	5463&5644	χαίρω	ἐχάρητε	
John 14:28	ἄν	PRT	PRT	302	ἄν	ἄν	
John 14:28	ὅτι	CONJ	CONJ	3754	ὅτι	ὅτι	
John 14:28	πορεύομαι	V-PNI-1S	V-PNI-1S	4198&5736	πορεύομαι	πορεύομαι	
John 14:28	πρὸς	PREP	PREP	4314	πρός	πρός	
John 14:28	τὸν	T-ASM	T-ASM	3588	ὁ	τόν	
John 14:28	Πατέρα,	N-ASM	N-ASM	3962	πατήρ	Πατέρα	
John 14:28	ὅτι	CONJ	CONJ	3754	ὅτι	ὅτι	
John 14:28	ὁ	T-NSM	T-NSM	3588	ὁ	ὁ	
John 14:28	Πατὴρ	N-NSM	N-NSM	3962	πατήρ	Πατήρ	
John 14:28	μείζων	A-NSM-C	A-NSM-C	3173	μέγας	μείζων	
John 14:28	μού	P-1GS	P-1GS	1473	ἐγώ	μού	
John 14:28	ἐστιν.	V-PAI-3S	V-PAI-3S	1510&5719	εἰμί	ἐστιν	
John 14:29	καὶ	CONJ	CONJ	2532	καί	καί	
John 14:29	νῦν	ADV	ADV	3568	νῦν	νῦν	
John 14:29	εἴρηκα	V-RAI-1S-ATT	V-RAI-1S-ATT	2046&5758	εἶπον	εἴρηκα	
John 14:29	ὑμῖν	P-2DP	P-2DP	4771	σύ	ὑμῖν	
John 14:29	πρὶν	ADV	ADV	4250	πρίν	πρίν	
John 14:29	γενέσθαι,	V-2ADN	V-2ADN	1096&5635	γίνομαι	γενέσθαι	
John 14:29	ἵνα	CONJ	CONJ	2443	ἵνα	ἵνα	
John 14:29	ὅταν	CONJ	CONJ	3752	ὅταν	ὅταν	
John 14:29	γένηται	V-2ADS-3S	V-2ADS-3S	1096&5638	γίνομαι	γένηται	
John 14:29	πιστεύσητε.	V-AAS-2P	V-AAS-2P	4100&5661	πιστεύω	πιστεύσητε	
John 14:30	οὐκέτι	ADV-N	ADV-N	3765	οὐκέτι	οὐκέτι	
John 14:30	πολλὰ	A-APN	A-APN	4183	πολύς	πολλά	
John 14:30	λαλήσω	V-FAI-1S	V-FAI-1S	2980&5692	λαλέω	λαλήσω	
John 14:30	μεθ’	PREP	PREP	3326	μετά	μεθ’	
John 14:30	ὑμῶν,	P-2GP	P-2GP	4771	σύ	ὑμῶν	
John 14:30	ἔρχεται	V-PNI-3S	V-PNI-3S	2064&5736	ἔρχομαι	ἔρχεται	
John 14:30	γὰρ	CONJ	CONJ	1063	γάρ	γάρ	
John 14:30	ὁ	T-NSM	T-NSM	3588	ὁ	ὁ	
John 14:30	τοῦ	T-GSM	T-GSM	3588	ὁ	τοῦ	
John 14:30	κόσμου	N-GSM	N-GSM	2889	κόσμος	κόσμου	
John 14:30	ἄρχων·	N-NSM	N-NSM	758	ἄρχων	ἄρχων	
John 14:30	καὶ	CONJ	CONJ	2532	καί	καί	
John 14:30	ἐν	PREP	PREP	1722	ἐν	ἐν	
John 14:30	ἐμοὶ	P-1DS	P-1DS	1473	ἐγώ	ἐμοί	
John 14:30	οὐκ	PRT-N	PRT-N	3756	οὐ	οὐκ	
John 14:30	ἔχει	V-PAI-3S	V-PAI-3S	2192&5719	ἔχω	ἔχει	
John 14:30	οὐδέν,	A-ASN-N	A-ASN-N	3762	οὐδείς	οὐδέν	
John 14:31	ἀλλ’	CONJ	CONJ	235	ἀλλά	ἀλλ’	
John 14:31	ἵνα	CONJ	CONJ	2443	ἵνα	ἵνα	
John 14:31	γνῷ	V-2AAS-3S	V-2AAS-3S	1097&5632	γινώσκω	γνῷ	
John 14:31	ὁ	T-NSM	T-NSM	3588	ὁ	ὁ	
John 14:31	κόσμος	N-NSM	N-NSM	2889	κόσμος	κόσμος	
John 14:31	ὅτι	CONJ	CONJ	3754	ὅτι	ὅτι	
John 14:31	ἀγαπῶ	V-PAI-1S	V-PAI-1S	25&5719	ἀγαπάω	ἀγαπῶ	
John 14:31	τὸν	T-ASM	T-ASM	3588	ὁ	τόν	
John 14:31	Πατέρα,	N-ASM	N-ASM	3962	πατήρ	Πατέρα	
John 14:31	καὶ	CONJ	CONJ	2532	καί	καί	
John 14:31	καθὼς	ADV	ADV	2531	καθώς	καθώς	
John 14:31	ἐνετείλατο	V-ADI-3S	V-ADI-3S	1781	ἐντέλλομαι	ἐνετείλατο	
John 14:31	μοι	P-1DS	P-1DS	1473	ἐγώ	μοι	
John 14:31	ὁ	T-NSM	T-NSM	3588	ὁ	ὁ	
John 14:31	Πατὴρ,	N-NSM	N-NSM	3962	πατήρ	Πατήρ	
John 14:31	οὕτως	ADV	ADV	3779	οὕτω	οὕτως	
John 14:31	ποιῶ.	V-PAI-1S	V-PAI-1S	4160&5719	ποιέω	ποιῶ	
John 14:31	Ἐγείρεσθε,	V-PEM-2P	V-PEM-2P	1453&5728	ἐγείρω	Ἐγείρεσθε	
John 14:31	ἄγωμεν	V-PAS-1P	V-PAS-1P	71&5725	ἄγω	ἄγωμεν	
John 14:31	ἐντεῦθεν.	ADV	ADV	1782	ἐντεῦθεν	ἐντεῦθεν	
John 15:1	Ἐγώ	P-1NS	P-1NS	1473	ἐγώ	Ἐγώ	
John 15:1	εἰμι	V-PAI-1S	V-PAI-1S	1510&5719	εἰμί	εἰμι	
John 15:1	ἡ	T-NSF	T-NSF	3588	ὁ	ἡ	
John 15:1	ἄμπελος	N-NSF	N-NSF	288	ἄμπελος	ἄμπελος	
John 15:1	ἡ	T-NSF	T-NSF	3588	ὁ	ἡ	
John 15:1	ἀληθινή,	A-NSF	A-NSF	228	ἀληθινός	ἀληθινή	
John 15:1	καὶ	CONJ	CONJ	2532	καί	καί	
John 15:1	ὁ	T-NSM	T-NSM	3588	ὁ	ὁ	
John 15:1	Πατήρ	N-NSM	N-NSM	3962	πατήρ	Πατήρ	
John 15:1	μου	P-1GS	P-1GS	1473	ἐγώ	μου	
John 15:1	ὁ	T-NSM	T-NSM	3588	ὁ	ὁ	
John 15:1	γεωργός	N-NSM	N-NSM	1092	γεωργός	γεωργός	
John 15:1	ἐστιν.	V-PAI-3S	V-PAI-3S	1510&5719	εἰμί	ἐστιν	
John 15:2	πᾶν	A-ASN	A-ASN	3956	πᾶς	πᾶν	
John 15:2	κλῆμα	N-ASN	N-ASN	2814	κλῆμα	κλῆμα	
John 15:2	ἐν	PREP	PREP	1722	ἐν	ἐν	
John 15:2	ἐμοὶ	P-1DS	P-1DS	1473	ἐγώ	ἐμοί	
John 15:2	μὴ	PRT-N	PRT-N	3361	μή	μή	
John 15:2	φέρον	V-PAP-ASN	V-PAP-ASN	5342&5723	φέρω	φέρον	
John 15:2	καρπὸν,	N-ASM	N-ASM	2590	καρπός	καρπόν	
John 15:2	αἴρει	V-PAI-3S	V-PAI-3S	142&5719	αἴρω	αἴρει	
John 15:2	αὐτό,	P-ASN	P-ASN	846	αὐτός	αὐτό	
John 15:2	καὶ	CONJ	CONJ	2532	καί	καί	
John 15:2	πᾶν	A-ASN	A-ASN	3956	πᾶς	πᾶν	
John 15:2	τὸ	T-ASN	T-ASN	3588	ὁ	τό	
John 15:2	καρπὸν	N-ASM	N-ASM	2590	καρπός	καρπόν	
John 15:2	φέρον,	V-PAP-ASN	V-PAP-ASN	5342&5723	φέρω	φέρον	
John 15:2	καθαίρει	V-PAI-3S	V-PAI-3S	2508&5719	καθαίρω	καθαίρει	
John 15:2	αὐτὸ	P-ASN	P-ASN	846	αὐτός	αὐτό	
John 15:2	ἵνα	CONJ	CONJ	2443	ἵνα	ἵνα	
John 15:2	καρπὸν	N-ASM	N-ASM	2590	καρπός	καρπόν	
John 15:2	πλείονα	A-ASM-C	A-ASM-C	4183	πολύς	πλείονα	
John 15:2	φέρῃ.	V-PAS-3S	V-PAS-3S	5342&5725	φέρω	φέρῃ	
John 15:3	ἤδη	ADV	ADV	2235	ἤδη	ἤδη	
John 15:3	ὑμεῖς	P-2NP	P-2NP	4771	σύ	ὑμεῖς	
John 15:3	καθαροί	A-NPM	A-NPM	2513	καθαρός	καθαροί	
John 15:3	ἐστε	V-PAI-2P	V-PAI-2P	1510&5719	εἰμί	ἐστε	
John 15:3	διὰ	PREP	PREP	1223	διά	διά	
John 15:3	τὸν	T-ASM	T-ASM	3588	ὁ	τόν	
John 15:3	λόγον	N-ASM	N-ASM	3056	λόγος	λόγον	
John 15:3	ὃν	R-ASM	R-ASM	3739	ὅς	ὅν	
John 15:3	λελάληκα	V-RAI-1S	V-RAI-1S	2980&5758	λαλέω	λελάληκα	
John 15:3	ὑμῖν·	P-2DP	P-2DP	4771	σύ	ὑμῖν	
John 15:4	μείνατε	V-AAM-2P	V-AAM-2P	3306&5657	μένω	μείνατε	
John 15:4	ἐν	PREP	PREP	1722	ἐν	ἐν	
John 15:4	ἐμοί,	P-1DS	P-1DS	1473	ἐγώ	ἐμοί	
John 15:4	κἀγὼ	P-1NS-K	P-1NS-K	2504	κἀγώ	κἀγώ	
John 15:4	ἐν	PREP	PREP	1722	ἐν	ἐν	
John 15:4	ὑμῖν.	P-2DP	P-2DP	4771	σύ	ὑμῖν	
John 15:4	καθὼς	ADV	ADV	2531	καθώς	καθώς	
John 15:4	τὸ	T-NSN	T-NSN	3588	ὁ	τό	
John 15:4	κλῆμα	N-NSN	N-NSN	2814	κλῆμα	κλῆμα	
John 15:4	οὐ	PRT-N	PRT-N	3756	οὐ	οὐ	
John 15:4	δύναται	V-PNI-3S	V-PNI-3S	1410&5736	δύναμαι	δύναται	
John 15:4	καρπὸν	N-ASM	N-ASM	2590	καρπός	καρπόν	
John 15:4	φέρειν	V-PAN	V-PAN	5342&5721	φέρω	φέρειν	
John 15:4	ἀφ’	PREP	PREP	575	ἀπό	ἀφ’	
John 15:4	ἑαυτοῦ	F-3GSN	F-3GSN	1438	ἑαυτοῦ	ἑαυτοῦ	
John 15:4	ἐὰν	COND	COND	1437	ἐάν	ἐάν	
John 15:4	μὴ	PRT-N	PRT-N	3361	μή	μή	
John 15:4	μένῃ	V-PAS-3S	V-PAS-3S	3306&5725	μένω	μένῃ	
John 15:4	ἐν	PREP	PREP	1722	ἐν	ἐν	
John 15:4	τῇ	T-DSF	T-DSF	3588	ὁ	τῇ	
John 15:4	ἀμπέλῳ,	N-DSF	N-DSF	288	ἄμπελος	ἀμπέλῳ	
John 15:4	οὕτως	ADV	ADV	3779	οὕτω	οὕτως	
John 15:4	οὐδὲ	CONJ-N	CONJ-N	3761	οὐδέ	οὐδέ	
John 15:4	ὑμεῖς	P-2NP	P-2NP	4771	σύ	ὑμεῖς	
John 15:4	ἐὰν	COND	COND	1437	ἐάν	ἐάν	
John 15:4	μὴ	PRT-N	PRT-N	3361	μή	μή	
John 15:4	ἐν	PREP	PREP	1722	ἐν	ἐν	
John 15:4	ἐμοὶ	P-1DS	P-1DS	1473	ἐγώ	ἐμοί	
John 15:4	μένητε.	V-PAS-2P	V-PAS-2P	3306&5725	μένω	μένητε	
John 15:5	ἐγώ	P-1NS	P-1NS	1473	ἐγώ	ἐγώ	
John 15:5	εἰμι	V-PAI-1S	V-PAI-1S	1510&5719	εἰμί	εἰμι	
John 15:5	ἡ	T-NSF	T-NSF	3588	ὁ	ἡ	
John 15:5	ἄμπελος,	N-NSF	N-NSF	288	ἄμπελος	ἄμπελος	
John 15:5	ὑμεῖς	P-2NP	P-2NP	4771	σύ	ὑμεῖς	
John 15:5	τὰ	T-NPN	T-NPN	3588	ὁ	τά	
John 15:5	κλήματα.	N-NPN	N-NPN	2814	κλῆμα	κλήματα	
John 15:5	ὁ	T-NSM	T-NSM	3588	ὁ	ὁ	
John 15:5	μένων	V-PAP-NSM	V-PAP-NSM	3306&5723	μένω	μένων	
John 15:5	ἐν	PREP	PREP	1722	ἐν	ἐν	
John 15:5	ἐμοὶ	P-1DS	P-1DS	1473	ἐγώ	ἐμοί	
John 15:5	κἀγὼ	P-1NS-K	P-1NS-K	2504	κἀγώ	κἀγώ	
John 15:5	ἐν	PREP	PREP	1722	ἐν	ἐν	
John 15:5	αὐτῷ,	P-DSM	P-DSM	846	αὐτός	αὐτῷ	
John 15:5	οὗτος	D-NSM	D-NSM	3778	οὗτος	οὗτος	
John 15:5	φέρει	V-PAI-3S	V-PAI-3S	5342&5719	φέρω	φέρει	
John 15:5	καρπὸν	N-ASM	N-ASM	2590	καρπός	καρπόν	
John 15:5	πολύν,	A-ASM	A-ASM	4183	πολύς	πολύν	
John 15:5	ὅτι	CONJ	CONJ	3754	ὅτι	ὅτι	
John 15:5	χωρὶς	ADV	ADV	5565	χωρίς	χωρίς	
John 15:5	ἐμοῦ	P-1GS	P-1GS	1473	ἐγώ	ἐμοῦ	
John 15:5	οὐ	PRT-N	PRT-N	3756	οὐ	οὐ	
John 15:5	δύνασθε	V-PNI-2P	V-PNI-2P	1410&5736	δύναμαι	δύνασθε	
John 15:5	ποιεῖν	V-PAN	V-PAN	4160&5721	ποιέω	ποιεῖν	
John 15:5	οὐδέν.	A-ASN-N	A-ASN-N	3762	οὐδείς	οὐδέν	
John 15:6	ἐὰν	COND	COND	1437	ἐάν	ἐάν	
John 15:6	μή	PRT-N	PRT-N	3361	μή	μή	
John 15:6	τις	X-NSM	X-NSM	5100	τὶς	τις	
John 15:6	μένῃ	V-PAS-3S	V-PAS-3S	3306&5725	μένω	μένῃ	
John 15:6	ἐν	PREP	PREP	1722	ἐν	ἐν	
John 15:6	ἐμοί,	P-1DS	P-1DS	1473	ἐγώ	ἐμοί	
John 15:6	ἐβλήθη	V-API-3S	V-API-3S	906&5681	βάλλω	ἐβλήθη	
John 15:6	ἔξω	ADV	ADV	1854	ἔξω	ἔξω	
John 15:6	ὡς	ADV	ADV	5613	ὡς	ὡς	
John 15:6	τὸ	T-NSN	T-NSN	3588	ὁ	τό	
John 15:6	κλῆμα	N-NSN	N-NSN	2814	κλῆμα	κλῆμα	
John 15:6	καὶ	CONJ	CONJ	2532	καί	καί	
John 15:6	ἐξηράνθη,	V-API-3S	V-API-3S	3583&5681	ξηραίνω	ἐξηράνθη	
John 15:6	καὶ	CONJ	CONJ	2532	καί	καί	
John 15:6	συνάγουσιν	V-PAI-3P	V-PAI-3P	4863&5719	συνάγω	συνάγουσιν	
John 15:6	αὐτὰ	P-APN	P-APN	846	αὐτός	αὐτά	
John 15:6	καὶ	CONJ	CONJ	2532	καί	καί	
John 15:6	εἰς	PREP	PREP	1519	εἰς	εἰς	
John 15:6	τὸ	T-ASN	T-ASN	3588	ὁ	τό	
John 15:6	πῦρ	N-ASN	N-ASN	4442	πῦρ	πῦρ	
John 15:6	βάλλουσιν,	V-PAI-3P	V-PAI-3P	906&5719	βάλλω	βάλλουσιν	
John 15:6	καὶ	CONJ	CONJ	2532	καί	καί	
John 15:6	καίεται.	V-PPI-3S	V-PEI-3S	2545&5743	καίω	καίεται	
John 15:7	ἐὰν	COND	COND	1437	ἐάν	ἐάν	
John 15:7	μείνητε	V-AAS-2P	V-AAS-2P	3306&5661	μένω	μείνητε	
John 15:7	ἐν	PREP	PREP	1722	ἐν	ἐν	
John 15:7	ἐμοὶ	P-1DS	P-1DS	1473	ἐγώ	ἐμοί	
John 15:7	καὶ	CONJ	CONJ	2532	καί	καί	
John 15:7	τὰ	T-NPN	T-NPN	3588	ὁ	τά	
John 15:7	ῥήματά	N-NPN	N-NPN	4487	ῥῆμα	ῥήματα	
John 15:7	μου	P-1GS	P-1GS	1473	ἐγώ	μου	
John 15:7	ἐν	PREP	PREP	1722	ἐν	ἐν	
John 15:7	ὑμῖν	P-2DP	P-2DP	4771	σύ	ὑμῖν	
John 15:7	μείνῃ,	V-AAS-3S	V-AAS-3S	3306&5661	μένω	μείνῃ	
John 15:7	ὃ	R-ASN	R-ASN	3739	ὅς	ὅ	
John 15:7	ἐὰν	COND	COND	1437	ἐάν	ἐάν	
John 15:7	θέλητε	V-PAS-2P	V-PAS-2P	2309&5725	θέλω	θέλητε	
John 15:7	αἰτήσασθε	V-AMM-2P	V-AMM-2P	154&5669	αἰτέω	αἰτήσασθε	
John 15:7	καὶ	CONJ	CONJ	2532	καί	καί	
John 15:7	γενήσεται	V-FDI-3S	V-FDI-3S	1096&5695	γίνομαι	γενήσεται	
John 15:7	ὑμῖν.	P-2DP	P-2DP	4771	σύ	ὑμῖν	
John 15:8	ἐν	PREP	PREP	1722	ἐν	ἐν	
John 15:8	τούτῳ	D-DSN	D-DSN	3778	οὗτος	τούτῳ	
John 15:8	ἐδοξάσθη	V-API-3S	V-API-3S	1392&5681	δοξάζω	ἐδοξάσθη	
John 15:8	ὁ	T-NSM	T-NSM	3588	ὁ	ὁ	
John 15:8	Πατήρ	N-NSM	N-NSM	3962	πατήρ	Πατήρ	
John 15:8	μου,	P-1GS	P-1GS	1473	ἐγώ	μου	
John 15:8	ἵνα	CONJ	CONJ	2443	ἵνα	ἵνα	
John 15:8	καρπὸν	N-ASM	N-ASM	2590	καρπός	καρπόν	
John 15:8	πολὺν	A-ASM	A-ASM	4183	πολύς	πολύν	
John 15:8	φέρητε	V-PAS-2P	V-PAS-2P	5342&5725	φέρω	φέρητε	
John 15:8	καὶ	CONJ	CONJ	2532	καί	καί	
John 15:8	γενήσεσθε	V-FDI-2P	V-FDI-2P	1096	γίνομαι	γενήσεσθε	
John 15:8	ἐμοὶ	S-1SNPM	S-1SNPM	1699	ἐμός	ἐμοί	
John 15:8	μαθηταί.	N-NPM	N-NPM	3101	μαθητής	μαθηταί	
John 15:9	καθὼς	ADV	ADV	2531	καθώς	καθώς	
John 15:9	ἠγάπησέν	V-AAI-3S	V-AAI-3S	25&5656	ἀγαπάω	ἠγάπησεν	
John 15:9	με	P-1AS	P-1AS	1473	ἐγώ	με	
John 15:9	ὁ	T-NSM	T-NSM	3588	ὁ	ὁ	
John 15:9	Πατήρ,	N-NSM	N-NSM	3962	πατήρ	Πατήρ	
John 15:9	κἀγὼ	P-1NS-K	P-1NS-K	2504	κἀγώ	κἀγώ	
John 15:9	ὑμᾶς	P-2AP	P-2AP	4771	σύ	ὑμᾶς	
John 15:9	ἠγάπησα·	V-AAI-1S	V-AAI-1S	25&5656	ἀγαπάω	ἠγάπησα	
John 15:9	μείνατε	V-AAM-2P	V-AAM-2P	3306&5657	μένω	μείνατε	
John 15:9	ἐν	PREP	PREP	1722	ἐν	ἐν	
John 15:9	τῇ	T-DSF	T-DSF	3588	ὁ	τῇ	
John 15:9	ἀγάπῃ	N-DSF	N-DSF	26	ἀγάπη	ἀγάπῃ	
John 15:9	τῇ	T-DSF	T-DSF	3588	ὁ	τῇ	
John 15:9	ἐμῇ.	S-1SDSF	S-1SDSF	1699	ἐμός	ἐμῇ	
John 15:10	ἐὰν	COND	COND	1437	ἐάν	ἐάν	
John 15:10	τὰς	T-APF	T-APF	3588	ὁ	τάς	
John 15:10	ἐντολάς	N-APF	N-APF	1785	ἐντολή	ἐντολάς	
John 15:10	μου	P-1GS	P-1GS	1473	ἐγώ	μου	
John 15:10	τηρήσητε,	V-AAS-2P	V-AAS-2P	5083&5661	τηρέω	τηρήσητε	
John 15:10	μενεῖτε	V-FAI-2P	V-FAI-2P	3306&5692	μένω	μενεῖτε	
John 15:10	ἐν	PREP	PREP	1722	ἐν	ἐν	
John 15:10	τῇ	T-DSF	T-DSF	3588	ὁ	τῇ	
John 15:10	ἀγάπῃ	N-DSF	N-DSF	26	ἀγάπη	ἀγάπῃ	
John 15:10	μου,	P-1GS	P-1GS	1473	ἐγώ	μου	
John 15:10	καθὼς	ADV	ADV	2531	καθώς	καθώς	
John 15:10	ἐγὼ	P-1NS	P-1NS	1473	ἐγώ	ἐγώ	
John 15:10	τοῦ	T-GSM	T-GSM	3588	ὁ	τοῦ	
John 15:10	Πατρός	N-GSM	N-GSM	3962	πατήρ	Πατρός	
John 15:10	μου	P-1GS	P-1GS	1473	ἐγώ	μου	
John 15:10	τὰς	T-APF	T-APF	3588	ὁ	τάς	
John 15:10	ἐντολὰς	N-APF	N-APF	1785	ἐντολή	ἐντολάς	
John 15:10	τετήρηκα	V-RAI-1S	V-RAI-1S	5083&5758	τηρέω	τετήρηκα	
John 15:10	καὶ	CONJ	CONJ	2532	καί	καί	
John 15:10	μένω	V-PAI-1S	V-PAI-1S	3306&5719	μένω	μένω	
John 15:10	αὐτοῦ	P-GSM	P-GSM	846	αὐτός	αὐτοῦ	
John 15:10	ἐν	PREP	PREP	1722	ἐν	ἐν	
John 15:10	τῇ	T-DSF	T-DSF	3588	ὁ	τῇ	
John 15:10	ἀγάπῃ.	N-DSF	N-DSF	26	ἀγάπη	ἀγάπῃ	
John 15:11	Ταῦτα	D-APN	D-APN	3778	οὗτος	Ταῦτα	
John 15:11	λελάληκα	V-RAI-1S	V-RAI-1S	2980&5758	λαλέω	λελάληκα	
John 15:11	ὑμῖν	P-2DP	P-2DP	4771	σύ	ὑμῖν	
John 15:11	ἵνα	CONJ	CONJ	2443	ἵνα	ἵνα	
John 15:11	ἡ	T-NSF	T-NSF	3588	ὁ	ἡ	
John 15:11	χαρὰ	N-NSF	N-NSF	5479	χαρά	χαρά	
John 15:11	ἡ	T-NSF	T-NSF	3588	ὁ	ἡ	
John 15:11	ἐμὴ	S-1SNSF	S-1SNSF	1699	ἐμός	ἐμή	
John 15:11	ἐν	PREP	PREP	1722	ἐν	ἐν	
John 15:11	ὑμῖν	P-2DP	P-2DP	4771	σύ	ὑμῖν	
John 15:11	ᾖ	V-PAS-3S	V-PAS-3S	1510&5725	εἰμί	ᾖ	
John 15:11	καὶ	CONJ	CONJ	2532	καί	καί	
John 15:11	ἡ	T-NSF	T-NSF	3588	ὁ	ἡ	
John 15:11	χαρὰ	N-NSF	N-NSF	5479	χαρά	χαρά	
John 15:11	ὑμῶν	P-2GP	P-2GP	4771	σύ	ὑμῶν	
John 15:11	πληρωθῇ.	V-APS-3S	V-APS-3S	4137&5686	πληρόω	πληρωθῇ	
John 15:12	αὕτη	D-NSF	D-NSF	3778	οὗτος	αὕτη	
John 15:12	ἐστὶν	V-PAI-3S	V-PAI-3S	1510&5719	εἰμί	ἐστίν	
John 15:12	ἡ	T-NSF	T-NSF	3588	ὁ	ἡ	
John 15:12	ἐντολὴ	N-NSF	N-NSF	1785	ἐντολή	ἐντολή	
John 15:12	ἡ	T-NSF	T-NSF	3588	ὁ	ἡ	
John 15:12	ἐμὴ,	S-1SNSF	S-1SNSF	1699	ἐμός	ἐμή	
John 15:12	ἵνα	CONJ	CONJ	2443	ἵνα	ἵνα	
John 15:12	ἀγαπᾶτε	V-PAS-2P	V-PAS-2P	25&5725	ἀγαπάω	ἀγαπᾶτε	
John 15:12	ἀλλήλους	C-APM	C-APM	240	ἀλλήλων	ἀλλήλους	
John 15:12	καθὼς	ADV	ADV	2531	καθώς	καθώς	
John 15:12	ἠγάπησα	V-AAI-1S	V-AAI-1S	25&5656	ἀγαπάω	ἠγάπησα	
John 15:12	ὑμᾶς.	P-2AP	P-2AP	4771	σύ	ὑμᾶς	
John 15:13	μείζονα	A-ASF-C	A-ASF-C	3173	μέγας	μείζονα	
John 15:13	ταύτης	D-GSF	D-GSF	3778	οὗτος	ταύτης	
John 15:13	ἀγάπην	N-ASF	N-ASF	26	ἀγάπη	ἀγάπην	
John 15:13	οὐδεὶς	A-NSM-N	A-NSM-N	3762	οὐδείς	οὐδείς	
John 15:13	ἔχει,	V-PAI-3S	V-PAI-3S	2192&5719	ἔχω	ἔχει	
John 15:13	ἵνα	CONJ	CONJ	2443	ἵνα	ἵνα	
John 15:13	τις	X-NSM	X-NSM	5100	τὶς	τις	
John 15:13	τὴν	T-ASF	T-ASF	3588	ὁ	τήν	
John 15:13	ψυχὴν	N-ASF	N-ASF	5590	ψυχή	ψυχήν	
John 15:13	αὐτοῦ	P-GSM	P-GSM	846	αὐτός	αὐτοῦ	
John 15:13	θῇ	V-2AAS-3S	V-2AAS-3S	5087&5632	τίθημι	θῇ	
John 15:13	ὑπὲρ	PREP	PREP	5228	ὑπέρ	ὑπέρ	
John 15:13	τῶν	T-GPM	T-GPM	3588	ὁ	τῶν	
John 15:13	φίλων	A-GPM	A-GPM	5384	φίλος	φίλων	
John 15:13	αὐτοῦ.	P-GSM	P-GSM	846	αὐτός	αὐτοῦ	
John 15:14	ὑμεῖς	P-2NP	P-2NP	4771	σύ	ὑμεῖς	
John 15:14	φίλοι	A-NPM	A-NPM	5384	φίλος	φίλοι	
John 15:14	μού	P-1GS	P-1GS	1473	ἐγώ	μού	
John 15:14	ἐστε,	V-PAI-2P	V-PAI-2P	1510&5719	εἰμί	ἐστε	
John 15:14	ἐὰν	COND	COND	1437	ἐάν	ἐάν	
John 15:14	ποιῆτε	V-PAS-2P	V-PAS-2P	4160&5725	ποιέω	ποιῆτε	
John 15:14	ὃ	R-ASN	R-ASN	3739	ὅς	ὅ	
John 15:14	ἐγὼ	P-1NS	P-1NS	1473	ἐγώ	ἐγώ	
John 15:14	ἐντέλλομαι	V-PNI-1S	V-PNI-1S	1781&5736	ἐντέλλομαι	ἐντέλλομαι	
John 15:14	ὑμῖν.	P-2DP	P-2DP	4771	σύ	ὑμῖν	
John 15:15	οὐκέτι	ADV-N	ADV-N	3765	οὐκέτι	οὐκέτι	
John 15:15	λέγω	V-PAI-1S	V-PAI-1S	3004&5719	λέγω	λέγω	
John 15:15	ὑμᾶς	P-2AP	P-2AP	4771	σύ	ὑμᾶς	
John 15:15	δούλους,	N-APM	N-APM	1401	δοῦλος (II)	δούλους	
John 15:15	ὅτι	CONJ	CONJ	3754	ὅτι	ὅτι	
John 15:15	ὁ	T-NSM	T-NSM	3588	ὁ	ὁ	
John 15:15	δοῦλος	N-NSM	N-NSM	1401	δοῦλος (II)	δοῦλος	
John 15:15	οὐκ	PRT-N	PRT-N	3756	οὐ	οὐκ	
John 15:15	οἶδεν	V-RAI-3S	V-RAI-3S	1492&5758	οἶδα	οἶδεν	
John 15:15	τί	I-ASN	I-ASN	5101	τίς	τί	
John 15:15	ποιεῖ	V-PAI-3S	V-PAI-3S	4160&5719	ποιέω	ποιεῖ	
John 15:15	αὐτοῦ	P-GSM	P-GSM	846	αὐτός	αὐτοῦ	
John 15:15	ὁ	T-NSM	T-NSM	3588	ὁ	ὁ	
John 15:15	κύριος·	N-NSM	N-NSM	2962	κύριος	κύριος	
John 15:15	ὑμᾶς	P-2AP	P-2AP	4771	σύ	ὑμᾶς	
John 15:15	δὲ	CONJ	CONJ	1161	δέ	δέ	
John 15:15	εἴρηκα	V-RAI-1S-ATT	V-RAI-1S-ATT	2046&5758	εἶπον	εἴρηκα	
John 15:15	φίλους,	A-APM	A-APM	5384	φίλος	φίλους	
John 15:15	ὅτι	CONJ	CONJ	3754	ὅτι	ὅτι	
John 15:15	πάντα	A-APN	A-APN	3956	πᾶς	πάντα	
John 15:15	ἃ	R-APN	R-APN	3739	ὅς	ἅ	
John 15:15	ἤκουσα	V-AAI-1S	V-AAI-1S	191&5656	ἀκούω	ἤκουσα	
John 15:15	παρὰ	PREP	PREP	3844	παρά	παρά	
John 15:15	τοῦ	T-GSM	T-GSM	3588	ὁ	τοῦ	
John 15:15	Πατρός	N-GSM	N-GSM	3962	πατήρ	Πατρός	
John 15:15	μου	P-1GS	P-1GS	1473	ἐγώ	μου	
John 15:15	ἐγνώρισα	V-AAI-1S	V-AAI-1S	1107&5656	γνωρίζω	ἐγνώρισα	
John 15:15	ὑμῖν.	P-2DP	P-2DP	4771	σύ	ὑμῖν	
John 15:16	οὐχ	PRT-N	PRT-N	3756	οὐ	οὐχ	
John 15:16	ὑμεῖς	P-2NP	P-2NP	4771	σύ	ὑμεῖς	
John 15:16	με	P-1AS	P-1AS	1473	ἐγώ	με	
John 15:16	ἐξελέξασθε,	V-AMI-2P	V-AMI-2P	1586&5668	ἐκλέγω	ἐξελέξασθε	
John 15:16	ἀλλ’	CONJ	CONJ	235	ἀλλά	ἀλλ’	
John 15:16	ἐγὼ	P-1NS	P-1NS	1473	ἐγώ	ἐγώ	
John 15:16	ἐξελεξάμην	V-AMI-1S	V-AMI-1S	1586&5668	ἐκλέγω	ἐξελεξάμην	
John 15:16	ὑμᾶς,	P-2AP	P-2AP	4771	σύ	ὑμᾶς	
John 15:16	καὶ	CONJ	CONJ	2532	καί	καί	
John 15:16	ἔθηκα	V-AAI-1S	V-AAI-1S	5087&5656	τίθημι	ἔθηκα	
John 15:16	ὑμᾶς	P-2AP	P-2AP	4771	σύ	ὑμᾶς	
John 15:16	ἵνα	CONJ	CONJ	2443	ἵνα	ἵνα	
John 15:16	ὑμεῖς	P-2NP	P-2NP	4771	σύ	ὑμεῖς	
John 15:16	ὑπάγητε	V-PAS-2P	V-PAS-2P	5217&5725	ὑπάγω	ὑπάγητε	
John 15:16	καὶ	CONJ	CONJ	2532	καί	καί	
John 15:16	καρπὸν	N-ASM	N-ASM	2590	καρπός	καρπόν	
John 15:16	φέρητε	V-PAS-2P	V-PAS-2P	5342&5725	φέρω	φέρητε	
John 15:16	καὶ	CONJ	CONJ	2532	καί	καί	
John 15:16	ὁ	T-NSM	T-NSM	3588	ὁ	ὁ	
John 15:16	καρπὸς	N-NSM	N-NSM	2590	καρπός	καρπός	
John 15:16	ὑμῶν	P-2GP	P-2GP	4771	σύ	ὑμῶν	
John 15:16	μένῃ,	V-PAS-3S	V-PAS-3S	3306&5725	μένω	μένῃ	
John 15:16	ἵνα	CONJ	CONJ	2443	ἵνα	ἵνα	
John 15:16	ὅ	R-ASN	R-ASN	3739	ὅς	ὅ	
John 15:16	τι	X-ASN	X-ASN	5100	τὶς	τι	
John 15:16	ἂν	PRT	PRT	302	ἄν	ἄν	
John 15:16	αἰτήσητε	V-AAS-2P	V-AAS-2P	154&5661	αἰτέω	αἰτήσητε	
John 15:16	τὸν	T-ASM	T-ASM	3588	ὁ	τόν	
John 15:16	Πατέρα	N-ASM	N-ASM	3962	πατήρ	Πατέρα	
John 15:16	ἐν	PREP	PREP	1722	ἐν	ἐν	
John 15:16	τῷ	T-DSN	T-DSN	3588	ὁ	τῷ	
John 15:16	ὀνόματί	N-DSN	N-DSN	3686	ὄνομα	ὀνόματι	
John 15:16	μου	P-1GS	P-1GS	1473	ἐγώ	μου	
John 15:16	δῷ	V-2AAS-3S	V-2AAS-3S	1325&5632	δίδωμι	δῷ	
John 15:16	ὑμῖν.	P-2DP	P-2DP	4771	σύ	ὑμῖν	
John 15:17	ταῦτα	D-APN	D-APN	3778	οὗτος	ταῦτα	
John 15:17	ἐντέλλομαι	V-PNI-1S	V-PNI-1S	1781&5736	ἐντέλλομαι	ἐντέλλομαι	
John 15:17	ὑμῖν,	P-2DP	P-2DP	4771	σύ	ὑμῖν	
John 15:17	ἵνα	CONJ	CONJ	2443	ἵνα	ἵνα	
John 15:17	ἀγαπᾶτε	V-PAS-2P	V-PAS-2P	25&5725	ἀγαπάω	ἀγαπᾶτε	
John 15:17	ἀλλήλους.	C-APM	C-APM	240	ἀλλήλων	ἀλλήλους	
John 15:18	Εἰ	COND	COND	1487	εἰ	Εἰ	
John 15:18	ὁ	T-NSM	T-NSM	3588	ὁ	ὁ	
John 15:18	κόσμος	N-NSM	N-NSM	2889	κόσμος	κόσμος	
John 15:18	ὑμᾶς	P-2AP	P-2AP	4771	σύ	ὑμᾶς	
John 15:18	μισεῖ,	V-PAI-3S	V-PAI-3S	3404&5719	μισέω	μισεῖ	
John 15:18	γινώσκετε	V-PAI-2P	V-PAI-2P	1097&5719	γινώσκω	γινώσκετε	
John 15:18	ὅτι	CONJ	CONJ	3754	ὅτι	ὅτι	
John 15:18	ἐμὲ	P-1AS	P-1AS	1473	ἐγώ	ἐμέ	
John 15:18	πρῶτον	ADV-S	ADV-S	4412	πρῶτος	πρῶτον	
John 15:18	ὑμῶν	P-2GP	P-2GP	4771	σύ	ὑμῶν	
John 15:18	μεμίσηκεν.	V-RAI-3S	V-RAI-3S	3404&5758	μισέω	μεμίσηκεν	
John 15:19	εἰ	COND	COND	1487	εἰ	εἰ	
John 15:19	ἐκ	PREP	PREP	1537	ἐκ	ἐκ	
John 15:19	τοῦ	T-GSM	T-GSM	3588	ὁ	τοῦ	
John 15:19	κόσμου	N-GSM	N-GSM	2889	κόσμος	κόσμου	
John 15:19	ἦτε,	V-IAI-2P	V-IAI-2P	1510&5707	εἰμί	ἦτε	
John 15:19	ὁ	T-NSM	T-NSM	3588	ὁ	ὁ	
John 15:19	κόσμος	N-NSM	N-NSM	2889	κόσμος	κόσμος	
John 15:19	ἂν	PRT	PRT	302	ἄν	ἄν	
John 15:19	τὸ	T-ASN	T-ASN	3588	ὁ	τό	
John 15:19	ἴδιον	A-ASN	A-ASN	2398	ἴδιος	ἴδιον	
John 15:19	ἐφίλει·	V-IAI-3S	V-IAI-3S	5368&5707	φιλέω	ἐφίλει	
John 15:19	ὅτι	CONJ	CONJ	3754	ὅτι	ὅτι	
John 15:19	δὲ	CONJ	CONJ	1161	δέ	δέ	
John 15:19	ἐκ	PREP	PREP	1537	ἐκ	ἐκ	
John 15:19	τοῦ	T-GSM	T-GSM	3588	ὁ	τοῦ	
John 15:19	κόσμου	N-GSM	N-GSM	2889	κόσμος	κόσμου	
John 15:19	οὐκ	PRT-N	PRT-N	3756	οὐ	οὐκ	
John 15:19	ἐστέ,	V-PAI-2P	V-PAI-2P	1510&5719	εἰμί	ἐστέ	
John 15:19	ἀλλ’	CONJ	CONJ	235	ἀλλά	ἀλλ’	
John 15:19	ἐγὼ	P-1NS	P-1NS	1473	ἐγώ	ἐγώ	
John 15:19	ἐξελεξάμην	V-AMI-1S	V-AMI-1S	1586&5668	ἐκλέγω	ἐξελεξάμην	
John 15:19	ὑμᾶς	P-2AP	P-2AP	4771	σύ	ὑμᾶς	
John 15:19	ἐκ	PREP	PREP	1537	ἐκ	ἐκ	
John 15:19	τοῦ	T-GSM	T-GSM	3588	ὁ	τοῦ	
John 15:19	κόσμου,	N-GSM	N-GSM	2889	κόσμος	κόσμου	
John 15:19	διὰ	PREP	PREP	1223	διά	διά	
John 15:19	τοῦτο	D-ASN	D-ASN	3778	οὗτος	τοῦτο	
John 15:19	μισεῖ	V-PAI-3S	V-PAI-3S	3404&5719	μισέω	μισεῖ	
John 15:19	ὑμᾶς	P-2AP	P-2AP	4771	σύ	ὑμᾶς	
John 15:19	ὁ	T-NSM	T-NSM	3588	ὁ	ὁ	
John 15:19	κόσμος.	N-NSM	N-NSM	2889	κόσμος	κόσμος	
John 15:20	μνημονεύετε	V-PAM-2P	V-PAM-2P	3421&5720	μνημονεύω	μνημονεύετε	
John 15:20	τοῦ	T-GSM	T-GSM	3588	ὁ	τοῦ	
John 15:20	λόγου	N-GSM	N-GSM	3056	λόγος	λόγου	
John 15:20	οὗ	R-GSM	R-GSM	3739	ὅς	οὗ	
John 15:20	ἐγὼ	P-1NS	P-1NS	1473	ἐγώ	ἐγώ	
John 15:20	εἶπον	V-2AAI-1S	V-2AAI-1S	3004&5627	λέγω	εἶπον	
John 15:20	ὑμῖν	P-2DP	P-2DP	4771	σύ	ὑμῖν	
John 15:20	Οὐκ	PRT-N	PRT-N	3756	οὐ	Οὐκ	
John 15:20	ἔστιν	V-PAI-3S	V-PAI-3S	1510&5719	εἰμί	ἔστιν	
John 15:20	δοῦλος	N-NSM	N-NSM	1401	δοῦλος (II)	δοῦλος	
John 15:20	μείζων	A-NSM-C	A-NSM-C	3173	μέγας	μείζων	
John 15:20	τοῦ	T-GSM	T-GSM	3588	ὁ	τοῦ	
John 15:20	κυρίου	N-GSM	N-GSM	2962	κύριος	κυρίου	
John 15:20	αὐτοῦ·	P-GSM	P-GSM	846	αὐτός	αὐτοῦ	
John 15:20	εἰ	COND	COND	1487	εἰ	εἰ	
John 15:20	ἐμὲ	P-1AS	P-1AS	1473	ἐγώ	ἐμέ	
John 15:20	ἐδίωξαν,	V-AAI-3P	V-AAI-3P	1377&5656	διώκω	ἐδίωξαν	
John 15:20	καὶ	CONJ	CONJ	2532	καί	καί	
John 15:20	ὑμᾶς	P-2AP	P-2AP	4771	σύ	ὑμᾶς	
John 15:20	διώξουσιν·	V-FAI-3P	V-FAI-3P	1377&5692	διώκω	διώξουσιν	
John 15:20	εἰ	COND	COND	1487	εἰ	εἰ	
John 15:20	τὸν	T-ASM	T-ASM	3588	ὁ	τόν	
John 15:20	λόγον	N-ASM	N-ASM	3056	λόγος	λόγον	
John 15:20	μου	P-1GS	P-1GS	1473	ἐγώ	μου	
John 15:20	ἐτήρησαν,	V-AAI-3P	V-AAI-3P	5083&5656	τηρέω	ἐτήρησαν	
John 15:20	καὶ	CONJ	CONJ	2532	καί	καί	
John 15:20	τὸν	T-ASM	T-ASM	3588	ὁ	τόν	
John 15:20	ὑμέτερον	S-2PASM	S-2PASM	5212	ὑμέτερος	ὑμέτερον	
John 15:20	τηρήσουσιν.	V-FAI-3P	V-FAI-3P	5083&5692	τηρέω	τηρήσουσιν	
John 15:21	ἀλλὰ	CONJ	CONJ	235	ἀλλά	ἀλλά	
John 15:21	ταῦτα	D-APN	D-APN	3778	οὗτος	ταῦτα	
John 15:21	πάντα	A-APN	A-APN	3956	πᾶς	πάντα	
John 15:21	ποιήσουσιν	V-FAI-3P	V-FAI-3P	4160&5692	ποιέω	ποιήσουσιν	
John 15:21	εἰς	PREP	PREP	1519	εἰς	εἰς	
John 15:21	ὑμᾶς	P-2AP	P-2AP	4771	σύ	ὑμᾶς	
John 15:21	διὰ	PREP	PREP	1223	διά	διά	
John 15:21	τὸ	T-ASN	T-ASN	3588	ὁ	τό	
John 15:21	ὄνομά	N-ASN	N-ASN	3686	ὄνομα	ὄνομα	
John 15:21	μου,	P-1GS	P-1GS	1473	ἐγώ	μου	
John 15:21	ὅτι	CONJ	CONJ	3754	ὅτι	ὅτι	
John 15:21	οὐκ	PRT-N	PRT-N	3756	οὐ	οὐκ	
John 15:21	οἴδασιν	V-RAI-3P	V-RAI-3P	1492&5758	οἶδα	οἴδασιν	
John 15:21	τὸν	T-ASM	T-ASM	3588	ὁ	τόν	
John 15:21	πέμψαντά	V-AAP-ASM	V-AAP-ASM	3992&5660	πέμπω	πέμψαντα	
John 15:21	με.	P-1AS	P-1AS	1473	ἐγώ	με	
John 15:22	εἰ	COND	COND	1487	εἰ	εἰ	
John 15:22	μὴ	PRT-N	PRT-N	3361	μή	μή	
John 15:22	ἦλθον	V-2AAI-1S	V-2AAI-1S	2064&5627	ἔρχομαι	ἦλθον	
John 15:22	καὶ	CONJ	CONJ	2532	καί	καί	
John 15:22	ἐλάλησα	V-AAI-1S	V-AAI-1S	2980&5656	λαλέω	ἐλάλησα	
John 15:22	αὐτοῖς,	P-DPM	P-DPM	846	αὐτός	αὐτοῖς	
John 15:22	ἁμαρτίαν	N-ASF	N-ASF	266	ἁμαρτία	ἁμαρτίαν	
John 15:22	οὐκ	PRT-N	PRT-N	3756	οὐ	οὐκ	
John 15:22	εἴχοσαν·	V-IAI-3P	V-IAI-3P	2192&5707	ἔχω	εἴχοσαν	
John 15:22	νῦν	ADV	ADV	3568	νῦν	νῦν	
John 15:22	δὲ	CONJ	CONJ	1161	δέ	δέ	
John 15:22	πρόφασιν	N-ASF	N-ASF	4392	πρόφασις	πρόφασιν	
John 15:22	οὐκ	PRT-N	PRT-N	3756	οὐ	οὐκ	
John 15:22	ἔχουσιν	V-PAI-3P	V-PAI-3P	2192&5719	ἔχω	ἔχουσιν	
John 15:22	περὶ	PREP	PREP	4012	περί	περί	
John 15:22	τῆς	T-GSF	T-GSF	3588	ὁ	τῆς	
John 15:22	ἁμαρτίας	N-GSF	N-GSF	266	ἁμαρτία	ἁμαρτίας	
John 15:22	αὐτῶν.	P-GPM	P-GPM	846	αὐτός	αὐτῶν	
John 15:23	ὁ	T-NSM	T-NSM	3588	ὁ	ὁ	
John 15:23	ἐμὲ	P-1AS	P-1AS	1473	ἐγώ	ἐμέ	
John 15:23	μισῶν	V-PAP-NSM	V-PAP-NSM	3404&5723	μισέω	μισῶν	
John 15:23	καὶ	CONJ	CONJ	2532	καί	καί	
John 15:23	τὸν	T-ASM	T-ASM	3588	ὁ	τόν	
John 15:23	Πατέρα	N-ASM	N-ASM	3962	πατήρ	Πατέρα	
John 15:23	μου	P-1GS	P-1GS	1473	ἐγώ	μου	
John 15:23	μισεῖ.	V-PAI-3S	V-PAI-3S	3404&5719	μισέω	μισεῖ	
John 15:24	εἰ	COND	COND	1487	εἰ	εἰ	
John 15:24	τὰ	T-APN	T-APN	3588	ὁ	τά	
John 15:24	ἔργα	N-APN	N-APN	2041	ἔργον	ἔργα	
John 15:24	μὴ	PRT-N	PRT-N	3361	μή	μή	
John 15:24	ἐποίησα	V-AAI-1S	V-AAI-1S	4160&5656	ποιέω	ἐποίησα	
John 15:24	ἐν	PREP	PREP	1722	ἐν	ἐν	
John 15:24	αὐτοῖς	P-DPM	P-DPM	846	αὐτός	αὐτοῖς	
John 15:24	ἃ	R-APN	R-APN	3739	ὅς	ἅ	
John 15:24	οὐδεὶς	A-NSM-N	A-NSM-N	3762	οὐδείς	οὐδείς	
John 15:24	ἄλλος	A-NSM	A-NSM	243	ἄλλος	ἄλλος	
John 15:24	ἐποίησεν,	V-AAI-3S	V-AAI-3S	4160&5656	ποιέω	ἐποίησεν	
John 15:24	ἁμαρτίαν	N-ASF	N-ASF	266	ἁμαρτία	ἁμαρτίαν	
John 15:24	οὐκ	PRT-N	PRT-N	3756	οὐ	οὐκ	
John 15:24	εἴχοσαν·	V-IAI-3P	V-IAI-3P	2192&5707	ἔχω	εἴχοσαν	
John 15:24	νῦν	ADV	ADV	3568	νῦν	νῦν	
John 15:24	δὲ	CONJ	CONJ	1161	δέ	δέ	
John 15:24	καὶ	CONJ	CONJ	2532	καί	καί	
John 15:24	ἑωράκασιν	V-RAI-3P-ATT	V-RAI-3P-ATT	3708&5758	ὁράω	ἑωράκασιν	
John 15:24	καὶ	CONJ	CONJ	2532	καί	καί	
John 15:24	μεμισήκασιν	V-RAI-3P	V-RAI-3P	3404&5758	μισέω	μεμισήκασιν	
John 15:24	καὶ	CONJ	CONJ	2532	καί	καί	
John 15:24	ἐμὲ	P-1AS	P-1AS	1473	ἐγώ	ἐμέ	
John 15:24	καὶ	CONJ	CONJ	2532	καί	καί	
John 15:24	τὸν	T-ASM	T-ASM	3588	ὁ	τόν	
John 15:24	Πατέρα	N-ASM	N-ASM	3962	πατήρ	Πατέρα	
John 15:24	μου.	P-1GS	P-1GS	1473	ἐγώ	μου	
John 15:25	ἀλλ’	CONJ	CONJ	235	ἀλλά	ἀλλ’	
John 15:25	ἵνα	CONJ	CONJ	2443	ἵνα	ἵνα	
John 15:25	πληρωθῇ	V-APS-3S	V-APS-3S	4137&5686	πληρόω	πληρωθῇ	
John 15:25	ὁ	T-NSM	T-NSM	3588	ὁ	ὁ	
John 15:25	λόγος	N-NSM	N-NSM	3056	λόγος	λόγος	
John 15:25	ὁ	T-NSM	T-NSM	3588	ὁ	ὁ	
John 15:25	ἐν	PREP	PREP	1722	ἐν	ἐν	
John 15:25	τῷ	T-DSM	T-DSM	3588	ὁ	τῷ	
John 15:25	νόμῳ	N-DSM	N-DSM	3551	νόμος	νόμῳ	
John 15:25	αὐτῶν	P-GPM	P-GPM	846	αὐτός	αὐτῶν	
John 15:25	γεγραμμένος	V-RPP-NSM	V-RPP-NSM	1125&5772	γράφω	γεγραμμένος	
John 15:25	ὅτι	CONJ	CONJ	3754	ὅτι	ὅτι	
John 15:25	Ἐμίσησάν	V-AAI-3P	V-AAI-3P	3404&5656	μισέω	Ἐμίσησαν	
John 15:25	με	P-1AS	P-1AS	1473	ἐγώ	με	
John 15:25	δωρεάν.	ADV	ADV	1432	δωρεάν	δωρεάν	
John 15:26	Ὅταν	CONJ	CONJ	3752	ὅταν	Ὅταν	
John 15:26	ἔλθῃ	V-2AAS-3S	V-2AAS-3S	2064&5632	ἔρχομαι	ἔλθῃ	
John 15:26	ὁ	T-NSM	T-NSM	3588	ὁ	ὁ	
John 15:26	Παράκλητος	N-NSM	N-NSM	3875	παράκλητος	Παράκλητος	
John 15:26	ὃν	R-ASM	R-ASM	3739	ὅς	ὅν	
John 15:26	ἐγὼ	P-1NS	P-1NS	1473	ἐγώ	ἐγώ	
John 15:26	πέμψω	V-FAI-1S	V-FAI-1S	3992&5692	πέμπω	πέμψω	
John 15:26	ὑμῖν	P-2DP	P-2DP	4771	σύ	ὑμῖν	
John 15:26	παρὰ	PREP	PREP	3844	παρά	παρά	
John 15:26	τοῦ	T-GSM	T-GSM	3588	ὁ	τοῦ	
John 15:26	Πατρός,	N-GSM	N-GSM	3962	πατήρ	Πατρός	
John 15:26	τὸ	T-NSN	T-NSN	3588	ὁ	τό	
John 15:26	Πνεῦμα	N-NSN	N-NSN	4151	πνεῦμα	Πνεῦμα	
John 15:26	τῆς	T-GSF	T-GSF	3588	ὁ	τῆς	
John 15:26	ἀληθείας	N-GSF	N-GSF	225	ἀλήθεια	ἀληθείας	
John 15:26	ὃ	R-NSN	R-NSN	3739	ὅς	ὅ	
John 15:26	παρὰ	PREP	PREP	3844	παρά	παρά	
John 15:26	τοῦ	T-GSM	T-GSM	3588	ὁ	τοῦ	
John 15:26	Πατρὸς	N-GSM	N-GSM	3962	πατήρ	Πατρός	
John 15:26	ἐκπορεύεται,	V-PNI-3S	V-PNI-3S	1607&5736	ἐκπορεύομαι	ἐκπορεύεται	
John 15:26	ἐκεῖνος	D-NSM	D-NSM	1565	ἐκεῖνος	ἐκεῖνος	
John 15:26	μαρτυρήσει	V-FAI-3S	V-FAI-3S	3140&5692	μαρτυρέω	μαρτυρήσει	
John 15:26	περὶ	PREP	PREP	4012	περί	περί	
John 15:26	ἐμοῦ·	P-1GS	P-1GS	1473	ἐγώ	ἐμοῦ	
John 15:27	καὶ	CONJ	CONJ	2532	καί	καί	
John 15:27	ὑμεῖς	P-2NP	P-2NP	4771	σύ	ὑμεῖς	
John 15:27	δὲ	CONJ	CONJ	1161	δέ	δέ	
John 15:27	μαρτυρεῖτε,	V-PAI-2P	V-PAI-2P	3140&5719	μαρτυρέω	μαρτυρεῖτε	
John 15:27	ὅτι	CONJ	CONJ	3754	ὅτι	ὅτι	
John 15:27	ἀπ’	PREP	PREP	575	ἀπό	ἀπ’	
John 15:27	ἀρχῆς	N-GSF	N-GSF	746	ἀρχή	ἀρχῆς	
John 15:27	μετ’	PREP	PREP	3326	μετά	μετ’	
John 15:27	ἐμοῦ	P-1GS	P-1GS	1473	ἐγώ	ἐμοῦ	
John 15:27	ἐστε.	V-PAI-2P	V-PAI-2P	1510	εἰμί	ἐστε	
John 16:1	Ταῦτα	D-APN	D-APN	3778	οὗτος	Ταῦτα	
John 16:1	λελάληκα	V-RAI-1S	V-RAI-1S	2980&5758	λαλέω	λελάληκα	
John 16:1	ὑμῖν	P-2DP	P-2DP	4771	σύ	ὑμῖν	
John 16:1	ἵνα	CONJ	CONJ	2443	ἵνα	ἵνα	
John 16:1	μὴ	PRT-N	PRT-N	3361	μή	μή	
John 16:1	σκανδαλισθῆτε.	V-APS-2P	V-APS-2P	4624&5686	σκανδαλίζω	σκανδαλισθῆτε	
John 16:2	ἀποσυναγώγους	A-APM	A-APM	656	ἀποσυνάγωγος	ἀποσυναγώγους	
John 16:2	ποιήσουσιν	V-FAI-3P	V-FAI-3P	4160&5692	ποιέω	ποιήσουσιν	
John 16:2	ὑμᾶς·	P-2AP	P-2AP	4771	σύ	ὑμᾶς	
John 16:2	ἀλλ’	CONJ	CONJ	235	ἀλλά	ἀλλ’	
John 16:2	ἔρχεται	V-PNI-3S	V-PNI-3S	2064&5736	ἔρχομαι	ἔρχεται	
John 16:2	ὥρα	N-NSF	N-NSF	5610	ὥρα	ὥρα	
John 16:2	ἵνα	CONJ	CONJ	2443	ἵνα	ἵνα	
John 16:2	πᾶς	A-NSM	A-NSM	3956	πᾶς	πᾶς	
John 16:2	ὁ	T-NSM	T-NSM	3588	ὁ	ὁ	
John 16:2	ἀποκτείνας	V-AAP-NSM	V-AAP-NSM	615&5660	ἀποκτείνω	ἀποκτείνας	
John 16:2	ὑμᾶς	P-2AP	P-2AP	4771	σύ	ὑμᾶς	
John 16:2	δόξῃ	V-AAS-3S	V-AAS-3S	1380&5661	δοκέω	δόξῃ	
John 16:2	λατρείαν	N-ASF	N-ASF	2999	λατρεία	λατρείαν	
John 16:2	προσφέρειν	V-PAN	V-PAN	4374&5721	προσφέρω	προσφέρειν	
John 16:2	τῷ	T-DSM	T-DSM	3588	ὁ	τῷ	
John 16:2	Θεῷ.	N-DSM	N-DSM	2316	θεός	Θεῷ	
John 16:3	καὶ	CONJ	CONJ	2532	καί	καί	
John 16:3	ταῦτα	D-APN	D-APN	3778	οὗτος	ταῦτα	
John 16:3	ποιήσουσιν	V-FAI-3P	V-FAI-3P	4160&5692	ποιέω	ποιήσουσιν	
John 16:3	ὅτι	CONJ	CONJ	3754	ὅτι	ὅτι	
John 16:3	οὐκ	PRT-N	PRT-N	3756	οὐ	οὐκ	
John 16:3	ἔγνωσαν	V-2AAI-3P	V-2AAI-3P	1097&5627	γινώσκω	ἔγνωσαν	
John 16:3	τὸν	T-ASM	T-ASM	3588	ὁ	τόν	
John 16:3	Πατέρα	N-ASM	N-ASM	3962	πατήρ	Πατέρα	
John 16:3	οὐδὲ	CONJ-N	CONJ-N	3761	οὐδέ	οὐδέ	
John 16:3	ἐμέ.	P-1AS	P-1AS	1473	ἐγώ	ἐμέ	
John 16:4	ἀλλὰ	CONJ	CONJ	235	ἀλλά	ἀλλά	
John 16:4	ταῦτα	D-APN	D-APN	3778	οὗτος	ταῦτα	
John 16:4	λελάληκα	V-RAI-1S	V-RAI-1S	2980&5758	λαλέω	λελάληκα	
John 16:4	ὑμῖν	P-2DP	P-2DP	4771	σύ	ὑμῖν	
John 16:4	ἵνα	CONJ	CONJ	2443	ἵνα	ἵνα	
John 16:4	ὅταν	CONJ	CONJ	3752	ὅταν	ὅταν	
John 16:4	ἔλθῃ	V-2AAS-3S	V-2AAS-3S	2064&5632	ἔρχομαι	ἔλθῃ	
John 16:4	ἡ	T-NSF	T-NSF	3588	ὁ	ἡ	
John 16:4	ὥρα	N-NSF	N-NSF	5610	ὥρα	ὥρα	
John 16:4	αὐτῶν	P-GPN	P-GPN	846	αὐτός	αὐτῶν	
John 16:4	μνημονεύητε	V-PAS-2P	V-PAS-2P	3421&5725	μνημονεύω	μνημονεύητε	
John 16:4	αὐτῶν,	P-GPN	P-GPN	846	αὐτός	αὐτῶν	
John 16:4	ὅτι	CONJ	CONJ	3754	ὅτι	ὅτι	
John 16:4	ἐγὼ	P-1NS	P-1NS	1473	ἐγώ	ἐγώ	
John 16:4	εἶπον	V-2AAI-1S	V-2AAI-1S	3004&5627	λέγω	εἶπον	
John 16:4	ὑμῖν.	P-2DP	P-2DP	4771	σύ	ὑμῖν	
John 16:4	ταῦτα	D-APN	D-APN	3778	οὗτος	ταῦτα	
John 16:4	δὲ	CONJ	CONJ	1161	δέ	δέ	
John 16:4	ὑμῖν	P-2DP	P-2DP	4771	σύ	ὑμῖν	
John 16:4	ἐξ	PREP	PREP	1537	ἐκ	ἐξ	
John 16:4	ἀρχῆς	N-GSF	N-GSF	746	ἀρχή	ἀρχῆς	
John 16:4	οὐκ	PRT-N	PRT-N	3756	οὐ	οὐκ	
John 16:4	εἶπον,	V-2AAI-1S	V-2AAI-1S	3004&5627	λέγω	εἶπον	
John 16:4	ὅτι	CONJ	CONJ	3754	ὅτι	ὅτι	
John 16:4	μεθ’	PREP	PREP	3326	μετά	μεθ’	
John 16:4	ὑμῶν	P-2GP	P-2GP	4771	σύ	ὑμῶν	
John 16:4	ἤμην.	V-IMI-1S	V-IEI-1S	1510&5710	εἰμί	ἤμην	
John 16:5	νῦν	ADV	ADV	3568	νῦν	νῦν	
John 16:5	δὲ	CONJ	CONJ	1161	δέ	δέ	
John 16:5	ὑπάγω	V-PAI-1S	V-PAI-1S	5217&5719	ὑπάγω	ὑπάγω	
John 16:5	πρὸς	PREP	PREP	4314	πρός	πρός	
John 16:5	τὸν	T-ASM	T-ASM	3588	ὁ	τόν	
John 16:5	πέμψαντά	V-AAP-ASM	V-AAP-ASM	3992&5660	πέμπω	πέμψαντα	
John 16:5	με,	P-1AS	P-1AS	1473	ἐγώ	με	
John 16:5	καὶ	CONJ	CONJ	2532	καί	καί	
John 16:5	οὐδεὶς	A-NSM-N	A-NSM-N	3762	οὐδείς	οὐδείς	
John 16:5	ἐξ	PREP	PREP	1537	ἐκ	ἐξ	
John 16:5	ὑμῶν	P-2GP	P-2GP	4771	σύ	ὑμῶν	
John 16:5	ἐρωτᾷ	V-PAI-3S	V-PAI-3S	2065&5719	ἐρωτάω	ἐρωτᾷ	
John 16:5	με	P-1AS	P-1AS	1473	ἐγώ	με	
John 16:5	Ποῦ	ADV-I	ADV-I	4226	ποῦ	Ποῦ	
John 16:5	ὑπάγεις;	V-PAI-2S	V-PAI-2S	5217&5719	ὑπάγω	ὑπάγεις	
John 16:6	ἀλλ’	CONJ	CONJ	235	ἀλλά	ἀλλ’	
John 16:6	ὅτι	CONJ	CONJ	3754	ὅτι	ὅτι	
John 16:6	ταῦτα	D-APN	D-APN	3778	οὗτος	ταῦτα	
John 16:6	λελάληκα	V-RAI-1S	V-RAI-1S	2980&5758	λαλέω	λελάληκα	
John 16:6	ὑμῖν,	P-2DP	P-2DP	4771	σύ	ὑμῖν	
John 16:6	ἡ	T-NSF	T-NSF	3588	ὁ	ἡ	
John 16:6	λύπη	N-NSF	N-NSF	3077	λύπη	λύπη	
John 16:6	πεπλήρωκεν	V-RAI-3S	V-RAI-3S	4137&5758	πληρόω	πεπλήρωκεν	
John 16:6	ὑμῶν	P-2GP	P-2GP	4771	σύ	ὑμῶν	
John 16:6	τὴν	T-ASF	T-ASF	3588	ὁ	τήν	
John 16:6	καρδίαν.	N-ASF	N-ASF	2588	καρδία	καρδίαν	
John 16:7	ἀλλ’	CONJ	CONJ	235	ἀλλά	ἀλλ’	
John 16:7	ἐγὼ	P-1NS	P-1NS	1473	ἐγώ	ἐγώ	
John 16:7	τὴν	T-ASF	T-ASF	3588	ὁ	τήν	
John 16:7	ἀλήθειαν	N-ASF	N-ASF	225	ἀλήθεια	ἀλήθειαν	
John 16:7	λέγω	V-PAI-1S	V-PAI-1S	3004&5719	λέγω	λέγω	
John 16:7	ὑμῖν,	P-2DP	P-2DP	4771	σύ	ὑμῖν	
John 16:7	συμφέρει	V-PAI-3S	V-PAI-3S	4851&5719	συμφέρω	συμφέρει	
John 16:7	ὑμῖν	P-2DP	P-2DP	4771	σύ	ὑμῖν	
John 16:7	ἵνα	CONJ	CONJ	2443	ἵνα	ἵνα	
John 16:7	ἐγὼ	P-1NS	P-1NS	1473	ἐγώ	ἐγώ	
John 16:7	ἀπέλθω.	V-2AAS-1S	V-2AAS-1S	565&5632	ἀπέρχομαι	ἀπέλθω	
John 16:7	ἐὰν	COND	COND	1437	ἐάν	ἐάν	
John 16:7	γὰρ	CONJ	CONJ	1063	γάρ	γάρ	
John 16:7	μὴ	PRT-N	PRT-N	3361	μή	μή	
John 16:7	ἀπέλθω,	V-2AAS-1S	V-2AAS-1S	565&5632	ἀπέρχομαι	ἀπέλθω	
John 16:7	ὁ	T-NSM	T-NSM	3588	ὁ	ὁ	
John 16:7	Παράκλητος	N-NSM	N-NSM	3875	παράκλητος	Παράκλητος	
John 16:7	οὐ	PRT-N	PRT-N	3756	οὐ	οὐ	
John 16:7	μὴ	PRT-N	PRT-N	3361	μή	μή	
John 16:7	ἔλθῃ	V-2AAS-3S	V-2AAS-3S	2064&5632	ἔρχομαι	ἔλθῃ	
John 16:7	πρὸς	PREP	PREP	4314	πρός	πρός	
John 16:7	ὑμᾶς·	P-2AP	P-2AP	4771	σύ	ὑμᾶς	
John 16:7	ἐὰν	COND	COND	1437	ἐάν	ἐάν	
John 16:7	δὲ	CONJ	CONJ	1161	δέ	δέ	
John 16:7	πορευθῶ,	V-AOS-1S	V-AOS-1S	4198&5680	πορεύομαι	πορευθῶ	
John 16:7	πέμψω	V-FAI-1S	V-FAI-1S	3992&5692	πέμπω	πέμψω	
John 16:7	αὐτὸν	P-ASM	P-ASM	846	αὐτός	αὐτόν	
John 16:7	πρὸς	PREP	PREP	4314	πρός	πρός	
John 16:7	ὑμᾶς.	P-2AP	P-2AP	4771	σύ	ὑμᾶς	
John 16:8	καὶ	CONJ	CONJ	2532	καί	καί	
John 16:8	ἐλθὼν	V-2AAP-NSM	V-2AAP-NSM	2064&5631	ἔρχομαι	ἐλθών	
John 16:8	ἐκεῖνος	D-NSM	D-NSM	1565	ἐκεῖνος	ἐκεῖνος	
John 16:8	ἐλέγξει	V-FAI-3S	V-FAI-3S	1651&5692	ἐλέγχω	ἐλέγξει	
John 16:8	τὸν	T-ASM	T-ASM	3588	ὁ	τόν	
John 16:8	κόσμον	N-ASM	N-ASM	2889	κόσμος	κόσμον	
John 16:8	περὶ	PREP	PREP	4012	περί	περί	
John 16:8	ἁμαρτίας	N-GSF	N-GSF	266	ἁμαρτία	ἁμαρτίας	
John 16:8	καὶ	CONJ	CONJ	2532	καί	καί	
John 16:8	περὶ	PREP	PREP	4012	περί	περί	
John 16:8	δικαιοσύνης	N-GSF	N-GSF	1343	δικαιοσύνη	δικαιοσύνης	
John 16:8	καὶ	CONJ	CONJ	2532	καί	καί	
John 16:8	περὶ	PREP	PREP	4012	περί	περί	
John 16:8	κρίσεως·	N-GSF	N-GSF	2920	κρίσις	κρίσεως	
John 16:9	περὶ	PREP	PREP	4012	περί	περί	
John 16:9	ἁμαρτίας	N-GSF	N-GSF	266	ἁμαρτία	ἁμαρτίας	
John 16:9	μέν,	PRT	PRT	3303	μέν	μέν	
John 16:9	ὅτι	CONJ	CONJ	3754	ὅτι	ὅτι	
John 16:9	οὐ	PRT-N	PRT-N	3756	οὐ	οὐ	
John 16:9	πιστεύουσιν	V-PAI-3P	V-PAI-3P	4100&5719	πιστεύω	πιστεύουσιν	
John 16:9	εἰς	PREP	PREP	1519	εἰς	εἰς	
John 16:9	ἐμέ·	P-1AS	P-1AS	1473	ἐγώ	ἐμέ	
John 16:10	περὶ	PREP	PREP	4012	περί	περί	
John 16:10	δικαιοσύνης	N-GSF	N-GSF	1343	δικαιοσύνη	δικαιοσύνης	
John 16:10	δέ,	CONJ	CONJ	1161	δέ	δέ	
John 16:10	ὅτι	CONJ	CONJ	3754	ὅτι	ὅτι	
John 16:10	πρὸς	PREP	PREP	4314	πρός	πρός	
John 16:10	τὸν	T-ASM	T-ASM	3588	ὁ	τόν	
John 16:10	Πατέρα	N-ASM	N-ASM	3962	πατήρ	Πατέρα	
John 16:10	ὑπάγω	V-PAI-1S	V-PAI-1S	5217&5719	ὑπάγω	ὑπάγω	
John 16:10	καὶ	CONJ	CONJ	2532	καί	καί	
John 16:10	οὐκέτι	ADV-N	ADV-N	3765	οὐκέτι	οὐκέτι	
John 16:10	θεωρεῖτέ	V-PAI-2P	V-PAI-2P	2334&5719	θεωρέω	θεωρεῖτε	
John 16:10	με·	P-1AS	P-1AS	1473	ἐγώ	με	
John 16:11	περὶ	PREP	PREP	4012	περί	περί	
John 16:11	δὲ	CONJ	CONJ	1161	δέ	δέ	
John 16:11	κρίσεως,	N-GSF	N-GSF	2920	κρίσις	κρίσεως	
John 16:11	ὅτι	CONJ	CONJ	3754	ὅτι	ὅτι	
John 16:11	ὁ	T-NSM	T-NSM	3588	ὁ	ὁ	
John 16:11	ἄρχων	N-NSM	N-NSM	758	ἄρχων	ἄρχων	
John 16:11	τοῦ	T-GSM	T-GSM	3588	ὁ	τοῦ	
John 16:11	κόσμου	N-GSM	N-GSM	2889	κόσμος	κόσμου	
John 16:11	τούτου	D-GSM	D-GSM	3778	οὗτος	τούτου	
John 16:11	κέκριται.	V-RPI-3S	V-RPI-3S	2919&5769	κρίνω	κέκριται	
John 16:12	Ἔτι	ADV	ADV	2089	ἔτι	Ἔτι	
John 16:12	πολλὰ	A-APN	A-APN	4183	πολύς	πολλά	
John 16:12	ἔχω	V-PAI-1S	V-PAI-1S	2192&5719	ἔχω	ἔχω	
John 16:12	ὑμῖν	P-2DP	P-2DP	4771	σύ	ὑμῖν	
John 16:12	λέγειν,	V-PAN	V-PAN	3004&5721	λέγω	λέγειν	
John 16:12	ἀλλ’	CONJ	CONJ	235	ἀλλά	ἀλλ’	
John 16:12	οὐ	PRT-N	PRT-N	3756	οὐ	οὐ	
John 16:12	δύνασθε	V-PNI-2P	V-PNI-2P	1410&5736	δύναμαι	δύνασθε	
John 16:12	βαστάζειν	V-PAN	V-PAN	941&5721	βαστάζω	βαστάζειν	
John 16:12	ἄρτι·	ADV	ADV	737	ἄρτι	ἄρτι	
John 16:13	ὅταν	CONJ	CONJ	3752	ὅταν	ὅταν	
John 16:13	δὲ	CONJ	CONJ	1161	δέ	δέ	
John 16:13	ἔλθῃ	V-2AAS-3S	V-2AAS-3S	2064&5632	ἔρχομαι	ἔλθῃ	
John 16:13	ἐκεῖνος,	D-NSM	D-NSM	1565	ἐκεῖνος	ἐκεῖνος	
John 16:13	τὸ	T-NSN	T-NSN	3588	ὁ	τό	
John 16:13	Πνεῦμα	N-NSN	N-NSN	4151	πνεῦμα	Πνεῦμα	
John 16:13	τῆς	T-GSF	T-GSF	3588	ὁ	τῆς	
John 16:13	ἀληθείας,	N-GSF	N-GSF	225	ἀλήθεια	ἀληθείας	
John 16:13	ὁδηγήσει	V-FAI-3S	V-FAI-3S	3594&5692	ὁδηγέω	ὁδηγήσει	
John 16:13	ὑμᾶς	P-2AP	P-2AP	4771	σύ	ὑμᾶς	
John 16:13	εἰς	PREP	PREP	1519	εἰς	εἰς	
John 16:13	τὴν	T-ASF	T-ASF	3588	ὁ	τήν	
John 16:13	ἀλήθειαν	N-ASF	N-ASF	225	ἀλήθεια	ἀλήθειαν	
John 16:13	πᾶσαν·	A-ASF	A-ASF	3956	πᾶς	πᾶσαν	
John 16:13	οὐ	PRT-N	PRT-N	3756	οὐ	οὐ	
John 16:13	γὰρ	CONJ	CONJ	1063	γάρ	γάρ	
John 16:13	λαλήσει	V-FAI-3S	V-FAI-3S	2980&5692	λαλέω	λαλήσει	
John 16:13	ἀφ’	PREP	PREP	575	ἀπό	ἀφ’	
John 16:13	ἑαυτοῦ,	F-3GSM	F-3GSM	1438	ἑαυτοῦ	ἑαυτοῦ	
John 16:13	ἀλλ’	CONJ	CONJ	235	ἀλλά	ἀλλ’	
John 16:13	ὅσα	K-APN	K-APN	3745	ὅσος	ὅσα	
John 16:13	ἀκούει	V-PAI-3S	V-PAI-3S	191&5719	ἀκούω	ἀκούει	
John 16:13	λαλήσει,	V-FAI-3S	V-FAI-3S	2980&5692	λαλέω	λαλήσει	
John 16:13	καὶ	CONJ	CONJ	2532	καί	καί	
John 16:13	τὰ	T-APN	T-APN	3588	ὁ	τά	
John 16:13	ἐρχόμενα	V-PNP-APN	V-PNP-APN	2064&5740	ἔρχομαι	ἐρχόμενα	
John 16:13	ἀναγγελεῖ	V-FAI-3S	V-FAI-3S	312&5692	ἀναγγέλλω	ἀναγγελεῖ	
John 16:13	ὑμῖν.	P-2DP	P-2DP	4771	σύ	ὑμῖν	
John 16:14	ἐκεῖνος	D-NSM	D-NSM	1565	ἐκεῖνος	ἐκεῖνος	
John 16:14	ἐμὲ	P-1AS	P-1AS	1473	ἐγώ	ἐμέ	
John 16:14	δοξάσει,	V-FAI-3S	V-FAI-3S	1392&5692	δοξάζω	δοξάσει	
John 16:14	ὅτι	CONJ	CONJ	3754	ὅτι	ὅτι	
John 16:14	ἐκ	PREP	PREP	1537	ἐκ	ἐκ	
John 16:14	τοῦ	T-GSN	T-GSN	3588	ὁ	τοῦ	
John 16:14	ἐμοῦ	S-1SGSN	S-1SGSN	1699	ἐμός	ἐμοῦ	
John 16:14	λήμψεται	V-FDI-3S	V-FDI-3S	2983&5695	λαμβάνω	λήμψεται	
John 16:14	καὶ	CONJ	CONJ	2532	καί	καί	
John 16:14	ἀναγγελεῖ	V-FAI-3S	V-FAI-3S	312&5692	ἀναγγέλλω	ἀναγγελεῖ	
John 16:14	ὑμῖν.	P-2DP	P-2DP	4771	σύ	ὑμῖν	
John 16:15	πάντα	A-NPN	A-NPN	3956	πᾶς	πάντα	
John 16:15	ὅσα	K-APN	K-APN	3745	ὅσος	ὅσα	
John 16:15	ἔχει	V-PAI-3S	V-PAI-3S	2192&5719	ἔχω	ἔχει	
John 16:15	ὁ	T-NSM	T-NSM	3588	ὁ	ὁ	
John 16:15	Πατὴρ	N-NSM	N-NSM	3962	πατήρ	Πατήρ	
John 16:15	ἐμά	S-1SNPN	S-1SNPN	1699	ἐμός	ἐμά	
John 16:15	ἐστιν·	V-PAI-3S	V-PAI-3S	1510&5719	εἰμί	ἐστιν	
John 16:15	διὰ	PREP	PREP	1223	διά	διά	
John 16:15	τοῦτο	D-ASN	D-ASN	3778	οὗτος	τοῦτο	
John 16:15	εἶπον	V-2AAI-1S	V-2AAI-1S	3004&5627	λέγω	εἶπον	
John 16:15	ὅτι	CONJ	CONJ	3754	ὅτι	ὅτι	
John 16:15	ἐκ	PREP	PREP	1537	ἐκ	ἐκ	
John 16:15	τοῦ	T-GSN	T-GSN	3588	ὁ	τοῦ	
John 16:15	ἐμοῦ	S-1SGSN	S-1SGSN	1699	ἐμός	ἐμοῦ	
John 16:15	λαμβάνει	V-PAI-3S	V-PAI-3S	2983&5719	λαμβάνω	λαμβάνει	
John 16:15	καὶ	CONJ	CONJ	2532	καί	καί	
John 16:15	ἀναγγελεῖ	V-FAI-3S	V-FAI-3S	312&5692	ἀναγγέλλω	ἀναγγελεῖ	
John 16:15	ὑμῖν.	P-2DP	P-2DP	4771	σύ	ὑμῖν	
John 16:16	Μικρὸν	A-ASN	A-ASN	3398	μικρός	Μικρόν	
John 16:16	καὶ	CONJ	CONJ	2532	καί	καί	
John 16:16	οὐκέτι	ADV-N	ADV-N	3765	οὐκέτι	οὐκέτι	
John 16:16	θεωρεῖτέ	V-PAI-2P	V-PAI-2P	2334&5719	θεωρέω	θεωρεῖτε	
John 16:16	με,	P-1AS	P-1AS	1473	ἐγώ	με	
John 16:16	καὶ	CONJ	CONJ	2532	καί	καί	
John 16:16	πάλιν	ADV	ADV	3825	πάλιν	πάλιν	
John 16:16	μικρὸν	A-ASN	A-ASN	3398	μικρός	μικρόν	
John 16:16	καὶ	CONJ	CONJ	2532	καί	καί	
John 16:16	ὄψεσθέ	V-FDI-2P	V-FDI-2P	3708&5695	ὁράω	ὄψεσθε	
John 16:16	με.	P-1AS	P-1AS	1473	ἐγώ	με	
John 16:17	Εἶπαν	V-2AAI-3P	V-2AAI-3P	3004&5627	λέγω	Εἶπαν	
John 16:17	οὖν	CONJ	CONJ	3767	οὖν	οὖν	
John 16:17	ἐκ	PREP	PREP	1537	ἐκ	ἐκ	
John 16:17	τῶν	T-GPM	T-GPM	3588	ὁ	τῶν	
John 16:17	μαθητῶν	N-GPM	N-GPM	3101	μαθητής	μαθητῶν	
John 16:17	αὐτοῦ	P-GSM	P-GSM	846	αὐτός	αὐτοῦ	
John 16:17	πρὸς	PREP	PREP	4314	πρός	πρός	
John 16:17	ἀλλήλους	C-APM	C-APM	240	ἀλλήλων	ἀλλήλους	
John 16:17	Τί	I-NSN	I-NSN	5101	τίς	Τί	
John 16:17	ἐστιν	V-PAI-3S	V-PAI-3S	1510&5719	εἰμί	ἐστιν	
John 16:17	τοῦτο	D-NSN	D-NSN	3778	οὗτος	τοῦτο	
John 16:17	ὃ	R-ASN	R-ASN	3739	ὅς	ὅ	
John 16:17	λέγει	V-PAI-3S	V-PAI-3S	3004&5719	λέγω	λέγει	
John 16:17	ἡμῖν	P-1DP	P-1DP	1473	ἐγώ	ἡμῖν	
John 16:17	Μικρὸν	A-ASN	A-ASN	3398	μικρός	Μικρόν	
John 16:17	καὶ	CONJ	CONJ	2532	καί	καί	
John 16:17	οὐ	PRT-N	PRT-N	3756	οὐ	οὐ	
John 16:17	θεωρεῖτέ	V-PAI-2P	V-PAI-2P	2334&5719	θεωρέω	θεωρεῖτε	
John 16:17	με,	P-1AS	P-1AS	1473	ἐγώ	με	
John 16:17	καὶ	CONJ	CONJ	2532	καί	καί	
John 16:17	πάλιν	ADV	ADV	3825	πάλιν	πάλιν	
John 16:17	μικρὸν	A-ASN	A-ASN	3398	μικρός	μικρόν	
John 16:17	καὶ	CONJ	CONJ	2532	καί	καί	
John 16:17	ὄψεσθέ	V-FDI-2P	V-FDI-2P	3708&5695	ὁράω	ὄψεσθε	
John 16:17	με;	P-1AS	P-1AS	1473	ἐγώ	με	
John 16:17	καί	CONJ	CONJ	2532	καί	καί	
John 16:17	Ὅτι	CONJ	CONJ	3754	ὅτι	Ὅτι	
John 16:17	ὑπάγω	V-PAI-1S	V-PAI-1S	5217&5719	ὑπάγω	ὑπάγω	
John 16:17	πρὸς	PREP	PREP	4314	πρός	πρός	
John 16:17	τὸν	T-ASM	T-ASM	3588	ὁ	τόν	
John 16:17	Πατέρα;	N-ASM	N-ASM	3962	πατήρ	Πατέρα	
John 16:18	ἔλεγον	V-IAI-3P	V-IAI-3P	3004&5707	λέγω	ἔλεγον	
John 16:18	οὖν	CONJ	CONJ	3767	οὖν	οὖν	
John 16:18	Τοῦτο	D-NSN	D-NSN	3778	οὗτος	Τοῦτο	
John 16:18	τί	I-NSN	I-NSN	5101	τίς	τί	
John 16:18	ἐστιν	V-PAI-3S	V-PAI-3S	1510&5719	εἰμί	ἐστιν	
John 16:18	ὃ	R-ASN	R-ASN	3739	ὅς	ὅ	
John 16:18	λέγει	V-PAI-3S	V-PAI-3S	3004&5719	λέγω	λέγει	
John 16:18	τὸ	T-ASN	T-ASN	3588	ὁ	τό	
John 16:18	μικρόν;	A-NSN	A-NSN	3398	μικρός	μικρόν	
John 16:18	οὐκ	PRT-N	PRT-N	3756	οὐ	οὐκ	
John 16:18	οἴδαμεν	V-RAI-1P	V-RAI-1P	1492&5758	οἶδα	οἴδαμεν	
John 16:18	τί	I-ASN	I-ASN	5101	τίς	τί	
John 16:18	λαλεῖ.	V-PAI-3S	V-PAI-3S	2980&5719	λαλέω	λαλεῖ	
John 16:19	ἔγνω	V-2AAI-3S	V-2AAI-3S	1097&5627	γινώσκω	ἔγνω	
John 16:19	Ἰησοῦς	N-NSM	N-NSM	2424	Ἰησοῦς	Ἰησοῦς	
John 16:19	ὅτι	CONJ	CONJ	3754	ὅτι	ὅτι	
John 16:19	ἤθελον	V-IAI-3P	V-IAI-3P	2309&5707	θέλω	ἤθελον	
John 16:19	αὐτὸν	P-ASM	P-ASM	846	αὐτός	αὐτόν	
John 16:19	ἐρωτᾶν,	V-PAN	V-PAN	2065&5721	ἐρωτάω	ἐρωτᾶν	
John 16:19	καὶ	CONJ	CONJ	2532	καί	καί	
John 16:19	εἶπεν	V-2AAI-3S	V-2AAI-3S	3004&5627	λέγω	εἶπεν	
John 16:19	αὐτοῖς	P-DPM	P-DPM	846	αὐτός	αὐτοῖς	
John 16:19	Περὶ	PREP	PREP	4012	περί	Περί	
John 16:19	τούτου	D-GSN	D-GSN	3778	οὗτος	τούτου	
John 16:19	ζητεῖτε	V-PAI-2P	V-PAI-2P	2212&5719	ζητέω	ζητεῖτε	
John 16:19	μετ’	PREP	PREP	3326	μετά	μετ’	
John 16:19	ἀλλήλων	C-GPM	C-GPM	240	ἀλλήλων	ἀλλήλων	
John 16:19	ὅτι	CONJ	CONJ	3754	ὅτι	ὅτι	
John 16:19	εἶπον	V-2AAI-1S	V-2AAI-1S	3004&5627	λέγω	εἶπον	
John 16:19	Μικρὸν	A-ASN	A-ASN	3398	μικρός	Μικρόν	
John 16:19	καὶ	CONJ	CONJ	2532	καί	καί	
John 16:19	οὐ	PRT-N	PRT-N	3756	οὐ	οὐ	
John 16:19	θεωρεῖτέ	V-PAI-2P	V-PAI-2P	2334&5719	θεωρέω	θεωρεῖτε	
John 16:19	με,	P-1AS	P-1AS	1473	ἐγώ	με	
John 16:19	καὶ	CONJ	CONJ	2532	καί	καί	
John 16:19	πάλιν	ADV	ADV	3825	πάλιν	πάλιν	
John 16:19	μικρὸν	A-ASN	A-ASN	3398	μικρός	μικρόν	
John 16:19	καὶ	CONJ	CONJ	2532	καί	καί	
John 16:19	ὄψεσθέ	V-FDI-2P	V-FDI-2P	3708&5695	ὁράω	ὄψεσθε	
John 16:19	με;	P-1AS	P-1AS	1473	ἐγώ	με	
John 16:20	ἀμὴν	HEB	HEB	281	ἀμήν	ἀμήν	
John 16:20	ἀμὴν	HEB	HEB	281	ἀμήν	ἀμήν	
John 16:20	λέγω	V-PAI-1S	V-PAI-1S	3004&5719	λέγω	λέγω	
John 16:20	ὑμῖν	P-2DP	P-2DP	4771	σύ	ὑμῖν	
John 16:20	ὅτι	CONJ	CONJ	3754	ὅτι	ὅτι	
John 16:20	κλαύσετε	V-FAI-2P	V-FAI-2P	2799&5692	κλαίω	κλαύσετε	
John 16:20	καὶ	CONJ	CONJ	2532	καί	καί	
John 16:20	θρηνήσετε	V-FAI-2P	V-FAI-2P	2354&5692	θρηνέω	θρηνήσετε	
John 16:20	ὑμεῖς,	P-2NP	P-2NP	4771	σύ	ὑμεῖς	
John 16:20	ὁ	T-NSM	T-NSM	3588	ὁ	ὁ	
John 16:20	δὲ	CONJ	CONJ	1161	δέ	δέ	
John 16:20	κόσμος	N-NSM	N-NSM	2889	κόσμος	κόσμος	
John 16:20	χαρήσεται·	V-2FOI-3S	V-2FOI-3S	5463&5690	χαίρω	χαρήσεται	
John 16:20	ὑμεῖς	P-2NP	P-2NP	4771	σύ	ὑμεῖς	
John 16:20	λυπηθήσεσθε,	V-FPI-2P	V-FPI-2P	3076&5701	λυπέω	λυπηθήσεσθε	
John 16:20	ἀλλ’	CONJ	CONJ	235	ἀλλά	ἀλλ’	
John 16:20	ἡ	T-NSF	T-NSF	3588	ὁ	ἡ	
John 16:20	λύπη	N-NSF	N-NSF	3077	λύπη	λύπη	
John 16:20	ὑμῶν	P-2GP	P-2GP	4771	σύ	ὑμῶν	
John 16:20	εἰς	PREP	PREP	1519	εἰς	εἰς	
John 16:20	χαρὰν	N-ASF	N-ASF	5479	χαρά	χαράν	
John 16:20	γενήσεται.	V-FDI-3S	V-FDI-3S	1096&5695	γίνομαι	γενήσεται	
John 16:21	ἡ	T-NSF	T-NSF	3588	ὁ	ἡ	
John 16:21	γυνὴ	N-NSF	N-NSF	1135	γυνή	γυνή	
John 16:21	ὅταν	CONJ	CONJ	3752	ὅταν	ὅταν	
John 16:21	τίκτῃ	V-PAS-3S	V-PAS-3S	5088&5725	τίκτω	τίκτῃ	
John 16:21	λύπην	N-ASF	N-ASF	3077	λύπη	λύπην	
John 16:21	ἔχει,	V-PAI-3S	V-PAI-3S	2192&5719	ἔχω	ἔχει	
John 16:21	ὅτι	CONJ	CONJ	3754	ὅτι	ὅτι	
John 16:21	ἦλθεν	V-2AAI-3S	V-2AAI-3S	2064&5627	ἔρχομαι	ἦλθεν	
John 16:21	ἡ	T-NSF	T-NSF	3588	ὁ	ἡ	
John 16:21	ὥρα	N-NSF	N-NSF	5610	ὥρα	ὥρα	
John 16:21	αὐτῆς·	P-GSF	P-GSF	846	αὐτός	αὐτῆς	
John 16:21	ὅταν	CONJ	CONJ	3752	ὅταν	ὅταν	
John 16:21	δὲ	CONJ	CONJ	1161	δέ	δέ	
John 16:21	γεννήσῃ	V-AAS-3S	V-AAS-3S	1080&5661	γεννάω	γεννήσῃ	
John 16:21	τὸ	T-ASN	T-ASN	3588	ὁ	τό	
John 16:21	παιδίον,	N-ASN	N-ASN	3813	παιδίον	παιδίον	
John 16:21	οὐκέτι	ADV-N	ADV-N	3765	οὐκέτι	οὐκέτι	
John 16:21	μνημονεύει	V-PAI-3S	V-PAI-3S	3421&5719	μνημονεύω	μνημονεύει	
John 16:21	τῆς	T-GSF	T-GSF	3588	ὁ	τῆς	
John 16:21	θλίψεως	N-GSF	N-GSF	2347	θλῖψις	θλίψεως	
John 16:21	διὰ	PREP	PREP	1223	διά	διά	
John 16:21	τὴν	T-ASF	T-ASF	3588	ὁ	τήν	
John 16:21	χαρὰν	N-ASF	N-ASF	5479	χαρά	χαράν	
John 16:21	ὅτι	CONJ	CONJ	3754	ὅτι	ὅτι	
John 16:21	ἐγεννήθη	V-API-3S	V-API-3S	1080&5681	γεννάω	ἐγεννήθη	
John 16:21	ἄνθρωπος	N-NSM	N-NSM	444	ἄνθρωπος	ἄνθρωπος	
John 16:21	εἰς	PREP	PREP	1519	εἰς	εἰς	
John 16:21	τὸν	T-ASM	T-ASM	3588	ὁ	τόν	
John 16:21	κόσμον.	N-ASM	N-ASM	2889	κόσμος	κόσμον	
John 16:22	καὶ	CONJ	CONJ	2532	καί	καί	
John 16:22	ὑμεῖς	P-2NP	P-2NP	4771	σύ	ὑμεῖς	
John 16:22	οὖν	CONJ	CONJ	3767	οὖν	οὖν	
John 16:22	νῦν	ADV	ADV	3568	νῦν	νῦν	
John 16:22	μὲν	PRT	PRT	3303	μέν	μέν	
John 16:22	λύπην	N-ASF	N-ASF	3077	λύπη	λύπην	
John 16:22	ἔχετε·	V-PAI-2P	V-PAI-2P	2192&5719	ἔχω	ἔχετε	
John 16:22	πάλιν	ADV	ADV	3825	πάλιν	πάλιν	
John 16:22	δὲ	CONJ	CONJ	1161	δέ	δέ	
John 16:22	ὄψομαι	V-FDI-1S	V-FDI-1S	3708&5695	ὁράω	ὄψομαι	
John 16:22	ὑμᾶς,	P-2AP	P-2AP	4771	σύ	ὑμᾶς	
John 16:22	καὶ	CONJ	CONJ	2532	καί	καί	
John 16:22	χαρήσεται	V-2FOI-3S	V-2FOI-3S	5463&5690	χαίρω	χαρήσεται	
John 16:22	ὑμῶν	P-2GP	P-2GP	4771	σύ	ὑμῶν	
John 16:22	ἡ	T-NSF	T-NSF	3588	ὁ	ἡ	
John 16:22	καρδία,	N-NSF	N-NSF	2588	καρδία	καρδία	
John 16:22	καὶ	CONJ	CONJ	2532	καί	καί	
John 16:22	τὴν	T-ASF	T-ASF	3588	ὁ	τήν	
John 16:22	χαρὰν	N-ASF	N-ASF	5479	χαρά	χαράν	
John 16:22	ὑμῶν	P-2GP	P-2GP	4771	σύ	ὑμῶν	
John 16:22	οὐδεὶς	A-NSM-N	A-NSM-N	3762	οὐδείς	οὐδείς	
John 16:22	αἴρει	V-PAI-3S	V-PAI-3S	142	αἴρω	αἴρει	
John 16:22	ἀφ’	PREP	PREP	575	ἀπό	ἀφ’	
John 16:22	ὑμῶν.	P-2GP	P-2GP	4771	σύ	ὑμῶν	
John 16:23	καὶ	CONJ	CONJ	2532	καί	καί	
John 16:23	ἐν	PREP	PREP	1722	ἐν	ἐν	
John 16:23	ἐκείνῃ	D-DSF	D-DSF	1565	ἐκεῖνος	ἐκείνῃ	
John 16:23	τῇ	T-DSF	T-DSF	3588	ὁ	τῇ	
John 16:23	ἡμέρᾳ	N-DSF	N-DSF	2250	ἡμέρα	ἡμέρᾳ	
John 16:23	ἐμὲ	P-1AS	P-1AS	1473	ἐγώ	ἐμέ	
John 16:23	οὐκ	PRT-N	PRT-N	3756	οὐ	οὐκ	
John 16:23	ἐρωτήσετε	V-FAI-2P	V-FAI-2P	2065&5692	ἐρωτάω	ἐρωτήσετε	
John 16:23	οὐδέν.	A-ASN-N	A-ASN-N	3762	οὐδείς	οὐδέν	
John 16:23	ἀμὴν	HEB	HEB	281	ἀμήν	ἀμήν	
John 16:23	ἀμὴν	HEB	HEB	281	ἀμήν	ἀμήν	
John 16:23	λέγω	V-PAI-1S	V-PAI-1S	3004&5719	λέγω	λέγω	
John 16:23	ὑμῖν,	P-2DP	P-2DP	4771	σύ	ὑμῖν	
John 16:23	ἄν	PRT	PRT	302	ἄν	ἄν	
John 16:23	τι	X-ASN	X-ASN	5100	τὶς	τι	
John 16:23	αἰτήσητε	V-AAS-2P	V-AAS-2P	154&5661	αἰτέω	αἰτήσητε	
John 16:23	τὸν	T-ASM	T-ASM	3588	ὁ	τόν	
John 16:23	Πατέρα	N-ASM	N-ASM	3962	πατήρ	Πατέρα	
John 16:23	δώσει	V-FAI-3S	V-FAI-3S	1325&5692	δίδωμι	δώσει	
John 16:23	ὑμῖν	P-2DP	P-2DP	4771	σύ	ὑμῖν	
John 16:23	ἐν	PREP	PREP	1722	ἐν	ἐν	
John 16:23	τῷ	T-DSN	T-DSN	3588	ὁ	τῷ	
John 16:23	ὀνόματί	N-DSN	N-DSN	3686	ὄνομα	ὀνόματι	
John 16:23	μου.	P-1GS	P-1GS	1473	ἐγώ	μου	
John 16:24	ἕως	ADV	ADV	2193	ἕως	ἕως	
John 16:24	ἄρτι	ADV	ADV	737	ἄρτι	ἄρτι	
John 16:24	οὐκ	PRT-N	PRT-N	3756	οὐ	οὐκ	
John 16:24	ᾐτήσατε	V-AAI-2P	V-AAI-2P	154&5656	αἰτέω	ᾐτήσατε	
John 16:24	οὐδὲν	A-ASN-N	A-ASN-N	3762	οὐδείς	οὐδέν	
John 16:24	ἐν	PREP	PREP	1722	ἐν	ἐν	
John 16:24	τῷ	T-DSN	T-DSN	3588	ὁ	τῷ	
John 16:24	ὀνόματί	N-DSN	N-DSN	3686	ὄνομα	ὀνόματι	
John 16:24	μου·	P-1GS	P-1GS	1473	ἐγώ	μου	
John 16:24	αἰτεῖτε,	V-PAM-2P	V-PAM-2P	154&5720	αἰτέω	αἰτεῖτε	
John 16:24	καὶ	CONJ	CONJ	2532	καί	καί	
John 16:24	λήμψεσθε,	V-FDI-2P	V-FDI-2P	2983&5695	λαμβάνω	λήμψεσθε	
John 16:24	ἵνα	CONJ	CONJ	2443	ἵνα	ἵνα	
John 16:24	ἡ	T-NSF	T-NSF	3588	ὁ	ἡ	
John 16:24	χαρὰ	N-NSF	N-NSF	5479	χαρά	χαρά	
John 16:24	ὑμῶν	P-2GP	P-2GP	4771	σύ	ὑμῶν	
John 16:24	ᾖ	V-PAS-3S	V-PAS-3S	1510&5725	εἰμί	ᾖ	
John 16:24	πεπληρωμένη.	V-RPP-NSF	V-RPP-NSF	4137&5772	πληρόω	πεπληρωμένη	
John 16:25	Ταῦτα	D-APN	D-APN	3778	οὗτος	Ταῦτα	
John 16:25	ἐν	PREP	PREP	1722	ἐν	ἐν	
John 16:25	παροιμίαις	N-DPF	N-DPF	3942	παροιμία	παροιμίαις	
John 16:25	λελάληκα	V-RAI-1S	V-RAI-1S	2980&5758	λαλέω	λελάληκα	
John 16:25	ὑμῖν·	P-2DP	P-2DP	4771	σύ	ὑμῖν	
John 16:25	ἔρχεται	V-PNI-3S	V-PNI-3S	2064&5736	ἔρχομαι	ἔρχεται	
John 16:25	ὥρα	N-NSF	N-NSF	5610	ὥρα	ὥρα	
John 16:25	ὅτε	ADV	ADV	3753	ὅτε	ὅτε	
John 16:25	οὐκέτι	ADV-N	ADV-N	3765	οὐκέτι	οὐκέτι	
John 16:25	ἐν	PREP	PREP	1722	ἐν	ἐν	
John 16:25	παροιμίαις	N-DPF	N-DPF	3942	παροιμία	παροιμίαις	
John 16:25	λαλήσω	V-FAI-1S	V-FAI-1S	2980&5692	λαλέω	λαλήσω	
John 16:25	ὑμῖν,	P-2DP	P-2DP	4771	σύ	ὑμῖν	
John 16:25	ἀλλὰ	CONJ	CONJ	235	ἀλλά	ἀλλά	
John 16:25	παρρησίᾳ	N-DSF	N-DSF	3954	παρρησία	παρρησίᾳ	
John 16:25	περὶ	PREP	PREP	4012	περί	περί	
John 16:25	τοῦ	T-GSM	T-GSM	3588	ὁ	τοῦ	
John 16:25	Πατρὸς	N-GSM	N-GSM	3962	πατήρ	Πατρός	
John 16:25	ἀπαγγελῶ	V-FAI-1S	V-FAI-1S	518&5692	ἀπαγγέλλω	ἀπαγγελῶ	
John 16:25	ὑμῖν.	P-2DP	P-2DP	4771	σύ	ὑμῖν	
John 16:26	ἐν	PREP	PREP	1722	ἐν	ἐν	
John 16:26	ἐκείνῃ	D-DSF	D-DSF	1565	ἐκεῖνος	ἐκείνῃ	
John 16:26	τῇ	T-DSF	T-DSF	3588	ὁ	τῇ	
John 16:26	ἡμέρᾳ	N-DSF	N-DSF	2250	ἡμέρα	ἡμέρᾳ	
John 16:26	ἐν	PREP	PREP	1722	ἐν	ἐν	
John 16:26	τῷ	T-DSN	T-DSN	3588	ὁ	τῷ	
John 16:26	ὀνόματί	N-DSN	N-DSN	3686	ὄνομα	ὀνόματι	
John 16:26	μου	P-1GS	P-1GS	1473	ἐγώ	μου	
John 16:26	αἰτήσεσθε,	V-FMI-2P	V-FMI-2P	154&5698	αἰτέω	αἰτήσεσθε	
John 16:26	καὶ	CONJ	CONJ	2532	καί	καί	
John 16:26	οὐ	PRT-N	PRT-N	3756	οὐ	οὐ	
John 16:26	λέγω	V-PAI-1S	V-PAI-1S	3004&5719	λέγω	λέγω	
John 16:26	ὑμῖν	P-2DP	P-2DP	4771	σύ	ὑμῖν	
John 16:26	ὅτι	CONJ	CONJ	3754	ὅτι	ὅτι	
John 16:26	ἐγὼ	P-1NS	P-1NS	1473	ἐγώ	ἐγώ	
John 16:26	ἐρωτήσω	V-FAI-1S	V-FAI-1S	2065&5692	ἐρωτάω	ἐρωτήσω	
John 16:26	τὸν	T-ASM	T-ASM	3588	ὁ	τόν	
John 16:26	Πατέρα	N-ASM	N-ASM	3962	πατήρ	Πατέρα	
John 16:26	περὶ	PREP	PREP	4012	περί	περί	
John 16:26	ὑμῶν·	P-2GP	P-2GP	4771	σύ	ὑμῶν	
John 16:27	αὐτὸς	P-NSM	P-NSM	846	αὐτός	αὐτός	
John 16:27	γὰρ	CONJ	CONJ	1063	γάρ	γάρ	
John 16:27	ὁ	T-NSM	T-NSM	3588	ὁ	ὁ	
John 16:27	Πατὴρ	N-NSM	N-NSM	3962	πατήρ	Πατήρ	
John 16:27	φιλεῖ	V-PAI-3S	V-PAI-3S	5368&5719	φιλέω	φιλεῖ	
John 16:27	ὑμᾶς,	P-2AP	P-2AP	4771	σύ	ὑμᾶς	
John 16:27	ὅτι	CONJ	CONJ	3754	ὅτι	ὅτι	
John 16:27	ὑμεῖς	P-2NP	P-2NP	4771	σύ	ὑμεῖς	
John 16:27	ἐμὲ	P-1AS	P-1AS	1473	ἐγώ	ἐμέ	
John 16:27	πεφιλήκατε	V-RAI-2P	V-RAI-2P	5368&5758	φιλέω	πεφιλήκατε	
John 16:27	καὶ	CONJ	CONJ	2532	καί	καί	
John 16:27	πεπιστεύκατε	V-RAI-2P	V-RAI-2P	4100&5758	πιστεύω	πεπιστεύκατε	
John 16:27	ὅτι	CONJ	CONJ	3754	ὅτι	ὅτι	
John 16:27	ἐγὼ	P-1NS	P-1NS	1473	ἐγώ	ἐγώ	
John 16:27	παρὰ	PREP	PREP	3844	παρά	παρά	
John 16:27	τοῦ	T-GSM	T-GSM	3588	ὁ	τοῦ	
John 16:27	Θεοῦ	N-GSM	N-GSM	2316	θεός	Θεοῦ	
John 16:27	ἐξῆλθον.	V-2AAI-1S	V-2AAI-1S	1831&5627	ἐξέρχομαι	ἐξῆλθον	
John 16:28	ἐξῆλθον	V-2AAI-1S	V-2AAI-1S	1831&5627	ἐξέρχομαι	ἐξῆλθον	
John 16:28	ἐκ	PREP	PREP	1537	ἐκ	ἐκ	
John 16:28	τοῦ	T-GSM	T-GSM	3588	ὁ	τοῦ	
John 16:28	Πατρὸς	N-GSM	N-GSM	3962	πατήρ	Πατρός	
John 16:28	καὶ	CONJ	CONJ	2532	καί	καί	
John 16:28	ἐλήλυθα	V-2RAI-1S	V-2RAI-1S	2064&5754	ἔρχομαι	ἐλήλυθα	
John 16:28	εἰς	PREP	PREP	1519	εἰς	εἰς	
John 16:28	τὸν	T-ASM	T-ASM	3588	ὁ	τόν	
John 16:28	κόσμον·	N-ASM	N-ASM	2889	κόσμος	κόσμον	
John 16:28	πάλιν	ADV	ADV	3825	πάλιν	πάλιν	
John 16:28	ἀφίημι	V-PAI-1S	V-PAI-1S	863&5719	ἀφίημι	ἀφίημι	
John 16:28	τὸν	T-ASM	T-ASM	3588	ὁ	τόν	
John 16:28	κόσμον	N-ASM	N-ASM	2889	κόσμος	κόσμον	
John 16:28	καὶ	CONJ	CONJ	2532	καί	καί	
John 16:28	πορεύομαι	V-PNI-1S	V-PNI-1S	4198&5736	πορεύομαι	πορεύομαι	
John 16:28	πρὸς	PREP	PREP	4314	πρός	πρός	
John 16:28	τὸν	T-ASM	T-ASM	3588	ὁ	τόν	
John 16:28	Πατέρα.	N-ASM	N-ASM	3962	πατήρ	Πατέρα	
John 16:29	Λέγουσιν	V-PAI-3P	V-PAI-3P	3004&5719	λέγω	Λέγουσιν	
John 16:29	οἱ	T-NPM	T-NPM	3588	ὁ	οἱ	
John 16:29	μαθηταὶ	N-NPM	N-NPM	3101	μαθητής	μαθηταί	
John 16:29	αὐτοῦ	P-GSM	P-GSM	846	αὐτός	αὐτοῦ	
John 16:29	Ἴδε	V-2AAM-2S	V-2AAM-2S	3708&5628	ὁράω	Ἴδε	
John 16:29	νῦν	ADV	ADV	3568	νῦν	νῦν	
John 16:29	ἐν	PREP	PREP	1722	ἐν	ἐν	
John 16:29	παρρησίᾳ	N-DSF	N-DSF	3954	παρρησία	παρρησίᾳ	
John 16:29	λαλεῖς,	V-PAI-2S	V-PAI-2S	2980&5719	λαλέω	λαλεῖς	
John 16:29	καὶ	CONJ	CONJ	2532	καί	καί	
John 16:29	παροιμίαν	N-ASF	N-ASF	3942	παροιμία	παροιμίαν	
John 16:29	οὐδεμίαν	A-ASF-N	A-ASF-N	3762	οὐδείς	οὐδεμίαν	
John 16:29	λέγεις.	V-PAI-2S	V-PAI-2S	3004&5719	λέγω	λέγεις	
John 16:30	νῦν	ADV	ADV	3568	νῦν	νῦν	
John 16:30	οἴδαμεν	V-RAI-1P	V-RAI-1P	1492&5758	οἶδα	οἴδαμεν	
John 16:30	ὅτι	CONJ	CONJ	3754	ὅτι	ὅτι	
John 16:30	οἶδας	V-RAI-2S	V-RAI-2S	1492&5758	οἶδα	οἶδας	
John 16:30	πάντα	A-APN	A-APN	3956	πᾶς	πάντα	
John 16:30	καὶ	CONJ	CONJ	2532	καί	καί	
John 16:30	οὐ	PRT-N	PRT-N	3756	οὐ	οὐ	
John 16:30	χρείαν	N-ASF	N-ASF	5532	χρεία	χρείαν	
John 16:30	ἔχεις	V-PAI-2S	V-PAI-2S	2192&5719	ἔχω	ἔχεις	
John 16:30	ἵνα	CONJ	CONJ	2443	ἵνα	ἵνα	
John 16:30	τίς	X-NSM	X-NSM	5100	τὶς	τίς	
John 16:30	σε	P-2AS	P-2AS	4771	σύ	σε	
John 16:30	ἐρωτᾷ·	V-PAS-3S	V-PAS-3S	2065&5725	ἐρωτάω	ἐρωτᾷ	
John 16:30	ἐν	PREP	PREP	1722	ἐν	ἐν	
John 16:30	τούτῳ	D-DSN	D-DSN	3778	οὗτος	τούτῳ	
John 16:30	πιστεύομεν	V-PAI-1P	V-PAI-1P	4100&5719	πιστεύω	πιστεύομεν	
John 16:30	ὅτι	CONJ	CONJ	3754	ὅτι	ὅτι	
John 16:30	ἀπὸ	PREP	PREP	575	ἀπό	ἀπό	
John 16:30	Θεοῦ	N-GSM	N-GSM	2316	θεός	Θεοῦ	
John 16:30	ἐξῆλθες.	V-2AAI-2S	V-2AAI-2S	1831&5627	ἐξέρχομαι	ἐξῆλθες	
John 16:31	ἀπεκρίθη	V-ADI-3S	V-ADI-3S	611&5662	ἀποκρίνομαι	ἀπεκρίθη	
John 16:31	αὐτοῖς	P-DPM	P-DPM	846	αὐτός	αὐτοῖς	
John 16:31	Ἰησοῦς	N-NSM	N-NSM	2424	Ἰησοῦς	Ἰησοῦς	
John 16:31	Ἄρτι	ADV	ADV	737	ἄρτι	Ἄρτι	
John 16:31	πιστεύετε;	V-PAI-2P	V-PAI-2P	4100&5719	πιστεύω	πιστεύετε	
John 16:32	ἰδοὺ	V-2AMM-2S	V-2AMM-2S	3708&5640	ὁράω	ἰδού	
John 16:32	ἔρχεται	V-PNI-3S	V-PNI-3S	2064&5736	ἔρχομαι	ἔρχεται	
John 16:32	ὥρα	N-NSF	N-NSF	5610	ὥρα	ὥρα	
John 16:32	καὶ	CONJ	CONJ	2532	καί	καί	
John 16:32	ἐλήλυθεν	V-2RAI-3S	V-2RAI-3S	2064&5754	ἔρχομαι	ἐλήλυθεν	
John 16:32	ἵνα	CONJ	CONJ	2443	ἵνα	ἵνα	
John 16:32	σκορπισθῆτε	V-APS-2P	V-APS-2P	4650&5686	σκορπίζω	σκορπισθῆτε	
John 16:32	ἕκαστος	A-NSM	A-NSM	1538	ἕκαστος	ἕκαστος	
John 16:32	εἰς	PREP	PREP	1519	εἰς	εἰς	
John 16:32	τὰ	T-APN	T-APN	3588	ὁ	τά	
John 16:32	ἴδια	A-APN	A-APN	2398	ἴδιος	ἴδια	
John 16:32	κἀμὲ	P-1AS-K	P-1AS-K	2504	κἀγώ	κἀμέ	
John 16:32	μόνον	A-ASM	A-ASM	3441	μόνος	μόνον	
John 16:32	ἀφῆτε·	V-2AAS-2P	V-2AAS-2P	863&5632	ἀφίημι	ἀφῆτε	
John 16:32	καὶ	CONJ	CONJ	2532	καί	καί	
John 16:32	οὐκ	PRT-N	PRT-N	3756	οὐ	οὐκ	
John 16:32	εἰμὶ	V-PAI-1S	V-PAI-1S	1510&5719	εἰμί	εἰμί	
John 16:32	μόνος,	A-NSM	A-NSM	3441	μόνος	μόνος	
John 16:32	ὅτι	CONJ	CONJ	3754	ὅτι	ὅτι	
John 16:32	ὁ	T-NSM	T-NSM	3588	ὁ	ὁ	
John 16:32	Πατὴρ	N-NSM	N-NSM	3962	πατήρ	Πατήρ	
John 16:32	μετ’	PREP	PREP	3326	μετά	μετ’	
John 16:32	ἐμοῦ	P-1GS	P-1GS	1473	ἐγώ	ἐμοῦ	
John 16:32	ἐστιν.	V-PAI-3S	V-PAI-3S	1510	εἰμί	ἐστιν	
John 16:33	ταῦτα	D-APN	D-APN	3778	οὗτος	ταῦτα	
John 16:33	λελάληκα	V-RAI-1S	V-RAI-1S	2980&5758	λαλέω	λελάληκα	
John 16:33	ὑμῖν	P-2DP	P-2DP	4771	σύ	ὑμῖν	
John 16:33	ἵνα	CONJ	CONJ	2443	ἵνα	ἵνα	
John 16:33	ἐν	PREP	PREP	1722	ἐν	ἐν	
John 16:33	ἐμοὶ	P-1DS	P-1DS	1473	ἐγώ	ἐμοί	
John 16:33	εἰρήνην	N-ASF	N-ASF	1515	εἰρήνη	εἰρήνην	
John 16:33	ἔχητε.	V-PAS-2P	V-PAS-2P	2192&5725	ἔχω	ἔχητε	
John 16:33	ἐν	PREP	PREP	1722	ἐν	ἐν	
John 16:33	τῷ	T-DSM	T-DSM	3588	ὁ	τῷ	
John 16:33	κόσμῳ	N-DSM	N-DSM	2889	κόσμος	κόσμῳ	
John 16:33	θλῖψιν	N-ASF	N-ASF	2347	θλῖψις	θλῖψιν	
John 16:33	ἔχετε·	V-PAI-2P	V-PAI-2P	2192&5719	ἔχω	ἔχετε	
John 16:33	ἀλλὰ	CONJ	CONJ	235	ἀλλά	ἀλλά	
John 16:33	θαρσεῖτε,	V-PAM-2P	V-PAM-2P	2293&5720	θαρσέω	θαρσεῖτε	
John 16:33	ἐγὼ	P-1NS	P-1NS	1473	ἐγώ	ἐγώ	
John 16:33	νενίκηκα	V-RAI-1S	V-RAI-1S	3528&5758	νικάω	νενίκηκα	
John 16:33	τὸν	T-ASM	T-ASM	3588	ὁ	τόν	
John 16:33	κόσμον.	N-ASM	N-ASM	2889	κόσμος	κόσμον	
John 17:1	Ταῦτα	D-APN	D-APN	3778	οὗτος	Ταῦτα	
John 17:1	ἐλάλησεν	V-AAI-3S	V-AAI-3S	2980&5656	λαλέω	ἐλάλησεν	
John 17:1	Ἰησοῦς,	N-NSM	N-NSM	2424	Ἰησοῦς	Ἰησοῦς	
John 17:1	καὶ	CONJ	CONJ	2532	καί	καί	
John 17:1	ἐπάρας	V-AAP-NSM	V-AAP-NSM	1869&5660	ἐπαίρω	ἐπάρας	
John 17:1	τοὺς	T-APM	T-APM	3588	ὁ	τούς	
John 17:1	ὀφθαλμοὺς	N-APM	N-APM	3788	ὀφθαλμός	ὀφθαλμούς	
John 17:1	αὐτοῦ	P-GSM	P-GSM	846	αὐτός	αὐτοῦ	
John 17:1	εἰς	PREP	PREP	1519	εἰς	εἰς	
John 17:1	τὸν	T-ASM	T-ASM	3588	ὁ	τόν	
John 17:1	οὐρανὸν	N-ASM	N-ASM	3772	οὐρανός	οὐρανόν	
John 17:1	εἶπεν	V-2AAI-3S	V-2AAI-3S	3004&5627	λέγω	εἶπεν	
John 17:1	Πάτερ,	N-VSM	N-VSM	3962	πατήρ	Πάτερ	
John 17:1	ἐλήλυθεν	V-2RAI-3S	V-2RAI-3S	2064&5754	ἔρχομαι	ἐλήλυθεν	
John 17:1	ἡ	T-NSF	T-NSF	3588	ὁ	ἡ	
John 17:1	ὥρα·	N-NSF	N-NSF	5610	ὥρα	ὥρα	
John 17:1	δόξασόν	V-AAM-2S	V-AAM-2S	1392&5657	δοξάζω	δόξασον	
John 17:1	σου	P-2GS	P-2GS	4771	σύ	σου	
John 17:1	τὸν	T-ASM	T-ASM	3588	ὁ	τόν	
John 17:1	Υἱόν,	N-ASM	N-ASM	5207	υἱός	Υἱόν	
John 17:1	ἵνα	CONJ	CONJ	2443	ἵνα	ἵνα	
John 17:1	ὁ	T-NSM	T-NSM	3588	ὁ	ὁ	
John 17:1	Υἱὸς	N-NSM	N-NSM	5207	υἱός	Υἱός	
John 17:1	δοξάσῃ	V-AAS-3S	V-AAS-3S	1392&5661	δοξάζω	δοξάσῃ	
John 17:1	σέ,	P-2AS	P-2AS	4771	σύ	σέ	
John 17:2	καθὼς	ADV	ADV	2531	καθώς	καθώς	
John 17:2	ἔδωκας	V-AAI-2S	V-AAI-2S	1325&5656	δίδωμι	ἔδωκας	
John 17:2	αὐτῷ	P-DSM	P-DSM	846	αὐτός	αὐτῷ	
John 17:2	ἐξουσίαν	N-ASF	N-ASF	1849	ἐξουσία	ἐξουσίαν	
John 17:2	πάσης	A-GSF	A-GSF	3956	πᾶς	πάσης	
John 17:2	σαρκός,	N-GSF	N-GSF	4561	σάρξ	σαρκός	
John 17:2	ἵνα	CONJ	CONJ	2443	ἵνα	ἵνα	
John 17:2	πᾶν	A-ASN	A-ASN	3956	πᾶς	πᾶν	
John 17:2	ὃ	R-ASN	R-ASN	3739	ὅς	ὅ	
John 17:2	δέδωκας	V-RAI-2S	V-RAI-2S	1325&5758	δίδωμι	δέδωκας	
John 17:2	αὐτῷ	P-DSM	P-DSM	846	αὐτός	αὐτῷ	
John 17:2	δώσῃ	V-AAS-3S	V-AAS-3S	1325	δίδωμι	δώσῃ	
John 17:2	αὐτοῖς	P-DPM	P-DPM	846	αὐτός	αὐτοῖς	
John 17:2	ζωὴν	N-ASF	N-ASF	2222	ζωή	ζωήν	
John 17:2	αἰώνιον.	A-ASF	A-ASF	166	αἰώνιος	αἰώνιον	
John 17:3	αὕτη	D-NSF	D-NSF	3778	οὗτος	αὕτη	
John 17:3	δέ	CONJ	CONJ	1161	δέ	δέ	
John 17:3	ἐστιν	V-PAI-3S	V-PAI-3S	1510&5719	εἰμί	ἐστιν	
John 17:3	ἡ	T-NSF	T-NSF	3588	ὁ	ἡ	
John 17:3	αἰώνιος	A-NSF	A-NSF	166	αἰώνιος	αἰώνιος	
John 17:3	ζωὴ,	N-NSF	N-NSF	2222	ζωή	ζωή	
John 17:3	ἵνα	CONJ	CONJ	2443	ἵνα	ἵνα	
John 17:3	γινώσκωσιν	V-PAS-3P	V-PAS-3P	1097&5725	γινώσκω	γινώσκωσιν	
John 17:3	σὲ	P-2AS	P-2AS	4771	σύ	σέ	
John 17:3	τὸν	T-ASM	T-ASM	3588	ὁ	τόν	
John 17:3	μόνον	A-ASM	A-ASM	3441	μόνος	μόνον	
John 17:3	ἀληθινὸν	A-ASM	A-ASM	228	ἀληθινός	ἀληθινόν	
John 17:3	Θεὸν	N-ASM	N-ASM	2316	θεός	Θεόν	
John 17:3	καὶ	CONJ	CONJ	2532	καί	καί	
John 17:3	ὃν	R-ASM	R-ASM	3739	ὅς	ὅν	
John 17:3	ἀπέστειλας	V-AAI-2S	V-AAI-2S	649&5656	ἀποστέλλω	ἀπέστειλας	
John 17:3	Ἰησοῦν	N-ASM	N-ASM	2424	Ἰησοῦς	Ἰησοῦν	
John 17:3	Χριστόν.	N-ASM	N-ASM	5547	Χριστός	Χριστόν	
John 17:4	ἐγώ	P-1NS	P-1NS	1473	ἐγώ	ἐγώ	
John 17:4	σε	P-2AS	P-2AS	4771	σύ	σε	
John 17:4	ἐδόξασα	V-AAI-1S	V-AAI-1S	1392&5656	δοξάζω	ἐδόξασα	
John 17:4	ἐπὶ	PREP	PREP	1909	ἐπί	ἐπί	
John 17:4	τῆς	T-GSF	T-GSF	3588	ὁ	τῆς	
John 17:4	γῆς,	N-GSF	N-GSF	1093	γῆ	γῆς	
John 17:4	τὸ	T-ASN	T-ASN	3588	ὁ	τό	
John 17:4	ἔργον	N-ASN	N-ASN	2041	ἔργον	ἔργον	
John 17:4	τελειώσας	V-AAP-NSM	V-AAP-NSM	5048&5660	τελειόω	τελειώσας	
John 17:4	ὃ	R-ASN	R-ASN	3739	ὅς	ὅ	
John 17:4	δέδωκάς	V-RAI-2S	V-RAI-2S	1325&5758	δίδωμι	δέδωκας	
John 17:4	μοι	P-1DS	P-1DS	1473	ἐγώ	μοι	
John 17:4	ἵνα	CONJ	CONJ	2443	ἵνα	ἵνα	
John 17:4	ποιήσω·	V-AAS-1S	V-AAS-1S	4160&5661	ποιέω	ποιήσω	
John 17:5	καὶ	CONJ	CONJ	2532	καί	καί	
John 17:5	νῦν	ADV	ADV	3568	νῦν	νῦν	
John 17:5	δόξασόν	V-AAM-2S	V-AAM-2S	1392&5657	δοξάζω	δόξασον	
John 17:5	με	P-1AS	P-1AS	1473	ἐγώ	με	
John 17:5	σύ,	P-2NS	P-2NS	4771	σύ	σύ	
John 17:5	Πάτερ,	N-VSM	N-VSM	3962	πατήρ	Πάτερ	
John 17:5	παρὰ	PREP	PREP	3844	παρά	παρά	
John 17:5	σεαυτῷ	F-2DSM	F-2DSM	4572	σεαυτοῦ	σεαυτῷ	
John 17:5	τῇ	T-DSF	T-DSF	3588	ὁ	τῇ	
John 17:5	δόξῃ	N-DSF	N-DSF	1391	δόξα	δόξῃ	
John 17:5	ᾗ	R-DSF	R-DSF	3739	ὅς	ᾗ	
John 17:5	εἶχον	V-IAI-1S	V-IAI-1S	2192&5707	ἔχω	εἶχον	
John 17:5	πρὸ	PREP	PREP	4253	πρό	πρό	
John 17:5	τοῦ	T-GSN	T-GSN	3588	ὁ	τοῦ	
John 17:5	τὸν	T-ASM	T-ASM	3588	ὁ	τόν	
John 17:5	κόσμον	N-ASM	N-ASM	2889	κόσμος	κόσμον	
John 17:5	εἶναι	V-PAN	V-PAN	1510&5721	εἰμί	εἶναι	
John 17:5	παρὰ	PREP	PREP	3844	παρά	παρά	
John 17:5	σοί.	P-2DS	P-2DS	4771	σύ	σοί	
John 17:6	Ἐφανέρωσά	V-AAI-1S	V-AAI-1S	5319&5656	φανερόω	Ἐφανέρωσα	
John 17:6	σου	P-2GS	P-2GS	4771	σύ	σου	
John 17:6	τὸ	T-ASN	T-ASN	3588	ὁ	τό	
John 17:6	ὄνομα	N-ASN	N-ASN	3686	ὄνομα	ὄνομα	
John 17:6	τοῖς	T-DPM	T-DPM	3588	ὁ	τοῖς	
John 17:6	ἀνθρώποις	N-DPM	N-DPM	444	ἄνθρωπος	ἀνθρώποις	
John 17:6	οὓς	R-APM	R-APM	3739	ὅς	οὕς	
John 17:6	ἔδωκάς	V-AAI-2S	V-AAI-2S	1325&5656	δίδωμι	ἔδωκας	
John 17:6	μοι	P-1DS	P-1DS	1473	ἐγώ	μοι	
John 17:6	ἐκ	PREP	PREP	1537	ἐκ	ἐκ	
John 17:6	τοῦ	T-GSM	T-GSM	3588	ὁ	τοῦ	
John 17:6	κόσμου.	N-GSM	N-GSM	2889	κόσμος	κόσμου	
John 17:6	σοὶ	S-2SNPM	S-2SNPM	4674	σός	σοί	
John 17:6	ἦσαν	V-IAI-3P	V-IAI-3P	1510&5707	εἰμί	ἦσαν	
John 17:6	κἀμοὶ	P-1DS-K	P-1DS-K	2504	κἀγώ	κἀμοί	
John 17:6	αὐτοὺς	P-APM	P-APM	846	αὐτός	αὐτούς	
John 17:6	ἔδωκας,	V-AAI-2S	V-AAI-2S	1325&5656	δίδωμι	ἔδωκας	
John 17:6	καὶ	CONJ	CONJ	2532	καί	καί	
John 17:6	τὸν	T-ASM	T-ASM	3588	ὁ	τόν	
John 17:6	λόγον	N-ASM	N-ASM	3056	λόγος	λόγον	
John 17:6	σου	P-2GS	P-2GS	4771	σύ	σου	
John 17:6	τετήρηκαν.	V-RAI-3P	V-RAI-3P	5083&5758	τηρέω	τετήρηκαν	
John 17:7	νῦν	ADV	ADV	3568	νῦν	νῦν	
John 17:7	ἔγνωκαν	V-RAI-3P	V-RAI-3P	1097&5758	γινώσκω	ἔγνωκαν	
John 17:7	ὅτι	CONJ	CONJ	3754	ὅτι	ὅτι	
John 17:7	πάντα	A-NPN	A-NPN	3956	πᾶς	πάντα	
John 17:7	ὅσα	K-APN	K-APN	3745	ὅσος	ὅσα	
John 17:7	δέδωκάς	V-RAI-2S	V-RAI-2S	1325	δίδωμι	δέδωκας	
John 17:7	μοι	P-1DS	P-1DS	1473	ἐγώ	μοι	
John 17:7	παρὰ	PREP	PREP	3844	παρά	παρά	
John 17:7	σοῦ	P-2GS	P-2GS	4771	σύ	σοῦ	
John 17:7	εἰσιν·	V-PAI-3P	V-PAI-3P	1510	εἰμί	εἰσιν	
John 17:8	ὅτι	CONJ	CONJ	3754	ὅτι	ὅτι	
John 17:8	τὰ	T-APN	T-APN	3588	ὁ	τά	
John 17:8	ῥήματα	N-APN	N-APN	4487	ῥῆμα	ῥήματα	
John 17:8	ἃ	R-APN	R-APN	3739	ὅς	ἅ	
John 17:8	ἔδωκάς	V-AAI-2S	V-AAI-2S	1325&5656	δίδωμι	ἔδωκας	
John 17:8	μοι	P-1DS	P-1DS	1473	ἐγώ	μοι	
John 17:8	δέδωκα	V-RAI-1S	V-RAI-1S	1325&5758	δίδωμι	δέδωκα	
John 17:8	αὐτοῖς,	P-DPM	P-DPM	846	αὐτός	αὐτοῖς	
John 17:8	καὶ	CONJ	CONJ	2532	καί	καί	
John 17:8	αὐτοὶ	P-NPM	P-NPM	846	αὐτός	αὐτοί	
John 17:8	ἔλαβον,	V-2AAI-3P	V-2AAI-3P	2983&5627	λαμβάνω	ἔλαβον	
John 17:8	καὶ	CONJ	CONJ	2532	καί	καί	
John 17:8	ἔγνωσαν	V-2AAI-3P	V-2AAI-3P	1097&5627	γινώσκω	ἔγνωσαν	
John 17:8	ἀληθῶς	ADV	ADV	230	ἀληθῶς	ἀληθῶς	
John 17:8	ὅτι	CONJ	CONJ	3754	ὅτι	ὅτι	
John 17:8	παρὰ	PREP	PREP	3844	παρά	παρά	
John 17:8	σοῦ	P-2GS	P-2GS	4771	σύ	σοῦ	
John 17:8	ἐξῆλθον,	V-2AAI-1S	V-2AAI-1S	1831&5627	ἐξέρχομαι	ἐξῆλθον	
John 17:8	καὶ	CONJ	CONJ	2532	καί	καί	
John 17:8	ἐπίστευσαν	V-AAI-3P	V-AAI-3P	4100&5656	πιστεύω	ἐπίστευσαν	
John 17:8	ὅτι	CONJ	CONJ	3754	ὅτι	ὅτι	
John 17:8	σύ	P-2NS	P-2NS	4771	σύ	σύ	
John 17:8	με	P-1AS	P-1AS	1473	ἐγώ	με	
John 17:8	ἀπέστειλας.	V-AAI-2S	V-AAI-2S	649&5656	ἀποστέλλω	ἀπέστειλας	
John 17:9	Ἐγὼ	P-1NS	P-1NS	1473	ἐγώ	Ἐγώ	
John 17:9	περὶ	PREP	PREP	4012	περί	περί	
John 17:9	αὐτῶν	P-GPM	P-GPM	846	αὐτός	αὐτῶν	
John 17:9	ἐρωτῶ·	V-PAI-1S	V-PAI-1S	2065&5719	ἐρωτάω	ἐρωτῶ	
John 17:9	οὐ	PRT-N	PRT-N	3756	οὐ	οὐ	
John 17:9	περὶ	PREP	PREP	4012	περί	περί	
John 17:9	τοῦ	T-GSM	T-GSM	3588	ὁ	τοῦ	
John 17:9	κόσμου	N-GSM	N-GSM	2889	κόσμος	κόσμου	
John 17:9	ἐρωτῶ,	V-PAI-1S	V-PAI-1S	2065&5719	ἐρωτάω	ἐρωτῶ	
John 17:9	ἀλλὰ	CONJ	CONJ	235	ἀλλά	ἀλλά	
John 17:9	περὶ	PREP	PREP	4012	περί	περί	
John 17:9	ὧν	R-GPM	R-GPM	3739	ὅς	ὧν	
John 17:9	δέδωκάς	V-RAI-2S	V-RAI-2S	1325&5758	δίδωμι	δέδωκας	
John 17:9	μοι,	P-1DS	P-1DS	1473	ἐγώ	μοι	
John 17:9	ὅτι	CONJ	CONJ	3754	ὅτι	ὅτι	
John 17:9	σοί	S-2SNPM	S-2SNPM	4674	σός	σοί	
John 17:9	εἰσιν,	V-PAI-3P	V-PAI-3P	1510&5719	εἰμί	εἰσιν	
John 17:10	καὶ	CONJ	CONJ	2532	καί	καί	
John 17:10	τὰ	T-NPN	T-NPN	3588	ὁ	τά	
John 17:10	ἐμὰ	S-1SNPN	S-1SNPN	1699	ἐμός	ἐμά	
John 17:10	πάντα	A-NPN	A-NPN	3956	πᾶς	πάντα	
John 17:10	σά	S-2SNPN	S-2SNPN	4674	σός	σά	
John 17:10	ἐστιν	V-PAI-3S	V-PAI-3S	1510&5719	εἰμί	ἐστιν	
John 17:10	καὶ	CONJ	CONJ	2532	καί	καί	
John 17:10	τὰ	T-NPN	T-NPN	3588	ὁ	τά	
John 17:10	σὰ	S-2SNPN	S-2SNPN	4674	σός	σά	
John 17:10	ἐμά,	S-1SNPN	S-1SNPN	1699	ἐμός	ἐμά	
John 17:10	καὶ	CONJ	CONJ	2532	καί	καί	
John 17:10	δεδόξασμαι	V-RPI-1S	V-RPI-1S	1392&5769	δοξάζω	δεδόξασμαι	
John 17:10	ἐν	PREP	PREP	1722	ἐν	ἐν	
John 17:10	αὐτοῖς.	P-DPM	P-DPM	846	αὐτός	αὐτοῖς	
John 17:11	καὶ	CONJ	CONJ	2532	καί	καί	
John 17:11	οὐκέτι	ADV-N	ADV-N	3765	οὐκέτι	οὐκέτι	
John 17:11	εἰμὶ	V-PAI-1S	V-PAI-1S	1510&5719	εἰμί	εἰμί	
John 17:11	ἐν	PREP	PREP	1722	ἐν	ἐν	
John 17:11	τῷ	T-DSM	T-DSM	3588	ὁ	τῷ	
John 17:11	κόσμῳ,	N-DSM	N-DSM	2889	κόσμος	κόσμῳ	
John 17:11	καὶ	CONJ	CONJ	2532	καί	καί	
John 17:11	αὐτοὶ	P-NPM	P-NPM	846	αὐτός	αὐτοί	
John 17:11	ἐν	PREP	PREP	1722	ἐν	ἐν	
John 17:11	τῷ	T-DSM	T-DSM	3588	ὁ	τῷ	
John 17:11	κόσμῳ	N-DSM	N-DSM	2889	κόσμος	κόσμῳ	
John 17:11	εἰσίν,	V-PAI-3P	V-PAI-3P	1510&5719	εἰμί	εἰσίν	
John 17:11	κἀγὼ	P-1NS-K	P-1NS-K	2504	κἀγώ	κἀγώ	
John 17:11	πρὸς	PREP	PREP	4314	πρός	πρός	
John 17:11	σὲ	P-2AS	P-2AS	4771	σύ	σέ	
John 17:11	ἔρχομαι.	V-PNI-1S	V-PNI-1S	2064&5736	ἔρχομαι	ἔρχομαι	
John 17:11	Πάτερ	N-VSM	N-VSM	3962	πατήρ	Πάτερ	
John 17:11	ἅγιε,	A-VSM	A-VSM	40	ἅγιος	ἅγιε	
John 17:11	τήρησον	V-AAM-2S	V-AAM-2S	5083&5657	τηρέω	τήρησον	
John 17:11	αὐτοὺς	P-APM	P-APM	846	αὐτός	αὐτούς	
John 17:11	ἐν	PREP	PREP	1722	ἐν	ἐν	
John 17:11	τῷ	T-DSN	T-DSN	3588	ὁ	τῷ	
John 17:11	ὀνόματί	N-DSN	N-DSN	3686	ὄνομα	ὀνόματι	
John 17:11	σου	P-2GS	P-2GS	4771	σύ	σου	
John 17:11	ᾧ	R-DSN	R-DSN	3739	ὅς	ᾧ	
John 17:11	δέδωκάς	V-RAI-2S	V-RAI-2S	1325&5758	δίδωμι	δέδωκας	
John 17:11	μοι,	P-1DS	P-1DS	1473	ἐγώ	μοι	
John 17:11	ἵνα	CONJ	CONJ	2443	ἵνα	ἵνα	
John 17:11	ὦσιν	V-PAS-3P	V-PAS-3P	1510&5725	εἰμί	ὦσιν	
John 17:11	ἓν	A-NSN	A-NSN	1520	εἷς	ἕν	
John 17:11	καθὼς	ADV	ADV	2531	καθώς	καθώς	
John 17:11	ἡμεῖς.	P-1NP	P-1NP	1473	ἐγώ	ἡμεῖς	
John 17:12	ὅτε	ADV	ADV	3753	ὅτε	ὅτε	
John 17:12	ἤμην	V-IMI-1S	V-IEI-1S	1510&5710	εἰμί	ἤμην	
John 17:12	μετ’	PREP	PREP	3326	μετά	μετ’	
John 17:12	αὐτῶν,	P-GPM	P-GPM	846	αὐτός	αὐτῶν	
John 17:12	ἐγὼ	P-1NS	P-1NS	1473	ἐγώ	ἐγώ	
John 17:12	ἐτήρουν	V-IAI-1S	V-IAI-1S	5083&5707	τηρέω	ἐτήρουν	
John 17:12	αὐτοὺς	P-APM	P-APM	846	αὐτός	αὐτούς	
John 17:12	ἐν	PREP	PREP	1722	ἐν	ἐν	
John 17:12	τῷ	T-DSN	T-DSN	3588	ὁ	τῷ	
John 17:12	ὀνόματί	N-DSN	N-DSN	3686	ὄνομα	ὀνόματι	
John 17:12	σου	P-2GS	P-2GS	4771	σύ	σου	
John 17:12	ᾧ	R-DSN	R-DSN	3739	ὅς	ᾧ	
John 17:12	δέδωκάς	V-RAI-2S	V-RAI-2S	1325&5758	δίδωμι	δέδωκας	
John 17:12	μοι,	P-1DS	P-1DS	1473	ἐγώ	μοι	
John 17:12	καὶ	CONJ	CONJ	2532	καί	καί	
John 17:12	ἐφύλαξα,	V-AAI-1S	V-AAI-1S	5442&5656	φυλάσσω	ἐφύλαξα	
John 17:12	καὶ	CONJ	CONJ	2532	καί	καί	
John 17:12	οὐδεὶς	A-NSM-N	A-NSM-N	3762	οὐδείς	οὐδείς	
John 17:12	ἐξ	PREP	PREP	1537	ἐκ	ἐξ	
John 17:12	αὐτῶν	P-GPM	P-GPM	846	αὐτός	αὐτῶν	
John 17:12	ἀπώλετο	V-2AMI-3S	V-2AMI-3S	622&5639	ἀπόλλυμι	ἀπώλετο	
John 17:12	εἰ	COND	COND	1487	εἰ	εἰ	
John 17:12	μὴ	PRT-N	PRT-N	3361	μή	μή	
John 17:12	ὁ	T-NSM	T-NSM	3588	ὁ	ὁ	
John 17:12	υἱὸς	N-NSM	N-NSM	5207	υἱός	υἱός	
John 17:12	τῆς	T-GSF	T-GSF	3588	ὁ	τῆς	
John 17:12	ἀπωλείας,	N-GSF	N-GSF	684	ἀπώλεια	ἀπωλείας	
John 17:12	ἵνα	CONJ	CONJ	2443	ἵνα	ἵνα	
John 17:12	ἡ	T-NSF	T-NSF	3588	ὁ	ἡ	
John 17:12	γραφὴ	N-NSF	N-NSF	1124	γραφή	γραφή	
John 17:12	πληρωθῇ.	V-APS-3S	V-APS-3S	4137&5686	πληρόω	πληρωθῇ	
John 17:13	νῦν	ADV	ADV	3568	νῦν	νῦν	
John 17:13	δὲ	CONJ	CONJ	1161	δέ	δέ	
John 17:13	πρὸς	PREP	PREP	4314	πρός	πρός	
John 17:13	σὲ	P-2AS	P-2AS	4771	σύ	σέ	
John 17:13	ἔρχομαι,	V-PNI-1S	V-PNI-1S	2064&5736	ἔρχομαι	ἔρχομαι	
John 17:13	καὶ	CONJ	CONJ	2532	καί	καί	
John 17:13	ταῦτα	D-APN	D-APN	3778	οὗτος	ταῦτα	
John 17:13	λαλῶ	V-PAI-1S	V-PAI-1S	2980&5719	λαλέω	λαλῶ	
John 17:13	ἐν	PREP	PREP	1722	ἐν	ἐν	
John 17:13	τῷ	T-DSM	T-DSM	3588	ὁ	τῷ	
John 17:13	κόσμῳ	N-DSM	N-DSM	2889	κόσμος	κόσμῳ	
John 17:13	ἵνα	CONJ	CONJ	2443	ἵνα	ἵνα	
John 17:13	ἔχωσιν	V-PAS-3P	V-PAS-3P	2192&5725	ἔχω	ἔχωσιν	
John 17:13	τὴν	T-ASF	T-ASF	3588	ὁ	τήν	
John 17:13	χαρὰν	N-ASF	N-ASF	5479	χαρά	χαράν	
John 17:13	τὴν	T-ASF	T-ASF	3588	ὁ	τήν	
John 17:13	ἐμὴν	S-1SASF	S-1SASF	1699	ἐμός	ἐμήν	
John 17:13	πεπληρωμένην	V-RPP-ASF	V-RPP-ASF	4137&5772	πληρόω	πεπληρωμένην	
John 17:13	ἐν	PREP	PREP	1722	ἐν	ἐν	
John 17:13	ἑαυτοῖς.	F-3DPM	F-3DPM	1438	ἑαυτοῦ	ἑαυτοῖς	
John 17:14	ἐγὼ	P-1NS	P-1NS	1473	ἐγώ	ἐγώ	
John 17:14	δέδωκα	V-RAI-1S	V-RAI-1S	1325&5758	δίδωμι	δέδωκα	
John 17:14	αὐτοῖς	P-DPM	P-DPM	846	αὐτός	αὐτοῖς	
John 17:14	τὸν	T-ASM	T-ASM	3588	ὁ	τόν	
John 17:14	λόγον	N-ASM	N-ASM	3056	λόγος	λόγον	
John 17:14	σου,	P-2GS	P-2GS	4771	σύ	σου	
John 17:14	καὶ	CONJ	CONJ	2532	καί	καί	
John 17:14	ὁ	T-NSM	T-NSM	3588	ὁ	ὁ	
John 17:14	κόσμος	N-NSM	N-NSM	2889	κόσμος	κόσμος	
John 17:14	ἐμίσησεν	V-AAI-3S	V-AAI-3S	3404&5656	μισέω	ἐμίσησεν	
John 17:14	αὐτούς,	P-APM	P-APM	846	αὐτός	αὐτούς	
John 17:14	ὅτι	CONJ	CONJ	3754	ὅτι	ὅτι	
John 17:14	οὐκ	PRT-N	PRT-N	3756	οὐ	οὐκ	
John 17:14	εἰσὶν	V-PAI-3P	V-PAI-3P	1510&5719	εἰμί	εἰσίν	
John 17:14	ἐκ	PREP	PREP	1537	ἐκ	ἐκ	
John 17:14	τοῦ	T-GSM	T-GSM	3588	ὁ	τοῦ	
John 17:14	κόσμου	N-GSM	N-GSM	2889	κόσμος	κόσμου	
John 17:14	καθὼς	ADV	ADV	2531	καθώς	καθώς	
John 17:14	ἐγὼ	P-1NS	P-1NS	1473	ἐγώ	ἐγώ	
John 17:14	οὐκ	PRT-N	PRT-N	3756	οὐ	οὐκ	
John 17:14	εἰμὶ	V-PAI-1S	V-PAI-1S	1510&5719	εἰμί	εἰμί	
John 17:14	ἐκ	PREP	PREP	1537	ἐκ	ἐκ	
John 17:14	τοῦ	T-GSM	T-GSM	3588	ὁ	τοῦ	
John 17:14	κόσμου.	N-GSM	N-GSM	2889	κόσμος	κόσμου	
John 17:15	οὐκ	PRT-N	PRT-N	3756	οὐ	οὐκ	
John 17:15	ἐρωτῶ	V-PAI-1S	V-PAI-1S	2065&5719	ἐρωτάω	ἐρωτῶ	
John 17:15	ἵνα	CONJ	CONJ	2443	ἵνα	ἵνα	
John 17:15	ἄρῃς	V-AAS-2S	V-AAS-2S	142&5661	αἴρω	ἄρῃς	
John 17:15	αὐτοὺς	P-APM	P-APM	846	αὐτός	αὐτούς	
John 17:15	ἐκ	PREP	PREP	1537	ἐκ	ἐκ	
John 17:15	τοῦ	T-GSM	T-GSM	3588	ὁ	τοῦ	
John 17:15	κόσμου,	N-GSM	N-GSM	2889	κόσμος	κόσμου	
John 17:15	ἀλλ’	CONJ	CONJ	235	ἀλλά	ἀλλ’	
John 17:15	ἵνα	CONJ	CONJ	2443	ἵνα	ἵνα	
John 17:15	τηρήσῃς	V-AAS-2S	V-AAS-2S	5083&5661	τηρέω	τηρήσῃς	
John 17:15	αὐτοὺς	P-APM	P-APM	846	αὐτός	αὐτούς	
John 17:15	ἐκ	PREP	PREP	1537	ἐκ	ἐκ	
John 17:15	τοῦ	T-GSM	T-GSM	3588	ὁ	τοῦ	
John 17:15	πονηροῦ.	A-GSM	A-GSM	4190	πονηρός	πονηροῦ	
John 17:16	ἐκ	PREP	PREP	1537	ἐκ	ἐκ	
John 17:16	τοῦ	T-GSM	T-GSM	3588	ὁ	τοῦ	
John 17:16	κόσμου	N-GSM	N-GSM	2889	κόσμος	κόσμου	
John 17:16	οὐκ	PRT-N	PRT-N	3756	οὐ	οὐκ	
John 17:16	εἰσὶν	V-PAI-3P	V-PAI-3P	1510&5719	εἰμί	εἰσίν	
John 17:16	καθὼς	ADV	ADV	2531	καθώς	καθώς	
John 17:16	ἐγὼ	P-1NS	P-1NS	1473	ἐγώ	ἐγώ	
John 17:16	οὐκ	PRT-N	PRT-N	3756	οὐ	οὐκ	
John 17:16	εἰμὶ	V-PAI-1S	V-PAI-1S	1510&5719	εἰμί	εἰμί	
John 17:16	ἐκ	PREP	PREP	1537	ἐκ	ἐκ	
John 17:16	τοῦ	T-GSM	T-GSM	3588	ὁ	τοῦ	
John 17:16	κόσμου.	N-GSM	N-GSM	2889	κόσμος	κόσμου	
John 17:17	ἁγίασον	V-AAM-2S	V-AAM-2S	37&5657	ἁγιάζω	ἁγίασον	
John 17:17	αὐτοὺς	P-APM	P-APM	846	αὐτός	αὐτούς	
John 17:17	ἐν	PREP	PREP	1722	ἐν	ἐν	
John 17:17	τῇ	T-DSF	T-DSF	3588	ὁ	τῇ	
John 17:17	ἀληθείᾳ·	N-DSF	N-DSF	225	ἀλήθεια	ἀληθείᾳ	
John 17:17	ὁ	T-NSM	T-NSM	3588	ὁ	ὁ	
John 17:17	λόγος	N-NSM	N-NSM	3056	λόγος	λόγος	
John 17:17	ὁ	T-NSM	T-NSM	3588	ὁ	ὁ	
John 17:17	σὸς	S-2SNSM	S-2SNSM	4674	σός	σός	
John 17:17	ἀλήθειά	N-NSF	N-NSF	225	ἀλήθεια	ἀλήθεια	
John 17:17	ἐστιν.	V-PAI-3S	V-PAI-3S	1510&5719	εἰμί	ἐστιν	
John 17:18	καθὼς	ADV	ADV	2531	καθώς	καθώς	
John 17:18	ἐμὲ	P-1AS	P-1AS	1473	ἐγώ	ἐμέ	
John 17:18	ἀπέστειλας	V-AAI-2S	V-AAI-2S	649&5656	ἀποστέλλω	ἀπέστειλας	
John 17:18	εἰς	PREP	PREP	1519	εἰς	εἰς	
John 17:18	τὸν	T-ASM	T-ASM	3588	ὁ	τόν	
John 17:18	κόσμον,	N-ASM	N-ASM	2889	κόσμος	κόσμον	
John 17:18	κἀγὼ	P-1NS-K	P-1NS-K	2504	κἀγώ	κἀγώ	
John 17:18	ἀπέστειλα	V-AAI-1S	V-AAI-1S	649&5656	ἀποστέλλω	ἀπέστειλα	
John 17:18	αὐτοὺς	P-APM	P-APM	846	αὐτός	αὐτούς	
John 17:18	εἰς	PREP	PREP	1519	εἰς	εἰς	
John 17:18	τὸν	T-ASM	T-ASM	3588	ὁ	τόν	
John 17:18	κόσμον·	N-ASM	N-ASM	2889	κόσμος	κόσμον	
John 17:19	καὶ	CONJ	CONJ	2532	καί	καί	
John 17:19	ὑπὲρ	PREP	PREP	5228	ὑπέρ	ὑπέρ	
John 17:19	αὐτῶν	P-GPM	P-GPM	846	αὐτός	αὐτῶν	
John 17:19	ἐγὼ	P-1NS	P-1NS	1473	ἐγώ	ἐγώ	
John 17:19	ἁγιάζω	V-PAI-1S	V-PAI-1S	37&5719	ἁγιάζω	ἁγιάζω	
John 17:19	ἐμαυτόν,	F-1ASM	F-1ASM	1683	ἐμαυτοῦ	ἐμαυτόν	
John 17:19	ἵνα	CONJ	CONJ	2443	ἵνα	ἵνα	
John 17:19	ὦσιν	V-PAS-3P	V-PAS-3P	1510&5725	εἰμί	ὦσιν	
John 17:19	καὶ	CONJ	CONJ	2532	καί	καί	
John 17:19	αὐτοὶ	P-NPM	P-NPM	846	αὐτός	αὐτοί	
John 17:19	ἡγιασμένοι	V-RPP-NPM	V-RPP-NPM	37&5772	ἁγιάζω	ἡγιασμένοι	
John 17:19	ἐν	PREP	PREP	1722	ἐν	ἐν	
John 17:19	ἀληθείᾳ.	N-DSF	N-DSF	225	ἀλήθεια	ἀληθείᾳ	
John 17:20	Οὐ	PRT-N	PRT-N	3756	οὐ	Οὐ	
John 17:20	περὶ	PREP	PREP	4012	περί	περί	
John 17:20	τούτων	D-GPM	D-GPM	3778	οὗτος	τούτων	
John 17:20	δὲ	CONJ	CONJ	1161	δέ	δέ	
John 17:20	ἐρωτῶ	V-PAI-1S	V-PAI-1S	2065&5719	ἐρωτάω	ἐρωτῶ	
John 17:20	μόνον,	ADV	ADV	3440	μόνος	μόνον	
John 17:20	ἀλλὰ	CONJ	CONJ	235	ἀλλά	ἀλλά	
John 17:20	καὶ	CONJ	CONJ	2532	καί	καί	
John 17:20	περὶ	PREP	PREP	4012	περί	περί	
John 17:20	τῶν	T-GPM	T-GPM	3588	ὁ	τῶν	
John 17:20	πιστευόντων	V-PAP-GPM	V-PAP-GPM	4100&5723	πιστεύω	πιστευόντων	
John 17:20	διὰ	PREP	PREP	1223	διά	διά	
John 17:20	τοῦ	T-GSM	T-GSM	3588	ὁ	τοῦ	
John 17:20	λόγου	N-GSM	N-GSM	3056	λόγος	λόγου	
John 17:20	αὐτῶν	P-GPM	P-GPM	846	αὐτός	αὐτῶν	
John 17:20	εἰς	PREP	PREP	1519	εἰς	εἰς	
John 17:20	ἐμέ,	P-1AS	P-1AS	1473	ἐγώ	ἐμέ	
John 17:21	ἵνα	CONJ	CONJ	2443	ἵνα	ἵνα	
John 17:21	πάντες	A-NPM	A-NPM	3956	πᾶς	πάντες	
John 17:21	ἓν	A-NSN	A-NSN	1520	εἷς	ἕν	
John 17:21	ὦσιν,	V-PAS-3P	V-PAS-3P	1510&5725	εἰμί	ὦσιν	
John 17:21	καθὼς	ADV	ADV	2531	καθώς	καθώς	
John 17:21	σύ,	P-2NS	P-2NS	4771	σύ	σύ	
John 17:21	Πατήρ,	N-NSM	N-NSM	3962	πατήρ	Πατήρ	
John 17:21	ἐν	PREP	PREP	1722	ἐν	ἐν	
John 17:21	ἐμοὶ	P-1DS	P-1DS	1473	ἐγώ	ἐμοί	
John 17:21	κἀγὼ	P-1NS-K	P-1NS-K	2504	κἀγώ	κἀγώ	
John 17:21	ἐν	PREP	PREP	1722	ἐν	ἐν	
John 17:21	σοί,	P-2DS	P-2DS	4771	σύ	σοί	
John 17:21	ἵνα	CONJ	CONJ	2443	ἵνα	ἵνα	
John 17:21	καὶ	CONJ	CONJ	2532	καί	καί	
John 17:21	αὐτοὶ	P-NPM	P-NPM	846	αὐτός	αὐτοί	
John 17:21	ἐν	PREP	PREP	1722	ἐν	ἐν	
John 17:21	ἡμῖν	P-1DP	P-1DP	1473	ἐγώ	ἡμῖν	
John 17:21	ὦσιν,	V-PAS-3P	V-PAS-3P	1510&5725	εἰμί	ὦσιν	
John 17:21	ἵνα	CONJ	CONJ	2443	ἵνα	ἵνα	
John 17:21	ὁ	T-NSM	T-NSM	3588	ὁ	ὁ	
John 17:21	κόσμος	N-NSM	N-NSM	2889	κόσμος	κόσμος	
John 17:21	πιστεύῃ	V-PAS-3S	V-PAS-3S	4100&5725	πιστεύω	πιστεύῃ	
John 17:21	ὅτι	CONJ	CONJ	3754	ὅτι	ὅτι	
John 17:21	σύ	P-2NS	P-2NS	4771	σύ	σύ	
John 17:21	με	P-1AS	P-1AS	1473	ἐγώ	με	
John 17:21	ἀπέστειλας.	V-AAI-2S	V-AAI-2S	649&5656	ἀποστέλλω	ἀπέστειλας	
John 17:22	κἀγὼ	P-1NS-K	P-1NS-K	2504	κἀγώ	κἀγώ	
John 17:22	τὴν	T-ASF	T-ASF	3588	ὁ	τήν	
John 17:22	δόξαν	N-ASF	N-ASF	1391	δόξα	δόξαν	
John 17:22	ἣν	R-ASF	R-ASF	3739	ὅς	ἥν	
John 17:22	δέδωκάς	V-RAI-2S	V-RAI-2S	1325&5758	δίδωμι	δέδωκας	
John 17:22	μοι	P-1DS	P-1DS	1473	ἐγώ	μοι	
John 17:22	δέδωκα	V-RAI-1S	V-RAI-1S	1325&5758	δίδωμι	δέδωκα	
John 17:22	αὐτοῖς,	P-DPM	P-DPM	846	αὐτός	αὐτοῖς	
John 17:22	ἵνα	CONJ	CONJ	2443	ἵνα	ἵνα	
John 17:22	ὦσιν	V-PAS-3P	V-PAS-3P	1510&5725	εἰμί	ὦσιν	
John 17:22	ἓν	A-NSN	A-NSN	1520	εἷς	ἕν	
John 17:22	καθὼς	ADV	ADV	2531	καθώς	καθώς	
John 17:22	ἡμεῖς	P-1NP	P-1NP	1473	ἐγώ	ἡμεῖς	
John 17:22	ἕν·	A-NSN	A-NSN	1520	εἷς	ἕν	
John 17:23	ἐγὼ	P-1NS	P-1NS	1473	ἐγώ	ἐγώ	
John 17:23	ἐν	PREP	PREP	1722	ἐν	ἐν	
John 17:23	αὐτοῖς	P-DPM	P-DPM	846	αὐτός	αὐτοῖς	
John 17:23	καὶ	CONJ	CONJ	2532	καί	καί	
John 17:23	σὺ	P-2NS	P-2NS	4771	σύ	σύ	
John 17:23	ἐν	PREP	PREP	1722	ἐν	ἐν	
John 17:23	ἐμοί,	P-1DS	P-1DS	1473	ἐγώ	ἐμοί	
John 17:23	ἵνα	CONJ	CONJ	2443	ἵνα	ἵνα	
John 17:23	ὦσιν	V-PAS-3P	V-PAS-3P	1510&5725	εἰμί	ὦσιν	
John 17:23	τετελειωμένοι	V-RPP-NPM	V-RPP-NPM	5048&5772	τελειόω	τετελειωμένοι	
John 17:23	εἰς	PREP	PREP	1519	εἰς	εἰς	
John 17:23	ἕν,	A-ASN	A-ASN	1520	εἷς	ἕν	
John 17:23	ἵνα	CONJ	CONJ	2443	ἵνα	ἵνα	
John 17:23	γινώσκῃ	V-PAS-3S	V-PAS-3S	1097&5725	γινώσκω	γινώσκῃ	
John 17:23	ὁ	T-NSM	T-NSM	3588	ὁ	ὁ	
John 17:23	κόσμος	N-NSM	N-NSM	2889	κόσμος	κόσμος	
John 17:23	ὅτι	CONJ	CONJ	3754	ὅτι	ὅτι	
John 17:23	σύ	P-2NS	P-2NS	4771	σύ	σύ	
John 17:23	με	P-1AS	P-1AS	1473	ἐγώ	με	
John 17:23	ἀπέστειλας	V-AAI-2S	V-AAI-2S	649&5656	ἀποστέλλω	ἀπέστειλας	
John 17:23	καὶ	CONJ	CONJ	2532	καί	καί	
John 17:23	ἠγάπησας	V-AAI-2S	V-AAI-2S	25&5656	ἀγαπάω	ἠγάπησας	
John 17:23	αὐτοὺς	P-APM	P-APM	846	αὐτός	αὐτούς	
John 17:23	καθὼς	ADV	ADV	2531	καθώς	καθώς	
John 17:23	ἐμὲ	P-1AS	P-1AS	1473	ἐγώ	ἐμέ	
John 17:23	ἠγάπησας.	V-AAI-2S	V-AAI-2S	25&5656	ἀγαπάω	ἠγάπησας	
John 17:24	Πατήρ,	N-NSM	N-NSM	3962	πατήρ	Πατήρ	
John 17:24	ὃ	R-ASN	R-ASN	3739	ὅς	ὅ	
John 17:24	δέδωκάς	V-RAI-2S	V-RAI-2S	1325&5758	δίδωμι	δέδωκας	
John 17:24	μοι,	P-1DS	P-1DS	1473	ἐγώ	μοι	
John 17:24	θέλω	V-PAI-1S	V-PAI-1S	2309&5719	θέλω	θέλω	
John 17:24	ἵνα	CONJ	CONJ	2443	ἵνα	ἵνα	
John 17:24	ὅπου	ADV	ADV	3699	ὅπου	ὅπου	
John 17:24	εἰμὶ	V-PAI-1S	V-PAI-1S	1510&5719	εἰμί	εἰμί	
John 17:24	ἐγὼ	P-1NS	P-1NS	1473	ἐγώ	ἐγώ	
John 17:24	κἀκεῖνοι	D-NPM-K	D-NPM-K	2548	κἀκεῖνος	κἀκεῖνοι	
John 17:24	ὦσιν	V-PAS-3P	V-PAS-3P	1510&5725	εἰμί	ὦσιν	
John 17:24	μετ’	PREP	PREP	3326	μετά	μετ’	
John 17:24	ἐμοῦ,	P-1GS	P-1GS	1473	ἐγώ	ἐμοῦ	
John 17:24	ἵνα	CONJ	CONJ	2443	ἵνα	ἵνα	
John 17:24	θεωρῶσιν	V-PAS-3P	V-PAS-3P	2334&5725	θεωρέω	θεωρῶσιν	
John 17:24	τὴν	T-ASF	T-ASF	3588	ὁ	τήν	
John 17:24	δόξαν	N-ASF	N-ASF	1391	δόξα	δόξαν	
John 17:24	τὴν	T-ASF	T-ASF	3588	ὁ	τήν	
John 17:24	ἐμὴν,	S-1SASF	S-1SASF	1699	ἐμός	ἐμήν	
John 17:24	ἣν	R-ASF	R-ASF	3739	ὅς	ἥν	
John 17:24	δέδωκάς	V-RAI-2S	V-RAI-2S	1325&5758	δίδωμι	δέδωκας	
John 17:24	μοι	P-1DS	P-1DS	1473	ἐγώ	μοι	
John 17:24	ὅτι	CONJ	CONJ	3754	ὅτι	ὅτι	
John 17:24	ἠγάπησάς	V-AAI-2S	V-AAI-2S	25&5656	ἀγαπάω	ἠγάπησας	
John 17:24	με	P-1AS	P-1AS	1473	ἐγώ	με	
John 17:24	πρὸ	PREP	PREP	4253	πρό	πρό	
John 17:24	καταβολῆς	N-GSF	N-GSF	2602	καταβολή	καταβολῆς	
John 17:24	κόσμου.	N-GSM	N-GSM	2889	κόσμος	κόσμου	
John 17:25	Πατὴρ	N-NSM	N-NSM	3962	πατήρ	Πατήρ	
John 17:25	δίκαιε,	A-VSM	A-VSM	1342	δίκαιος	δίκαιε	
John 17:25	καὶ	CONJ	CONJ	2532	καί	καί	
John 17:25	ὁ	T-NSM	T-NSM	3588	ὁ	ὁ	
John 17:25	κόσμος	N-NSM	N-NSM	2889	κόσμος	κόσμος	
John 17:25	σε	P-2AS	P-2AS	4771	σύ	σε	
John 17:25	οὐκ	PRT-N	PRT-N	3756	οὐ	οὐκ	
John 17:25	ἔγνω,	V-2AAI-3S	V-2AAI-3S	1097&5627	γινώσκω	ἔγνω	
John 17:25	ἐγὼ	P-1NS	P-1NS	1473	ἐγώ	ἐγώ	
John 17:25	δέ	CONJ	CONJ	1161	δέ	δέ	
John 17:25	σε	P-2AS	P-2AS	4771	σύ	σε	
John 17:25	ἔγνων,	V-2AAI-1S	V-2AAI-1S	1097&5627	γινώσκω	ἔγνων	
John 17:25	καὶ	CONJ	CONJ	2532	καί	καί	
John 17:25	οὗτοι	D-NPM	D-NPM	3778	οὗτος	οὗτοι	
John 17:25	ἔγνωσαν	V-2AAI-3P	V-2AAI-3P	1097&5627	γινώσκω	ἔγνωσαν	
John 17:25	ὅτι	CONJ	CONJ	3754	ὅτι	ὅτι	
John 17:25	σύ	P-2NS	P-2NS	4771	σύ	σύ	
John 17:25	με	P-1AS	P-1AS	1473	ἐγώ	με	
John 17:25	ἀπέστειλας·	V-AAI-2S	V-AAI-2S	649&5656	ἀποστέλλω	ἀπέστειλας	
John 17:26	καὶ	CONJ	CONJ	2532	καί	καί	
John 17:26	ἐγνώρισα	V-AAI-1S	V-AAI-1S	1107&5656	γνωρίζω	ἐγνώρισα	
John 17:26	αὐτοῖς	P-DPM	P-DPM	846	αὐτός	αὐτοῖς	
John 17:26	τὸ	T-ASN	T-ASN	3588	ὁ	τό	
John 17:26	ὄνομά	N-ASN	N-ASN	3686	ὄνομα	ὄνομα	
John 17:26	σου	P-2GS	P-2GS	4771	σύ	σου	
John 17:26	καὶ	CONJ	CONJ	2532	καί	καί	
John 17:26	γνωρίσω,	V-FAI-1S	V-FAI-1S	1107&5692	γνωρίζω	γνωρίσω	
John 17:26	ἵνα	CONJ	CONJ	2443	ἵνα	ἵνα	
John 17:26	ἡ	T-NSF	T-NSF	3588	ὁ	ἡ	
John 17:26	ἀγάπη	N-NSF	N-NSF	26	ἀγάπη	ἀγάπη	
John 17:26	ἣν	R-ASF	R-ASF	3739	ὅς	ἥν	
John 17:26	ἠγάπησάς	V-AAI-2S	V-AAI-2S	25&5656	ἀγαπάω	ἠγάπησας	
John 17:26	με	P-1AS	P-1AS	1473	ἐγώ	με	
John 17:26	ἐν	PREP	PREP	1722	ἐν	ἐν	
John 17:26	αὐτοῖς	P-DPM	P-DPM	846	αὐτός	αὐτοῖς	
John 17:26	ᾖ	V-PAS-3S	V-PAS-3S	1510&5725	εἰμί	ᾖ	
John 17:26	κἀγὼ	P-1NS-K	P-1NS-K	2504	κἀγώ	κἀγώ	
John 17:26	ἐν	PREP	PREP	1722	ἐν	ἐν	
John 17:26	αὐτοῖς.	P-DPM	P-DPM	846	αὐτός	αὐτοῖς	
John 18:1	Ταῦτα	D-APN	D-APN	3778	οὗτος	Ταῦτα	
John 18:1	εἰπὼν	V-2AAP-NSM	V-2AAP-NSM	3004&5631	λέγω	εἰπών	
John 18:1	Ἰησοῦς	N-NSM	N-NSM	2424	Ἰησοῦς	Ἰησοῦς	
John 18:1	ἐξῆλθεν	V-2AAI-3S	V-2AAI-3S	1831&5627	ἐξέρχομαι	ἐξῆλθεν	
John 18:1	σὺν	PREP	PREP	4862	σύν	σύν	
John 18:1	τοῖς	T-DPM	T-DPM	3588	ὁ	τοῖς	
John 18:1	μαθηταῖς	N-DPM	N-DPM	3101	μαθητής	μαθηταῖς	
John 18:1	αὐτοῦ	P-GSM	P-GSM	846	αὐτός	αὐτοῦ	
John 18:1	πέραν	ADV	ADV	4008	πέραν	πέραν	
John 18:1	τοῦ	T-GSM	T-GSM	3588	ὁ	τοῦ	
John 18:1	χειμάρρου	N-GSM	N-GSM	5493	χείμαρρος	χειμάρρου	
John 18:1	τῶν	T-GPM	T-GPM	3588	ὁ	τῶν	
John 18:1	Κέδρων,	N-PRI	N-PRI	2748	Κεδρών	Κέδρων	
John 18:1	ὅπου	ADV	ADV	3699	ὅπου	ὅπου	
John 18:1	ἦν	V-IAI-3S	V-IAI-3S	1510&5707	εἰμί	ἦν	
John 18:1	κῆπος,	N-NSM	N-NSM	2779	κῆπος	κῆπος	
John 18:1	εἰς	PREP	PREP	1519	εἰς	εἰς	
John 18:1	ὃν	R-ASM	R-ASM	3739	ὅς	ὅν	
John 18:1	εἰσῆλθεν	V-2AAI-3S	V-2AAI-3S	1525&5627	εἰσέρχομαι	εἰσῆλθεν	
John 18:1	αὐτὸς	P-NSM	P-NSM	846	αὐτός	αὐτός	
John 18:1	καὶ	CONJ	CONJ	2532	καί	καί	
John 18:1	οἱ	T-NPM	T-NPM	3588	ὁ	οἱ	
John 18:1	μαθηταὶ	N-NPM	N-NPM	3101	μαθητής	μαθηταί	
John 18:1	αὐτοῦ.	P-GSM	P-GSM	846	αὐτός	αὐτοῦ	
John 18:2	ᾔδει	V-2LAI-3S	V-2LAI-3S	1492&5714	οἶδα	ᾔδει	
John 18:2	δὲ	CONJ	CONJ	1161	δέ	δέ	
John 18:2	καὶ	CONJ	CONJ	2532	καί	καί	
John 18:2	Ἰούδας	N-NSM	N-NSM	2455	Ἰούδας	Ἰούδας	
John 18:2	ὁ	T-NSM	T-NSM	3588	ὁ	ὁ	
John 18:2	παραδιδοὺς	V-PAP-NSM	V-PAP-NSM	3860&5723	παραδίδωμι	παραδιδούς	
John 18:2	αὐτὸν	P-ASM	P-ASM	846	αὐτός	αὐτόν	
John 18:2	τὸν	T-ASM	T-ASM	3588	ὁ	τόν	
John 18:2	τόπον,	N-ASM	N-ASM	5117	τόπος	τόπον	
John 18:2	ὅτι	CONJ	CONJ	3754	ὅτι	ὅτι	
John 18:2	πολλάκις	ADV	ADV	4178	πολλάκις	πολλάκις	
John 18:2	συνήχθη	V-API-3S	V-API-3S	4863&5681	συνάγω	συνήχθη	
John 18:2	Ἰησοῦς	N-NSM	N-NSM	2424	Ἰησοῦς	Ἰησοῦς	
John 18:2	ἐκεῖ	ADV	ADV	1563	ἐκεῖ	ἐκεῖ	
John 18:2	μετὰ	PREP	PREP	3326	μετά	μετά	
John 18:2	τῶν	T-GPM	T-GPM	3588	ὁ	τῶν	
John 18:2	μαθητῶν	N-GPM	N-GPM	3101	μαθητής	μαθητῶν	
John 18:2	αὐτοῦ.	P-GSM	P-GSM	846	αὐτός	αὐτοῦ	
John 18:3	ὁ	T-NSM	T-NSM	3588	ὁ	ὁ	
John 18:3	οὖν	CONJ	CONJ	3767	οὖν	οὖν	
John 18:3	Ἰούδας	N-NSM	N-NSM	2455	Ἰούδας	Ἰούδας	
John 18:3	λαβὼν	V-2AAP-NSM	V-2AAP-NSM	2983&5631	λαμβάνω	λαβών	
John 18:3	τὴν	T-ASF	T-ASF	3588	ὁ	τήν	
John 18:3	σπεῖραν	N-ASF	N-ASF	4686	σπεῖρα	σπεῖραν	
John 18:3	καὶ	CONJ	CONJ	2532	καί	καί	
John 18:3	ἐκ	PREP	PREP	1537	ἐκ	ἐκ	
John 18:3	τῶν	T-GPM	T-GPM	3588	ὁ	τῶν	
John 18:3	ἀρχιερέων	N-GPM	N-GPM	749	ἀρχιερεύς	ἀρχιερέων	
John 18:3	καὶ	CONJ	CONJ	2532	καί	καί	
John 18:3	ἐκ	PREP	PREP	1537	ἐκ	ἐκ	
John 18:3	τῶν	T-GPM	T-GPM	3588	ὁ	τῶν	
John 18:3	Φαρισαίων	N-GPM	N-GPM	5330	Φαρισαῖος	Φαρισαίων	
John 18:3	ὑπηρέτας	N-APM	N-APM	5257	ὑπηρέτης	ὑπηρέτας	
John 18:3	ἔρχεται	V-PNI-3S	V-PNI-3S	2064&5736	ἔρχομαι	ἔρχεται	
John 18:3	ἐκεῖ	ADV	ADV	1563	ἐκεῖ	ἐκεῖ	
John 18:3	μετὰ	PREP	PREP	3326	μετά	μετά	
John 18:3	φανῶν	N-GPM	N-GPM	5322	φανός	φανῶν	
John 18:3	καὶ	CONJ	CONJ	2532	καί	καί	
John 18:3	λαμπάδων	N-GPF	N-GPF	2985	λαμπάς	λαμπάδων	
John 18:3	καὶ	CONJ	CONJ	2532	καί	καί	
John 18:3	ὅπλων.	N-GPN	N-GPN	3696	ὅπλον	ὅπλων	
John 18:4	Ἰησοῦς	N-NSM	N-NSM	2424	Ἰησοῦς	Ἰησοῦς	
John 18:4	οὖν	CONJ	CONJ	3767	οὖν	οὖν	
John 18:4	εἰδὼς	V-RAP-NSM	V-RAP-NSM	1492&5761	οἶδα	εἰδώς	
John 18:4	πάντα	A-APN	A-APN	3956	πᾶς	πάντα	
John 18:4	τὰ	T-APN	T-APN	3588	ὁ	τά	
John 18:4	ἐρχόμενα	V-PNP-APN	V-PNP-APN	2064&5740	ἔρχομαι	ἐρχόμενα	
John 18:4	ἐπ’	PREP	PREP	1909	ἐπί	ἐπ’	
John 18:4	αὐτὸν	P-ASM	P-ASM	846	αὐτός	αὐτόν	
John 18:4	ἐξῆλθεν	V-2AAI-3S	V-2AAI-3S	1831&5627	ἐξέρχομαι	ἐξῆλθεν	
John 18:4	καὶ	CONJ	CONJ	2532	καί	καί	
John 18:4	λέγει	V-PAI-3S	V-PAI-3S	3004&5719	λέγω	λέγει	
John 18:4	αὐτοῖς	P-DPM	P-DPM	846	αὐτός	αὐτοῖς	
John 18:4	Τίνα	I-ASM	I-ASM	5101	τίς	Τίνα	
John 18:4	ζητεῖτε;	V-PAI-2P	V-PAI-2P	2212&5719	ζητέω	ζητεῖτε	
John 18:5	ἀπεκρίθησαν	V-ADI-3P	V-ADI-3P	611&5662	ἀποκρίνομαι	ἀπεκρίθησαν	
John 18:5	αὐτῷ	P-DSM	P-DSM	846	αὐτός	αὐτῷ	
John 18:5	Ἰησοῦν	N-ASM	N-ASM	2424	Ἰησοῦς	Ἰησοῦν	
John 18:5	τὸν	T-ASM	T-ASM	3588	ὁ	τόν	
John 18:5	Ναζωραῖον.	N-ASM	N-ASM	3480	Ναζωραῖος	Ναζωραῖον	
John 18:5	λέγει	V-PAI-3S	V-PAI-3S	3004&5719	λέγω	λέγει	
John 18:5	αὐτοῖς	P-DPM	P-DPM	846	αὐτός	αὐτοῖς	
John 18:5	Ἐγώ	P-1NS	P-1NS	1473	ἐγώ	Ἐγώ	
John 18:5	εἰμι.	V-PAI-1S	V-PAI-1S	1510&5719	εἰμί	εἰμι	
John 18:5	εἱστήκει	V-LAI-3S	V-LAI-3S	2476&5715	ἵστημι	εἱστήκει	
John 18:5	δὲ	CONJ	CONJ	1161	δέ	δέ	
John 18:5	καὶ	CONJ	CONJ	2532	καί	καί	
John 18:5	Ἰούδας	N-NSM	N-NSM	2455	Ἰούδας	Ἰούδας	
John 18:5	ὁ	T-NSM	T-NSM	3588	ὁ	ὁ	
John 18:5	παραδιδοὺς	V-PAP-NSM	V-PAP-NSM	3860&5723	παραδίδωμι	παραδιδούς	
John 18:5	αὐτὸν	P-ASM	P-ASM	846	αὐτός	αὐτόν	
John 18:5	μετ’	PREP	PREP	3326	μετά	μετ’	
John 18:5	αὐτῶν.	P-GPM	P-GPM	846	αὐτός	αὐτῶν	
John 18:6	ὡς	ADV	ADV	5613	ὡς	ὡς	
John 18:6	οὖν	CONJ	CONJ	3767	οὖν	οὖν	
John 18:6	εἶπεν	V-2AAI-3S	V-2AAI-3S	3004&5627	λέγω	εἶπεν	
John 18:6	αὐτοῖς	P-DPM	P-DPM	846	αὐτός	αὐτοῖς	
John 18:6	Ἐγώ	P-1NS	P-1NS	1473	ἐγώ	Ἐγώ	
John 18:6	εἰμι,	V-PAI-1S	V-PAI-1S	1510&5719	εἰμί	εἰμι	
John 18:6	ἀπῆλθαν	V-2AAI-3P	V-2AAI-3P	565&5627	ἀπέρχομαι	ἀπῆλθαν	
John 18:6	εἰς	PREP	PREP	1519	εἰς	εἰς	
John 18:6	τὰ	T-APN	T-APN	3588	ὁ	τά	
John 18:6	ὀπίσω	ADV	ADV	3694	ὀπίσω	ὀπίσω	
John 18:6	καὶ	CONJ	CONJ	2532	καί	καί	
John 18:6	ἔπεσαν	V-2AAI-3P	V-2AAI-3P	4098&5627	πίπτω	ἔπεσαν	
John 18:6	χαμαί.	ADV	ADV	5476	χαμαί	χαμαί	
John 18:7	πάλιν	ADV	ADV	3825	πάλιν	πάλιν	
John 18:7	οὖν	CONJ	CONJ	3767	οὖν	οὖν	
John 18:7	ἐπηρώτησεν	V-AAI-3S	V-AAI-3S	1905&5656	ἐπερωτάω	ἐπηρώτησεν	
John 18:7	αὐτούς	P-APM	P-APM	846	αὐτός	αὐτούς	
John 18:7	Τίνα	I-ASM	I-ASM	5101	τίς	Τίνα	
John 18:7	ζητεῖτε;	V-PAI-2P	V-PAI-2P	2212&5719	ζητέω	ζητεῖτε	
John 18:7	οἱ	T-NPM	T-NPM	3588	ὁ	οἱ	
John 18:7	δὲ	CONJ	CONJ	1161	δέ	δέ	
John 18:7	εἶπαν	V-2AAI-3P	V-2AAI-3P	3004&5627	λέγω	εἶπαν	
John 18:7	Ἰησοῦν	N-ASM	N-ASM	2424	Ἰησοῦς	Ἰησοῦν	
John 18:7	τὸν	T-ASM	T-ASM	3588	ὁ	τόν	
John 18:7	Ναζωραῖον.	N-ASM	N-ASM	3480	Ναζωραῖος	Ναζωραῖον	
John 18:8	ἀπεκρίθη	V-ADI-3S	V-ADI-3S	611&5662	ἀποκρίνομαι	ἀπεκρίθη	
John 18:8	Ἰησοῦς	N-NSM	N-NSM	2424	Ἰησοῦς	Ἰησοῦς	
John 18:8	Εἶπον	V-2AAI-1S	V-2AAI-1S	3004&5627	λέγω	Εἶπον	
John 18:8	ὑμῖν	P-2DP	P-2DP	4771	σύ	ὑμῖν	
John 18:8	ὅτι	CONJ	CONJ	3754	ὅτι	ὅτι	
John 18:8	ἐγώ	P-1NS	P-1NS	1473	ἐγώ	ἐγώ	
John 18:8	εἰμι·	V-PAI-1S	V-PAI-1S	1510&5719	εἰμί	εἰμι	
John 18:8	εἰ	COND	COND	1487	εἰ	εἰ	
John 18:8	οὖν	CONJ	CONJ	3767	οὖν	οὖν	
John 18:8	ἐμὲ	P-1AS	P-1AS	1473	ἐγώ	ἐμέ	
John 18:8	ζητεῖτε,	V-PAI-2P	V-PAI-2P	2212&5719	ζητέω	ζητεῖτε	
John 18:8	ἄφετε	V-2AAM-2P	V-2AAM-2P	863&5628	ἀφίημι	ἄφετε	
John 18:8	τούτους	D-APM	D-APM	3778	οὗτος	τούτους	
John 18:8	ὑπάγειν·	V-PAN	V-PAN	5217&5721	ὑπάγω	ὑπάγειν	
John 18:9	ἵνα	CONJ	CONJ	2443	ἵνα	ἵνα	
John 18:9	πληρωθῇ	V-APS-3S	V-APS-3S	4137&5686	πληρόω	πληρωθῇ	
John 18:9	ὁ	T-NSM	T-NSM	3588	ὁ	ὁ	
John 18:9	λόγος	N-NSM	N-NSM	3056	λόγος	λόγος	
John 18:9	ὃν	R-ASM	R-ASM	3739	ὅς	ὅν	
John 18:9	εἶπεν,	V-2AAI-3S	V-2AAI-3S	3004&5627	λέγω	εἶπεν	
John 18:9	ὅτι	CONJ	CONJ	3754	ὅτι	ὅτι	
John 18:9	Οὓς	R-APM	R-APM	3739	ὅς	Οὕς	
John 18:9	δέδωκάς	V-RAI-2S	V-RAI-2S	1325&5758	δίδωμι	δέδωκας	
John 18:9	μοι,	P-1DS	P-1DS	1473	ἐγώ	μοι	
John 18:9	οὐκ	PRT-N	PRT-N	3756	οὐ	οὐκ	
John 18:9	ἀπώλεσα	V-AAI-1S	V-AAI-1S	622&5656	ἀπόλλυμι	ἀπώλεσα	
John 18:9	ἐξ	PREP	PREP	1537	ἐκ	ἐξ	
John 18:9	αὐτῶν	P-GPM	P-GPM	846	αὐτός	αὐτῶν	
John 18:9	οὐδένα.	A-ASM-N	A-ASM-N	3762	οὐδείς	οὐδένα	
John 18:10	Σίμων	N-NSM	N-NSM	4613	Σίμων	Σίμων	
John 18:10	οὖν	CONJ	CONJ	3767	οὖν	οὖν	
John 18:10	Πέτρος	N-NSM	N-NSM	4074	Πέτρος	Πέτρος	
John 18:10	ἔχων	V-PAP-NSM	V-PAP-NSM	2192&5723	ἔχω	ἔχων	
John 18:10	μάχαιραν	N-ASF	N-ASF	3162	μάχαιρα	μάχαιραν	
John 18:10	εἵλκυσεν	V-AAI-3S	V-AAI-3S	1670&5656	ἕλκω	εἵλκυσεν	
John 18:10	αὐτὴν	P-ASF	P-ASF	846	αὐτός	αὐτήν	
John 18:10	καὶ	CONJ	CONJ	2532	καί	καί	
John 18:10	ἔπαισεν	V-AAI-3S	V-AAI-3S	3817&5656	παίω	ἔπαισεν	
John 18:10	τὸν	T-ASM	T-ASM	3588	ὁ	τόν	
John 18:10	τοῦ	T-GSM	T-GSM	3588	ὁ	τοῦ	
John 18:10	ἀρχιερέως	N-GSM	N-GSM	749	ἀρχιερεύς	ἀρχιερέως	
John 18:10	δοῦλον	N-ASM	N-ASM	1401	δοῦλος (II)	δοῦλον	
John 18:10	καὶ	CONJ	CONJ	2532	καί	καί	
John 18:10	ἀπέκοψεν	V-AAI-3S	V-AAI-3S	609&5656	ἀποκόπτω	ἀπέκοψεν	
John 18:10	αὐτοῦ	P-GSM	P-GSM	846	αὐτός	αὐτοῦ	
John 18:10	τὸ	T-ASN	T-ASN	3588	ὁ	τό	
John 18:10	ὠτάριον	N-ASN	N-ASN	05621	ὠτάριον	ὠτάριον	
John 18:10	τὸ	T-ASN	T-ASN	3588	ὁ	τό	
John 18:10	δεξιόν.	A-ASN	A-ASN	1188	δεξιός	δεξιόν	
John 18:10	ἦν	V-IAI-3S	V-IAI-3S	1510&5707	εἰμί	ἦν	
John 18:10	δὲ	CONJ	CONJ	1161	δέ	δέ	
John 18:10	ὄνομα	N-NSN	N-NSN	3686	ὄνομα	ὄνομα	
John 18:10	τῷ	T-DSM	T-DSM	3588	ὁ	τῷ	
John 18:10	δούλῳ	N-DSM	N-DSM	1401	δοῦλος (II)	δούλῳ	
John 18:10	Μάλχος.	N-NSM	N-NSM	3124	Μάλχος	Μάλχος	
John 18:11	εἶπεν	V-2AAI-3S	V-2AAI-3S	3004&5627	λέγω	εἶπεν	
John 18:11	οὖν	CONJ	CONJ	3767	οὖν	οὖν	
John 18:11	ὁ	T-NSM	T-NSM	3588	ὁ	ὁ	
John 18:11	Ἰησοῦς	N-NSM	N-NSM	2424	Ἰησοῦς	Ἰησοῦς	
John 18:11	τῷ	T-DSM	T-DSM	3588	ὁ	τῷ	
John 18:11	Πέτρῳ	N-DSM	N-DSM	4074	Πέτρος	Πέτρῳ	
John 18:11	Βάλε	V-2AAM-2S	V-2AAM-2S	906&5628	βάλλω	Βάλε	
John 18:11	τὴν	T-ASF	T-ASF	3588	ὁ	τήν	
John 18:11	μάχαιραν	N-ASF	N-ASF	3162	μάχαιρα	μάχαιραν	
John 18:11	εἰς	PREP	PREP	1519	εἰς	εἰς	
John 18:11	τὴν	T-ASF	T-ASF	3588	ὁ	τήν	
John 18:11	θήκην·	N-ASF	N-ASF	2336	θήκη	θήκην	
John 18:11	τὸ	T-ASN	T-ASN	3588	ὁ	τό	
John 18:11	ποτήριον	N-ASN	N-ASN	4221	ποτήριον	ποτήριον	
John 18:11	ὃ	R-ASN	R-ASN	3739	ὅς	ὅ	
John 18:11	δέδωκέν	V-RAI-3S	V-RAI-3S	1325&5758	δίδωμι	δέδωκεν	
John 18:11	μοι	P-1DS	P-1DS	1473	ἐγώ	μοι	
John 18:11	ὁ	T-NSM	T-NSM	3588	ὁ	ὁ	
John 18:11	Πατήρ,	N-NSM	N-NSM	3962	πατήρ	Πατήρ	
John 18:11	οὐ	PRT-N	PRT-N	3756	οὐ	οὐ	
John 18:11	μὴ	PRT-N	PRT-N	3361	μή	μή	
John 18:11	πίω	V-2AAS-1S	V-2AAS-1S	4095&5632	πίνω	πίω	
John 18:11	αὐτό;	P-ASN	P-ASN	846	αὐτός	αὐτό	
John 18:12	Ἡ	T-NSF	T-NSF	3588	ὁ	Ἡ	
John 18:12	οὖν	CONJ	CONJ	3767	οὖν	οὖν	
John 18:12	σπεῖρα	N-NSF	N-NSF	4686	σπεῖρα	σπεῖρα	
John 18:12	καὶ	CONJ	CONJ	2532	καί	καί	
John 18:12	ὁ	T-NSM	T-NSM	3588	ὁ	ὁ	
John 18:12	χιλίαρχος	N-NSM	N-NSM	5506	χιλίαρχος	χιλίαρχος	
John 18:12	καὶ	CONJ	CONJ	2532	καί	καί	
John 18:12	οἱ	T-NPM	T-NPM	3588	ὁ	οἱ	
John 18:12	ὑπηρέται	N-NPM	N-NPM	5257	ὑπηρέτης	ὑπηρέται	
John 18:12	τῶν	T-GPM	T-GPM	3588	ὁ	τῶν	
John 18:12	Ἰουδαίων	A-GPM	A-GPM	2453	Ἰουδαῖος	Ἰουδαίων	
John 18:12	συνέλαβον	V-2AAI-3P	V-2AAI-3P	4815&5627	συλλαμβάνω	συνέλαβον	
John 18:12	τὸν	T-ASM	T-ASM	3588	ὁ	τόν	
John 18:12	Ἰησοῦν	N-ASM	N-ASM	2424	Ἰησοῦς	Ἰησοῦν	
John 18:12	καὶ	CONJ	CONJ	2532	καί	καί	
John 18:12	ἔδησαν	V-AAI-3P	V-AAI-3P	1210&5656	δέω	ἔδησαν	
John 18:12	αὐτὸν,	P-ASM	P-ASM	846	αὐτός	αὐτόν	
John 18:13	καὶ	CONJ	CONJ	2532	καί	καί	
John 18:13	ἤγαγον	V-2AAI-3P	V-2AAI-3P	71&5627	ἄγω	ἤγαγον	
John 18:13	πρὸς	PREP	PREP	4314	πρός	πρός	
John 18:13	Ἅνναν	N-ASM	N-ASM	452	Ἅννας	Ἅνναν	
John 18:13	πρῶτον·	ADV-S	ADV-S	4412	πρῶτος	πρῶτον	
John 18:13	ἦν	V-IAI-3S	V-IAI-3S	1510&5707	εἰμί	ἦν	
John 18:13	γὰρ	CONJ	CONJ	1063	γάρ	γάρ	
John 18:13	πενθερὸς	N-NSM	N-NSM	3995	πενθερός	πενθερός	
John 18:13	τοῦ	T-GSM	T-GSM	3588	ὁ	τοῦ	
John 18:13	Καϊάφα,	N-GSM	N-GSM	2533	Καϊάφας	Καϊάφα	
John 18:13	ὃς	R-NSM	R-NSM	3739	ὅς	ὅς	
John 18:13	ἦν	V-IAI-3S	V-IAI-3S	1510&5707	εἰμί	ἦν	
John 18:13	ἀρχιερεὺς	N-NSM	N-NSM	749	ἀρχιερεύς	ἀρχιερεύς	
John 18:13	τοῦ	T-GSM	T-GSM	3588	ὁ	τοῦ	
John 18:13	ἐνιαυτοῦ	N-GSM	N-GSM	1763	ἐνιαυτός	ἐνιαυτοῦ	
John 18:13	ἐκείνου·	D-GSM	D-GSM	1565	ἐκεῖνος	ἐκείνου	
John 18:14	ἦν	V-IAI-3S	V-IAI-3S	1510&5707	εἰμί	ἦν	
John 18:14	δὲ	CONJ	CONJ	1161	δέ	δέ	
John 18:14	Καϊάφας	N-NSM	N-NSM	2533	Καϊάφας	Καϊάφας	
John 18:14	ὁ	T-NSM	T-NSM	3588	ὁ	ὁ	
John 18:14	συμβουλεύσας	V-AAP-NSM	V-AAP-NSM	4823&5660	συμβουλεύω	συμβουλεύσας	
John 18:14	τοῖς	T-DPM	T-DPM	3588	ὁ	τοῖς	
John 18:14	Ἰουδαίοις	A-DPM	A-DPM	2453	Ἰουδαῖος	Ἰουδαίοις	
John 18:14	ὅτι	CONJ	CONJ	3754	ὅτι	ὅτι	
John 18:14	συμφέρει	V-PAI-3S	V-PAI-3S	4851&5719	συμφέρω	συμφέρει	
John 18:14	ἕνα	A-ASM	A-ASM	1520	εἷς	ἕνα	
John 18:14	ἄνθρωπον	N-ASM	N-ASM	444	ἄνθρωπος	ἄνθρωπον	
John 18:14	ἀποθανεῖν	V-2AAN	V-2AAN	599&5629	ἀποθνῄσκω	ἀποθανεῖν	
John 18:14	ὑπὲρ	PREP	PREP	5228	ὑπέρ	ὑπέρ	
John 18:14	τοῦ	T-GSM	T-GSM	3588	ὁ	τοῦ	
John 18:14	λαοῦ.	N-GSM	N-GSM	2992	λαός	λαοῦ	
John 18:15	Ἠκολούθει	V-IAI-3S	V-IAI-3S	190&5707	ἀκολουθέω	Ἠκολούθει	
John 18:15	δὲ	CONJ	CONJ	1161	δέ	δέ	
John 18:15	τῷ	T-DSM	T-DSM	3588	ὁ	τῷ	
John 18:15	Ἰησοῦ	N-DSM	N-DSM	2424	Ἰησοῦς	Ἰησοῦ	
John 18:15	Σίμων	N-NSM	N-NSM	4613	Σίμων	Σίμων	
John 18:15	Πέτρος	N-NSM	N-NSM	4074	Πέτρος	Πέτρος	
John 18:15	καὶ	CONJ	CONJ	2532	καί	καί	
John 18:15	ἄλλος	A-NSM	A-NSM	243	ἄλλος	ἄλλος	
John 18:15	μαθητής.	N-NSM	N-NSM	3101	μαθητής	μαθητής	
John 18:15	ὁ	T-NSM	T-NSM	3588	ὁ	ὁ	
John 18:15	δὲ	CONJ	CONJ	1161	δέ	δέ	
John 18:15	μαθητὴς	N-NSM	N-NSM	3101	μαθητής	μαθητής	
John 18:15	ἐκεῖνος	D-NSM	D-NSM	1565	ἐκεῖνος	ἐκεῖνος	
John 18:15	ἦν	V-IAI-3S	V-IAI-3S	1510&5707	εἰμί	ἦν	
John 18:15	γνωστὸς	A-NSM	A-NSM	1110	γνωστός	γνωστός	
John 18:15	τῷ	T-DSM	T-DSM	3588	ὁ	τῷ	
John 18:15	ἀρχιερεῖ,	N-DSM	N-DSM	749	ἀρχιερεύς	ἀρχιερεῖ	
John 18:15	καὶ	CONJ	CONJ	2532	καί	καί	
John 18:15	συνεισῆλθεν	V-2AAI-3S	V-2AAI-3S	4897&5627	συνεισέρχομαι	συνεισῆλθεν	
John 18:15	τῷ	T-DSM	T-DSM	3588	ὁ	τῷ	
John 18:15	Ἰησοῦ	N-DSM	N-DSM	2424	Ἰησοῦς	Ἰησοῦ	
John 18:15	εἰς	PREP	PREP	1519	εἰς	εἰς	
John 18:15	τὴν	T-ASF	T-ASF	3588	ὁ	τήν	
John 18:15	αὐλὴν	N-ASF	N-ASF	833	αὐλή	αὐλήν	
John 18:15	τοῦ	T-GSM	T-GSM	3588	ὁ	τοῦ	
John 18:15	ἀρχιερέως,	N-GSM	N-GSM	749	ἀρχιερεύς	ἀρχιερέως	
John 18:16	ὁ	T-NSM	T-NSM	3588	ὁ	ὁ	
John 18:16	δὲ	CONJ	CONJ	1161	δέ	δέ	
John 18:16	Πέτρος	N-NSM	N-NSM	4074	Πέτρος	Πέτρος	
John 18:16	εἱστήκει	V-LAI-3S	V-LAI-3S	2476&5715	ἵστημι	εἱστήκει	
John 18:16	πρὸς	PREP	PREP	4314	πρός	πρός	
John 18:16	τῇ	T-DSF	T-DSF	3588	ὁ	τῇ	
John 18:16	θύρᾳ	N-DSF	N-DSF	2374	θύρα	θύρᾳ	
John 18:16	ἔξω.	ADV	ADV	1854	ἔξω	ἔξω	
John 18:16	ἐξῆλθεν	V-2AAI-3S	V-2AAI-3S	1831&5627	ἐξέρχομαι	ἐξῆλθεν	
John 18:16	οὖν	CONJ	CONJ	3767	οὖν	οὖν	
John 18:16	ὁ	T-NSM	T-NSM	3588	ὁ	ὁ	
John 18:16	μαθητὴς	N-NSM	N-NSM	3101	μαθητής	μαθητής	
John 18:16	ὁ	T-NSM	T-NSM	3588	ὁ	ὁ	
John 18:16	ἄλλος	A-NSM	A-NSM	243	ἄλλος	ἄλλος	
John 18:16	ὁ	T-NSM	T-NSM	3588	ὁ	ὁ	
John 18:16	γνωστὸς	A-NSM	A-NSM	1110	γνωστός	γνωστός	
John 18:16	τοῦ	T-GSM	T-GSM	3588	ὁ	τοῦ	
John 18:16	ἀρχιερέως	N-GSM	N-GSM	749	ἀρχιερεύς	ἀρχιερέως	
John 18:16	καὶ	CONJ	CONJ	2532	καί	καί	
John 18:16	εἶπεν	V-2AAI-3S	V-2AAI-3S	3004&5627	λέγω	εἶπεν	
John 18:16	τῇ	T-DSF	T-DSF	3588	ὁ	τῇ	
John 18:16	θυρωρῷ,	N-DSF	N-DSF	2377	θυρωρός	θυρωρῷ	
John 18:16	καὶ	CONJ	CONJ	2532	καί	καί	
John 18:16	εἰσήγαγεν	V-2AAI-3S	V-2AAI-3S	1521&5627	εἰσάγω	εἰσήγαγεν	
John 18:16	τὸν	T-ASM	T-ASM	3588	ὁ	τόν	
John 18:16	Πέτρον.	N-ASM	N-ASM	4074	Πέτρος	Πέτρον	
John 18:17	λέγει	V-PAI-3S	V-PAI-3S	3004&5719	λέγω	λέγει	
John 18:17	οὖν	CONJ	CONJ	3767	οὖν	οὖν	
John 18:17	τῷ	T-DSM	T-DSM	3588	ὁ	τῷ	
John 18:17	Πέτρῳ	N-DSM	N-DSM	4074	Πέτρος	Πέτρῳ	
John 18:17	ἡ	T-NSF	T-NSF	3588	ὁ	ἡ	
John 18:17	παιδίσκη	N-NSF	N-NSF	3814	παιδίσκη	παιδίσκη	
John 18:17	ἡ	T-NSF	T-NSF	3588	ὁ	ἡ	
John 18:17	θυρωρός	N-NSF	N-NSF	2377	θυρωρός	θυρωρός	
John 18:17	Μὴ	PRT-N	PRT-N	3361	μή	Μή	
John 18:17	καὶ	CONJ	CONJ	2532	καί	καί	
John 18:17	σὺ	P-2NS	P-2NS	4771	σύ	σύ	
John 18:17	ἐκ	PREP	PREP	1537	ἐκ	ἐκ	
John 18:17	τῶν	T-GPM	T-GPM	3588	ὁ	τῶν	
John 18:17	μαθητῶν	N-GPM	N-GPM	3101	μαθητής	μαθητῶν	
John 18:17	εἶ	V-PAI-2S	V-PAI-2S	1510&5719	εἰμί	εἶ	
John 18:17	τοῦ	T-GSM	T-GSM	3588	ὁ	τοῦ	
John 18:17	ἀνθρώπου	N-GSM	N-GSM	444	ἄνθρωπος	ἀνθρώπου	
John 18:17	τούτου;	D-GSM	D-GSM	3778	οὗτος	τούτου	
John 18:17	λέγει	V-PAI-3S	V-PAI-3S	3004&5719	λέγω	λέγει	
John 18:17	ἐκεῖνος	D-NSM	D-NSM	1565	ἐκεῖνος	ἐκεῖνος	
John 18:17	Οὐκ	PRT-N	PRT-N	3756	οὐ	Οὐκ	
John 18:17	εἰμί.	V-PAI-1S	V-PAI-1S	1510&5719	εἰμί	εἰμί	
John 18:18	εἱστήκεισαν	V-LAI-3P	V-LAI-3P	2476&5715	ἵστημι	εἱστήκεισαν	
John 18:18	δὲ	CONJ	CONJ	1161	δέ	δέ	
John 18:18	οἱ	T-NPM	T-NPM	3588	ὁ	οἱ	
John 18:18	δοῦλοι	N-NPM	N-NPM	1401	δοῦλος (II)	δοῦλοι	
John 18:18	καὶ	CONJ	CONJ	2532	καί	καί	
John 18:18	οἱ	T-NPM	T-NPM	3588	ὁ	οἱ	
John 18:18	ὑπηρέται	N-NPM	N-NPM	5257	ὑπηρέτης	ὑπηρέται	
John 18:18	ἀνθρακιὰν	N-ASF	N-ASF	439	ἀνθρακιά	ἀνθρακιάν	
John 18:18	πεποιηκότες,	V-RAP-NPM	V-RAP-NPM	4160&5761	ποιέω	πεποιηκότες	
John 18:18	ὅτι	CONJ	CONJ	3754	ὅτι	ὅτι	
John 18:18	ψῦχος	N-NSN	N-NSN	5592	ψῦχος	ψῦχος	
John 18:18	ἦν,	V-IAI-3S	V-IAI-3S	1510&5707	εἰμί	ἦν	
John 18:18	καὶ	CONJ	CONJ	2532	καί	καί	
John 18:18	ἐθερμαίνοντο·	V-INI-3P	V-INI-3P	2328&5711	θερμαίνω	ἐθερμαίνοντο	
John 18:18	ἦν	V-IAI-3S	V-IAI-3S	1510&5707	εἰμί	ἦν	
John 18:18	δὲ	CONJ	CONJ	1161	δέ	δέ	
John 18:18	καὶ	CONJ	CONJ	2532	καί	καί	
John 18:18	ὁ	T-NSM	T-NSM	3588	ὁ	ὁ	
John 18:18	Πέτρος	N-NSM	N-NSM	4074	Πέτρος	Πέτρος	
John 18:18	μετ’	PREP	PREP	3326	μετά	μετ’	
John 18:18	αὐτῶν	P-GPM	P-GPM	846	αὐτός	αὐτῶν	
John 18:18	ἑστὼς	V-RAP-NSM	V-RAP-NSM	2476&5761	ἵστημι	ἑστώς	
John 18:18	καὶ	CONJ	CONJ	2532	καί	καί	
John 18:18	θερμαινόμενος.	V-PMP-NSM	V-PEP-NSM	2328&5734	θερμαίνω	θερμαινόμενος	
John 18:19	Ὁ	T-NSM	T-NSM	3588	ὁ	Ὁ	
John 18:19	οὖν	CONJ	CONJ	3767	οὖν	οὖν	
John 18:19	ἀρχιερεὺς	N-NSM	N-NSM	749	ἀρχιερεύς	ἀρχιερεύς	
John 18:19	ἠρώτησεν	V-AAI-3S	V-AAI-3S	2065&5656	ἐρωτάω	ἠρώτησεν	
John 18:19	τὸν	T-ASM	T-ASM	3588	ὁ	τόν	
John 18:19	Ἰησοῦν	N-ASM	N-ASM	2424	Ἰησοῦς	Ἰησοῦν	
John 18:19	περὶ	PREP	PREP	4012	περί	περί	
John 18:19	τῶν	T-GPM	T-GPM	3588	ὁ	τῶν	
John 18:19	μαθητῶν	N-GPM	N-GPM	3101	μαθητής	μαθητῶν	
John 18:19	αὐτοῦ	P-GSM	P-GSM	846	αὐτός	αὐτοῦ	
John 18:19	καὶ	CONJ	CONJ	2532	καί	καί	
John 18:19	περὶ	PREP	PREP	4012	περί	περί	
John 18:19	τῆς	T-GSF	T-GSF	3588	ὁ	τῆς	
John 18:19	διδαχῆς	N-GSF	N-GSF	1322	διδαχή	διδαχῆς	
John 18:19	αὐτοῦ.	P-GSM	P-GSM	846	αὐτός	αὐτοῦ	
John 18:20	ἀπεκρίθη	V-ADI-3S	V-ADI-3S	611&5662	ἀποκρίνομαι	ἀπεκρίθη	
John 18:20	αὐτῷ	P-DSM	P-DSM	846	αὐτός	αὐτῷ	
John 18:20	Ἰησοῦς	N-NSM	N-NSM	2424	Ἰησοῦς	Ἰησοῦς	
John 18:20	Ἐγὼ	P-1NS	P-1NS	1473	ἐγώ	Ἐγώ	
John 18:20	παρρησίᾳ	N-DSF	N-DSF	3954	παρρησία	παρρησίᾳ	
John 18:20	λελάληκα	V-RAI-1S	V-RAI-1S	2980&5758	λαλέω	λελάληκα	
John 18:20	τῷ	T-DSM	T-DSM	3588	ὁ	τῷ	
John 18:20	κόσμῳ·	N-DSM	N-DSM	2889	κόσμος	κόσμῳ	
John 18:20	ἐγὼ	P-1NS	P-1NS	1473	ἐγώ	ἐγώ	
John 18:20	πάντοτε	ADV	ADV	3842	πάντοτε	πάντοτε	
John 18:20	ἐδίδαξα	V-AAI-1S	V-AAI-1S	1321&5656	διδάσκω	ἐδίδαξα	
John 18:20	ἐν	PREP	PREP	1722	ἐν	ἐν	
John 18:20	συναγωγῇ	N-DSF	N-DSF	4864	συναγωγή	συναγωγῇ	
John 18:20	καὶ	CONJ	CONJ	2532	καί	καί	
John 18:20	ἐν	PREP	PREP	1722	ἐν	ἐν	
John 18:20	τῷ	T-DSN	T-DSN	3588	ὁ	τῷ	
John 18:20	ἱερῷ,	N-DSN	N-DSN	2411	ἱερός	ἱερῷ	
John 18:20	ὅπου	ADV	ADV	3699	ὅπου	ὅπου	
John 18:20	πάντες	A-NPM	A-NPM	3956	πᾶς	πάντες	
John 18:20	οἱ	T-NPM	T-NPM	3588	ὁ	οἱ	
John 18:20	Ἰουδαῖοι	A-NPM	A-NPM	2453	Ἰουδαῖος	Ἰουδαῖοι	
John 18:20	συνέρχονται,	V-PNI-3P	V-PNI-3P	4905&5736	συνέρχομαι	συνέρχονται	
John 18:20	καὶ	CONJ	CONJ	2532	καί	καί	
John 18:20	ἐν	PREP	PREP	1722	ἐν	ἐν	
John 18:20	κρυπτῷ	A-DSN	A-DSN	2927	κρυπτός	κρυπτῷ	
John 18:20	ἐλάλησα	V-AAI-1S	V-AAI-1S	2980&5656	λαλέω	ἐλάλησα	
John 18:20	οὐδέν.	A-ASN-N	A-ASN-N	3762	οὐδείς	οὐδέν	
John 18:21	τί	I-ASN	I-ASN	5101	τίς	τί	
John 18:21	με	P-1AS	P-1AS	1473	ἐγώ	με	
John 18:21	ἐρωτᾷς;	V-PAI-2S	V-PAI-2S	2065&5719	ἐρωτάω	ἐρωτᾷς	
John 18:21	ἐρώτησον	V-AAM-2S	V-AAM-2S	2065&5657	ἐρωτάω	ἐρώτησον	
John 18:21	τοὺς	T-APM	T-APM	3588	ὁ	τούς	
John 18:21	ἀκηκοότας	V-2RAP-APM-ATT	V-2RAP-APM-ATT	191&5756	ἀκούω	ἀκηκοότας	
John 18:21	τί	I-ASN	I-ASN	5101	τίς	τί	
John 18:21	ἐλάλησα	V-AAI-1S	V-AAI-1S	2980&5656	λαλέω	ἐλάλησα	
John 18:21	αὐτοῖς·	P-DPM	P-DPM	846	αὐτός	αὐτοῖς	
John 18:21	ἴδε	V-2AAM-2S	V-2AAM-2S	3708&5628	ὁράω	ἴδε	
John 18:21	οὗτοι	D-NPM	D-NPM	3778	οὗτος	οὗτοι	
John 18:21	οἴδασιν	V-RAI-3P	V-RAI-3P	1492&5758	οἶδα	οἴδασιν	
John 18:21	ἃ	R-APN	R-APN	3739	ὅς	ἅ	
John 18:21	εἶπον	V-2AAI-1S	V-2AAI-1S	3004&5627	λέγω	εἶπον	
John 18:21	ἐγώ.	P-1NS	P-1NS	1473	ἐγώ	ἐγώ	
John 18:22	ταῦτα	D-APN	D-APN	3778	οὗτος	ταῦτα	
John 18:22	δὲ	CONJ	CONJ	1161	δέ	δέ	
John 18:22	αὐτοῦ	P-GSM	P-GSM	846	αὐτός	αὐτοῦ	
John 18:22	εἰπόντος	V-2AAP-GSM	V-2AAP-GSM	3004&5631	λέγω	εἰπόντος	
John 18:22	εἷς	A-NSM	A-NSM	1520	εἷς	εἷς	
John 18:22	παρεστηκὼς	V-RAP-NSM	V-RAP-NSM	3936&5761	παρίστημι	παρεστηκώς	
John 18:22	τῶν	T-GPM	T-GPM	3588	ὁ	τῶν	
John 18:22	ὑπηρετῶν	N-GPM	N-GPM	5257	ὑπηρέτης	ὑπηρετῶν	
John 18:22	ἔδωκεν	V-AAI-3S	V-AAI-3S	1325&5656	δίδωμι	ἔδωκεν	
John 18:22	ῥάπισμα	N-ASN	N-ASN	4475	ῥάπισμα	ῥάπισμα	
John 18:22	τῷ	T-DSM	T-DSM	3588	ὁ	τῷ	
John 18:22	Ἰησοῦ	N-DSM	N-DSM	2424	Ἰησοῦς	Ἰησοῦ	
John 18:22	εἰπών	V-2AAP-NSM	V-2AAP-NSM	3004&5631	λέγω	εἰπών	
John 18:22	Οὕτως	ADV	ADV	3779	οὕτω	Οὕτως	
John 18:22	ἀποκρίνῃ	V-PNI-2S	V-PNI-2S	611&5736	ἀποκρίνομαι	ἀποκρίνῃ	
John 18:22	τῷ	T-DSM	T-DSM	3588	ὁ	τῷ	
John 18:22	ἀρχιερεῖ;	N-DSM	N-DSM	749	ἀρχιερεύς	ἀρχιερεῖ	
John 18:23	ἀπεκρίθη	V-ADI-3S	V-ADI-3S	611&5662	ἀποκρίνομαι	ἀπεκρίθη	
John 18:23	αὐτῷ	P-DSM	P-DSM	846	αὐτός	αὐτῷ	
John 18:23	Ἰησοῦς	N-NSM	N-NSM	2424	Ἰησοῦς	Ἰησοῦς	
John 18:23	Εἰ	COND	COND	1487	εἰ	Εἰ	
John 18:23	κακῶς	ADV	ADV	2560	κακῶς	κακῶς	
John 18:23	ἐλάλησα,	V-AAI-1S	V-AAI-1S	2980&5656	λαλέω	ἐλάλησα	
John 18:23	μαρτύρησον	V-AAM-2S	V-AAM-2S	3140&5657	μαρτυρέω	μαρτύρησον	
John 18:23	περὶ	PREP	PREP	4012	περί	περί	
John 18:23	τοῦ	T-GSN	T-GSN	3588	ὁ	τοῦ	
John 18:23	κακοῦ·	A-GSN	A-GSN	2556	κακός	κακοῦ	
John 18:23	εἰ	COND	COND	1487	εἰ	εἰ	
John 18:23	δὲ	CONJ	CONJ	1161	δέ	δέ	
John 18:23	καλῶς,	ADV	ADV	2573	καλῶς	καλῶς	
John 18:23	τί	I-ASN	I-ASN	5101	τίς	τί	
John 18:23	με	P-1AS	P-1AS	1473	ἐγώ	με	
John 18:23	δέρεις;	V-PAI-2S	V-PAI-2S	1194&5719	δέρω	δέρεις	
John 18:24	ἀπέστειλεν	V-AAI-3S	V-AAI-3S	649&5656	ἀποστέλλω	ἀπέστειλεν	
John 18:24	οὖν	CONJ	CONJ	3767	οὖν	οὖν	
John 18:24	αὐτὸν	P-ASM	P-ASM	846	αὐτός	αὐτόν	
John 18:24	ὁ	T-NSM	T-NSM	3588	ὁ	ὁ	
John 18:24	Ἄννας	N-NSM	N-NSM	452	Ἅννας	Ἄννας	
John 18:24	δεδεμένον	V-RPP-ASM	V-RPP-ASM	1210&5772	δέω	δεδεμένον	
John 18:24	πρὸς	PREP	PREP	4314	πρός	πρός	
John 18:24	Καϊάφαν	N-ASM	N-ASM	2533	Καϊάφας	Καϊάφαν	
John 18:24	τὸν	T-ASM	T-ASM	3588	ὁ	τόν	
John 18:24	ἀρχιερέα.	N-ASM	N-ASM	749	ἀρχιερεύς	ἀρχιερέα	
John 18:25	Ἦν	V-IAI-3S	V-IAI-3S	1510&5707	εἰμί	Ἦν	
John 18:25	δὲ	CONJ	CONJ	1161	δέ	δέ	
John 18:25	Σίμων	N-NSM	N-NSM	4613	Σίμων	Σίμων	
John 18:25	Πέτρος	N-NSM	N-NSM	4074	Πέτρος	Πέτρος	
John 18:25	ἑστὼς	V-RAP-NSM	V-RAP-NSM	2476&5761	ἵστημι	ἑστώς	
John 18:25	καὶ	CONJ	CONJ	2532	καί	καί	
John 18:25	θερμαινόμενος.	V-PMP-NSM	V-PEP-NSM	2328&5734	θερμαίνω	θερμαινόμενος	
John 18:25	εἶπον	V-2AAI-3P	V-2AAI-3P	3004&5627	λέγω	εἶπον	
John 18:25	οὖν	CONJ	CONJ	3767	οὖν	οὖν	
John 18:25	αὐτῷ	P-DSM	P-DSM	846	αὐτός	αὐτῷ	
John 18:25	Μὴ	PRT-N	PRT-N	3361	μή	Μή	
John 18:25	καὶ	CONJ	CONJ	2532	καί	καί	
John 18:25	σὺ	P-2NS	P-2NS	4771	σύ	σύ	
John 18:25	ἐκ	PREP	PREP	1537	ἐκ	ἐκ	
John 18:25	τῶν	T-GPM	T-GPM	3588	ὁ	τῶν	
John 18:25	μαθητῶν	N-GPM	N-GPM	3101	μαθητής	μαθητῶν	
John 18:25	αὐτοῦ	P-GSM	P-GSM	846	αὐτός	αὐτοῦ	
John 18:25	εἶ;	V-PAI-2S	V-PAI-2S	1510&5719	εἰμί	εἶ	
John 18:25	ἠρνήσατο	V-ADI-3S	V-ADI-3S	720&5662	ἀρνέομαι	ἠρνήσατο	
John 18:25	ἐκεῖνος	D-NSM	D-NSM	1565	ἐκεῖνος	ἐκεῖνος	
John 18:25	καὶ	CONJ	CONJ	2532	καί	καί	
John 18:25	εἶπεν	V-2AAI-3S	V-2AAI-3S	3004&5627	λέγω	εἶπεν	
John 18:25	Οὐκ	PRT-N	PRT-N	3756	οὐ	Οὐκ	
John 18:25	εἰμί.	V-PAI-1S	V-PAI-1S	1510&5719	εἰμί	εἰμί	
John 18:26	λέγει	V-PAI-3S	V-PAI-3S	3004&5719	λέγω	λέγει	
John 18:26	εἷς	A-NSM	A-NSM	1520	εἷς	εἷς	
John 18:26	ἐκ	PREP	PREP	1537	ἐκ	ἐκ	
John 18:26	τῶν	T-GPM	T-GPM	3588	ὁ	τῶν	
John 18:26	δούλων	N-GPM	N-GPM	1401	δοῦλος (II)	δούλων	
John 18:26	τοῦ	T-GSM	T-GSM	3588	ὁ	τοῦ	
John 18:26	ἀρχιερέως,	N-GSM	N-GSM	749	ἀρχιερεύς	ἀρχιερέως	
John 18:26	συγγενὴς	A-NSM	A-NSM	4773	συγγενής	συγγενής	
John 18:26	ὢν	V-PAP-NSM	V-PAP-NSM	1510&5723	εἰμί	ὤν	
John 18:26	οὗ	R-GSM	R-GSM	3739	ὅς	οὗ	
John 18:26	ἀπέκοψεν	V-AAI-3S	V-AAI-3S	609&5656	ἀποκόπτω	ἀπέκοψεν	
John 18:26	Πέτρος	N-NSM	N-NSM	4074	Πέτρος	Πέτρος	
John 18:26	τὸ	T-ASN	T-ASN	3588	ὁ	τό	
John 18:26	ὠτίον	N-ASN	N-ASN	5621	ὠτίον	ὠτίον	
John 18:26	Οὐκ	PRT-N	PRT-N	3756	οὐ	Οὐκ	
John 18:26	ἐγώ	P-1NS	P-1NS	1473	ἐγώ	ἐγώ	
John 18:26	σε	P-2AS	P-2AS	4771	σύ	σε	
John 18:26	εἶδον	V-2AAI-1S	V-2AAI-1S	3708&5627	ὁράω	εἶδον	
John 18:26	ἐν	PREP	PREP	1722	ἐν	ἐν	
John 18:26	τῷ	T-DSM	T-DSM	3588	ὁ	τῷ	
John 18:26	κήπῳ	N-DSM	N-DSM	2779	κῆπος	κήπῳ	
John 18:26	μετ’	PREP	PREP	3326	μετά	μετ’	
John 18:26	αὐτοῦ;	P-GSM	P-GSM	846	αὐτός	αὐτοῦ	
John 18:27	πάλιν	ADV	ADV	3825	πάλιν	πάλιν	
John 18:27	οὖν	CONJ	CONJ	3767	οὖν	οὖν	
John 18:27	ἠρνήσατο	V-ADI-3S	V-ADI-3S	720&5662	ἀρνέομαι	ἠρνήσατο	
John 18:27	Πέτρος,	N-NSM	N-NSM	4074	Πέτρος	Πέτρος	
John 18:27	καὶ	CONJ	CONJ	2532	καί	καί	
John 18:27	εὐθέως	ADV	ADV	2112	εὐθέως	εὐθέως	
John 18:27	ἀλέκτωρ	N-NSM	N-NSM	220	ἀλέκτωρ	ἀλέκτωρ	
John 18:27	ἐφώνησεν.	V-AAI-3S	V-AAI-3S	5455&5656	φωνέω	ἐφώνησεν	
John 18:28	Ἄγουσιν	V-PAI-3P	V-PAI-3P	71&5719	ἄγω	Ἄγουσιν	
John 18:28	οὖν	CONJ	CONJ	3767	οὖν	οὖν	
John 18:28	τὸν	T-ASM	T-ASM	3588	ὁ	τόν	
John 18:28	Ἰησοῦν	N-ASM	N-ASM	2424	Ἰησοῦς	Ἰησοῦν	
John 18:28	ἀπὸ	PREP	PREP	575	ἀπό	ἀπό	
John 18:28	τοῦ	T-GSM	T-GSM	3588	ὁ	τοῦ	
John 18:28	Καϊάφα	N-GSM	N-GSM	2533	Καϊάφας	Καϊάφα	
John 18:28	εἰς	PREP	PREP	1519	εἰς	εἰς	
John 18:28	τὸ	T-ASN	T-ASN	3588	ὁ	τό	
John 18:28	πραιτώριον·	N-ASN	N-ASN	4232	πραιτώριον	πραιτώριον	
John 18:28	ἦν	V-IAI-3S	V-IAI-3S	1510&5707	εἰμί	ἦν	
John 18:28	δὲ	CONJ	CONJ	1161	δέ	δέ	
John 18:28	πρωΐ·	ADV	ADV	4404	πρωΐ	πρωΐ	
John 18:28	καὶ	CONJ	CONJ	2532	καί	καί	
John 18:28	αὐτοὶ	P-NPM	P-NPM	846	αὐτός	αὐτοί	
John 18:28	οὐκ	PRT-N	PRT-N	3756	οὐ	οὐκ	
John 18:28	εἰσῆλθον	V-2AAI-3P	V-2AAI-3P	1525&5627	εἰσέρχομαι	εἰσῆλθον	
John 18:28	εἰς	PREP	PREP	1519	εἰς	εἰς	
John 18:28	τὸ	T-ASN	T-ASN	3588	ὁ	τό	
John 18:28	πραιτώριον,	N-ASN	N-ASN	4232	πραιτώριον	πραιτώριον	
John 18:28	ἵνα	CONJ	CONJ	2443	ἵνα	ἵνα	
John 18:28	μὴ	PRT-N	PRT-N	3361	μή	μή	
John 18:28	μιανθῶσιν	V-APS-3P	V-APS-3P	3392&5686	μιαίνω	μιανθῶσιν	
John 18:28	ἀλλὰ	CONJ	CONJ	235	ἀλλά	ἀλλά	
John 18:28	φάγωσιν	V-2AAS-3P	V-2AAS-3P	5315&5632	ἐσθίω	φάγωσιν	
John 18:28	τὸ	T-ASN	T-ASN	3588	ὁ	τό	
John 18:28	πάσχα.	ARAM	ARAM	3957	πάσχα	πάσχα	
John 18:29	ἐξῆλθεν	V-2AAI-3S	V-2AAI-3S	1831&5627	ἐξέρχομαι	ἐξῆλθεν	
John 18:29	οὖν	CONJ	CONJ	3767	οὖν	οὖν	
John 18:29	ὁ	T-NSM	T-NSM	3588	ὁ	ὁ	
John 18:29	Πειλᾶτος	N-NSM	N-NSM	4091	Πιλᾶτος	Πειλᾶτος	
John 18:29	ἔξω	ADV	ADV	1854	ἔξω	ἔξω	
John 18:29	πρὸς	PREP	PREP	4314	πρός	πρός	
John 18:29	αὐτοὺς	P-APM	P-APM	846	αὐτός	αὐτούς	
John 18:29	καὶ	CONJ	CONJ	2532	καί	καί	
John 18:29	φησίν	V-PAI-3S	V-PAI-3S	5346	φημί	φησίν	
John 18:29	Τίνα	I-ASF	I-ASF	5101	τίς	Τίνα	
John 18:29	κατηγορίαν	N-ASF	N-ASF	2724	κατηγορία	κατηγορίαν	
John 18:29	φέρετε	V-PAI-2P	V-PAI-2P	5342&5719	φέρω	φέρετε	
John 18:29	τοῦ	T-GSM	T-GSM	3588	ὁ	τοῦ	
John 18:29	ἀνθρώπου	N-GSM	N-GSM	444	ἄνθρωπος	ἀνθρώπου	
John 18:29	τούτου;	D-GSM	D-GSM	3778	οὗτος	τούτου	
John 18:30	ἀπεκρίθησαν	V-ADI-3P	V-ADI-3P	611&5662	ἀποκρίνομαι	ἀπεκρίθησαν	
John 18:30	καὶ	CONJ	CONJ	2532	καί	καί	
John 18:30	εἶπαν	V-2AAI-3P	V-2AAI-3P	3004&5627	λέγω	εἶπαν	
John 18:30	αὐτῷ	P-DSM	P-DSM	846	αὐτός	αὐτῷ	
John 18:30	Εἰ	COND	COND	1487	εἰ	Εἰ	
John 18:30	μὴ	PRT-N	PRT-N	3361	μή	μή	
John 18:30	ἦν	V-IAI-3S	V-IAI-3S	1510&5707	εἰμί	ἦν	
John 18:30	οὗτος	D-NSM	D-NSM	3778	οὗτος	οὗτος	
John 18:30	κακὸν	A-ASN	A-ASN	2556	κακός	κακόν	
John 18:30	ποιῶν,	V-PAP-NSM	V-PAP-NSM	4160&5723	ποιέω	ποιῶν	
John 18:30	οὐκ	PRT-N	PRT-N	3756	οὐ	οὐκ	
John 18:30	ἄν	PRT	PRT	302	ἄν	ἄν	
John 18:30	σοι	P-2DS	P-2DS	4771	σύ	σοι	
John 18:30	παρεδώκαμεν	V-AAI-1P	V-AAI-1P	3860&5656	παραδίδωμι	παρεδώκαμεν	
John 18:30	αὐτόν.	P-ASM	P-ASM	846	αὐτός	αὐτόν	
John 18:31	εἶπεν	V-2AAI-3S	V-2AAI-3S	3004&5627	λέγω	εἶπεν	
John 18:31	οὖν	CONJ	CONJ	3767	οὖν	οὖν	
John 18:31	αὐτοῖς	P-DPM	P-DPM	846	αὐτός	αὐτοῖς	
John 18:31	ὁ	T-NSM	T-NSM	3588	ὁ	ὁ	
John 18:31	Πειλᾶτος	N-NSM	N-NSM	4091	Πιλᾶτος	Πειλᾶτος	
John 18:31	Λάβετε	V-2AAM-2P	V-2AAM-2P	2983&5628	λαμβάνω	Λάβετε	
John 18:31	αὐτὸν	P-ASM	P-ASM	846	αὐτός	αὐτόν	
John 18:31	ὑμεῖς,	P-2NP	P-2NP	4771	σύ	ὑμεῖς	
John 18:31	καὶ	CONJ	CONJ	2532	καί	καί	
John 18:31	κατὰ	PREP	PREP	2596	κατά	κατά	
John 18:31	τὸν	T-ASM	T-ASM	3588	ὁ	τόν	
John 18:31	νόμον	N-ASM	N-ASM	3551	νόμος	νόμον	
John 18:31	ὑμῶν	P-2GP	P-2GP	4771	σύ	ὑμῶν	
John 18:31	κρίνατε	V-AAM-2P	V-AAM-2P	2919&5657	κρίνω	κρίνατε	
John 18:31	αὐτόν.	P-ASM	P-ASM	846	αὐτός	αὐτόν	
John 18:31	εἶπον	V-2AAI-3P	V-2AAI-3P	3004&5627	λέγω	εἶπον	
John 18:31	αὐτῷ	P-DSM	P-DSM	846	αὐτός	αὐτῷ	
John 18:31	οἱ	T-NPM	T-NPM	3588	ὁ	οἱ	
John 18:31	Ἰουδαῖοι	A-NPM	A-NPM	2453	Ἰουδαῖος	Ἰουδαῖοι	
John 18:31	Ἡμῖν	P-1DP	P-1DP	1473	ἐγώ	Ἡμῖν	
John 18:31	οὐκ	PRT-N	PRT-N	3756	οὐ	οὐκ	
John 18:31	ἔξεστιν	V-PAI-3S	V-PAI-3S	1832&5719	ἔξεστι(ν)	ἔξεστιν	
John 18:31	ἀποκτεῖναι	V-AAN	V-AAN	615&5658	ἀποκτείνω	ἀποκτεῖναι	
John 18:31	οὐδένα·	A-ASM-N	A-ASM-N	3762	οὐδείς	οὐδένα	
John 18:32	ἵνα	CONJ	CONJ	2443	ἵνα	ἵνα	
John 18:32	ὁ	T-NSM	T-NSM	3588	ὁ	ὁ	
John 18:32	λόγος	N-NSM	N-NSM	3056	λόγος	λόγος	
John 18:32	τοῦ	T-GSM	T-GSM	3588	ὁ	τοῦ	
John 18:32	Ἰησοῦ	N-GSM	N-GSM	2424	Ἰησοῦς	Ἰησοῦ	
John 18:32	πληρωθῇ	V-APS-3S	V-APS-3S	4137&5686	πληρόω	πληρωθῇ	
John 18:32	ὃν	R-ASM	R-ASM	3739	ὅς	ὅν	
John 18:32	εἶπεν	V-2AAI-3S	V-2AAI-3S	3004&5627	λέγω	εἶπεν	
John 18:32	σημαίνων	V-PAP-NSM	V-PAP-NSM	4591&5723	σημαίνω	σημαίνων	
John 18:32	ποίῳ	I-DSM	I-DSM	4169	ποῖος	ποίῳ	
John 18:32	θανάτῳ	N-DSM	N-DSM	2288	θάνατος	θανάτῳ	
John 18:32	ἤμελλεν	V-IAI-3S-ATT	V-IAI-3S-ATT	3195&5707	μέλλω	ἤμελλεν	
John 18:32	ἀποθνήσκειν.	V-PAN	V-PAN	599&5721	ἀποθνῄσκω	ἀποθνήσκειν	
John 18:33	Εἰσῆλθεν	V-2AAI-3S	V-2AAI-3S	1525&5627	εἰσέρχομαι	Εἰσῆλθεν	
John 18:33	οὖν	CONJ	CONJ	3767	οὖν	οὖν	
John 18:33	πάλιν	ADV	ADV	3825	πάλιν	πάλιν	
John 18:33	εἰς	PREP	PREP	1519	εἰς	εἰς	
John 18:33	τὸ	T-ASN	T-ASN	3588	ὁ	τό	
John 18:33	πραιτώριον	N-ASN	N-ASN	4232	πραιτώριον	πραιτώριον	
John 18:33	ὁ	T-NSM	T-NSM	3588	ὁ	ὁ	
John 18:33	Πειλᾶτος	N-NSM	N-NSM	4091	Πιλᾶτος	Πειλᾶτος	
John 18:33	καὶ	CONJ	CONJ	2532	καί	καί	
John 18:33	ἐφώνησεν	V-AAI-3S	V-AAI-3S	5455&5656	φωνέω	ἐφώνησεν	
John 18:33	τὸν	T-ASM	T-ASM	3588	ὁ	τόν	
John 18:33	Ἰησοῦν	N-ASM	N-ASM	2424	Ἰησοῦς	Ἰησοῦν	
John 18:33	καὶ	CONJ	CONJ	2532	καί	καί	
John 18:33	εἶπεν	V-2AAI-3S	V-2AAI-3S	3004&5627	λέγω	εἶπεν	
John 18:33	αὐτῷ	P-DSM	P-DSM	846	αὐτός	αὐτῷ	
John 18:33	Σὺ	P-2NS	P-2NS	4771	σύ	Σύ	
John 18:33	εἶ	V-PAI-2S	V-PAI-2S	1510&5719	εἰμί	εἶ	
John 18:33	ὁ	T-NSM	T-NSM	3588	ὁ	ὁ	
John 18:33	Βασιλεὺς	N-NSM	N-NSM	935	βασιλεύς	Βασιλεύς	
John 18:33	τῶν	T-GPM	T-GPM	3588	ὁ	τῶν	
John 18:33	Ἰουδαίων;	A-GPM	A-GPM	2453	Ἰουδαῖος	Ἰουδαίων	
John 18:34	ἀπεκρίθη	V-ADI-3S	V-ADI-3S	611&5662	ἀποκρίνομαι	ἀπεκρίθη	
John 18:34	Ἰησοῦς	N-NSM	N-NSM	2424	Ἰησοῦς	Ἰησοῦς	
John 18:34	Ἀφ’	PREP	PREP	575	ἀπό	Ἀφ’	
John 18:34	ἑαυτοῦ	F-2GSM	F-2GSM	1438	ἑαυτοῦ	ἑαυτοῦ	
John 18:34	σὺ	P-2NS	P-2NS	4771	σύ	σύ	
John 18:34	τοῦτο	D-ASN	D-ASN	3778	οὗτος	τοῦτο	
John 18:34	λέγεις,	V-PAI-2S	V-PAI-2S	3004&5719	λέγω	λέγεις	
John 18:34	ἢ	PRT	PRT	2228	ἤ	ἤ	
John 18:34	ἄλλοι	A-NPM	A-NPM	243	ἄλλος	ἄλλοι	
John 18:34	εἶπόν	V-2AAI-3P	V-2AAI-3P	3004&5627	λέγω	εἶπον	
John 18:34	σοι	P-2DS	P-2DS	4771	σύ	σοι	
John 18:34	περὶ	PREP	PREP	4012	περί	περί	
John 18:34	ἐμοῦ;	P-1GS	P-1GS	1473	ἐγώ	ἐμοῦ	
John 18:35	ἀπεκρίθη	V-ADI-3S	V-ADI-3S	611&5662	ἀποκρίνομαι	ἀπεκρίθη	
John 18:35	ὁ	T-NSM	T-NSM	3588	ὁ	ὁ	
John 18:35	Πειλᾶτος	N-NSM	N-NSM	4091	Πιλᾶτος	Πειλᾶτος	
John 18:35	Μήτι	PRT-I	PRT-I	3385	μήτι	Μήτι	
John 18:35	ἐγὼ	P-1NS	P-1NS	1473	ἐγώ	ἐγώ	
John 18:35	Ἰουδαῖός	A-NSM	A-NSM	2453	Ἰουδαῖος	Ἰουδαῖος	
John 18:35	εἰμι;	V-PAI-1S	V-PAI-1S	1510&5719	εἰμί	εἰμι	
John 18:35	τὸ	T-NSN	T-NSN	3588	ὁ	τό	
John 18:35	ἔθνος	N-NSN	N-NSN	1484	ἔθνος	ἔθνος	
John 18:35	τὸ	T-NSN	T-NSN	3588	ὁ	τό	
John 18:35	σὸν	S-2SNSN	S-2SNSN	4674	σός	σόν	
John 18:35	καὶ	CONJ	CONJ	2532	καί	καί	
John 18:35	οἱ	T-NPM	T-NPM	3588	ὁ	οἱ	
John 18:35	ἀρχιερεῖς	N-NPM	N-NPM	749	ἀρχιερεύς	ἀρχιερεῖς	
John 18:35	παρέδωκάν	V-AAI-3P	V-AAI-3P	3860&5656	παραδίδωμι	παρέδωκαν	
John 18:35	σε	P-2AS	P-2AS	4771	σύ	σε	
John 18:35	ἐμοί·	P-1DS	P-1DS	1473	ἐγώ	ἐμοί	
John 18:35	τί	I-ASN	I-ASN	5101	τίς	τί	
John 18:35	ἐποίησας;	V-AAI-2S	V-AAI-2S	4160&5656	ποιέω	ἐποίησας	
John 18:36	ἀπεκρίθη	V-ADI-3S	V-ADI-3S	611&5662	ἀποκρίνομαι	ἀπεκρίθη	
John 18:36	Ἰησοῦς·	N-NSM	N-NSM	2424	Ἰησοῦς	Ἰησοῦς	
John 18:36	Ἡ	T-NSF	T-NSF	3588	ὁ	Ἡ	
John 18:36	βασιλεία	N-NSF	N-NSF	932	βασιλεία	βασιλεία	
John 18:36	ἡ	T-NSF	T-NSF	3588	ὁ	ἡ	
John 18:36	ἐμὴ	S-1SNSF	S-1SNSF	1699	ἐμός	ἐμή	
John 18:36	οὐκ	PRT-N	PRT-N	3756	οὐ	οὐκ	
John 18:36	ἔστιν	V-PAI-3S	V-PAI-3S	1510&5719	εἰμί	ἔστιν	
John 18:36	ἐκ	PREP	PREP	1537	ἐκ	ἐκ	
John 18:36	τοῦ	T-GSM	T-GSM	3588	ὁ	τοῦ	
John 18:36	κόσμου	N-GSM	N-GSM	2889	κόσμος	κόσμου	
John 18:36	τούτου·	D-GSM	D-GSM	3778	οὗτος	τούτου	
John 18:36	εἰ	COND	COND	1487	εἰ	εἰ	
John 18:36	ἐκ	PREP	PREP	1537	ἐκ	ἐκ	
John 18:36	τοῦ	T-GSM	T-GSM	3588	ὁ	τοῦ	
John 18:36	κόσμου	N-GSM	N-GSM	2889	κόσμος	κόσμου	
John 18:36	τούτου	D-GSM	D-GSM	3778	οὗτος	τούτου	
John 18:36	ἦν	V-IAI-3S	V-IAI-3S	1510&5707	εἰμί	ἦν	
John 18:36	ἡ	T-NSF	T-NSF	3588	ὁ	ἡ	
John 18:36	βασιλεία	N-NSF	N-NSF	932	βασιλεία	βασιλεία	
John 18:36	ἡ	T-NSF	T-NSF	3588	ὁ	ἡ	
John 18:36	ἐμή,	S-1SNSF	S-1SNSF	1699	ἐμός	ἐμή	
John 18:36	οἱ	T-NPM	T-NPM	3588	ὁ	οἱ	
John 18:36	ὑπηρέται	N-NPM	N-NPM	5257	ὑπηρέτης	ὑπηρέται	
John 18:36	ἂν	PRT	PRT	302	ἄν	ἄν	
John 18:36	οἱ	T-NPM	T-NPM	3588	ὁ	οἱ	
John 18:36	ἐμοὶ	S-1SNPM	S-1SNPM	1699	ἐμός	ἐμοί	
John 18:36	ἠγωνίζοντο,	V-INI-3P	V-INI-3P	75&5711	ἀγωνίζομαι	ἠγωνίζοντο	
John 18:36	ἵνα	CONJ	CONJ	2443	ἵνα	ἵνα	
John 18:36	μὴ	PRT-N	PRT-N	3361	μή	μή	
John 18:36	παραδοθῶ	V-APS-1S	V-APS-1S	3860&5686	παραδίδωμι	παραδοθῶ	
John 18:36	τοῖς	T-DPM	T-DPM	3588	ὁ	τοῖς	
John 18:36	Ἰουδαίοις·	A-DPM	A-DPM	2453	Ἰουδαῖος	Ἰουδαίοις	
John 18:36	νῦν	ADV	ADV	3568	νῦν	νῦν	
John 18:36	δὲ	CONJ	CONJ	1161	δέ	δέ	
John 18:36	ἡ	T-NSF	T-NSF	3588	ὁ	ἡ	
John 18:36	βασιλεία	N-NSF	N-NSF	932	βασιλεία	βασιλεία	
John 18:36	ἡ	T-NSF	T-NSF	3588	ὁ	ἡ	
John 18:36	ἐμὴ	S-1SNSF	S-1SNSF	1699	ἐμός	ἐμή	
John 18:36	οὐκ	PRT-N	PRT-N	3756	οὐ	οὐκ	
John 18:36	ἔστιν	V-PAI-3S	V-PAI-3S	1510&5719	εἰμί	ἔστιν	
John 18:36	ἐντεῦθεν.	ADV	ADV	1782	ἐντεῦθεν	ἐντεῦθεν	
John 18:37	εἶπεν	V-2AAI-3S	V-2AAI-3S	3004&5627	λέγω	εἶπεν	
John 18:37	οὖν	CONJ	CONJ	3767	οὖν	οὖν	
John 18:37	αὐτῷ	P-DSM	P-DSM	846	αὐτός	αὐτῷ	
John 18:37	ὁ	T-NSM	T-NSM	3588	ὁ	ὁ	
John 18:37	Πειλᾶτος	N-NSM	N-NSM	4091	Πιλᾶτος	Πειλᾶτος	
John 18:37	Οὐκοῦν	ADV-N	ADV-N	3766	οὐκοῦν	Οὐκοῦν	
John 18:37	βασιλεὺς	N-NSM	N-NSM	935	βασιλεύς	βασιλεύς	
John 18:37	εἶ	V-PAI-2S	V-PAI-2S	1510&5719	εἰμί	εἶ	
John 18:37	σύ;	P-2NS	P-2NS	4771	σύ	σύ	
John 18:37	ἀπεκρίθη	V-ADI-3S	V-ADI-3S	611&5662	ἀποκρίνομαι	ἀπεκρίθη	
John 18:37	ὁ	T-NSM	T-NSM	3588	ὁ	ὁ	
John 18:37	Ἰησοῦς	N-NSM	N-NSM	2424	Ἰησοῦς	Ἰησοῦς	
John 18:37	Σὺ	P-2NS	P-2NS	4771	σύ	Σύ	
John 18:37	λέγεις	V-PAI-2S	V-PAI-2S	3004&5719	λέγω	λέγεις	
John 18:37	ὅτι	CONJ	CONJ	3754	ὅτι	ὅτι	
John 18:37	βασιλεύς	N-NSM	N-NSM	935	βασιλεύς	βασιλεύς	
John 18:37	εἰμι.	V-PAI-1S	V-PAI-1S	1510&5719	εἰμί	εἰμι	
John 18:37	ἐγὼ	P-1NS	P-1NS	1473	ἐγώ	ἐγώ	
John 18:37	εἰς	PREP	PREP	1519	εἰς	εἰς	
John 18:37	τοῦτο	D-ASN	D-ASN	3778	οὗτος	τοῦτο	
John 18:37	γεγέννημαι	V-RPI-1S	V-RPI-1S	1080&5769	γεννάω	γεγέννημαι	
John 18:37	καὶ	CONJ	CONJ	2532	καί	καί	
John 18:37	εἰς	PREP	PREP	1519	εἰς	εἰς	
John 18:37	τοῦτο	D-ASN	D-ASN	3778	οὗτος	τοῦτο	
John 18:37	ἐλήλυθα	V-2RAI-1S	V-2RAI-1S	2064&5754	ἔρχομαι	ἐλήλυθα	
John 18:37	εἰς	PREP	PREP	1519	εἰς	εἰς	
John 18:37	τὸν	T-ASM	T-ASM	3588	ὁ	τόν	
John 18:37	κόσμον,	N-ASM	N-ASM	2889	κόσμος	κόσμον	
John 18:37	ἵνα	CONJ	CONJ	2443	ἵνα	ἵνα	
John 18:37	μαρτυρήσω	V-AAS-1S	V-AAS-1S	3140&5661	μαρτυρέω	μαρτυρήσω	
John 18:37	τῇ	T-DSF	T-DSF	3588	ὁ	τῇ	
John 18:37	ἀληθείᾳ·	N-DSF	N-DSF	225	ἀλήθεια	ἀληθείᾳ	
John 18:37	πᾶς	A-NSM	A-NSM	3956	πᾶς	πᾶς	
John 18:37	ὁ	T-NSM	T-NSM	3588	ὁ	ὁ	
John 18:37	ὢν	V-PAP-NSM	V-PAP-NSM	1510&5723	εἰμί	ὤν	
John 18:37	ἐκ	PREP	PREP	1537	ἐκ	ἐκ	
John 18:37	τῆς	T-GSF	T-GSF	3588	ὁ	τῆς	
John 18:37	ἀληθείας	N-GSF	N-GSF	225	ἀλήθεια	ἀληθείας	
John 18:37	ἀκούει	V-PAI-3S	V-PAI-3S	191&5719	ἀκούω	ἀκούει	
John 18:37	μου	P-1GS	P-1GS	1473	ἐγώ	μου	
John 18:37	τῆς	T-GSF	T-GSF	3588	ὁ	τῆς	
John 18:37	φωνῆς.	N-GSF	N-GSF	5456	φωνή	φωνῆς	
John 18:38	λέγει	V-PAI-3S	V-PAI-3S	3004&5719	λέγω	λέγει	
John 18:38	αὐτῷ	P-DSM	P-DSM	846	αὐτός	αὐτῷ	
John 18:38	ὁ	T-NSM	T-NSM	3588	ὁ	ὁ	
John 18:38	Πειλᾶτος	N-NSM	N-NSM	4091	Πιλᾶτος	Πειλᾶτος	
John 18:38	Τί	I-NSN	I-NSN	5101	τίς	Τί	
John 18:38	ἐστιν	V-PAI-3S	V-PAI-3S	1510&5719	εἰμί	ἐστιν	
John 18:38	ἀλήθεια;	N-NSF	N-NSF	225	ἀλήθεια	ἀλήθεια	
John 18:38	Καὶ	CONJ	CONJ	2532	καί	Καί	
John 18:38	τοῦτο	D-ASN	D-ASN	3778	οὗτος	τοῦτο	
John 18:38	εἰπὼν	V-2AAP-NSM	V-2AAP-NSM	3004&5631	λέγω	εἰπών	
John 18:38	πάλιν	ADV	ADV	3825	πάλιν	πάλιν	
John 18:38	ἐξῆλθεν	V-2AAI-3S	V-2AAI-3S	1831&5627	ἐξέρχομαι	ἐξῆλθεν	
John 18:38	πρὸς	PREP	PREP	4314	πρός	πρός	
John 18:38	τοὺς	T-APM	T-APM	3588	ὁ	τούς	
John 18:38	Ἰουδαίους,	A-APM	A-APM	2453	Ἰουδαῖος	Ἰουδαίους	
John 18:38	καὶ	CONJ	CONJ	2532	καί	καί	
John 18:38	λέγει	V-PAI-3S	V-PAI-3S	3004&5719	λέγω	λέγει	
John 18:38	αὐτοῖς	P-DPM	P-DPM	846	αὐτός	αὐτοῖς	
John 18:38	Ἐγὼ	P-1NS	P-1NS	1473	ἐγώ	Ἐγώ	
John 18:38	οὐδεμίαν	A-ASF-N	A-ASF-N	3762	οὐδείς	οὐδεμίαν	
John 18:38	εὑρίσκω	V-PAI-1S	V-PAI-1S	2147&5719	εὑρίσκω	εὑρίσκω	
John 18:38	ἐν	PREP	PREP	1722	ἐν	ἐν	
John 18:38	αὐτῷ	P-DSM	P-DSM	846	αὐτός	αὐτῷ	
John 18:38	αἰτίαν.	N-ASF	N-ASF	156	αἰτία	αἰτίαν	
John 18:39	ἔστιν	V-PAI-3S	V-PAI-3S	1510&5719	εἰμί	ἔστιν	
John 18:39	δὲ	CONJ	CONJ	1161	δέ	δέ	
John 18:39	συνήθεια	N-NSF	N-NSF	4914	συνήθεια	συνήθεια	
John 18:39	ὑμῖν	P-2DP	P-2DP	4771	σύ	ὑμῖν	
John 18:39	ἵνα	CONJ	CONJ	2443	ἵνα	ἵνα	
John 18:39	ἕνα	A-ASM	A-ASM	1520	εἷς	ἕνα	
John 18:39	ἀπολύσω	V-AAS-1S	V-AAS-1S	630&5661	ἀπολύω	ἀπολύσω	
John 18:39	ὑμῖν	P-2DP	P-2DP	4771	σύ	ὑμῖν	
John 18:39	ἐν	PREP	PREP	1722	ἐν	ἐν	
John 18:39	τῷ	T-DSN	T-DSN	3588	ὁ	τῷ	
John 18:39	πάσχα·	ARAM	ARAM	3957	πάσχα	πάσχα	
John 18:39	βούλεσθε	V-PNI-2P	V-PNI-2P	1014&5736	βούλομαι	βούλεσθε	
John 18:39	οὖν	CONJ	CONJ	3767	οὖν	οὖν	
John 18:39	ἀπολύσω	V-AAS-1S	V-AAS-1S	630&5661	ἀπολύω	ἀπολύσω	
John 18:39	ὑμῖν	P-2DP	P-2DP	4771	σύ	ὑμῖν	
John 18:39	τὸν	T-ASM	T-ASM	3588	ὁ	τόν	
John 18:39	Βασιλέα	N-ASM	N-ASM	935	βασιλεύς	Βασιλέα	
John 18:39	τῶν	T-GPM	T-GPM	3588	ὁ	τῶν	
John 18:39	Ἰουδαίων;	A-GPM	A-GPM	2453	Ἰουδαῖος	Ἰουδαίων	
John 18:40	ἐκραύγασαν	V-AAI-3P	V-AAI-3P	2905&5656	κραυγάζω	ἐκραύγασαν	
John 18:40	οὖν	CONJ	CONJ	3767	οὖν	οὖν	
John 18:40	πάλιν	ADV	ADV	3825	πάλιν	πάλιν	
John 18:40	λέγοντες	V-PAP-NPM	V-PAP-NPM	3004&5723	λέγω	λέγοντες	
John 18:40	Μὴ	PRT-N	PRT-N	3361	μή	Μή	
John 18:40	τοῦτον,	D-ASM	D-ASM	3778	οὗτος	τοῦτον	
John 18:40	ἀλλὰ	CONJ	CONJ	235	ἀλλά	ἀλλά	
John 18:40	τὸν	T-ASM	T-ASM	3588	ὁ	τόν	
John 18:40	Βαραββᾶν.	N-ASM	N-ASM	912	Βαραββᾶς	Βαραββᾶν	
John 18:40	ἦν	V-IAI-3S	V-IAI-3S	1510&5707	εἰμί	ἦν	
John 18:40	δὲ	CONJ	CONJ	1161	δέ	δέ	
John 18:40	ὁ	T-NSM	T-NSM	3588	ὁ	ὁ	
John 18:40	Βαραββᾶς	N-NSM	N-NSM	912	Βαραββᾶς	Βαραββᾶς	
John 18:40	λῃστής.	N-NSM	N-NSM	3027	λῃστής	λῃστής	
John 19:1	Τότε	ADV	ADV	5119	τότε	Τότε	
John 19:1	οὖν	CONJ	CONJ	3767	οὖν	οὖν	
John 19:1	ἔλαβεν	V-2AAI-3S	V-2AAI-3S	2983&5627	λαμβάνω	ἔλαβεν	
John 19:1	ὁ	T-NSM	T-NSM	3588	ὁ	ὁ	
John 19:1	Πειλᾶτος	N-NSM	N-NSM	4091	Πιλᾶτος	Πειλᾶτος	
John 19:1	τὸν	T-ASM	T-ASM	3588	ὁ	τόν	
John 19:1	Ἰησοῦν	N-ASM	N-ASM	2424	Ἰησοῦς	Ἰησοῦν	
John 19:1	καὶ	CONJ	CONJ	2532	καί	καί	
John 19:1	ἐμαστίγωσεν.	V-AAI-3S	V-AAI-3S	3146&5656	μαστιγόω	ἐμαστίγωσεν	
John 19:2	καὶ	CONJ	CONJ	2532	καί	καί	
John 19:2	οἱ	T-NPM	T-NPM	3588	ὁ	οἱ	
John 19:2	στρατιῶται	N-NPM	N-NPM	4757	στρατιώτης	στρατιῶται	
John 19:2	πλέξαντες	V-AAP-NPM	V-AAP-NPM	4120&5660	πλέκω	πλέξαντες	
John 19:2	στέφανον	N-ASM	N-ASM	4735	στέφανος	στέφανον	
John 19:2	ἐξ	PREP	PREP	1537	ἐκ	ἐξ	
John 19:2	ἀκανθῶν	N-GPF	N-GPF	173	ἄκανθα	ἀκανθῶν	
John 19:2	ἐπέθηκαν	V-AAI-3P	V-AAI-3P	2007&5656	ἐπιτίθημι	ἐπέθηκαν	
John 19:2	αὐτοῦ	P-GSM	P-GSM	846	αὐτός	αὐτοῦ	
John 19:2	τῇ	T-DSF	T-DSF	3588	ὁ	τῇ	
John 19:2	κεφαλῇ,	N-DSF	N-DSF	2776	κεφαλή	κεφαλῇ	
John 19:2	καὶ	CONJ	CONJ	2532	καί	καί	
John 19:2	ἱμάτιον	N-ASN	N-ASN	2440	ἱμάτιον	ἱμάτιον	
John 19:2	πορφυροῦν	A-ASN	A-ASN	4210	πορφυροῦς	πορφυροῦν	
John 19:2	περιέβαλον	V-2AAI-3P	V-2AAI-3P	4016&5627	περιβάλλω	περιέβαλον	
John 19:2	αὐτόν,	P-ASM	P-ASM	846	αὐτός	αὐτόν	
John 19:3	καὶ	CONJ	CONJ	2532	καί	καί	
John 19:3	ἤρχοντο	V-INI-3P	V-INI-3P	2064&5711	ἔρχομαι	ἤρχοντο	
John 19:3	πρὸς	PREP	PREP	4314	πρός	πρός	
John 19:3	αὐτὸν	P-ASM	P-ASM	846	αὐτός	αὐτόν	
John 19:3	καὶ	CONJ	CONJ	2532	καί	καί	
John 19:3	ἔλεγον	V-IAI-3P	V-IAI-3P	3004&5707	λέγω	ἔλεγον	
John 19:3	Χαῖρε	V-PAM-2S	V-PAM-2S	5463&5720	χαίρω	Χαῖρε	
John 19:3	ὁ	T-NSM	T-NSM	3588	ὁ	ὁ	
John 19:3	Βασιλεὺς	N-NSM	N-NSM	935	βασιλεύς	Βασιλεύς	
John 19:3	τῶν	T-GPM	T-GPM	3588	ὁ	τῶν	
John 19:3	Ἰουδαίων·	A-GPM	A-GPM	2453	Ἰουδαῖος	Ἰουδαίων	
John 19:3	καὶ	CONJ	CONJ	2532	καί	καί	
John 19:3	ἐδίδοσαν	V-IAI-3P	V-IAI-3P	1325&5707	δίδωμι	ἐδίδοσαν	
John 19:3	αὐτῷ	P-DSM	P-DSM	846	αὐτός	αὐτῷ	
John 19:3	ῥαπίσματα.	N-APN	N-APN	4475	ῥάπισμα	ῥαπίσματα	
John 19:4	Καὶ	CONJ	CONJ	2532	καί	Καί	
John 19:4	ἐξῆλθεν	V-2AAI-3S	V-2AAI-3S	1831&5627	ἐξέρχομαι	ἐξῆλθεν	
John 19:4	πάλιν	ADV	ADV	3825	πάλιν	πάλιν	
John 19:4	ἔξω	ADV	ADV	1854	ἔξω	ἔξω	
John 19:4	ὁ	T-NSM	T-NSM	3588	ὁ	ὁ	
John 19:4	Πειλᾶτος	N-NSM	N-NSM	4091	Πιλᾶτος	Πειλᾶτος	
John 19:4	καὶ	CONJ	CONJ	2532	καί	καί	
John 19:4	λέγει	V-PAI-3S	V-PAI-3S	3004&5719	λέγω	λέγει	
John 19:4	αὐτοῖς	P-DPM	P-DPM	846	αὐτός	αὐτοῖς	
John 19:4	Ἴδε	V-2AAM-2S	V-2AAM-2S	3708&5628	ὁράω	Ἴδε	
John 19:4	ἄγω	V-PAI-1S	V-PAI-1S	71&5719	ἄγω	ἄγω	
John 19:4	ὑμῖν	P-2DP	P-2DP	4771	σύ	ὑμῖν	
John 19:4	αὐτὸν	P-ASM	P-ASM	846	αὐτός	αὐτόν	
John 19:4	ἔξω,	ADV	ADV	1854	ἔξω	ἔξω	
John 19:4	ἵνα	CONJ	CONJ	2443	ἵνα	ἵνα	
John 19:4	γνῶτε	V-2AAS-2P	V-2AAS-2P	1097&5632	γινώσκω	γνῶτε	
John 19:4	ὅτι	CONJ	CONJ	3754	ὅτι	ὅτι	
John 19:4	οὐδεμίαν	A-ASF-N	A-ASF-N	3762	οὐδείς	οὐδεμίαν	
John 19:4	αἰτίαν	N-ASF	N-ASF	156	αἰτία	αἰτίαν	
John 19:4	εὑρίσκω	V-PAI-1S	V-PAI-1S	2147&5719	εὑρίσκω	εὑρίσκω	
John 19:4	ἐν	PREP	PREP	1722	ἐν	ἐν	
John 19:4	αὐτῷ.	P-DSM	P-DSM	846	αὐτός	αὐτῷ	
John 19:5	ἐξῆλθεν	V-2AAI-3S	V-2AAI-3S	1831&5627	ἐξέρχομαι	ἐξῆλθεν	
John 19:5	οὖν	CONJ	CONJ	3767	οὖν	οὖν	
John 19:5	ὁ	T-NSM	T-NSM	3588	ὁ	ὁ	
John 19:5	Ἰησοῦς	N-NSM	N-NSM	2424	Ἰησοῦς	Ἰησοῦς	
John 19:5	ἔξω,	ADV	ADV	1854	ἔξω	ἔξω	
John 19:5	φορῶν	V-PAP-NSM	V-PAP-NSM	5409&5723	φορέω	φορῶν	
John 19:5	τὸν	T-ASM	T-ASM	3588	ὁ	τόν	
John 19:5	ἀκάνθινον	A-ASM	A-ASM	174	ἀκάνθινος	ἀκάνθινον	
John 19:5	στέφανον	N-ASM	N-ASM	4735	στέφανος	στέφανον	
John 19:5	καὶ	CONJ	CONJ	2532	καί	καί	
John 19:5	τὸ	T-ASN	T-ASN	3588	ὁ	τό	
John 19:5	πορφυροῦν	A-ASN	A-ASN	4210	πορφυροῦς	πορφυροῦν	
John 19:5	ἱμάτιον.	N-ASN	N-ASN	2440	ἱμάτιον	ἱμάτιον	
John 19:5	καὶ	CONJ	CONJ	2532	καί	καί	
John 19:5	λέγει	V-PAI-3S	V-PAI-3S	3004&5719	λέγω	λέγει	
John 19:5	αὐτοῖς	P-DPM	P-DPM	846	αὐτός	αὐτοῖς	
John 19:5	Ἰδοὺ	V-2AMM-2S	V-2AMM-2S	3708&5640	ὁράω	Ἰδού	
John 19:5	ὁ	T-NSM	T-NSM	3588	ὁ	ὁ	
John 19:5	ἄνθρωπος.	N-NSM	N-NSM	444	ἄνθρωπος	ἄνθρωπος	
John 19:6	ὅτε	ADV	ADV	3753	ὅτε	ὅτε	
John 19:6	οὖν	CONJ	CONJ	3767	οὖν	οὖν	
John 19:6	εἶδον	V-2AAI-3P	V-2AAI-3P	3708&5627	ὁράω	εἶδον	
John 19:6	αὐτὸν	P-ASM	P-ASM	846	αὐτός	αὐτόν	
John 19:6	οἱ	T-NPM	T-NPM	3588	ὁ	οἱ	
John 19:6	ἀρχιερεῖς	N-NPM	N-NPM	749	ἀρχιερεύς	ἀρχιερεῖς	
John 19:6	καὶ	CONJ	CONJ	2532	καί	καί	
John 19:6	οἱ	T-NPM	T-NPM	3588	ὁ	οἱ	
John 19:6	ὑπηρέται,	N-NPM	N-NPM	5257	ὑπηρέτης	ὑπηρέται	
John 19:6	ἐκραύγασαν	V-AAI-3P	V-AAI-3P	2905&5656	κραυγάζω	ἐκραύγασαν	
John 19:6	λέγοντες	V-PAP-NPM	V-PAP-NPM	3004&5723	λέγω	λέγοντες	
John 19:6	Σταύρωσον	V-AAM-2S	V-AAM-2S	4717&5657	σταυρόω	Σταύρωσον	
John 19:6	σταύρωσον.	V-AAM-2S	V-AAM-2S	4717&5657	σταυρόω	σταύρωσον	
John 19:6	λέγει	V-PAI-3S	V-PAI-3S	3004&5719	λέγω	λέγει	
John 19:6	αὐτοῖς	P-DPM	P-DPM	846	αὐτός	αὐτοῖς	
John 19:6	ὁ	T-NSM	T-NSM	3588	ὁ	ὁ	
John 19:6	Πειλᾶτος	N-NSM	N-NSM	4091	Πιλᾶτος	Πειλᾶτος	
John 19:6	Λάβετε	V-2AAM-2P	V-2AAM-2P	2983&5628	λαμβάνω	Λάβετε	
John 19:6	αὐτὸν	P-ASM	P-ASM	846	αὐτός	αὐτόν	
John 19:6	ὑμεῖς	P-2NP	P-2NP	4771	σύ	ὑμεῖς	
John 19:6	καὶ	CONJ	CONJ	2532	καί	καί	
John 19:6	σταυρώσατε·	V-AAM-2P	V-AAM-2P	4717&5657	σταυρόω	σταυρώσατε	
John 19:6	ἐγὼ	P-1NS	P-1NS	1473	ἐγώ	ἐγώ	
John 19:6	γὰρ	CONJ	CONJ	1063	γάρ	γάρ	
John 19:6	οὐχ	PRT-N	PRT-N	3756	οὐ	οὐχ	
John 19:6	εὑρίσκω	V-PAI-1S	V-PAI-1S	2147&5719	εὑρίσκω	εὑρίσκω	
John 19:6	ἐν	PREP	PREP	1722	ἐν	ἐν	
John 19:6	αὐτῷ	P-DSM	P-DSM	846	αὐτός	αὐτῷ	
John 19:6	αἰτίαν.	N-ASF	N-ASF	156	αἰτία	αἰτίαν	
John 19:7	ἀπεκρίθησαν	V-ADI-3P	V-ADI-3P	611&5662	ἀποκρίνομαι	ἀπεκρίθησαν	
John 19:7	αὐτῷ	P-DSM	P-DSM	846	αὐτός	αὐτῷ	
John 19:7	οἱ	T-NPM	T-NPM	3588	ὁ	οἱ	
John 19:7	Ἰουδαῖοι	A-NPM	A-NPM	2453	Ἰουδαῖος	Ἰουδαῖοι	
John 19:7	Ἡμεῖς	P-1NP	P-1NP	1473	ἐγώ	Ἡμεῖς	
John 19:7	νόμον	N-ASM	N-ASM	3551	νόμος	νόμον	
John 19:7	ἔχομεν,	V-PAI-1P	V-PAI-1P	2192&5719	ἔχω	ἔχομεν	
John 19:7	καὶ	CONJ	CONJ	2532	καί	καί	
John 19:7	κατὰ	PREP	PREP	2596	κατά	κατά	
John 19:7	τὸν	T-ASM	T-ASM	3588	ὁ	τόν	
John 19:7	νόμον	N-ASM	N-ASM	3551	νόμος	νόμον	
John 19:7	ὀφείλει	V-PAI-3S	V-PAI-3S	3784&5719	ὀφείλω	ὀφείλει	
John 19:7	ἀποθανεῖν,	V-2AAN	V-2AAN	599&5629	ἀποθνῄσκω	ἀποθανεῖν	
John 19:7	ὅτι	CONJ	CONJ	3754	ὅτι	ὅτι	
John 19:7	Υἱὸν	N-ASM	N-ASM	5207	υἱός	Υἱόν	
John 19:7	Θεοῦ	N-GSM	N-GSM	2316	θεός	Θεοῦ	
John 19:7	ἑαυτὸν	F-3ASM	F-3ASM	1438	ἑαυτοῦ	ἑαυτόν	
John 19:7	ἐποίησεν.	V-AAI-3S	V-AAI-3S	4160&5656	ποιέω	ἐποίησεν	
John 19:8	Ὅτε	ADV	ADV	3753	ὅτε	Ὅτε	
John 19:8	οὖν	CONJ	CONJ	3767	οὖν	οὖν	
John 19:8	ἤκουσεν	V-AAI-3S	V-AAI-3S	191&5656	ἀκούω	ἤκουσεν	
John 19:8	ὁ	T-NSM	T-NSM	3588	ὁ	ὁ	
John 19:8	Πειλᾶτος	N-NSM	N-NSM	4091	Πιλᾶτος	Πειλᾶτος	
John 19:8	τοῦτον	D-ASM	D-ASM	3778	οὗτος	τοῦτον	
John 19:8	τὸν	T-ASM	T-ASM	3588	ὁ	τόν	
John 19:8	λόγον,	N-ASM	N-ASM	3056	λόγος	λόγον	
John 19:8	μᾶλλον	ADV	ADV	3123	μᾶλλον	μᾶλλον	
John 19:8	ἐφοβήθη,	V-AOI-3S	V-AOI-3S	5399&5675	φοβέω	ἐφοβήθη	
John 19:9	καὶ	CONJ	CONJ	2532	καί	καί	
John 19:9	εἰσῆλθεν	V-2AAI-3S	V-2AAI-3S	1525&5627	εἰσέρχομαι	εἰσῆλθεν	
John 19:9	εἰς	PREP	PREP	1519	εἰς	εἰς	
John 19:9	τὸ	T-ASN	T-ASN	3588	ὁ	τό	
John 19:9	πραιτώριον	N-ASN	N-ASN	4232	πραιτώριον	πραιτώριον	
John 19:9	πάλιν	ADV	ADV	3825	πάλιν	πάλιν	
John 19:9	καὶ	CONJ	CONJ	2532	καί	καί	
John 19:9	λέγει	V-PAI-3S	V-PAI-3S	3004&5719	λέγω	λέγει	
John 19:9	τῷ	T-DSM	T-DSM	3588	ὁ	τῷ	
John 19:9	Ἰησοῦ	N-DSM	N-DSM	2424	Ἰησοῦς	Ἰησοῦ	
John 19:9	Πόθεν	ADV-I	ADV-I	4159	πόθεν	Πόθεν	
John 19:9	εἶ	V-PAI-2S	V-PAI-2S	1510&5719	εἰμί	εἶ	
John 19:9	σύ;	P-2NS	P-2NS	4771	σύ	σύ	
John 19:9	ὁ	T-NSM	T-NSM	3588	ὁ	ὁ	
John 19:9	δὲ	CONJ	CONJ	1161	δέ	δέ	
John 19:9	Ἰησοῦς	N-NSM	N-NSM	2424	Ἰησοῦς	Ἰησοῦς	
John 19:9	ἀπόκρισιν	N-ASF	N-ASF	612	ἀπόκρισις	ἀπόκρισιν	
John 19:9	οὐκ	PRT-N	PRT-N	3756	οὐ	οὐκ	
John 19:9	ἔδωκεν	V-AAI-3S	V-AAI-3S	1325&5656	δίδωμι	ἔδωκεν	
John 19:9	αὐτῷ.	P-DSM	P-DSM	846	αὐτός	αὐτῷ	
John 19:10	λέγει	V-PAI-3S	V-PAI-3S	3004&5719	λέγω	λέγει	
John 19:10	οὖν	CONJ	CONJ	3767	οὖν	οὖν	
John 19:10	αὐτῷ	P-DSM	P-DSM	846	αὐτός	αὐτῷ	
John 19:10	ὁ	T-NSM	T-NSM	3588	ὁ	ὁ	
John 19:10	Πειλᾶτος	N-NSM	N-NSM	4091	Πιλᾶτος	Πειλᾶτος	
John 19:10	Ἐμοὶ	P-1DS	P-1DS	1473	ἐγώ	Ἐμοί	
John 19:10	οὐ	PRT-N	PRT-N	3756	οὐ	οὐ	
John 19:10	λαλεῖς;	V-PAI-2S	V-PAI-2S	2980&5719	λαλέω	λαλεῖς	
John 19:10	οὐκ	PRT-N	PRT-N	3756	οὐ	οὐκ	
John 19:10	οἶδας	V-RAI-2S	V-RAI-2S	1492&5758	οἶδα	οἶδας	
John 19:10	ὅτι	CONJ	CONJ	3754	ὅτι	ὅτι	
John 19:10	ἐξουσίαν	N-ASF	N-ASF	1849	ἐξουσία	ἐξουσίαν	
John 19:10	ἔχω	V-PAI-1S	V-PAI-1S	2192&5719	ἔχω	ἔχω	
John 19:10	ἀπολῦσαί	V-AAN	V-AAN	630&5658	ἀπολύω	ἀπολῦσαι	
John 19:10	σε	P-2AS	P-2AS	4771	σύ	σε	
John 19:10	καὶ	CONJ	CONJ	2532	καί	καί	
John 19:10	ἐξουσίαν	N-ASF	N-ASF	1849	ἐξουσία	ἐξουσίαν	
John 19:10	ἔχω	V-PAI-1S	V-PAI-1S	2192&5719	ἔχω	ἔχω	
John 19:10	σταυρῶσαί	V-AAN	V-AAN	4717&5658	σταυρόω	σταυρῶσαι	
John 19:10	σε;	P-2AS	P-2AS	4771	σύ	σε	
John 19:11	ἀπεκρίθη	V-ADI-3S	V-ADI-3S	611&5662	ἀποκρίνομαι	ἀπεκρίθη	
John 19:11	Ἰησοῦς	N-NSM	N-NSM	2424	Ἰησοῦς	Ἰησοῦς	
John 19:11	Οὐκ	PRT-N	PRT-N	3756	οὐ	Οὐκ	
John 19:11	εἶχες	V-IAI-2S	V-IAI-2S	2192&5707	ἔχω	εἶχες	
John 19:11	ἐξουσίαν	N-ASF	N-ASF	1849	ἐξουσία	ἐξουσίαν	
John 19:11	κατ’	PREP	PREP	2596	κατά	κατ’	
John 19:11	ἐμοῦ	P-1GS	P-1GS	1473	ἐγώ	ἐμοῦ	
John 19:11	οὐδεμίαν	A-ASF-N	A-ASF-N	3762	οὐδείς	οὐδεμίαν	
John 19:11	εἰ	COND	COND	1487	εἰ	εἰ	
John 19:11	μὴ	PRT-N	PRT-N	3361	μή	μή	
John 19:11	ἦν	V-IAI-3S	V-IAI-3S	1510&5707	εἰμί	ἦν	
John 19:11	δεδομένον	V-RPP-NSN	V-RPP-NSN	1325&5772	δίδωμι	δεδομένον	
John 19:11	σοι	P-2DS	P-2DS	4771	σύ	σοι	
John 19:11	ἄνωθεν·	ADV	ADV	509	ἄνωθεν	ἄνωθεν	
John 19:11	διὰ	PREP	PREP	1223	διά	διά	
John 19:11	τοῦτο	D-ASN	D-ASN	3778	οὗτος	τοῦτο	
John 19:11	ὁ	T-NSM	T-NSM	3588	ὁ	ὁ	
John 19:11	παραδούς	V-2AAP-NSM	V-2AAP-NSM	3860&5631	παραδίδωμι	παραδούς	
John 19:11	μέ	P-1AS	P-1AS	1473	ἐγώ	μέ	
John 19:11	σοι	P-2DS	P-2DS	4771	σύ	σοι	
John 19:11	μείζονα	A-ASF-C	A-ASF-C	3173	μέγας	μείζονα	
John 19:11	ἁμαρτίαν	N-ASF	N-ASF	266	ἁμαρτία	ἁμαρτίαν	
John 19:11	ἔχει.	V-PAI-3S	V-PAI-3S	2192&5719	ἔχω	ἔχει	
John 19:12	ἐκ	PREP	PREP	1537	ἐκ	ἐκ	
John 19:12	τούτου	D-GSN	D-GSN	3778	οὗτος	τούτου	
John 19:12	ὁ	T-NSM	T-NSM	3588	ὁ	ὁ	
John 19:12	Πειλᾶτος	N-NSM	N-NSM	4091	Πιλᾶτος	Πειλᾶτος	
John 19:12	ἐζήτει	V-IAI-3S	V-IAI-3S	2212&5707	ζητέω	ἐζήτει	
John 19:12	ἀπολῦσαι	V-AAN	V-AAN	630&5658	ἀπολύω	ἀπολῦσαι	
John 19:12	αὐτόν·	P-ASM	P-ASM	846	αὐτός	αὐτόν	
John 19:12	οἱ	T-NPM	T-NPM	3588	ὁ	οἱ	
John 19:12	δὲ	CONJ	CONJ	1161	δέ	δέ	
John 19:12	Ἰουδαῖοι	A-NPM	A-NPM	2453	Ἰουδαῖος	Ἰουδαῖοι	
John 19:12	ἐκραύγασαν	V-AAI-3P	V-AAI-3P	2905&5656	κραυγάζω	ἐκραύγασαν	
John 19:12	λέγοντες	V-PAP-NPM	V-PAP-NPM	3004&5723	λέγω	λέγοντες	
John 19:12	Ἐὰν	COND	COND	1437	ἐάν	Ἐάν	
John 19:12	τοῦτον	D-ASM	D-ASM	3778	οὗτος	τοῦτον	
John 19:12	ἀπολύσῃς,	V-AAS-2S	V-AAS-2S	630&5661	ἀπολύω	ἀπολύσῃς	
John 19:12	οὐκ	PRT-N	PRT-N	3756	οὐ	οὐκ	
John 19:12	εἶ	V-PAI-2S	V-PAI-2S	1510&5719	εἰμί	εἶ	
John 19:12	φίλος	A-NSM	A-NSM	5384	φίλος	φίλος	
John 19:12	τοῦ	T-GSM	T-GSM	3588	ὁ	τοῦ	
John 19:12	Καίσαρος·	N-GSM	N-GSM	2541	Καῖσαρ	Καίσαρος	
John 19:12	πᾶς	A-NSM	A-NSM	3956	πᾶς	πᾶς	
John 19:12	ὁ	T-NSM	T-NSM	3588	ὁ	ὁ	
John 19:12	βασιλέα	N-ASM	N-ASM	935	βασιλεύς	βασιλέα	
John 19:12	ἑαυτὸν	F-3ASM	F-3ASM	1438	ἑαυτοῦ	ἑαυτόν	
John 19:12	ποιῶν	V-PAP-NSM	V-PAP-NSM	4160&5723	ποιέω	ποιῶν	
John 19:12	ἀντιλέγει	V-PAI-3S	V-PAI-3S	483&5719	ἀντιλέγω	ἀντιλέγει	
John 19:12	τῷ	T-DSM	T-DSM	3588	ὁ	τῷ	
John 19:12	Καίσαρι.	N-DSM	N-DSM	2541	Καῖσαρ	Καίσαρι	
John 19:13	Ὁ	T-NSM	T-NSM	3588	ὁ	Ὁ	
John 19:13	οὖν	CONJ	CONJ	3767	οὖν	οὖν	
John 19:13	Πειλᾶτος	N-NSM	N-NSM	4091	Πιλᾶτος	Πειλᾶτος	
John 19:13	ἀκούσας	V-AAP-NSM	V-AAP-NSM	191&5660	ἀκούω	ἀκούσας	
John 19:13	τῶν	T-GPM	T-GPM	3588	ὁ	τῶν	
John 19:13	λόγων	N-GPM	N-GPM	3056	λόγος	λόγων	
John 19:13	τούτων	D-GPM	D-GPM	3778	οὗτος	τούτων	
John 19:13	ἤγαγεν	V-2AAI-3S	V-2AAI-3S	71&5627	ἄγω	ἤγαγεν	
John 19:13	ἔξω	ADV	ADV	1854	ἔξω	ἔξω	
John 19:13	τὸν	T-ASM	T-ASM	3588	ὁ	τόν	
John 19:13	Ἰησοῦν,	N-ASM	N-ASM	2424	Ἰησοῦς	Ἰησοῦν	
John 19:13	καὶ	CONJ	CONJ	2532	καί	καί	
John 19:13	ἐκάθισεν	V-AAI-3S	V-AAI-3S	2523&5656	καθίζω	ἐκάθισεν	
John 19:13	ἐπὶ	PREP	PREP	1909	ἐπί	ἐπί	
John 19:13	βήματος	N-GSN	N-GSN	968	βῆμα	βήματος	
John 19:13	εἰς	PREP	PREP	1519	εἰς	εἰς	
John 19:13	τόπον	N-ASM	N-ASM	5117	τόπος	τόπον	
John 19:13	λεγόμενον	V-PPP-ASM	V-PEP-ASM	3004&5746	λέγω	λεγόμενον	
John 19:13	Λιθόστρωτον,	A-ASN	A-ASN	3038	λιθόστρωτος	Λιθόστρωτον	
John 19:13	Ἑβραϊστὶ	ADV	ADV	1447	Ἑβραϊστί	Ἑβραϊστί	
John 19:13	δὲ	CONJ	CONJ	1161	δέ	δέ	
John 19:13	Γαββαθα.	N-PRI	N-PRI	1042	Γαββαθά	Γαββαθα	
John 19:14	ἦν	V-IAI-3S	V-IAI-3S	1510&5707	εἰμί	ἦν	
John 19:14	δὲ	CONJ	CONJ	1161	δέ	δέ	
John 19:14	Παρασκευὴ	N-NSF	N-NSF	3904	παρασκευή	Παρασκευή	
John 19:14	τοῦ	T-GSN	T-GSN	3588	ὁ	τοῦ	
John 19:14	πάσχα,	ARAM	ARAM	3957	πάσχα	πάσχα	
John 19:14	ὥρα	N-NSF	N-NSF	5610	ὥρα	ὥρα	
John 19:14	ἦν	V-IAI-3S	V-IAI-3S	1510&5707	εἰμί	ἦν	
John 19:14	ὡς	ADV	ADV	5613	ὡς	ὡς	
John 19:14	ἕκτη·	A-NSF	A-NSF	1623	ἕκτος	ἕκτη	
John 19:14	καὶ	CONJ	CONJ	2532	καί	καί	
John 19:14	λέγει	V-PAI-3S	V-PAI-3S	3004&5719	λέγω	λέγει	
John 19:14	τοῖς	T-DPM	T-DPM	3588	ὁ	τοῖς	
John 19:14	Ἰουδαίοις	A-DPM	A-DPM	2453	Ἰουδαῖος	Ἰουδαίοις	
John 19:14	Ἴδε	V-2AAM-2S	V-2AAM-2S	3708&5628	ὁράω	Ἴδε	
John 19:14	ὁ	T-NSM	T-NSM	3588	ὁ	ὁ	
John 19:14	Βασιλεὺς	N-NSM	N-NSM	935	βασιλεύς	Βασιλεύς	
John 19:14	ὑμῶν.	P-2GP	P-2GP	4771	σύ	ὑμῶν	
John 19:15	ἐκραύγασαν	V-AAI-3P	V-AAI-3P	2905&5656	κραυγάζω	ἐκραύγασαν	
John 19:15	οὖν	CONJ	CONJ	3767	οὖν	οὖν	
John 19:15	ἐκεῖνοι	D-NPM	D-NPM	1565	ἐκεῖνος	ἐκεῖνοι	
John 19:15	Ἆρον	V-AAM-2S	V-AAM-2S	142&5657	αἴρω	Ἆρον	
John 19:15	ἆρον,	V-AAM-2S	V-AAM-2S	142&5657	αἴρω	ἆρον	
John 19:15	σταύρωσον	V-AAM-2S	V-AAM-2S	4717&5657	σταυρόω	σταύρωσον	
John 19:15	αὐτόν.	P-ASM	P-ASM	846	αὐτός	αὐτόν	
John 19:15	λέγει	V-PAI-3S	V-PAI-3S	3004&5719	λέγω	λέγει	
John 19:15	αὐτοῖς	P-DPM	P-DPM	846	αὐτός	αὐτοῖς	
John 19:15	ὁ	T-NSM	T-NSM	3588	ὁ	ὁ	
John 19:15	Πειλᾶτος	N-NSM	N-NSM	4091	Πιλᾶτος	Πειλᾶτος	
John 19:15	Τὸν	T-ASM	T-ASM	3588	ὁ	Τόν	
John 19:15	Βασιλέα	N-ASM	N-ASM	935	βασιλεύς	Βασιλέα	
John 19:15	ὑμῶν	P-2GP	P-2GP	4771	σύ	ὑμῶν	
John 19:15	σταυρώσω;	V-AAS-1S	V-AAS-1S	4717&5661	σταυρόω	σταυρώσω	
John 19:15	ἀπεκρίθησαν	V-ADI-3P	V-ADI-3P	611&5662	ἀποκρίνομαι	ἀπεκρίθησαν	
John 19:15	οἱ	T-NPM	T-NPM	3588	ὁ	οἱ	
John 19:15	ἀρχιερεῖς	N-NPM	N-NPM	749	ἀρχιερεύς	ἀρχιερεῖς	
John 19:15	Οὐκ	PRT-N	PRT-N	3756	οὐ	Οὐκ	
John 19:15	ἔχομεν	V-PAI-1P	V-PAI-1P	2192&5719	ἔχω	ἔχομεν	
John 19:15	βασιλέα	N-ASM	N-ASM	935	βασιλεύς	βασιλέα	
John 19:15	εἰ	COND	COND	1487	εἰ	εἰ	
John 19:15	μὴ	PRT-N	PRT-N	3361	μή	μή	
John 19:15	Καίσαρα.	N-ASM	N-ASM	2541	Καῖσαρ	Καίσαρα	
John 19:16	τότε	ADV	ADV	5119	τότε	τότε	
John 19:16	οὖν	CONJ	CONJ	3767	οὖν	οὖν	
John 19:16	παρέδωκεν	V-AAI-3S	V-AAI-3S	3860&5656	παραδίδωμι	παρέδωκεν	
John 19:16	αὐτὸν	P-ASM	P-ASM	846	αὐτός	αὐτόν	
John 19:16	αὐτοῖς	P-DPM	P-DPM	846	αὐτός	αὐτοῖς	
John 19:16	ἵνα	CONJ	CONJ	2443	ἵνα	ἵνα	
John 19:16	σταυρωθῇ.	V-APS-3S	V-APS-3S	4717&5686	σταυρόω	σταυρωθῇ	
John 19:16	Παρέλαβον	V-2AAI-3P	V-2AAI-3P	3880&5627	παραλαμβάνω	Παρέλαβον	
John 19:16	οὖν	CONJ	CONJ	3767	οὖν	οὖν	
John 19:16	τὸν	T-ASM	T-ASM	3588	ὁ	τόν	
John 19:16	Ἰησοῦν·	N-ASM	N-ASM	2424	Ἰησοῦς	Ἰησοῦν	
John 19:17	καὶ	CONJ	CONJ	2532	καί	καί	
John 19:17	βαστάζων	V-PAP-NSM	V-PAP-NSM	941&5723	βαστάζω	βαστάζων	
John 19:17	ἑαυτῷ	F-3DSM	F-3DSM	1438	ἑαυτοῦ	ἑαυτῷ	
John 19:17	τὸν	T-ASM	T-ASM	3588	ὁ	τόν	
John 19:17	σταυρὸν	N-ASM	N-ASM	4716	σταυρός	σταυρόν	
John 19:17	ἐξῆλθεν	V-2AAI-3S	V-2AAI-3S	1831&5627	ἐξέρχομαι	ἐξῆλθεν	
John 19:17	εἰς	PREP	PREP	1519	εἰς	εἰς	
John 19:17	τὸν	T-ASM	T-ASM	3588	ὁ	τόν	
John 19:17	λεγόμενον	V-PPP-ASM	V-PEP-ASM	3004&5746	λέγω	λεγόμενον	
John 19:17	Κρανίου	N-GSN	N-GSN	2898	κρανίον	Κρανίου	
John 19:17	τόπον,	N-ASM	N-ASM	5117	τόπος	τόπον	
John 19:17	ὃ	R-NSN	R-NSN	3739	ὅς	ὅ	
John 19:17	λέγεται	V-PPI-3S	V-PEI-3S	3004&5743	λέγω	λέγεται	
John 19:17	Ἑβραϊστὶ	ADV	ADV	1447	Ἑβραϊστί	Ἑβραϊστί	
John 19:17	Γολγοθᾶ,	N-PRI	N-PRI	1115	Γολγοθᾶ	Γολγοθᾶ	
John 19:18	ὅπου	ADV	ADV	3699	ὅπου	ὅπου	
John 19:18	αὐτὸν	P-ASM	P-ASM	846	αὐτός	αὐτόν	
John 19:18	ἐσταύρωσαν,	V-AAI-3P	V-AAI-3P	4717&5656	σταυρόω	ἐσταύρωσαν	
John 19:18	καὶ	CONJ	CONJ	2532	καί	καί	
John 19:18	μετ’	PREP	PREP	3326	μετά	μετ’	
John 19:18	αὐτοῦ	P-GSM	P-GSM	846	αὐτός	αὐτοῦ	
John 19:18	ἄλλους	A-APM	A-APM	243	ἄλλος	ἄλλους	
John 19:18	δύο	A-NUI	A-NUI	1417	δύο	δύο	
John 19:18	ἐντεῦθεν	ADV	ADV	1782	ἐντεῦθεν	ἐντεῦθεν	
John 19:18	καὶ	CONJ	CONJ	2532	καί	καί	
John 19:18	ἐντεῦθεν,	ADV	ADV	1782	ἐντεῦθεν	ἐντεῦθεν	
John 19:18	μέσον	A-ASN	A-ASN	3319	μέσος	μέσον	
John 19:18	δὲ	CONJ	CONJ	1161	δέ	δέ	
John 19:18	τὸν	T-ASM	T-ASM	3588	ὁ	τόν	
John 19:18	Ἰησοῦν.	N-ASM	N-ASM	2424	Ἰησοῦς	Ἰησοῦν	
John 19:19	ἔγραψεν	V-AAI-3S	V-AAI-3S	1125&5656	γράφω	ἔγραψεν	
John 19:19	δὲ	CONJ	CONJ	1161	δέ	δέ	
John 19:19	καὶ	CONJ	CONJ	2532	καί	καί	
John 19:19	τίτλον	N-ASM	N-ASM	5102	τίτλος	τίτλον	
John 19:19	ὁ	T-NSM	T-NSM	3588	ὁ	ὁ	
John 19:19	Πειλᾶτος	N-NSM	N-NSM	4091	Πιλᾶτος	Πειλᾶτος	
John 19:19	καὶ	CONJ	CONJ	2532	καί	καί	
John 19:19	ἔθηκεν	V-AAI-3S	V-AAI-3S	5087&5656	τίθημι	ἔθηκεν	
John 19:19	ἐπὶ	PREP	PREP	1909	ἐπί	ἐπί	
John 19:19	τοῦ	T-GSM	T-GSM	3588	ὁ	τοῦ	
John 19:19	σταυροῦ·	N-GSM	N-GSM	4716	σταυρός	σταυροῦ	
John 19:19	ἦν	V-IAI-3S	V-IAI-3S	1510&5707	εἰμί	ἦν	
John 19:19	δὲ	CONJ	CONJ	1161	δέ	δέ	
John 19:19	γεγραμμένον	V-RPP-NSN	V-RPP-NSN	1125&5772	γράφω	γεγραμμένον	
John 19:19	ΙΗΣΟΥΣ	N-NSM	N-NSM	2424	Ἰησοῦς	ΙΗΣΟΥΣ	
John 19:19	Ο	T-NSM	T-NSM	3588	ὁ	Ο	
John 19:19	ΝΑΖΩΡΑΙΟΣ	N-NSM	N-NSM	3480	Ναζωραῖος	ΝΑΖΩΡΑΙΟΣ	
John 19:19	Ο	T-NSM	T-NSM	3588	ὁ	Ο	
John 19:19	ΒΑΣΙΛΕΥΣ	N-NSM	N-NSM	935	βασιλεύς	ΒΑΣΙΛΕΥΣ	
John 19:19	ΤΩΝ	T-GPM	T-GPM	3588	ὁ	ΤΩΝ	
John 19:19	ΙΟΥΔΑΙΩΝ.	A-GPM	A-GPM	2453	Ἰουδαῖος	ΙΟΥΔΑΙΩΝ	
John 19:20	τοῦτον	D-ASM	D-ASM	3778	οὗτος	τοῦτον	
John 19:20	οὖν	CONJ	CONJ	3767	οὖν	οὖν	
John 19:20	τὸν	T-ASM	T-ASM	3588	ὁ	τόν	
John 19:20	τίτλον	N-ASM	N-ASM	5102	τίτλος	τίτλον	
John 19:20	πολλοὶ	A-NPM	A-NPM	4183	πολύς	πολλοί	
John 19:20	ἀνέγνωσαν	V-2AAI-3P	V-2AAI-3P	314&5627	ἀναγινώσκω	ἀνέγνωσαν	
John 19:20	τῶν	T-GPM	T-GPM	3588	ὁ	τῶν	
John 19:20	Ἰουδαίων,	A-GPM	A-GPM	2453	Ἰουδαῖος	Ἰουδαίων	
John 19:20	ὅτι	CONJ	CONJ	3754	ὅτι	ὅτι	
John 19:20	ἐγγὺς	ADV	ADV	1451	ἐγγύς	ἐγγύς	
John 19:20	ἦν	V-IAI-3S	V-IAI-3S	1510&5707	εἰμί	ἦν	
John 19:20	ὁ	T-NSM	T-NSM	3588	ὁ	ὁ	
John 19:20	τόπος	N-NSM	N-NSM	5117	τόπος	τόπος	
John 19:20	τῆς	T-GSF	T-GSF	3588	ὁ	τῆς	
John 19:20	πόλεως	N-GSF	N-GSF	4172	πόλις	πόλεως	
John 19:20	ὅπου	ADV	ADV	3699	ὅπου	ὅπου	
John 19:20	ἐσταυρώθη	V-API-3S	V-API-3S	4717&5681	σταυρόω	ἐσταυρώθη	
John 19:20	ὁ	T-NSM	T-NSM	3588	ὁ	ὁ	
John 19:20	Ἰησοῦς·	N-NSM	N-NSM	2424	Ἰησοῦς	Ἰησοῦς	
John 19:20	καὶ	CONJ	CONJ	2532	καί	καί	
John 19:20	ἦν	V-IAI-3S	V-IAI-3S	1510&5707	εἰμί	ἦν	
John 19:20	γεγραμμένον	V-RPP-NSN	V-RPP-NSN	1125&5772	γράφω	γεγραμμένον	
John 19:20	Ἑβραϊστί,	ADV	ADV	1447	Ἑβραϊστί	Ἑβραϊστί	
John 19:20	Ῥωμαϊστί,	ADV	ADV	4515	Ῥωμαϊστί	Ῥωμαϊστί	
John 19:20	Ἑλληνιστί.	ADV	ADV	1676	Ἑλληνιστί	Ἑλληνιστί	
John 19:21	ἔλεγον	V-IAI-3P	V-IAI-3P	3004&5707	λέγω	ἔλεγον	
John 19:21	οὖν	CONJ	CONJ	3767	οὖν	οὖν	
John 19:21	τῷ	T-DSM	T-DSM	3588	ὁ	τῷ	
John 19:21	Πειλάτῳ	N-DSM	N-DSM	4091	Πιλᾶτος	Πειλάτῳ	
John 19:21	οἱ	T-NPM	T-NPM	3588	ὁ	οἱ	
John 19:21	ἀρχιερεῖς	N-NPM	N-NPM	749	ἀρχιερεύς	ἀρχιερεῖς	
John 19:21	τῶν	T-GPM	T-GPM	3588	ὁ	τῶν	
John 19:21	Ἰουδαίων	A-GPM	A-GPM	2453	Ἰουδαῖος	Ἰουδαίων	
John 19:21	Μὴ	PRT-N	PRT-N	3361	μή	Μή	
John 19:21	γράφε	V-PAM-2S	V-PAM-2S	1125&5720	γράφω	γράφε	
John 19:21	Ὁ	T-NSM	T-NSM	3588	ὁ	Ὁ	
John 19:21	Βασιλεὺς	N-NSM	N-NSM	935	βασιλεύς	Βασιλεύς	
John 19:21	τῶν	T-GPM	T-GPM	3588	ὁ	τῶν	
John 19:21	Ἰουδαίων,	A-GPM	A-GPM	2453	Ἰουδαῖος	Ἰουδαίων	
John 19:21	ἀλλ’	CONJ	CONJ	235	ἀλλά	ἀλλ’	
John 19:21	ὅτι	CONJ	CONJ	3754	ὅτι	ὅτι	
John 19:21	ἐκεῖνος	D-NSM	D-NSM	1565	ἐκεῖνος	ἐκεῖνος	
John 19:21	εἶπεν	V-2AAI-3S	V-2AAI-3S	3004&5627	λέγω	εἶπεν	
John 19:21	Βασιλεύς	N-NSM	N-NSM	935	βασιλεύς	Βασιλεύς	
John 19:21	εἰμι	V-PAI-1S	V-PAI-1S	1510	εἰμί	εἰμι	
John 19:21	τῶν	T-GPM	T-GPM	3588	ὁ	τῶν	
John 19:21	Ἰουδαίων.	A-GPM	A-GPM	2453	Ἰουδαῖος	Ἰουδαίων	
John 19:22	ἀπεκρίθη	V-ADI-3S	V-ADI-3S	611&5662	ἀποκρίνομαι	ἀπεκρίθη	
John 19:22	ὁ	T-NSM	T-NSM	3588	ὁ	ὁ	
John 19:22	Πειλᾶτος	N-NSM	N-NSM	4091	Πιλᾶτος	Πειλᾶτος	
John 19:22	Ὃ	R-ASN	R-ASN	3739	ὅς	Ὅ	
John 19:22	γέγραφα,	V-2RAI-1S	V-2RAI-1S	1125&5754	γράφω	γέγραφα	
John 19:22	γέγραφα.	V-2RAI-1S	V-2RAI-1S	1125&5754	γράφω	γέγραφα	
John 19:23	Οἱ	T-NPM	T-NPM	3588	ὁ	Οἱ	
John 19:23	οὖν	CONJ	CONJ	3767	οὖν	οὖν	
John 19:23	στρατιῶται,	N-NPM	N-NPM	4757	στρατιώτης	στρατιῶται	
John 19:23	ὅτε	ADV	ADV	3753	ὅτε	ὅτε	
John 19:23	ἐσταύρωσαν	V-AAI-3P	V-AAI-3P	4717&5656	σταυρόω	ἐσταύρωσαν	
John 19:23	τὸν	T-ASM	T-ASM	3588	ὁ	τόν	
John 19:23	Ἰησοῦν,	N-ASM	N-ASM	2424	Ἰησοῦς	Ἰησοῦν	
John 19:23	ἔλαβον	V-2AAI-3P	V-2AAI-3P	2983&5627	λαμβάνω	ἔλαβον	
John 19:23	τὰ	T-APN	T-APN	3588	ὁ	τά	
John 19:23	ἱμάτια	N-APN	N-APN	2440	ἱμάτιον	ἱμάτια	
John 19:23	αὐτοῦ	P-GSM	P-GSM	846	αὐτός	αὐτοῦ	
John 19:23	καὶ	CONJ	CONJ	2532	καί	καί	
John 19:23	ἐποίησαν	V-AAI-3P	V-AAI-3P	4160&5656	ποιέω	ἐποίησαν	
John 19:23	τέσσερα	A-APN	A-APN	5064	τέσσαρες	τέσσερα	
John 19:23	μέρη,	N-APN	N-APN	3313	μέρος	μέρη	
John 19:23	ἑκάστῳ	A-DSM	A-DSM	1538	ἕκαστος	ἑκάστῳ	
John 19:23	στρατιώτῃ	N-DSM	N-DSM	4757	στρατιώτης	στρατιώτῃ	
John 19:23	μέρος,	N-ASN	N-ASN	3313	μέρος	μέρος	
John 19:23	καὶ	CONJ	CONJ	2532	καί	καί	
John 19:23	τὸν	T-ASM	T-ASM	3588	ὁ	τόν	
John 19:23	χιτῶνα.	N-ASM	N-ASM	5509	χιτών	χιτῶνα	
John 19:23	ἦν	V-IAI-3S	V-IAI-3S	1510&5707	εἰμί	ἦν	
John 19:23	δὲ	CONJ	CONJ	1161	δέ	δέ	
John 19:23	ὁ	T-NSM	T-NSM	3588	ὁ	ὁ	
John 19:23	χιτὼν	N-NSM	N-NSM	5509	χιτών	χιτών	
John 19:23	ἄραφος,	A-NSM	A-NSM	729	ἄραφος	ἄραφος	
John 19:23	ἐκ	PREP	PREP	1537	ἐκ	ἐκ	
John 19:23	τῶν	T-GPN	T-GPN	3588	ὁ	τῶν	
John 19:23	ἄνωθεν	ADV	ADV	509	ἄνωθεν	ἄνωθεν	
John 19:23	ὑφαντὸς	A-NSM	A-NSM	5307	ὑφαντός	ὑφαντός	
John 19:23	δι’	PREP	PREP	1223	διά	δι’	
John 19:23	ὅλου.	A-GSM	A-GSM	3650	ὅλος	ὅλου	
John 19:24	εἶπαν	V-2AAI-3P	V-2AAI-3P	3004&5627	λέγω	εἶπαν	
John 19:24	οὖν	CONJ	CONJ	3767	οὖν	οὖν	
John 19:24	πρὸς	PREP	PREP	4314	πρός	πρός	
John 19:24	ἀλλήλους	C-APM	C-APM	240	ἀλλήλων	ἀλλήλους	
John 19:24	Μὴ	PRT-N	PRT-N	3361	μή	Μή	
John 19:24	σχίσωμεν	V-AAS-1P	V-AAS-1P	4977&5661	σχίζω	σχίσωμεν	
John 19:24	αὐτόν,	P-ASM	P-ASM	846	αὐτός	αὐτόν	
John 19:24	ἀλλὰ	CONJ	CONJ	235	ἀλλά	ἀλλά	
John 19:24	λάχωμεν	V-2AAS-1P	V-2AAS-1P	2975&5632	λαγχάνω	λάχωμεν	
John 19:24	περὶ	PREP	PREP	4012	περί	περί	
John 19:24	αὐτοῦ	P-GSM	P-GSM	846	αὐτός	αὐτοῦ	
John 19:24	τίνος	I-GSM	I-GSM	5101	τίς	τίνος	
John 19:24	ἔσται·	V-FDI-3S	V-FDI-3S	1510&5695	εἰμί	ἔσται	
John 19:24	ἵνα	CONJ	CONJ	2443	ἵνα	ἵνα	
John 19:24	ἡ	T-NSF	T-NSF	3588	ὁ	ἡ	
John 19:24	γραφὴ	N-NSF	N-NSF	1124	γραφή	γραφή	
John 19:24	πληρωθῇ	V-APS-3S	V-APS-3S	4137&5686	πληρόω	πληρωθῇ	
John 19:24	Διεμερίσαντο	V-AMI-3P	V-AMI-3P	1266&5668	διαμερίζω	Διεμερίσαντο	
John 19:24	τὰ	T-APN	T-APN	3588	ὁ	τά	
John 19:24	ἱμάτιά	N-APN	N-APN	2440	ἱμάτιον	ἱμάτια	
John 19:24	μου	P-1GS	P-1GS	1473	ἐγώ	μου	
John 19:24	ἑαυτοῖς	F-3DPM	F-3DPM	1438	ἑαυτοῦ	ἑαυτοῖς	
John 19:24	καὶ	CONJ	CONJ	2532	καί	καί	
John 19:24	ἐπὶ	PREP	PREP	1909	ἐπί	ἐπί	
John 19:24	τὸν	T-ASM	T-ASM	3588	ὁ	τόν	
John 19:24	ἱματισμόν	N-ASM	N-ASM	2441	ἱματισμός	ἱματισμόν	
John 19:24	μου	P-1GS	P-1GS	1473	ἐγώ	μου	
John 19:24	ἔβαλον	V-2AAI-3P	V-2AAI-3P	906&5627	βάλλω	ἔβαλον	
John 19:24	κλῆρον.	N-ASM	N-ASM	2819	κλῆρος	κλῆρον	
John 19:24	Οἱ	T-NPM	T-NPM	3588	ὁ	Οἱ	
John 19:24	μὲν	PRT	PRT	3303	μέν	μέν	
John 19:24	οὖν	CONJ	CONJ	3767	οὖν	οὖν	
John 19:24	στρατιῶται	N-NPM	N-NPM	4757	στρατιώτης	στρατιῶται	
John 19:24	ταῦτα	D-APN	D-APN	3778	οὗτος	ταῦτα	
John 19:24	ἐποίησαν.	V-AAI-3P	V-AAI-3P	4160&5656	ποιέω	ἐποίησαν	
John 19:25	εἱστήκεισαν	V-LAI-3P	V-LAI-3P	2476&5715	ἵστημι	εἱστήκεισαν	
John 19:25	δὲ	CONJ	CONJ	1161	δέ	δέ	
John 19:25	παρὰ	PREP	PREP	3844	παρά	παρά	
John 19:25	τῷ	T-DSM	T-DSM	3588	ὁ	τῷ	
John 19:25	σταυρῷ	N-DSM	N-DSM	4716	σταυρός	σταυρῷ	
John 19:25	τοῦ	T-GSM	T-GSM	3588	ὁ	τοῦ	
John 19:25	Ἰησοῦ	N-GSM	N-GSM	2424	Ἰησοῦς	Ἰησοῦ	
John 19:25	ἡ	T-NSF	T-NSF	3588	ὁ	ἡ	
John 19:25	μήτηρ	N-NSF	N-NSF	3384	μήτηρ	μήτηρ	
John 19:25	αὐτοῦ	P-GSM	P-GSM	846	αὐτός	αὐτοῦ	
John 19:25	καὶ	CONJ	CONJ	2532	καί	καί	
John 19:25	ἡ	T-NSF	T-NSF	3588	ὁ	ἡ	
John 19:25	ἀδελφὴ	N-NSF	N-NSF	79	ἀδελφή	ἀδελφή	
John 19:25	τῆς	T-GSF	T-GSF	3588	ὁ	τῆς	
John 19:25	μητρὸς	N-GSF	N-GSF	3384	μήτηρ	μητρός	
John 19:25	αὐτοῦ,	P-GSM	P-GSM	846	αὐτός	αὐτοῦ	
John 19:25	Μαρία	N-NSF	N-NSF	3137	Μαρία	Μαρία	
John 19:25	ἡ	T-NSF	T-NSF	3588	ὁ	ἡ	
John 19:25	τοῦ	T-GSM	T-GSM	3588	ὁ	τοῦ	
John 19:25	Κλωπᾶ	N-GSM	N-GSM	2832	Κλωπᾶς	Κλωπᾶ	
John 19:25	καὶ	CONJ	CONJ	2532	καί	καί	
John 19:25	Μαρία	N-NSF	N-NSF	3137	Μαρία	Μαρία	
John 19:25	ἡ	T-NSF	T-NSF	3588	ὁ	ἡ	
John 19:25	Μαγδαληνή.	N-NSF	N-NSF	3094	Μαγδαληνή	Μαγδαληνή	
John 19:26	Ἰησοῦς	N-NSM	N-NSM	2424	Ἰησοῦς	Ἰησοῦς	
John 19:26	οὖν	CONJ	CONJ	3767	οὖν	οὖν	
John 19:26	ἰδὼν	V-2AAP-NSM	V-2AAP-NSM	3708&5631	ὁράω	ἰδών	
John 19:26	τὴν	T-ASF	T-ASF	3588	ὁ	τήν	
John 19:26	μητέρα	N-ASF	N-ASF	3384	μήτηρ	μητέρα	
John 19:26	καὶ	CONJ	CONJ	2532	καί	καί	
John 19:26	τὸν	T-ASM	T-ASM	3588	ὁ	τόν	
John 19:26	μαθητὴν	N-ASM	N-ASM	3101	μαθητής	μαθητήν	
John 19:26	παρεστῶτα	V-RAP-ASM	V-RAP-ASM	3936&5761	παρίστημι	παρεστῶτα	
John 19:26	ὃν	R-ASM	R-ASM	3739	ὅς	ὅν	
John 19:26	ἠγάπα,	V-IAI-3S	V-IAI-3S	25&5707	ἀγαπάω	ἠγάπα	
John 19:26	λέγει	V-PAI-3S	V-PAI-3S	3004&5719	λέγω	λέγει	
John 19:26	τῇ	T-DSF	T-DSF	3588	ὁ	τῇ	
John 19:26	μητρί	N-DSF	N-DSF	3384	μήτηρ	μητρί	
John 19:26	Γύναι,	N-VSF	N-VSF	1135	γυνή	Γύναι	
John 19:26	ἴδε	V-2AAM-2S	V-2AAM-2S	3708&5628	ὁράω	ἴδε	
John 19:26	ὁ	T-NSM	T-NSM	3588	ὁ	ὁ	
John 19:26	υἱός	N-NSM	N-NSM	5207	υἱός	υἱός	
John 19:26	σου.	P-2GS	P-2GS	4771	σύ	σου	
John 19:27	εἶτα	ADV	ADV	1534	εἶτα	εἶτα	
John 19:27	λέγει	V-PAI-3S	V-PAI-3S	3004&5719	λέγω	λέγει	
John 19:27	τῷ	T-DSM	T-DSM	3588	ὁ	τῷ	
John 19:27	μαθητῇ	N-DSM	N-DSM	3101	μαθητής	μαθητῇ	
John 19:27	Ἴδε	V-2AAM-2S	V-2AAM-2S	3708&5628	ὁράω	Ἴδε	
John 19:27	ἡ	T-NSF	T-NSF	3588	ὁ	ἡ	
John 19:27	μήτηρ	N-NSF	N-NSF	3384	μήτηρ	μήτηρ	
John 19:27	σου.	P-2GS	P-2GS	4771	σύ	σου	
John 19:27	καὶ	CONJ	CONJ	2532	καί	καί	
John 19:27	ἀπ’	PREP	PREP	575	ἀπό	ἀπ’	
John 19:27	ἐκείνης	D-GSF	D-GSF	1565	ἐκεῖνος	ἐκείνης	
John 19:27	τῆς	T-GSF	T-GSF	3588	ὁ	τῆς	
John 19:27	ὥρας	N-GSF	N-GSF	5610	ὥρα	ὥρας	
John 19:27	ἔλαβεν	V-2AAI-3S	V-2AAI-3S	2983&5627	λαμβάνω	ἔλαβεν	
John 19:27	ὁ	T-NSM	T-NSM	3588	ὁ	ὁ	
John 19:27	μαθητὴς	N-NSM	N-NSM	3101	μαθητής	μαθητής	
John 19:27	αὐτὴν	P-ASF	P-ASF	846	αὐτός	αὐτήν	
John 19:27	εἰς	PREP	PREP	1519	εἰς	εἰς	
John 19:27	τὰ	T-APN	T-APN	3588	ὁ	τά	
John 19:27	ἴδια.	A-APN	A-APN	2398	ἴδιος	ἴδια	
John 19:28	Μετὰ	PREP	PREP	3326	μετά	Μετά	
John 19:28	τοῦτο	D-ASN	D-ASN	3778	οὗτος	τοῦτο	
John 19:28	εἰδὼς	V-RAP-NSM	V-RAP-NSM	1492&5761	οἶδα	εἰδώς	
John 19:28	ὁ	T-NSM	T-NSM	3588	ὁ	ὁ	
John 19:28	Ἰησοῦς	N-NSM	N-NSM	2424	Ἰησοῦς	Ἰησοῦς	
John 19:28	ὅτι	CONJ	CONJ	3754	ὅτι	ὅτι	
John 19:28	ἤδη	ADV	ADV	2235	ἤδη	ἤδη	
John 19:28	πάντα	A-NPN	A-NPN	3956	πᾶς	πάντα	
John 19:28	τετέλεσται,	V-RPI-3S	V-RPI-3S	5055&5769	τελέω	τετέλεσται	
John 19:28	ἵνα	CONJ	CONJ	2443	ἵνα	ἵνα	
John 19:28	τελειωθῇ	V-APS-3S	V-APS-3S	5048&5686	τελειόω	τελειωθῇ	
John 19:28	ἡ	T-NSF	T-NSF	3588	ὁ	ἡ	
John 19:28	γραφὴ,	N-NSF	N-NSF	1124	γραφή	γραφή	
John 19:28	λέγει	V-PAI-3S	V-PAI-3S	3004&5719	λέγω	λέγει	
John 19:28	Διψῶ.	V-PAI-1S	V-PAI-1S	1372&5719	διψάω	Διψῶ	
John 19:29	σκεῦος	N-NSN	N-NSN	4632	σκεῦος	σκεῦος	
John 19:29	ἔκειτο	V-INI-3S	V-INI-3S	2749&5711	κεῖμαι	ἔκειτο	
John 19:29	ὄξους	N-GSN	N-GSN	3690	ὄξος	ὄξους	
John 19:29	μεστόν·	A-NSN	A-NSN	3324	μεστός	μεστόν	
John 19:29	σπόγγον	N-ASM	N-ASM	4699	σπόγγος	σπόγγον	
John 19:29	οὖν	CONJ	CONJ	3767	οὖν	οὖν	
John 19:29	μεστὸν	A-ASM	A-ASM	3324	μεστός	μεστόν	
John 19:29	τοῦ	T-GSN	T-GSN	3588	ὁ	τοῦ	
John 19:29	ὄξους	N-GSN	N-GSN	3690	ὄξος	ὄξους	
John 19:29	ὑσσώπῳ	N-DSM	N-DSM	5301	ὕσσωπος	ὑσσώπῳ	
John 19:29	περιθέντες	V-2AAP-NPM	V-2AAP-NPM	4060&5631	περιτίθημι	περιθέντες	
John 19:29	προσήνεγκαν	V-AAI-3P	V-AAI-3P	4374&5656	προσφέρω	προσήνεγκαν	
John 19:29	αὐτοῦ	P-GSM	P-GSM	846	αὐτός	αὐτοῦ	
John 19:29	τῷ	T-DSN	T-DSN	3588	ὁ	τῷ	
John 19:29	στόματι.	N-DSN	N-DSN	4750	στόμα	στόματι	
John 19:30	ὅτε	ADV	ADV	3753	ὅτε	ὅτε	
John 19:30	οὖν	CONJ	CONJ	3767	οὖν	οὖν	
John 19:30	ἔλαβεν	V-2AAI-3S	V-2AAI-3S	2983&5627	λαμβάνω	ἔλαβεν	
John 19:30	τὸ	T-ASN	T-ASN	3588	ὁ	τό	
John 19:30	ὄξος	N-ASN	N-ASN	3690	ὄξος	ὄξος	
John 19:30	ὁ	T-NSM	T-NSM	3588	ὁ	ὁ	
John 19:30	Ἰησοῦς	N-NSM	N-NSM	2424	Ἰησοῦς	Ἰησοῦς	
John 19:30	εἶπεν	V-2AAI-3S	V-2AAI-3S	3004&5627	λέγω	εἶπεν	
John 19:30	Τετέλεσται,	V-RPI-3S	V-RPI-3S	5055&5769	τελέω	Τετέλεσται	
John 19:30	καὶ	CONJ	CONJ	2532	καί	καί	
John 19:30	κλίνας	V-AAP-NSM	V-AAP-NSM	2827&5660	κλίνω	κλίνας	
John 19:30	τὴν	T-ASF	T-ASF	3588	ὁ	τήν	
John 19:30	κεφαλὴν	N-ASF	N-ASF	2776	κεφαλή	κεφαλήν	
John 19:30	παρέδωκεν	V-AAI-3S	V-AAI-3S	3860&5656	παραδίδωμι	παρέδωκεν	
John 19:30	τὸ	T-ASN	T-ASN	3588	ὁ	τό	
John 19:30	πνεῦμα.	N-ASN	N-ASN	4151	πνεῦμα	πνεῦμα	
John 19:31	Οἱ	T-NPM	T-NPM	3588	ὁ	Οἱ	
John 19:31	οὖν	CONJ	CONJ	3767	οὖν	οὖν	
John 19:31	Ἰουδαῖοι,	A-NPM	A-NPM	2453	Ἰουδαῖος	Ἰουδαῖοι	
John 19:31	ἐπεὶ	CONJ	CONJ	1893	ἐπεί	ἐπεί	
John 19:31	Παρασκευὴ	N-NSF	N-NSF	3904	παρασκευή	Παρασκευή	
John 19:31	ἦν,	V-IAI-3S	V-IAI-3S	1510&5707	εἰμί	ἦν	
John 19:31	ἵνα	CONJ	CONJ	2443	ἵνα	ἵνα	
John 19:31	μὴ	PRT-N	PRT-N	3361	μή	μή	
John 19:31	μείνῃ	V-AAS-3S	V-AAS-3S	3306&5661	μένω	μείνῃ	
John 19:31	ἐπὶ	PREP	PREP	1909	ἐπί	ἐπί	
John 19:31	τοῦ	T-GSM	T-GSM	3588	ὁ	τοῦ	
John 19:31	σταυροῦ	N-GSM	N-GSM	4716	σταυρός	σταυροῦ	
John 19:31	τὰ	T-NPN	T-NPN	3588	ὁ	τά	
John 19:31	σώματα	N-NPN	N-NPN	4983	σῶμα	σώματα	
John 19:31	ἐν	PREP	PREP	1722	ἐν	ἐν	
John 19:31	τῷ	T-DSN	T-DSN	3588	ὁ	τῷ	
John 19:31	σαββάτῳ,	N-DSN	N-DSN	4521	σάββατον	σαββάτῳ	
John 19:31	ἦν	V-IAI-3S	V-IAI-3S	1510&5707	εἰμί	ἦν	
John 19:31	γὰρ	CONJ	CONJ	1063	γάρ	γάρ	
John 19:31	μεγάλη	A-NSF	A-NSF	3173	μέγας	μεγάλη	
John 19:31	ἡ	T-NSF	T-NSF	3588	ὁ	ἡ	
John 19:31	ἡμέρα	N-NSF	N-NSF	2250	ἡμέρα	ἡμέρα	
John 19:31	ἐκείνου	D-GSN	D-GSN	1565	ἐκεῖνος	ἐκείνου	
John 19:31	τοῦ	T-GSN	T-GSN	3588	ὁ	τοῦ	
John 19:31	σαββάτου,	N-GSN	N-GSN	4521	σάββατον	σαββάτου	
John 19:31	ἠρώτησαν	V-AAI-3P	V-AAI-3P	2065&5656	ἐρωτάω	ἠρώτησαν	
John 19:31	τὸν	T-ASM	T-ASM	3588	ὁ	τόν	
John 19:31	Πειλᾶτον	N-ASM	N-ASM	4091	Πιλᾶτος	Πειλᾶτον	
John 19:31	ἵνα	CONJ	CONJ	2443	ἵνα	ἵνα	
John 19:31	κατεαγῶσιν	V-2APS-3P	V-2APS-3P	2608&5652	κατάγνυμι	κατεαγῶσιν	
John 19:31	αὐτῶν	P-GPM	P-GPM	846	αὐτός	αὐτῶν	
John 19:31	τὰ	T-NPN	T-NPN	3588	ὁ	τά	
John 19:31	σκέλη	N-NPN	N-NPN	4628	σκέλος	σκέλη	
John 19:31	καὶ	CONJ	CONJ	2532	καί	καί	
John 19:31	ἀρθῶσιν.	V-APS-3P	V-APS-3P	142&5686	αἴρω	ἀρθῶσιν	
John 19:32	ἦλθον	V-2AAI-3P	V-2AAI-3P	2064&5627	ἔρχομαι	ἦλθον	
John 19:32	οὖν	CONJ	CONJ	3767	οὖν	οὖν	
John 19:32	οἱ	T-NPM	T-NPM	3588	ὁ	οἱ	
John 19:32	στρατιῶται,	N-NPM	N-NPM	4757	στρατιώτης	στρατιῶται	
John 19:32	καὶ	CONJ	CONJ	2532	καί	καί	
John 19:32	τοῦ	T-GSM	T-GSM	3588	ὁ	τοῦ	
John 19:32	μὲν	PRT	PRT	3303	μέν	μέν	
John 19:32	πρώτου	A-GSM-S	A-GSM-S	4413	πρῶτος	πρώτου	
John 19:32	κατέαξαν	V-AAI-3P	V-AAI-3P	2608&5656	κατάγνυμι	κατέαξαν	
John 19:32	τὰ	T-APN	T-APN	3588	ὁ	τά	
John 19:32	σκέλη	N-APN	N-APN	4628	σκέλος	σκέλη	
John 19:32	καὶ	CONJ	CONJ	2532	καί	καί	
John 19:32	τοῦ	T-GSM	T-GSM	3588	ὁ	τοῦ	
John 19:32	ἄλλου	A-GSM	A-GSM	243	ἄλλος	ἄλλου	
John 19:32	τοῦ	T-GSM	T-GSM	3588	ὁ	τοῦ	
John 19:32	συνσταυρωθέντος	V-APP-GSM	V-APP-GSM	4957&5685	συσταυρόω	συνσταυρωθέντος	
John 19:32	αὐτῷ·	P-DSM	P-DSM	846	αὐτός	αὐτῷ	
John 19:33	ἐπὶ	PREP	PREP	1909	ἐπί	ἐπί	
John 19:33	δὲ	CONJ	CONJ	1161	δέ	δέ	
John 19:33	τὸν	T-ASM	T-ASM	3588	ὁ	τόν	
John 19:33	Ἰησοῦν	N-ASM	N-ASM	2424	Ἰησοῦς	Ἰησοῦν	
John 19:33	ἐλθόντες,	V-2AAP-NPM	V-2AAP-NPM	2064&5631	ἔρχομαι	ἐλθόντες	
John 19:33	ὡς	ADV	ADV	5613	ὡς	ὡς	
John 19:33	εἶδον	V-2AAI-3P	V-2AAI-3P	3708&5627	ὁράω	εἶδον	
John 19:33	ἤδη	ADV	ADV	2235	ἤδη	ἤδη	
John 19:33	αὐτὸν	P-ASM	P-ASM	846	αὐτός	αὐτόν	
John 19:33	τεθνηκότα,	V-RAP-ASM	V-RAP-ASM	2348&5761	θνῄσκω	τεθνηκότα	
John 19:33	οὐ	PRT-N	PRT-N	3756	οὐ	οὐ	
John 19:33	κατέαξαν	V-AAI-3P	V-AAI-3P	2608&5656	κατάγνυμι	κατέαξαν	
John 19:33	αὐτοῦ	P-GSM	P-GSM	846	αὐτός	αὐτοῦ	
John 19:33	τὰ	T-APN	T-APN	3588	ὁ	τά	
John 19:33	σκέλη,	N-APN	N-APN	4628	σκέλος	σκέλη	
John 19:34	ἀλλ’	CONJ	CONJ	235	ἀλλά	ἀλλ’	
John 19:34	εἷς	A-NSM	A-NSM	1520	εἷς	εἷς	
John 19:34	τῶν	T-GPM	T-GPM	3588	ὁ	τῶν	
John 19:34	στρατιωτῶν	N-GPM	N-GPM	4757	στρατιώτης	στρατιωτῶν	
John 19:34	λόγχῃ	N-DSF	N-DSF	3057	λόγχη	λόγχῃ	
John 19:34	αὐτοῦ	P-GSM	P-GSM	846	αὐτός	αὐτοῦ	
John 19:34	τὴν	T-ASF	T-ASF	3588	ὁ	τήν	
John 19:34	πλευρὰν	N-ASF	N-ASF	4125	πλευρά	πλευράν	
John 19:34	ἔνυξεν,	V-AAI-3S	V-AAI-3S	3572&5656	νύσσω	ἔνυξεν	
John 19:34	καὶ	CONJ	CONJ	2532	καί	καί	
John 19:34	ἐξῆλθεν	V-2AAI-3S	V-2AAI-3S	1831&5627	ἐξέρχομαι	ἐξῆλθεν	
John 19:34	εὐθὺς	ADV	ADV	2112	εὐθέως	εὐθύς	
John 19:34	αἷμα	N-NSN	N-NSN	129	αἷμα	αἷμα	
John 19:34	καὶ	CONJ	CONJ	2532	καί	καί	
John 19:34	ὕδωρ.	N-NSN	N-NSN	5204	ὕδωρ	ὕδωρ	
John 19:35	καὶ	CONJ	CONJ	2532	καί	καί	
John 19:35	ὁ	T-NSM	T-NSM	3588	ὁ	ὁ	
John 19:35	ἑωρακὼς	V-RAP-NSM-ATT	V-RAP-NSM-ATT	3708&5761	ὁράω	ἑωρακώς	
John 19:35	μεμαρτύρηκεν,	V-RAI-3S	V-RAI-3S	3140&5758	μαρτυρέω	μεμαρτύρηκεν	
John 19:35	καὶ	CONJ	CONJ	2532	καί	καί	
John 19:35	ἀληθινὴ	A-NSF	A-NSF	228	ἀληθινός	ἀληθινή	
John 19:35	αὐτοῦ	P-GSM	P-GSM	846	αὐτός	αὐτοῦ	
John 19:35	ἐστιν	V-PAI-3S	V-PAI-3S	1510	εἰμί	ἐστιν	
John 19:35	ἡ	T-NSF	T-NSF	3588	ὁ	ἡ	
John 19:35	μαρτυρία,	N-NSF	N-NSF	3141	μαρτυρία	μαρτυρία	
John 19:35	καὶ	CONJ	CONJ	2532	καί	καί	
John 19:35	ἐκεῖνος	D-NSM	D-NSM	1565	ἐκεῖνος	ἐκεῖνος	
John 19:35	οἶδεν	V-RAI-3S	V-RAI-3S	1492&5758	οἶδα	οἶδεν	
John 19:35	ὅτι	CONJ	CONJ	3754	ὅτι	ὅτι	
John 19:35	ἀληθῆ	A-APN	A-APN	227	ἀληθής	ἀληθῆ	
John 19:35	λέγει,	V-PAI-3S	V-PAI-3S	3004&5719	λέγω	λέγει	
John 19:35	ἵνα	CONJ	CONJ	2443	ἵνα	ἵνα	
John 19:35	καὶ	CONJ	CONJ	2532	καί	καί	
John 19:35	ὑμεῖς	P-2NP	P-2NP	4771	σύ	ὑμεῖς	
John 19:35	πιστεύητε.	V-PAS-2P	V-PAS-2P	4100&5725	πιστεύω	πιστεύητε	
John 19:36	ἐγένετο	V-2ADI-3S	V-2ADI-3S	1096&5633	γίνομαι	ἐγένετο	
John 19:36	γὰρ	CONJ	CONJ	1063	γάρ	γάρ	
John 19:36	ταῦτα	D-NPN	D-NPN	3778	οὗτος	ταῦτα	
John 19:36	ἵνα	CONJ	CONJ	2443	ἵνα	ἵνα	
John 19:36	ἡ	T-NSF	T-NSF	3588	ὁ	ἡ	
John 19:36	γραφὴ	N-NSF	N-NSF	1124	γραφή	γραφή	
John 19:36	πληρωθῇ	V-APS-3S	V-APS-3S	4137&5686	πληρόω	πληρωθῇ	
John 19:36	Ὀστοῦν	N-NSN	N-NSN	3747	ὀστέον	Ὀστοῦν	
John 19:36	οὐ	PRT-N	PRT-N	3756	οὐ	οὐ	
John 19:36	συντριβήσεται	V-2FPI-3S	V-2FPI-3S	4937&5691	συντρίβω	συντριβήσεται	
John 19:36	αὐτοῦ.	P-GSM	P-GSM	846	αὐτός	αὐτοῦ	
John 19:37	καὶ	CONJ	CONJ	2532	καί	καί	
John 19:37	πάλιν	ADV	ADV	3825	πάλιν	πάλιν	
John 19:37	ἑτέρα	A-NSF	A-NSF	2087	ἕτερος	ἑτέρα	
John 19:37	γραφὴ	N-NSF	N-NSF	1124	γραφή	γραφή	
John 19:37	λέγει	V-PAI-3S	V-PAI-3S	3004&5719	λέγω	λέγει	
John 19:37	Ὄψονται	V-FDI-3P	V-FDI-3P	3708&5695	ὁράω	Ὄψονται	
John 19:37	εἰς	PREP	PREP	1519	εἰς	εἰς	
John 19:37	ὃν	R-ASM	R-ASM	3739	ὅς	ὅν	
John 19:37	ἐξεκέντησαν.	V-AAI-3P	V-AAI-3P	1574&5656	ἐκκεντέω	ἐξεκέντησαν	
John 19:38	Μετὰ	PREP	PREP	3326	μετά	Μετά	
John 19:38	δὲ	CONJ	CONJ	1161	δέ	δέ	
John 19:38	ταῦτα	D-APN	D-APN	3778	οὗτος	ταῦτα	
John 19:38	ἠρώτησεν	V-AAI-3S	V-AAI-3S	2065&5656	ἐρωτάω	ἠρώτησεν	
John 19:38	τὸν	T-ASM	T-ASM	3588	ὁ	τόν	
John 19:38	Πειλᾶτον	N-ASM	N-ASM	4091	Πιλᾶτος	Πειλᾶτον	
John 19:38	Ἰωσὴφ	N-PRI	N-PRI	2501	Ἰωσήφ	Ἰωσήφ	
John 19:38	ἀπὸ	PREP	PREP	575	ἀπό	ἀπό	
John 19:38	Ἁριμαθαίας,	N-GSF	N-GSF	707	Ἁριμαθαία	Ἁριμαθαίας	
John 19:38	ὢν	V-PAP-NSM	V-PAP-NSM	1510&5723	εἰμί	ὤν	
John 19:38	μαθητὴς	N-NSM	N-NSM	3101	μαθητής	μαθητής	
John 19:38	τοῦ	T-GSM	T-GSM	3588	ὁ	τοῦ	
John 19:38	Ἰησοῦ	N-GSM	N-GSM	2424	Ἰησοῦς	Ἰησοῦ	
John 19:38	κεκρυμμένος	V-RPP-NSM	V-RPP-NSM	2928&5772	κρύπτω	κεκρυμμένος	
John 19:38	δὲ	CONJ	CONJ	1161	δέ	δέ	
John 19:38	διὰ	PREP	PREP	1223	διά	διά	
John 19:38	τὸν	T-ASM	T-ASM	3588	ὁ	τόν	
John 19:38	φόβον	N-ASM	N-ASM	5401	φόβος	φόβον	
John 19:38	τῶν	T-GPM	T-GPM	3588	ὁ	τῶν	
John 19:38	Ἰουδαίων,	A-GPM	A-GPM	2453	Ἰουδαῖος	Ἰουδαίων	
John 19:38	ἵνα	CONJ	CONJ	2443	ἵνα	ἵνα	
John 19:38	ἄρῃ	V-AAS-3S	V-AAS-3S	142&5661	αἴρω	ἄρῃ	
John 19:38	τὸ	T-ASN	T-ASN	3588	ὁ	τό	
John 19:38	σῶμα	N-ASN	N-ASN	4983	σῶμα	σῶμα	
John 19:38	τοῦ	T-GSM	T-GSM	3588	ὁ	τοῦ	
John 19:38	Ἰησοῦ·	N-GSM	N-GSM	2424	Ἰησοῦς	Ἰησοῦ	
John 19:38	καὶ	CONJ	CONJ	2532	καί	καί	
John 19:38	ἐπέτρεψεν	V-AAI-3S	V-AAI-3S	2010&5656	ἐπιτρέπω	ἐπέτρεψεν	
John 19:38	ὁ	T-NSM	T-NSM	3588	ὁ	ὁ	
John 19:38	Πειλᾶτος.	N-NSM	N-NSM	4091	Πιλᾶτος	Πειλᾶτος	
John 19:38	ἦλθεν	V-2AAI-3S	V-2AAI-3S	2064&5627	ἔρχομαι	ἦλθεν	
John 19:38	οὖν	CONJ	CONJ	3767	οὖν	οὖν	
John 19:38	καὶ	CONJ	CONJ	2532	καί	καί	
John 19:38	ἦρεν	V-AAI-3S	V-AAI-3S	142&5656	αἴρω	ἦρεν	
John 19:38	τὸ	T-ASN	T-ASN	3588	ὁ	τό	
John 19:38	σῶμα	N-ASN	N-ASN	4983	σῶμα	σῶμα	
John 19:38	αὐτοῦ.	P-GSM	P-GSM	846	αὐτός	αὐτοῦ	
John 19:39	ἦλθεν	V-2AAI-3S	V-2AAI-3S	2064&5627	ἔρχομαι	ἦλθεν	
John 19:39	δὲ	CONJ	CONJ	1161	δέ	δέ	
John 19:39	καὶ	CONJ	CONJ	2532	καί	καί	
John 19:39	Νικόδημος,	N-NSM	N-NSM	3530	Νικόδημος	Νικόδημος	
John 19:39	ὁ	T-NSM	T-NSM	3588	ὁ	ὁ	
John 19:39	ἐλθὼν	V-2AAP-NSM	V-2AAP-NSM	2064&5631	ἔρχομαι	ἐλθών	
John 19:39	πρὸς	PREP	PREP	4314	πρός	πρός	
John 19:39	αὐτὸν	P-ASM	P-ASM	846	αὐτός	αὐτόν	
John 19:39	νυκτὸς	N-GSF	N-GSF	3571	νύξ	νυκτός	
John 19:39	τὸ	T-ASN	T-ASN	3588	ὁ	τό	
John 19:39	πρῶτον,	A-ASN-S	A-ASN-S	4413	πρῶτος	πρῶτον	
John 19:39	φέρων	V-PAP-NSM	V-PAP-NSM	5342&5723	φέρω	φέρων	
John 19:39	μίγμα	N-ASN	N-ASN	3395	μίγμα	μίγμα	
John 19:39	σμύρνης	N-GSF	N-GSF	4666	σμύρνα	σμύρνης	
John 19:39	καὶ	CONJ	CONJ	2532	καί	καί	
John 19:39	ἀλόης	N-GSF	N-GSF	250	ἀλόη	ἀλόης	
John 19:39	ὡς	ADV	ADV	5613	ὡς	ὡς	
John 19:39	λίτρας	N-APF	N-APF	3046	λίτρα	λίτρας	
John 19:39	ἑκατόν.	A-NUI	A-NUI	1540	ἑκατόν	ἑκατόν	
John 19:40	ἔλαβον	V-2AAI-3P	V-2AAI-3P	2983&5627	λαμβάνω	ἔλαβον	
John 19:40	οὖν	CONJ	CONJ	3767	οὖν	οὖν	
John 19:40	τὸ	T-ASN	T-ASN	3588	ὁ	τό	
John 19:40	σῶμα	N-ASN	N-ASN	4983	σῶμα	σῶμα	
John 19:40	τοῦ	T-GSM	T-GSM	3588	ὁ	τοῦ	
John 19:40	Ἰησοῦ	N-GSM	N-GSM	2424	Ἰησοῦς	Ἰησοῦ	
John 19:40	καὶ	CONJ	CONJ	2532	καί	καί	
John 19:40	ἔδησαν	V-AAI-3P	V-AAI-3P	1210&5656	δέω	ἔδησαν	
John 19:40	αὐτὸ	P-ASN	P-ASN	846	αὐτός	αὐτό	
John 19:40	ὀθονίοις	N-DPN	N-DPN	3608	ὀθόνιον	ὀθονίοις	
John 19:40	μετὰ	PREP	PREP	3326	μετά	μετά	
John 19:40	τῶν	T-GPN	T-GPN	3588	ὁ	τῶν	
John 19:40	ἀρωμάτων,	N-GPN	N-GPN	759	ἄρωμα	ἀρωμάτων	
John 19:40	καθὼς	ADV	ADV	2531	καθώς	καθώς	
John 19:40	ἔθος	N-NSN	N-NSN	1485	ἔθος	ἔθος	
John 19:40	ἐστὶν	V-PAI-3S	V-PAI-3S	1510&5719	εἰμί	ἐστίν	
John 19:40	τοῖς	T-DPM	T-DPM	3588	ὁ	τοῖς	
John 19:40	Ἰουδαίοις	A-DPM	A-DPM	2453	Ἰουδαῖος	Ἰουδαίοις	
John 19:40	ἐνταφιάζειν.	V-PAN	V-PAN	1779&5721	ἐνταφιάζω	ἐνταφιάζειν	
John 19:41	ἦν	V-IAI-3S	V-IAI-3S	1510&5707	εἰμί	ἦν	
John 19:41	δὲ	CONJ	CONJ	1161	δέ	δέ	
John 19:41	ἐν	PREP	PREP	1722	ἐν	ἐν	
John 19:41	τῷ	T-DSM	T-DSM	3588	ὁ	τῷ	
John 19:41	τόπῳ	N-DSM	N-DSM	5117	τόπος	τόπῳ	
John 19:41	ὅπου	ADV	ADV	3699	ὅπου	ὅπου	
John 19:41	ἐσταυρώθη	V-API-3S	V-API-3S	4717&5681	σταυρόω	ἐσταυρώθη	
John 19:41	κῆπος,	N-NSM	N-NSM	2779	κῆπος	κῆπος	
John 19:41	καὶ	CONJ	CONJ	2532	καί	καί	
John 19:41	ἐν	PREP	PREP	1722	ἐν	ἐν	
John 19:41	τῷ	T-DSM	T-DSM	3588	ὁ	τῷ	
John 19:41	κήπῳ	N-DSM	N-DSM	2779	κῆπος	κήπῳ	
John 19:41	μνημεῖον	N-NSN	N-NSN	3419	μνημεῖον	μνημεῖον	
John 19:41	καινόν,	A-NSN	A-NSN	2537	καινός	καινόν	
John 19:41	ἐν	PREP	PREP	1722	ἐν	ἐν	
John 19:41	ᾧ	R-DSN	R-DSN	3739	ὅς	ᾧ	
John 19:41	οὐδέπω	ADV-N	ADV-N	3764	οὐδέπω	οὐδέπω	
John 19:41	οὐδεὶς	A-NSM-N	A-NSM-N	3762	οὐδείς	οὐδείς	
John 19:41	ἦν	V-IAI-3S	V-IAI-3S	1510&5707	εἰμί	ἦν	
John 19:41	τεθειμένος·	V-RPP-NSM	V-RPP-NSM	5087&5772	τίθημι	τεθειμένος	
John 19:42	ἐκεῖ	ADV	ADV	1563	ἐκεῖ	ἐκεῖ	
John 19:42	οὖν	CONJ	CONJ	3767	οὖν	οὖν	
John 19:42	διὰ	PREP	PREP	1223	διά	διά	
John 19:42	τὴν	T-ASF	T-ASF	3588	ὁ	τήν	
John 19:42	Παρασκευὴν	N-ASF	N-ASF	3904	παρασκευή	Παρασκευήν	
John 19:42	τῶν	T-GPM	T-GPM	3588	ὁ	τῶν	
John 19:42	Ἰουδαίων,	A-GPM	A-GPM	2453	Ἰουδαῖος	Ἰουδαίων	
John 19:42	ὅτι	CONJ	CONJ	3754	ὅτι	ὅτι	
John 19:42	ἐγγὺς	ADV	ADV	1451	ἐγγύς	ἐγγύς	
John 19:42	ἦν	V-IAI-3S	V-IAI-3S	1510&5707	εἰμί	ἦν	
John 19:42	τὸ	T-NSN	T-NSN	3588	ὁ	τό	
John 19:42	μνημεῖον,	N-NSN	N-NSN	3419	μνημεῖον	μνημεῖον	
John 19:42	ἔθηκαν	V-AAI-3P	V-AAI-3P	5087&5656	τίθημι	ἔθηκαν	
John 19:42	τὸν	T-ASM	T-ASM	3588	ὁ	τόν	
John 19:42	Ἰησοῦν.	N-ASM	N-ASM	2424	Ἰησοῦς	Ἰησοῦν	
John 20:1	Τῇ	T-DSF	T-DSF	3588	ὁ	Τῇ	
John 20:1	δὲ	CONJ	CONJ	1161	δέ	δέ	
John 20:1	μιᾷ	A-DSF	A-DSF	1520	εἷς	μιᾷ	
John 20:1	τῶν	T-GPN	T-GPN	3588	ὁ	τῶν	
John 20:1	σαββάτων	N-GPN	N-GPN	4521	σάββατον	σαββάτων	
John 20:1	Μαρία	N-NSF	N-NSF	3137	Μαρία	Μαρία	
John 20:1	ἡ	T-NSF	T-NSF	3588	ὁ	ἡ	
John 20:1	Μαγδαληνὴ	N-NSF	N-NSF	3094	Μαγδαληνή	Μαγδαληνή	
John 20:1	ἔρχεται	V-PNI-3S	V-PNI-3S	2064&5736	ἔρχομαι	ἔρχεται	
John 20:1	πρωῒ	ADV	ADV	4404	πρωΐ	πρωΐ	
John 20:1	σκοτίας	N-GSF	N-GSF	4653	σκοτία	σκοτίας	
John 20:1	ἔτι	ADV	ADV	2089	ἔτι	ἔτι	
John 20:1	οὔσης	V-PAP-GSF	V-PAP-GSF	1510&5723	εἰμί	οὔσης	
John 20:1	εἰς	PREP	PREP	1519	εἰς	εἰς	
John 20:1	τὸ	T-ASN	T-ASN	3588	ὁ	τό	
John 20:1	μνημεῖον,	N-ASN	N-ASN	3419	μνημεῖον	μνημεῖον	
John 20:1	καὶ	CONJ	CONJ	2532	καί	καί	
John 20:1	βλέπει	V-PAI-3S	V-PAI-3S	991&5719	βλέπω	βλέπει	
John 20:1	τὸν	T-ASM	T-ASM	3588	ὁ	τόν	
John 20:1	λίθον	N-ASM	N-ASM	3037	λίθος	λίθον	
John 20:1	ἠρμένον	V-RPP-ASM	V-RPP-ASM	142&5772	αἴρω	ἠρμένον	
John 20:1	ἐκ	PREP	PREP	1537	ἐκ	ἐκ	
John 20:1	τοῦ	T-GSN	T-GSN	3588	ὁ	τοῦ	
John 20:1	μνημείου.	N-GSN	N-GSN	3419	μνημεῖον	μνημείου	
John 20:2	τρέχει	V-PAI-3S	V-PAI-3S	5143&5719	τρέχω	τρέχει	
John 20:2	οὖν	CONJ	CONJ	3767	οὖν	οὖν	
John 20:2	καὶ	CONJ	CONJ	2532	καί	καί	
John 20:2	ἔρχεται	V-PNI-3S	V-PNI-3S	2064&5736	ἔρχομαι	ἔρχεται	
John 20:2	πρὸς	PREP	PREP	4314	πρός	πρός	
John 20:2	Σίμωνα	N-ASM	N-ASM	4613	Σίμων	Σίμωνα	
John 20:2	Πέτρον	N-ASM	N-ASM	4074	Πέτρος	Πέτρον	
John 20:2	καὶ	CONJ	CONJ	2532	καί	καί	
John 20:2	πρὸς	PREP	PREP	4314	πρός	πρός	
John 20:2	τὸν	T-ASM	T-ASM	3588	ὁ	τόν	
John 20:2	ἄλλον	A-ASM	A-ASM	243	ἄλλος	ἄλλον	
John 20:2	μαθητὴν	N-ASM	N-ASM	3101	μαθητής	μαθητήν	
John 20:2	ὃν	R-ASM	R-ASM	3739	ὅς	ὅν	
John 20:2	ἐφίλει	V-IAI-3S	V-IAI-3S	5368&5707	φιλέω	ἐφίλει	
John 20:2	ὁ	T-NSM	T-NSM	3588	ὁ	ὁ	
John 20:2	Ἰησοῦς,	N-NSM	N-NSM	2424	Ἰησοῦς	Ἰησοῦς	
John 20:2	καὶ	CONJ	CONJ	2532	καί	καί	
John 20:2	λέγει	V-PAI-3S	V-PAI-3S	3004&5719	λέγω	λέγει	
John 20:2	αὐτοῖς	P-DPM	P-DPM	846	αὐτός	αὐτοῖς	
John 20:2	Ἦραν	V-AAI-3P	V-AAI-3P	142&5656	αἴρω	Ἦραν	
John 20:2	τὸν	T-ASM	T-ASM	3588	ὁ	τόν	
John 20:2	Κύριον	N-ASM	N-ASM	2962	κύριος	Κύριον	
John 20:2	ἐκ	PREP	PREP	1537	ἐκ	ἐκ	
John 20:2	τοῦ	T-GSN	T-GSN	3588	ὁ	τοῦ	
John 20:2	μνημείου,	N-GSN	N-GSN	3419	μνημεῖον	μνημείου	
John 20:2	καὶ	CONJ	CONJ	2532	καί	καί	
John 20:2	οὐκ	PRT-N	PRT-N	3756	οὐ	οὐκ	
John 20:2	οἴδαμεν	V-RAI-1P	V-RAI-1P	1492&5758	οἶδα	οἴδαμεν	
John 20:2	ποῦ	ADV-I	ADV-I	4226	ποῦ	ποῦ	
John 20:2	ἔθηκαν	V-AAI-3P	V-AAI-3P	5087&5656	τίθημι	ἔθηκαν	
John 20:2	αὐτόν.	P-ASM	P-ASM	846	αὐτός	αὐτόν	
John 20:3	Ἐξῆλθεν	V-2AAI-3S	V-2AAI-3S	1831&5627	ἐξέρχομαι	Ἐξῆλθεν	
John 20:3	οὖν	CONJ	CONJ	3767	οὖν	οὖν	
John 20:3	ὁ	T-NSM	T-NSM	3588	ὁ	ὁ	
John 20:3	Πέτρος	N-NSM	N-NSM	4074	Πέτρος	Πέτρος	
John 20:3	καὶ	CONJ	CONJ	2532	καί	καί	
John 20:3	ὁ	T-NSM	T-NSM	3588	ὁ	ὁ	
John 20:3	ἄλλος	A-NSM	A-NSM	243	ἄλλος	ἄλλος	
John 20:3	μαθητής,	N-NSM	N-NSM	3101	μαθητής	μαθητής	
John 20:3	καὶ	CONJ	CONJ	2532	καί	καί	
John 20:3	ἤρχοντο	V-INI-3P	V-INI-3P	2064&5711	ἔρχομαι	ἤρχοντο	
John 20:3	εἰς	PREP	PREP	1519	εἰς	εἰς	
John 20:3	τὸ	T-ASN	T-ASN	3588	ὁ	τό	
John 20:3	μνημεῖον.	N-ASN	N-ASN	3419	μνημεῖον	μνημεῖον	
John 20:4	ἔτρεχον	V-IAI-3P	V-IAI-3P	5143&5707	τρέχω	ἔτρεχον	
John 20:4	δὲ	CONJ	CONJ	1161	δέ	δέ	
John 20:4	οἱ	T-NPM	T-NPM	3588	ὁ	οἱ	
John 20:4	δύο	A-NUI	A-NUI	1417	δύο	δύο	
John 20:4	ὁμοῦ·	ADV	ADV	3674	ὁμοῦ	ὁμοῦ	
John 20:4	καὶ	CONJ	CONJ	2532	καί	καί	
John 20:4	ὁ	T-NSM	T-NSM	3588	ὁ	ὁ	
John 20:4	ἄλλος	A-NSM	A-NSM	243	ἄλλος	ἄλλος	
John 20:4	μαθητὴς	N-NSM	N-NSM	3101	μαθητής	μαθητής	
John 20:4	προέδραμεν	V-2AAI-3S	V-2AAI-3S	4390&5627	προτρέχω	προέδραμεν	
John 20:4	τάχιον	ADV-C	ADV-C	5032	ταχύς	τάχιον	
John 20:4	τοῦ	T-GSM	T-GSM	3588	ὁ	τοῦ	
John 20:4	Πέτρου	N-GSM	N-GSM	4074	Πέτρος	Πέτρου	
John 20:4	καὶ	CONJ	CONJ	2532	καί	καί	
John 20:4	ἦλθεν	V-2AAI-3S	V-2AAI-3S	2064&5627	ἔρχομαι	ἦλθεν	
John 20:4	πρῶτος	A-NSM-S	A-NSM-S	4413	πρῶτος	πρῶτος	
John 20:4	εἰς	PREP	PREP	1519	εἰς	εἰς	
John 20:4	τὸ	T-ASN	T-ASN	3588	ὁ	τό	
John 20:4	μνημεῖον,	N-ASN	N-ASN	3419	μνημεῖον	μνημεῖον	
John 20:5	καὶ	CONJ	CONJ	2532	καί	καί	
John 20:5	παρακύψας	V-AAP-NSM	V-AAP-NSM	3879&5660	παρακύπτω	παρακύψας	
John 20:5	βλέπει	V-PAI-3S	V-PAI-3S	991&5719	βλέπω	βλέπει	
John 20:5	κείμενα	V-PNP-APN	V-PNP-APN	2749&5740	κεῖμαι	κείμενα	
John 20:5	τὰ	T-APN	T-APN	3588	ὁ	τά	
John 20:5	ὀθόνια,	N-APN	N-APN	3608	ὀθόνιον	ὀθόνια	
John 20:5	οὐ	PRT-N	PRT-N	3756	οὐ	οὐ	
John 20:5	μέντοι	CONJ	CONJ	3305	μέντοι	μέντοι	
John 20:5	εἰσῆλθεν.	V-2AAI-3S	V-2AAI-3S	1525&5627	εἰσέρχομαι	εἰσῆλθεν	
John 20:6	ἔρχεται	V-PNI-3S	V-PNI-3S	2064&5736	ἔρχομαι	ἔρχεται	
John 20:6	οὖν	CONJ	CONJ	3767	οὖν	οὖν	
John 20:6	καὶ	CONJ	CONJ	2532	καί	καί	
John 20:6	Σίμων	N-NSM	N-NSM	4613	Σίμων	Σίμων	
John 20:6	Πέτρος	N-NSM	N-NSM	4074	Πέτρος	Πέτρος	
John 20:6	ἀκολουθῶν	V-PAP-NSM	V-PAP-NSM	190&5723	ἀκολουθέω	ἀκολουθῶν	
John 20:6	αὐτῷ,	P-DSM	P-DSM	846	αὐτός	αὐτῷ	
John 20:6	καὶ	CONJ	CONJ	2532	καί	καί	
John 20:6	εἰσῆλθεν	V-2AAI-3S	V-2AAI-3S	1525&5627	εἰσέρχομαι	εἰσῆλθεν	
John 20:6	εἰς	PREP	PREP	1519	εἰς	εἰς	
John 20:6	τὸ	T-ASN	T-ASN	3588	ὁ	τό	
John 20:6	μνημεῖον·	N-ASN	N-ASN	3419	μνημεῖον	μνημεῖον	
John 20:6	καὶ	CONJ	CONJ	2532	καί	καί	
John 20:6	θεωρεῖ	V-PAI-3S	V-PAI-3S	2334&5719	θεωρέω	θεωρεῖ	
John 20:6	τὰ	T-APN	T-APN	3588	ὁ	τά	
John 20:6	ὀθόνια	N-APN	N-APN	3608	ὀθόνιον	ὀθόνια	
John 20:6	κείμενα,	V-PNP-APN	V-PNP-APN	2749&5740	κεῖμαι	κείμενα	
John 20:7	καὶ	CONJ	CONJ	2532	καί	καί	
John 20:7	τὸ	T-ASN	T-ASN	3588	ὁ	τό	
John 20:7	σουδάριον,	N-ASN	N-ASN	4676	σουδάριον	σουδάριον	
John 20:7	ὃ	R-NSN	R-NSN	3739	ὅς	ὅ	
John 20:7	ἦν	V-IAI-3S	V-IAI-3S	1510&5707	εἰμί	ἦν	
John 20:7	ἐπὶ	PREP	PREP	1909	ἐπί	ἐπί	
John 20:7	τῆς	T-GSF	T-GSF	3588	ὁ	τῆς	
John 20:7	κεφαλῆς	N-GSF	N-GSF	2776	κεφαλή	κεφαλῆς	
John 20:7	αὐτοῦ,	P-GSM	P-GSM	846	αὐτός	αὐτοῦ	
John 20:7	οὐ	PRT-N	PRT-N	3756	οὐ	οὐ	
John 20:7	μετὰ	PREP	PREP	3326	μετά	μετά	
John 20:7	τῶν	T-GPN	T-GPN	3588	ὁ	τῶν	
John 20:7	ὀθονίων	N-GPN	N-GPN	3608	ὀθόνιον	ὀθονίων	
John 20:7	κείμενον	V-PNP-ASN	V-PNP-ASN	2749&5740	κεῖμαι	κείμενον	
John 20:7	ἀλλὰ	CONJ	CONJ	235	ἀλλά	ἀλλά	
John 20:7	χωρὶς	ADV	ADV	5565	χωρίς	χωρίς	
John 20:7	ἐντετυλιγμένον	V-RPP-ASN	V-RPP-ASN	1794&5772	ἐντυλίσσω	ἐντετυλιγμένον	
John 20:7	εἰς	PREP	PREP	1519	εἰς	εἰς	
John 20:7	ἕνα	A-ASM	A-ASM	1520	εἷς	ἕνα	
John 20:7	τόπον.	N-ASM	N-ASM	5117	τόπος	τόπον	
John 20:8	τότε	ADV	ADV	5119	τότε	τότε	
John 20:8	οὖν	CONJ	CONJ	3767	οὖν	οὖν	
John 20:8	εἰσῆλθεν	V-2AAI-3S	V-2AAI-3S	1525&5627	εἰσέρχομαι	εἰσῆλθεν	
John 20:8	καὶ	CONJ	CONJ	2532	καί	καί	
John 20:8	ὁ	T-NSM	T-NSM	3588	ὁ	ὁ	
John 20:8	ἄλλος	A-NSM	A-NSM	243	ἄλλος	ἄλλος	
John 20:8	μαθητὴς	N-NSM	N-NSM	3101	μαθητής	μαθητής	
John 20:8	ὁ	T-NSM	T-NSM	3588	ὁ	ὁ	
John 20:8	ἐλθὼν	V-2AAP-NSM	V-2AAP-NSM	2064&5631	ἔρχομαι	ἐλθών	
John 20:8	πρῶτος	A-NSM-S	A-NSM-S	4413	πρῶτος	πρῶτος	
John 20:8	εἰς	PREP	PREP	1519	εἰς	εἰς	
John 20:8	τὸ	T-ASN	T-ASN	3588	ὁ	τό	
John 20:8	μνημεῖον,	N-ASN	N-ASN	3419	μνημεῖον	μνημεῖον	
John 20:8	καὶ	CONJ	CONJ	2532	καί	καί	
John 20:8	εἶδεν	V-2AAI-3S	V-2AAI-3S	3708&5627	ὁράω	εἶδεν	
John 20:8	καὶ	CONJ	CONJ	2532	καί	καί	
John 20:8	ἐπίστευσεν·	V-AAI-3S	V-AAI-3S	4100&5656	πιστεύω	ἐπίστευσεν	
John 20:9	οὐδέπω	ADV-N	ADV-N	3764	οὐδέπω	οὐδέπω	
John 20:9	γὰρ	CONJ	CONJ	1063	γάρ	γάρ	
John 20:9	ᾔδεισαν	V-2LAI-3P	V-2LAI-3P	1492&5714	οἶδα	ᾔδεισαν	
John 20:9	τὴν	T-ASF	T-ASF	3588	ὁ	τήν	
John 20:9	γραφὴν,	N-ASF	N-ASF	1124	γραφή	γραφήν	
John 20:9	ὅτι	CONJ	CONJ	3754	ὅτι	ὅτι	
John 20:9	δεῖ	V-PAI-3S	V-PAI-3S	1163&5719	δεῖ	δεῖ	
John 20:9	αὐτὸν	P-ASM	P-ASM	846	αὐτός	αὐτόν	
John 20:9	ἐκ	PREP	PREP	1537	ἐκ	ἐκ	
John 20:9	νεκρῶν	A-GPM	A-GPM	3498	νεκρός	νεκρῶν	
John 20:9	ἀναστῆναι.	V-2AAN	V-2AAN	450&5629	ἀνίστημι	ἀναστῆναι	
John 20:10	ἀπῆλθον	V-2AAI-3P	V-2AAI-3P	565&5627	ἀπέρχομαι	ἀπῆλθον	
John 20:10	οὖν	CONJ	CONJ	3767	οὖν	οὖν	
John 20:10	πάλιν	ADV	ADV	3825	πάλιν	πάλιν	
John 20:10	πρὸς	PREP	PREP	4314	πρός	πρός	
John 20:10	αὑτοὺς	F-3APM	F-3APM	848	ἑαυτοῦ	αὑτούς	
John 20:10	οἱ	T-NPM	T-NPM	3588	ὁ	οἱ	
John 20:10	μαθηταί.	N-NPM	N-NPM	3101	μαθητής	μαθηταί	
John 20:11	Μαρία	N-NSF	N-NSF	3137	Μαρία	Μαρία	
John 20:11	δὲ	CONJ	CONJ	1161	δέ	δέ	
John 20:11	εἱστήκει	V-LAI-3S	V-LAI-3S	2476&5715	ἵστημι	εἱστήκει	
John 20:11	πρὸς	PREP	PREP	4314	πρός	πρός	
John 20:11	τῷ	T-DSN	T-DSN	3588	ὁ	τῷ	
John 20:11	μνημείῳ	N-DSN	N-DSN	3419	μνημεῖον	μνημείῳ	
John 20:11	ἔξω	ADV	ADV	1854	ἔξω	ἔξω	
John 20:11	κλαίουσα.	V-PAP-NSF	V-PAP-NSF	2799&5723	κλαίω	κλαίουσα	
John 20:11	ὡς	ADV	ADV	5613	ὡς	ὡς	
John 20:11	οὖν	CONJ	CONJ	3767	οὖν	οὖν	
John 20:11	ἔκλαιεν,	V-IAI-3S	V-IAI-3S	2799&5707	κλαίω	ἔκλαιεν	
John 20:11	παρέκυψεν	V-AAI-3S	V-AAI-3S	3879&5656	παρακύπτω	παρέκυψεν	
John 20:11	εἰς	PREP	PREP	1519	εἰς	εἰς	
John 20:11	τὸ	T-ASN	T-ASN	3588	ὁ	τό	
John 20:11	μνημεῖον,	N-ASN	N-ASN	3419	μνημεῖον	μνημεῖον	
John 20:12	καὶ	CONJ	CONJ	2532	καί	καί	
John 20:12	θεωρεῖ	V-PAI-3S	V-PAI-3S	2334&5719	θεωρέω	θεωρεῖ	
John 20:12	δύο	A-NUI	A-NUI	1417	δύο	δύο	
John 20:12	ἀγγέλους	N-APM	N-APM	32	ἄγγελος	ἀγγέλους	
John 20:12	ἐν	PREP	PREP	1722	ἐν	ἐν	
John 20:12	λευκοῖς	A-DPN	A-DPN	3022	λευκός	λευκοῖς	
John 20:12	καθεζομένους,	V-PNP-APM	V-PNP-APM	2516&5740	καθέζομαι	καθεζομένους	
John 20:12	ἕνα	A-ASM	A-ASM	1520	εἷς	ἕνα	
John 20:12	πρὸς	PREP	PREP	4314	πρός	πρός	
John 20:12	τῇ	T-DSF	T-DSF	3588	ὁ	τῇ	
John 20:12	κεφαλῇ	N-DSF	N-DSF	2776	κεφαλή	κεφαλῇ	
John 20:12	καὶ	CONJ	CONJ	2532	καί	καί	
John 20:12	ἕνα	A-ASM	A-ASM	1520	εἷς	ἕνα	
John 20:12	πρὸς	PREP	PREP	4314	πρός	πρός	
John 20:12	τοῖς	T-DPM	T-DPM	3588	ὁ	τοῖς	
John 20:12	ποσίν,	N-DPM	N-DPM	4228	πούς	ποσίν	
John 20:12	ὅπου	ADV	ADV	3699	ὅπου	ὅπου	
John 20:12	ἔκειτο	V-INI-3S	V-INI-3S	2749&5711	κεῖμαι	ἔκειτο	
John 20:12	τὸ	T-NSN	T-NSN	3588	ὁ	τό	
John 20:12	σῶμα	N-NSN	N-NSN	4983	σῶμα	σῶμα	
John 20:12	τοῦ	T-GSM	T-GSM	3588	ὁ	τοῦ	
John 20:12	Ἰησοῦ.	N-GSM	N-GSM	2424	Ἰησοῦς	Ἰησοῦ	
John 20:13	καὶ	CONJ	CONJ	2532	καί	καί	
John 20:13	λέγουσιν	V-PAI-3P	V-PAI-3P	3004&5719	λέγω	λέγουσιν	
John 20:13	αὐτῇ	P-DSF	P-DSF	846	αὐτός	αὐτῇ	
John 20:13	ἐκεῖνοι	D-NPM	D-NPM	1565	ἐκεῖνος	ἐκεῖνοι	
John 20:13	Γύναι,	N-VSF	N-VSF	1135	γυνή	Γύναι	
John 20:13	τί	I-ASN	I-ASN	5101	τίς	τί	
John 20:13	κλαίεις;	V-PAI-2S	V-PAI-2S	2799&5719	κλαίω	κλαίεις	
John 20:13	λέγει	V-PAI-3S	V-PAI-3S	3004&5719	λέγω	λέγει	
John 20:13	αὐτοῖς	P-DPM	P-DPM	846	αὐτός	αὐτοῖς	
John 20:13	ὅτι	CONJ	CONJ	3754	ὅτι	ὅτι	
John 20:13	Ἦραν	V-AAI-3P	V-AAI-3P	142&5656	αἴρω	Ἦραν	
John 20:13	τὸν	T-ASM	T-ASM	3588	ὁ	τόν	
John 20:13	Κύριόν	N-ASM	N-ASM	2962	κύριος	Κύριον	
John 20:13	μου,	P-1GS	P-1GS	1473	ἐγώ	μου	
John 20:13	καὶ	CONJ	CONJ	2532	καί	καί	
John 20:13	οὐκ	PRT-N	PRT-N	3756	οὐ	οὐκ	
John 20:13	οἶδα	V-RAI-1S	V-RAI-1S	1492&5758	οἶδα	οἶδα	
John 20:13	ποῦ	ADV-I	ADV-I	4226	ποῦ	ποῦ	
John 20:13	ἔθηκαν	V-AAI-3P	V-AAI-3P	5087&5656	τίθημι	ἔθηκαν	
John 20:13	αὐτόν.	P-ASM	P-ASM	846	αὐτός	αὐτόν	
John 20:14	ταῦτα	D-APN	D-APN	3778	οὗτος	ταῦτα	
John 20:14	εἰποῦσα	V-2AAP-NSF	V-2AAP-NSF	3004&5631	λέγω	εἰποῦσα	
John 20:14	ἐστράφη	V-2API-3S	V-2API-3S	4762&5648	στρέφω	ἐστράφη	
John 20:14	εἰς	PREP	PREP	1519	εἰς	εἰς	
John 20:14	τὰ	T-APN	T-APN	3588	ὁ	τά	
John 20:14	ὀπίσω,	ADV	ADV	3694	ὀπίσω	ὀπίσω	
John 20:14	καὶ	CONJ	CONJ	2532	καί	καί	
John 20:14	θεωρεῖ	V-PAI-3S	V-PAI-3S	2334&5719	θεωρέω	θεωρεῖ	
John 20:14	τὸν	T-ASM	T-ASM	3588	ὁ	τόν	
John 20:14	Ἰησοῦν	N-ASM	N-ASM	2424	Ἰησοῦς	Ἰησοῦν	
John 20:14	ἑστῶτα,	V-RAP-ASM	V-RAP-ASM	2476&5761	ἵστημι	ἑστῶτα	
John 20:14	καὶ	CONJ	CONJ	2532	καί	καί	
John 20:14	οὐκ	PRT-N	PRT-N	3756	οὐ	οὐκ	
John 20:14	ᾔδει	V-2LAI-3S	V-2LAI-3S	1492&5714	οἶδα	ᾔδει	
John 20:14	ὅτι	CONJ	CONJ	3754	ὅτι	ὅτι	
John 20:14	Ἰησοῦς	N-NSM	N-NSM	2424	Ἰησοῦς	Ἰησοῦς	
John 20:14	ἐστιν.	V-PAI-3S	V-PAI-3S	1510	εἰμί	ἐστιν	
John 20:15	λέγει	V-PAI-3S	V-PAI-3S	3004&5719	λέγω	λέγει	
John 20:15	αὐτῇ	P-DSF	P-DSF	846	αὐτός	αὐτῇ	
John 20:15	Ἰησοῦς	N-NSM	N-NSM	2424	Ἰησοῦς	Ἰησοῦς	
John 20:15	Γύναι,	N-VSF	N-VSF	1135	γυνή	Γύναι	
John 20:15	τί	I-ASN	I-ASN	5101	τίς	τί	
John 20:15	κλαίεις;	V-PAI-2S	V-PAI-2S	2799&5719	κλαίω	κλαίεις	
John 20:15	τίνα	I-ASM	I-ASM	5101	τίς	τίνα	
John 20:15	ζητεῖς;	V-PAI-2S	V-PAI-2S	2212&5719	ζητέω	ζητεῖς	
John 20:15	ἐκείνη	D-NSF	D-NSF	1565	ἐκεῖνος	ἐκείνη	
John 20:15	δοκοῦσα	V-PAP-NSF	V-PAP-NSF	1380&5723	δοκέω	δοκοῦσα	
John 20:15	ὅτι	CONJ	CONJ	3754	ὅτι	ὅτι	
John 20:15	ὁ	T-NSM	T-NSM	3588	ὁ	ὁ	
John 20:15	κηπουρός	N-NSM	N-NSM	2780	κηπουρός	κηπουρός	
John 20:15	ἐστιν,	V-PAI-3S	V-PAI-3S	1510&5719	εἰμί	ἐστιν	
John 20:15	λέγει	V-PAI-3S	V-PAI-3S	3004&5719	λέγω	λέγει	
John 20:15	αὐτῷ	P-DSM	P-DSM	846	αὐτός	αὐτῷ	
John 20:15	Κύριε,	N-VSM	N-VSM	2962	κύριος	Κύριε	
John 20:15	εἰ	COND	COND	1487	εἰ	εἰ	
John 20:15	σὺ	P-2NS	P-2NS	4771	σύ	σύ	
John 20:15	ἐβάστασας	V-AAI-2S	V-AAI-2S	941&5656	βαστάζω	ἐβάστασας	
John 20:15	αὐτόν,	P-ASM	P-ASM	846	αὐτός	αὐτόν	
John 20:15	εἰπέ	V-2AAM-2S	V-2AAM-2S	3004&5628	λέγω	εἰπέ	
John 20:15	μοι	P-1DS	P-1DS	1473	ἐγώ	μοι	
John 20:15	ποῦ	ADV-I	ADV-I	4226	ποῦ	ποῦ	
John 20:15	ἔθηκας	V-AAI-2S	V-AAI-2S	5087&5656	τίθημι	ἔθηκας	
John 20:15	αὐτόν,	P-ASM	P-ASM	846	αὐτός	αὐτόν	
John 20:15	κἀγὼ	P-1NS-K	P-1NS-K	2504	κἀγώ	κἀγώ	
John 20:15	αὐτὸν	P-ASM	P-ASM	846	αὐτός	αὐτόν	
John 20:15	ἀρῶ.	V-FAI-1S	V-FAI-1S	142&5692	αἴρω	ἀρῶ	
John 20:16	λέγει	V-PAI-3S	V-PAI-3S	3004&5719	λέγω	λέγει	
John 20:16	αὐτῇ	P-DSF	P-DSF	846	αὐτός	αὐτῇ	
John 20:16	Ἰησοῦς	N-NSM	N-NSM	2424	Ἰησοῦς	Ἰησοῦς	
John 20:16	Μαριάμ.	N-PRI	N-PRI	3137	Μαρία	Μαριάμ	
John 20:16	στραφεῖσα	V-2APP-NSF	V-2APP-NSF	4762&5651	στρέφω	στραφεῖσα	
John 20:16	ἐκείνη	D-NSF	D-NSF	1565	ἐκεῖνος	ἐκείνη	
John 20:16	λέγει	V-PAI-3S	V-PAI-3S	3004&5719	λέγω	λέγει	
John 20:16	αὐτῷ	P-DSM	P-DSM	846	αὐτός	αὐτῷ	
John 20:16	Ἑβραϊστί·	ADV	ADV	1447	Ἑβραϊστί	Ἑβραϊστί	
John 20:16	Ῥαββουνεί	ARAM	ARAM	4462	ῥαββουνί	Ῥαββουνεί	
John 20:16	(ὃ	R-NSN	R-NSN	3739	ὅς	ὅ	
John 20:16	λέγεται	V-PPI-3S	V-PEI-3S	3004&5743	λέγω	λέγεται	
John 20:16	Διδάσκαλε).	N-VSM	N-VSM	1320	διδάσκαλος	Διδάσκαλε	
John 20:17	λέγει	V-PAI-3S	V-PAI-3S	3004&5719	λέγω	λέγει	
John 20:17	αὐτῇ	P-DSF	P-DSF	846	αὐτός	αὐτῇ	
John 20:17	Ἰησοῦς	N-NSM	N-NSM	2424	Ἰησοῦς	Ἰησοῦς	
John 20:17	Μή	PRT-N	PRT-N	3361	μή	Μή	
John 20:17	μου	P-1GS	P-1GS	1473	ἐγώ	μου	
John 20:17	ἅπτου,	V-PMM-2S	V-PEM-2S	680&5732	ἅπτω	ἅπτου	
John 20:17	οὔπω	ADV-N	ADV-N	3768	οὔπω	οὔπω	
John 20:17	γὰρ	CONJ	CONJ	1063	γάρ	γάρ	
John 20:17	ἀναβέβηκα	V-RAI-1S	V-RAI-1S	305&5758	ἀναβαίνω	ἀναβέβηκα	
John 20:17	πρὸς	PREP	PREP	4314	πρός	πρός	
John 20:17	τὸν	T-ASM	T-ASM	3588	ὁ	τόν	
John 20:17	Πατέρα·	N-ASM	N-ASM	3962	πατήρ	Πατέρα	
John 20:17	πορεύου	V-PNM-2S	V-PNM-2S	4198&5737	πορεύομαι	πορεύου	
John 20:17	δὲ	CONJ	CONJ	1161	δέ	δέ	
John 20:17	πρὸς	PREP	PREP	4314	πρός	πρός	
John 20:17	τοὺς	T-APM	T-APM	3588	ὁ	τούς	
John 20:17	ἀδελφούς	N-APM	N-APM	80	ἀδελφός	ἀδελφούς	
John 20:17	μου	P-1GS	P-1GS	1473	ἐγώ	μου	
John 20:17	καὶ	CONJ	CONJ	2532	καί	καί	
John 20:17	εἰπὲ	V-2AAM-2S	V-2AAM-2S	3004&5628	λέγω	εἰπέ	
John 20:17	αὐτοῖς	P-DPM	P-DPM	846	αὐτός	αὐτοῖς	
John 20:17	Ἀναβαίνω	V-PAI-1S	V-PAI-1S	305&5719	ἀναβαίνω	Ἀναβαίνω	
John 20:17	πρὸς	PREP	PREP	4314	πρός	πρός	
John 20:17	τὸν	T-ASM	T-ASM	3588	ὁ	τόν	
John 20:17	Πατέρα	N-ASM	N-ASM	3962	πατήρ	Πατέρα	
John 20:17	μου	P-1GS	P-1GS	1473	ἐγώ	μου	
John 20:17	καὶ	CONJ	CONJ	2532	καί	καί	
John 20:17	Πατέρα	N-ASM	N-ASM	3962	πατήρ	Πατέρα	
John 20:17	ὑμῶν	P-2GP	P-2GP	4771	σύ	ὑμῶν	
John 20:17	καὶ	CONJ	CONJ	2532	καί	καί	
John 20:17	Θεόν	N-ASM	N-ASM	2316	θεός	Θεόν	
John 20:17	μου	P-1GS	P-1GS	1473	ἐγώ	μου	
John 20:17	καὶ	CONJ	CONJ	2532	καί	καί	
John 20:17	Θεὸν	N-ASM	N-ASM	2316	θεός	Θεόν	
John 20:17	ὑμῶν.	P-2GP	P-2GP	4771	σύ	ὑμῶν	
John 20:18	ἔρχεται	V-PNI-3S	V-PNI-3S	2064&5736	ἔρχομαι	ἔρχεται	
John 20:18	Μαριὰμ	N-PRI	N-PRI	3137	Μαρία	Μαριάμ	
John 20:18	ἡ	T-NSF	T-NSF	3588	ὁ	ἡ	
John 20:18	Μαγδαληνὴ	N-NSF	N-NSF	3094	Μαγδαληνή	Μαγδαληνή	
John 20:18	ἀγγέλλουσα	V-PAP-NSF	V-PAP-NSF	0518&5723	ἀγγέλλω	ἀγγέλλουσα	
John 20:18	τοῖς	T-DPM	T-DPM	3588	ὁ	τοῖς	
John 20:18	μαθηταῖς	N-DPM	N-DPM	3101	μαθητής	μαθηταῖς	
John 20:18	ὅτι	CONJ	CONJ	3754	ὅτι	ὅτι	
John 20:18	Ἑώρακα	V-RAI-1S-ATT	V-RAI-1S-ATT	3708&5758	ὁράω	Ἑώρακα	
John 20:18	τὸν	T-ASM	T-ASM	3588	ὁ	τόν	
John 20:18	Κύριον,	N-ASM	N-ASM	2962	κύριος	Κύριον	
John 20:18	καὶ	CONJ	CONJ	2532	καί	καί	
John 20:18	ταῦτα	D-APN	D-APN	3778	οὗτος	ταῦτα	
John 20:18	εἶπεν	V-2AAI-3S	V-2AAI-3S	3004&5627	λέγω	εἶπεν	
John 20:18	αὐτῇ.	P-DSF	P-DSF	846	αὐτός	αὐτῇ	
John 20:19	Οὔσης	V-PAP-GSF	V-PAP-GSF	1510&5723	εἰμί	Οὔσης	
John 20:19	οὖν	CONJ	CONJ	3767	οὖν	οὖν	
John 20:19	ὀψίας	A-GSF	A-GSF	3798	ὄψιος	ὀψίας	
John 20:19	τῇ	T-DSF	T-DSF	3588	ὁ	τῇ	
John 20:19	ἡμέρᾳ	N-DSF	N-DSF	2250	ἡμέρα	ἡμέρᾳ	
John 20:19	ἐκείνῃ	D-DSF	D-DSF	1565	ἐκεῖνος	ἐκείνῃ	
John 20:19	τῇ	T-DSF	T-DSF	3588	ὁ	τῇ	
John 20:19	μιᾷ	A-DSF	A-DSF	1520	εἷς	μιᾷ	
John 20:19	σαββάτων,	N-GPN	N-GPN	4521	σάββατον	σαββάτων	
John 20:19	καὶ	CONJ	CONJ	2532	καί	καί	
John 20:19	τῶν	T-GPF	T-GPF	3588	ὁ	τῶν	
John 20:19	θυρῶν	N-GPF	N-GPF	2374	θύρα	θυρῶν	
John 20:19	κεκλεισμένων	V-RPP-GPF	V-RPP-GPF	2808&5772	κλείω	κεκλεισμένων	
John 20:19	ὅπου	ADV	ADV	3699	ὅπου	ὅπου	
John 20:19	ἦσαν	V-IAI-3P	V-IAI-3P	1510&5707	εἰμί	ἦσαν	
John 20:19	οἱ	T-NPM	T-NPM	3588	ὁ	οἱ	
John 20:19	μαθηταὶ	N-NPM	N-NPM	3101	μαθητής	μαθηταί	
John 20:19	διὰ	PREP	PREP	1223	διά	διά	
John 20:19	τὸν	T-ASM	T-ASM	3588	ὁ	τόν	
John 20:19	φόβον	N-ASM	N-ASM	5401	φόβος	φόβον	
John 20:19	τῶν	T-GPM	T-GPM	3588	ὁ	τῶν	
John 20:19	Ἰουδαίων,	A-GPM	A-GPM	2453	Ἰουδαῖος	Ἰουδαίων	
John 20:19	ἦλθεν	V-2AAI-3S	V-2AAI-3S	2064&5627	ἔρχομαι	ἦλθεν	
John 20:19	ὁ	T-NSM	T-NSM	3588	ὁ	ὁ	
John 20:19	Ἰησοῦς	N-NSM	N-NSM	2424	Ἰησοῦς	Ἰησοῦς	
John 20:19	καὶ	CONJ	CONJ	2532	καί	καί	
John 20:19	ἔστη	V-2AAI-3S	V-2AAI-3S	2476&5627	ἵστημι	ἔστη	
John 20:19	εἰς	PREP	PREP	1519	εἰς	εἰς	
John 20:19	τὸ	T-ASN	T-ASN	3588	ὁ	τό	
John 20:19	μέσον,	A-ASN	A-ASN	3319	μέσος	μέσον	
John 20:19	καὶ	CONJ	CONJ	2532	καί	καί	
John 20:19	λέγει	V-PAI-3S	V-PAI-3S	3004&5719	λέγω	λέγει	
John 20:19	αὐτοῖς	P-DPM	P-DPM	846	αὐτός	αὐτοῖς	
John 20:19	Εἰρήνη	N-NSF	N-NSF	1515	εἰρήνη	Εἰρήνη	
John 20:19	ὑμῖν.	P-2DP	P-2DP	4771	σύ	ὑμῖν	
John 20:20	καὶ	CONJ	CONJ	2532	καί	καί	
John 20:20	τοῦτο	D-ASN	D-ASN	3778	οὗτος	τοῦτο	
John 20:20	εἰπὼν	V-2AAP-NSM	V-2AAP-NSM	3004&5631	λέγω	εἰπών	
John 20:20	ἔδειξεν	V-AAI-3S	V-AAI-3S	1166&5656	δείκνυμι	ἔδειξεν	
John 20:20	καὶ	CONJ	CONJ	2532	καί	καί	
John 20:20	τὰς	T-APF	T-APF	3588	ὁ	τάς	
John 20:20	χεῖρας	N-APF	N-APF	5495	χείρ	χεῖρας	
John 20:20	καὶ	CONJ	CONJ	2532	καί	καί	
John 20:20	τὴν	T-ASF	T-ASF	3588	ὁ	τήν	
John 20:20	πλευρὰν	N-ASF	N-ASF	4125	πλευρά	πλευράν	
John 20:20	αὐτοῖς.	P-DPM	P-DPM	846	αὐτός	αὐτοῖς	
John 20:20	ἐχάρησαν	V-2AOI-3P	V-2AOI-3P	5463&5644	χαίρω	ἐχάρησαν	
John 20:20	οὖν	CONJ	CONJ	3767	οὖν	οὖν	
John 20:20	οἱ	T-NPM	T-NPM	3588	ὁ	οἱ	
John 20:20	μαθηταὶ	N-NPM	N-NPM	3101	μαθητής	μαθηταί	
John 20:20	ἰδόντες	V-2AAP-NPM	V-2AAP-NPM	3708&5631	ὁράω	ἰδόντες	
John 20:20	τὸν	T-ASM	T-ASM	3588	ὁ	τόν	
John 20:20	Κύριον.	N-ASM	N-ASM	2962	κύριος	Κύριον	
John 20:21	εἶπεν	V-2AAI-3S	V-2AAI-3S	3004&5627	λέγω	εἶπεν	
John 20:21	οὖν	CONJ	CONJ	3767	οὖν	οὖν	
John 20:21	αὐτοῖς	P-DPM	P-DPM	846	αὐτός	αὐτοῖς	
John 20:21	ὁ	T-NSM	T-NSM	3588	ὁ	ὁ	
John 20:21	Ἰησοῦς	N-NSM	N-NSM	2424	Ἰησοῦς	Ἰησοῦς	
John 20:21	πάλιν	ADV	ADV	3825	πάλιν	πάλιν	
John 20:21	Εἰρήνη	N-NSF	N-NSF	1515	εἰρήνη	Εἰρήνη	
John 20:21	ὑμῖν·	P-2DP	P-2DP	4771	σύ	ὑμῖν	
John 20:21	καθὼς	ADV	ADV	2531	καθώς	καθώς	
John 20:21	ἀπέσταλκέν	V-RAI-3S	V-RAI-3S	649&5758	ἀποστέλλω	ἀπέσταλκεν	
John 20:21	με	P-1AS	P-1AS	1473	ἐγώ	με	
John 20:21	ὁ	T-NSM	T-NSM	3588	ὁ	ὁ	
John 20:21	Πατήρ,	N-NSM	N-NSM	3962	πατήρ	Πατήρ	
John 20:21	κἀγὼ	P-1NS-K	P-1NS-K	2504	κἀγώ	κἀγώ	
John 20:21	πέμπω	V-PAI-1S	V-PAI-1S	3992&5719	πέμπω	πέμπω	
John 20:21	ὑμᾶς.	P-2AP	P-2AP	4771	σύ	ὑμᾶς	
John 20:22	καὶ	CONJ	CONJ	2532	καί	καί	
John 20:22	τοῦτο	D-ASN	D-ASN	3778	οὗτος	τοῦτο	
John 20:22	εἰπὼν	V-2AAP-NSM	V-2AAP-NSM	3004&5631	λέγω	εἰπών	
John 20:22	ἐνεφύσησεν	V-AAI-3S	V-AAI-3S	1720&5656	ἐμφυσάω	ἐνεφύσησεν	
John 20:22	καὶ	CONJ	CONJ	2532	καί	καί	
John 20:22	λέγει	V-PAI-3S	V-PAI-3S	3004&5719	λέγω	λέγει	
John 20:22	αὐτοῖς	P-DPM	P-DPM	846	αὐτός	αὐτοῖς	
John 20:22	Λάβετε	V-2AAM-2P	V-2AAM-2P	2983&5628	λαμβάνω	Λάβετε	
John 20:22	Πνεῦμα	N-ASN	N-ASN	4151	πνεῦμα	Πνεῦμα	
John 20:22	Ἅγιον.	A-ASN	A-ASN	40	ἅγιος	Ἅγιον	
John 20:23	ἄν	PRT	PRT	302	ἄν	ἄν	
John 20:23	τινων	X-GPM	X-GPM	5100	τὶς	τινων	
John 20:23	ἀφῆτε	V-2AAS-2P	V-2AAS-2P	863&5632	ἀφίημι	ἀφῆτε	
John 20:23	τὰς	T-APF	T-APF	3588	ὁ	τάς	
John 20:23	ἁμαρτίας,	N-APF	N-APF	266	ἁμαρτία	ἁμαρτίας	
John 20:23	ἀφέωνται	V-RPI-3P	V-RPI-3P	863&5769	ἀφίημι	ἀφέωνται	
John 20:23	αὐτοῖς·	P-DPM	P-DPM	846	αὐτός	αὐτοῖς	
John 20:23	ἄν	PRT	PRT	302	ἄν	ἄν	
John 20:23	τινων	X-GPM	X-GPM	5100	τὶς	τινων	
John 20:23	κρατῆτε,	V-PAS-2P	V-PAS-2P	2902&5725	κρατέω	κρατῆτε	
John 20:23	κεκράτηνται.	V-RPI-3P	V-RPI-3P	2902&5769	κρατέω	κεκράτηνται	
John 20:24	Θωμᾶς	N-NSM	N-NSM	2381	Θωμᾶς	Θωμᾶς	
John 20:24	δὲ	CONJ	CONJ	1161	δέ	δέ	
John 20:24	εἷς	A-NSM	A-NSM	1520	εἷς	εἷς	
John 20:24	ἐκ	PREP	PREP	1537	ἐκ	ἐκ	
John 20:24	τῶν	T-GPM	T-GPM	3588	ὁ	τῶν	
John 20:24	δώδεκα,	A-NUI	A-NUI	1427	δώδεκα	δώδεκα	
John 20:24	ὁ	T-NSM	T-NSM	3588	ὁ	ὁ	
John 20:24	λεγόμενος	V-PPP-NSM	V-PEP-NSM	3004&5746	λέγω	λεγόμενος	
John 20:24	Δίδυμος,	N-NSM	N-NSM	1324	Δίδυμος	Δίδυμος	
John 20:24	οὐκ	PRT-N	PRT-N	3756	οὐ	οὐκ	
John 20:24	ἦν	V-IAI-3S	V-IAI-3S	1510&5707	εἰμί	ἦν	
John 20:24	μετ’	PREP	PREP	3326	μετά	μετ’	
John 20:24	αὐτῶν	P-GPM	P-GPM	846	αὐτός	αὐτῶν	
John 20:24	ὅτε	ADV	ADV	3753	ὅτε	ὅτε	
John 20:24	ἦλθεν	V-2AAI-3S	V-2AAI-3S	2064&5627	ἔρχομαι	ἦλθεν	
John 20:24	Ἰησοῦς.	N-NSM	N-NSM	2424	Ἰησοῦς	Ἰησοῦς	
John 20:25	ἔλεγον	V-IAI-3P	V-IAI-3P	3004&5707	λέγω	ἔλεγον	
John 20:25	οὖν	CONJ	CONJ	3767	οὖν	οὖν	
John 20:25	αὐτῷ	P-DSM	P-DSM	846	αὐτός	αὐτῷ	
John 20:25	οἱ	T-NPM	T-NPM	3588	ὁ	οἱ	
John 20:25	ἄλλοι	A-NPM	A-NPM	243	ἄλλος	ἄλλοι	
John 20:25	μαθηταί	N-NPM	N-NPM	3101	μαθητής	μαθηταί	
John 20:25	Ἑωράκαμεν	V-RAI-1P-ATT	V-RAI-1P-ATT	3708&5758	ὁράω	Ἑωράκαμεν	
John 20:25	τὸν	T-ASM	T-ASM	3588	ὁ	τόν	
John 20:25	Κύριον.	N-ASM	N-ASM	2962	κύριος	Κύριον	
John 20:25	ὁ	T-NSM	T-NSM	3588	ὁ	ὁ	
John 20:25	δὲ	CONJ	CONJ	1161	δέ	δέ	
John 20:25	εἶπεν	V-2AAI-3S	V-2AAI-3S	3004&5627	λέγω	εἶπεν	
John 20:25	αὐτοῖς	P-DPM	P-DPM	846	αὐτός	αὐτοῖς	
John 20:25	Ἐὰν	COND	COND	1437	ἐάν	Ἐάν	
John 20:25	μὴ	PRT-N	PRT-N	3361	μή	μή	
John 20:25	ἴδω	V-2AAS-1S	V-2AAS-1S	3708&5632	ὁράω	ἴδω	
John 20:25	ἐν	PREP	PREP	1722	ἐν	ἐν	
John 20:25	ταῖς	T-DPF	T-DPF	3588	ὁ	ταῖς	
John 20:25	χερσὶν	N-DPF	N-DPF	5495	χείρ	χερσίν	
John 20:25	αὐτοῦ	P-GSM	P-GSM	846	αὐτός	αὐτοῦ	
John 20:25	τὸν	T-ASM	T-ASM	3588	ὁ	τόν	
John 20:25	τύπον	N-ASM	N-ASM	5179	τύπος	τύπον	
John 20:25	τῶν	T-GPM	T-GPM	3588	ὁ	τῶν	
John 20:25	ἥλων	N-GPM	N-GPM	2247	ἧλος	ἥλων	
John 20:25	καὶ	CONJ	CONJ	2532	καί	καί	
John 20:25	βάλω	V-2AAS-1S	V-2AAS-1S	906&5632	βάλλω	βάλω	
John 20:25	τὸν	T-ASM	T-ASM	3588	ὁ	τόν	
John 20:25	δάκτυλόν	N-ASM	N-ASM	1147	δάκτυλος	δάκτυλον	
John 20:25	μου	P-1GS	P-1GS	1473	ἐγώ	μου	
John 20:25	εἰς	PREP	PREP	1519	εἰς	εἰς	
John 20:25	τὸν	T-ASM	T-ASM	3588	ὁ	τόν	
John 20:25	τόπον	N-ASM	N-ASM	5117	τόπος	τόπον	
John 20:25	τῶν	T-GPM	T-GPM	3588	ὁ	τῶν	
John 20:25	ἥλων	N-GPM	N-GPM	2247	ἧλος	ἥλων	
John 20:25	καὶ	CONJ	CONJ	2532	καί	καί	
John 20:25	βάλω	V-2AAS-1S	V-2AAS-1S	906&5632	βάλλω	βάλω	
John 20:25	μου	P-1GS	P-1GS	1473	ἐγώ	μου	
John 20:25	τὴν	T-ASF	T-ASF	3588	ὁ	τήν	
John 20:25	χεῖρα	N-ASF	N-ASF	5495	χείρ	χεῖρα	
John 20:25	εἰς	PREP	PREP	1519	εἰς	εἰς	
John 20:25	τὴν	T-ASF	T-ASF	3588	ὁ	τήν	
John 20:25	πλευρὰν	N-ASF	N-ASF	4125	πλευρά	πλευράν	
John 20:25	αὐτοῦ,	P-GSM	P-GSM	846	αὐτός	αὐτοῦ	
John 20:25	οὐ	PRT-N	PRT-N	3756	οὐ	οὐ	
John 20:25	μὴ	PRT-N	PRT-N	3361	μή	μή	
John 20:25	πιστεύσω.	V-AAS-1S	V-AAS-1S	4100&5661	πιστεύω	πιστεύσω	
John 20:26	Καὶ	CONJ	CONJ	2532	καί	Καί	
John 20:26	μεθ’	PREP	PREP	3326	μετά	μεθ’	
John 20:26	ἡμέρας	N-APF	N-APF	2250	ἡμέρα	ἡμέρας	
John 20:26	ὀκτὼ	A-NUI	A-NUI	3638	ὀκτώ	ὀκτώ	
John 20:26	πάλιν	ADV	ADV	3825	πάλιν	πάλιν	
John 20:26	ἦσαν	V-IAI-3P	V-IAI-3P	1510&5707	εἰμί	ἦσαν	
John 20:26	ἔσω	ADV	ADV	2080	ἔσω	ἔσω	
John 20:26	οἱ	T-NPM	T-NPM	3588	ὁ	οἱ	
John 20:26	μαθηταὶ	N-NPM	N-NPM	3101	μαθητής	μαθηταί	
John 20:26	αὐτοῦ,	P-GSM	P-GSM	846	αὐτός	αὐτοῦ	
John 20:26	καὶ	CONJ	CONJ	2532	καί	καί	
John 20:26	Θωμᾶς	N-NSM	N-NSM	2381	Θωμᾶς	Θωμᾶς	
John 20:26	μετ’	PREP	PREP	3326	μετά	μετ’	
John 20:26	αὐτῶν.	P-GPM	P-GPM	846	αὐτός	αὐτῶν	
John 20:26	ἔρχεται	V-PNI-3S	V-PNI-3S	2064&5736	ἔρχομαι	ἔρχεται	
John 20:26	ὁ	T-NSM	T-NSM	3588	ὁ	ὁ	
John 20:26	Ἰησοῦς	N-NSM	N-NSM	2424	Ἰησοῦς	Ἰησοῦς	
John 20:26	τῶν	T-GPF	T-GPF	3588	ὁ	τῶν	
John 20:26	θυρῶν	N-GPF	N-GPF	2374	θύρα	θυρῶν	
John 20:26	κεκλεισμένων,	V-RPP-GPF	V-RPP-GPF	2808&5772	κλείω	κεκλεισμένων	
John 20:26	καὶ	CONJ	CONJ	2532	καί	καί	
John 20:26	ἔστη	V-2AAI-3S	V-2AAI-3S	2476&5627	ἵστημι	ἔστη	
John 20:26	εἰς	PREP	PREP	1519	εἰς	εἰς	
John 20:26	τὸ	T-ASN	T-ASN	3588	ὁ	τό	
John 20:26	μέσον	A-ASN	A-ASN	3319	μέσος	μέσον	
John 20:26	καὶ	CONJ	CONJ	2532	καί	καί	
John 20:26	εἶπεν	V-2AAI-3S	V-2AAI-3S	3004&5627	λέγω	εἶπεν	
John 20:26	Εἰρήνη	N-NSF	N-NSF	1515	εἰρήνη	Εἰρήνη	
John 20:26	ὑμῖν.	P-2DP	P-2DP	4771	σύ	ὑμῖν	
John 20:27	εἶτα	ADV	ADV	1534	εἶτα	εἶτα	
John 20:27	λέγει	V-PAI-3S	V-PAI-3S	3004&5719	λέγω	λέγει	
John 20:27	τῷ	T-DSM	T-DSM	3588	ὁ	τῷ	
John 20:27	Θωμᾷ	N-DSM	N-DSM	2381	Θωμᾶς	Θωμᾷ	
John 20:27	Φέρε	V-PAM-2S	V-PAM-2S	5342&5720	φέρω	Φέρε	
John 20:27	τὸν	T-ASM	T-ASM	3588	ὁ	τόν	
John 20:27	δάκτυλόν	N-ASM	N-ASM	1147	δάκτυλος	δάκτυλον	
John 20:27	σου	P-2GS	P-2GS	4771	σύ	σου	
John 20:27	ὧδε	ADV	ADV	5602	ὧδε	ὧδε	
John 20:27	καὶ	CONJ	CONJ	2532	καί	καί	
John 20:27	ἴδε	V-2AAM-2S	V-2AAM-2S	3708&5628	ὁράω	ἴδε	
John 20:27	τὰς	T-APF	T-APF	3588	ὁ	τάς	
John 20:27	χεῖράς	N-APF	N-APF	5495	χείρ	χεῖρας	
John 20:27	μου,	P-1GS	P-1GS	1473	ἐγώ	μου	
John 20:27	καὶ	CONJ	CONJ	2532	καί	καί	
John 20:27	φέρε	V-PAM-2S	V-PAM-2S	5342&5720	φέρω	φέρε	
John 20:27	τὴν	T-ASF	T-ASF	3588	ὁ	τήν	
John 20:27	χεῖρά	N-ASF	N-ASF	5495	χείρ	χεῖρα	
John 20:27	σου	P-2GS	P-2GS	4771	σύ	σου	
John 20:27	καὶ	CONJ	CONJ	2532	καί	καί	
John 20:27	βάλε	V-2AAM-2S	V-2AAM-2S	906&5628	βάλλω	βάλε	
John 20:27	εἰς	PREP	PREP	1519	εἰς	εἰς	
John 20:27	τὴν	T-ASF	T-ASF	3588	ὁ	τήν	
John 20:27	πλευράν	N-ASF	N-ASF	4125	πλευρά	πλευράν	
John 20:27	μου,	P-1GS	P-1GS	1473	ἐγώ	μου	
John 20:27	καὶ	CONJ	CONJ	2532	καί	καί	
John 20:27	μὴ	PRT-N	PRT-N	3361	μή	μή	
John 20:27	γίνου	V-PNM-2S	V-PNM-2S	1096&5737	γίνομαι	γίνου	
John 20:27	ἄπιστος	A-NSM	A-NSM	571	ἄπιστος	ἄπιστος	
John 20:27	ἀλλὰ	CONJ	CONJ	235	ἀλλά	ἀλλά	
John 20:27	πιστός.	A-NSM	A-NSM	4103	πιστός	πιστός	
John 20:28	ἀπεκρίθη	V-ADI-3S	V-ADI-3S	611&5662	ἀποκρίνομαι	ἀπεκρίθη	
John 20:28	Θωμᾶς	N-NSM	N-NSM	2381	Θωμᾶς	Θωμᾶς	
John 20:28	καὶ	CONJ	CONJ	2532	καί	καί	
John 20:28	εἶπεν	V-2AAI-3S	V-2AAI-3S	3004&5627	λέγω	εἶπεν	
John 20:28	αὐτῷ	P-DSM	P-DSM	846	αὐτός	αὐτῷ	
John 20:28	Ὁ	T-NSM	T-NSM	3588	ὁ	Ὁ	
John 20:28	Κύριός	N-NSM	N-NSM	2962	κύριος	Κύριος	
John 20:28	μου	P-1GS	P-1GS	1473	ἐγώ	μου	
John 20:28	καὶ	CONJ	CONJ	2532	καί	καί	
John 20:28	ὁ	T-NSM	T-NSM	3588	ὁ	ὁ	
John 20:28	Θεός	N-NSM	N-NSM	2316	θεός	Θεός	
John 20:28	μου.	P-1GS	P-1GS	1473	ἐγώ	μου	
John 20:29	λέγει	V-PAI-3S	V-PAI-3S	3004&5719	λέγω	λέγει	
John 20:29	αὐτῷ	P-DSM	P-DSM	846	αὐτός	αὐτῷ	
John 20:29	ὁ	T-NSM	T-NSM	3588	ὁ	ὁ	
John 20:29	Ἰησοῦς	N-NSM	N-NSM	2424	Ἰησοῦς	Ἰησοῦς	
John 20:29	Ὅτι	CONJ	CONJ	3754	ὅτι	Ὅτι	
John 20:29	ἑώρακάς	V-RAI-2S-ATT	V-RAI-2S-ATT	3708&5758	ὁράω	ἑώρακας	
John 20:29	με,	P-1AS	P-1AS	1473	ἐγώ	με	
John 20:29	πεπίστευκας;	V-RAI-2S	V-RAI-2S	4100&5758	πιστεύω	πεπίστευκας	
John 20:29	μακάριοι	A-NPM	A-NPM	3107	μακάριος	μακάριοι	
John 20:29	οἱ	T-NPM	T-NPM	3588	ὁ	οἱ	
John 20:29	μὴ	PRT-N	PRT-N	3361	μή	μή	
John 20:29	ἰδόντες	V-2AAP-NPM	V-2AAP-NPM	3708&5631	ὁράω	ἰδόντες	
John 20:29	καὶ	CONJ	CONJ	2532	καί	καί	
John 20:29	πιστεύσαντες.	V-AAP-NPM	V-AAP-NPM	4100&5660	πιστεύω	πιστεύσαντες	
John 20:30	Πολλὰ	A-APN	A-APN	4183	πολύς	Πολλά	
John 20:30	μὲν	PRT	PRT	3303	μέν	μέν	
John 20:30	οὖν	CONJ	CONJ	3767	οὖν	οὖν	
John 20:30	καὶ	CONJ	CONJ	2532	καί	καί	
John 20:30	ἄλλα	A-APN	A-APN	243	ἄλλος	ἄλλα	
John 20:30	σημεῖα	N-APN	N-APN	4592	σημεῖον	σημεῖα	
John 20:30	ἐποίησεν	V-AAI-3S	V-AAI-3S	4160&5656	ποιέω	ἐποίησεν	
John 20:30	ὁ	T-NSM	T-NSM	3588	ὁ	ὁ	
John 20:30	Ἰησοῦς	N-NSM	N-NSM	2424	Ἰησοῦς	Ἰησοῦς	
John 20:30	ἐνώπιον	PREP	PREP	1799	ἐνώπιον	ἐνώπιον	
John 20:30	τῶν	T-GPM	T-GPM	3588	ὁ	τῶν	
John 20:30	μαθητῶν,	N-GPM	N-GPM	3101	μαθητής	μαθητῶν	
John 20:30	ἃ	R-NPN	R-NPN	3739	ὅς	ἅ	
John 20:30	οὐκ	PRT-N	PRT-N	3756	οὐ	οὐκ	
John 20:30	ἔστιν	V-PAI-3S	V-PAI-3S	1510&5719	εἰμί	ἔστιν	
John 20:30	γεγραμμένα	V-RPP-NPN	V-RPP-NPN	1125&5772	γράφω	γεγραμμένα	
John 20:30	ἐν	PREP	PREP	1722	ἐν	ἐν	
John 20:30	τῷ	T-DSN	T-DSN	3588	ὁ	τῷ	
John 20:30	βιβλίῳ	N-DSN	N-DSN	975	βιβλίον	βιβλίῳ	
John 20:30	τούτῳ·	D-DSN	D-DSN	3778	οὗτος	τούτῳ	
John 20:31	ταῦτα	D-NPN	D-NPN	3778	οὗτος	ταῦτα	
John 20:31	δὲ	CONJ	CONJ	1161	δέ	δέ	
John 20:31	γέγραπται	V-RPI-3S	V-RPI-3S	1125&5769	γράφω	γέγραπται	
John 20:31	ἵνα	CONJ	CONJ	2443	ἵνα	ἵνα	
John 20:31	πιστεύητε	V-PAS-2P	V-PAS-2P	4100&5725	πιστεύω	πιστεύητε	
John 20:31	ὅτι	CONJ	CONJ	3754	ὅτι	ὅτι	
John 20:31	Ἰησοῦς	N-NSM	N-NSM	2424	Ἰησοῦς	Ἰησοῦς	
John 20:31	ἐστιν	V-PAI-3S	V-PAI-3S	1510	εἰμί	ἐστιν	
John 20:31	ὁ	T-NSM	T-NSM	3588	ὁ	ὁ	
John 20:31	Χριστὸς	N-NSM	N-NSM	5547	Χριστός	Χριστός	
John 20:31	ὁ	T-NSM	T-NSM	3588	ὁ	ὁ	
John 20:31	Υἱὸς	N-NSM	N-NSM	5207	υἱός	Υἱός	
John 20:31	τοῦ	T-GSM	T-GSM	3588	ὁ	τοῦ	
John 20:31	Θεοῦ,	N-GSM	N-GSM	2316	θεός	Θεοῦ	
John 20:31	καὶ	CONJ	CONJ	2532	καί	καί	
John 20:31	ἵνα	CONJ	CONJ	2443	ἵνα	ἵνα	
John 20:31	πιστεύοντες	V-PAP-NPM	V-PAP-NPM	4100&5723	πιστεύω	πιστεύοντες	
John 20:31	ζωὴν	N-ASF	N-ASF	2222	ζωή	ζωήν	
John 20:31	ἔχητε	V-PAS-2P	V-PAS-2P	2192&5725	ἔχω	ἔχητε	
John 20:31	ἐν	PREP	PREP	1722	ἐν	ἐν	
John 20:31	τῷ	T-DSN	T-DSN	3588	ὁ	τῷ	
John 20:31	ὀνόματι	N-DSN	N-DSN	3686	ὄνομα	ὀνόματι	
John 20:31	αὐτοῦ.	P-GSM	P-GSM	846	αὐτός	αὐτοῦ	
John 21:1	Μετὰ	PREP	PREP	3326	μετά	Μετά	
John 21:1	ταῦτα	D-APN	D-APN	3778	οὗτος	ταῦτα	
John 21:1	ἐφανέρωσεν	V-AAI-3S	V-AAI-3S	5319&5656	φανερόω	ἐφανέρωσεν	
John 21:1	ἑαυτὸν	F-3ASM	F-3ASM	1438	ἑαυτοῦ	ἑαυτόν	
John 21:1	πάλιν	ADV	ADV	3825	πάλιν	πάλιν	
John 21:1	Ἰησοῦς	N-NSM	N-NSM	2424	Ἰησοῦς	Ἰησοῦς	
John 21:1	τοῖς	T-DPM	T-DPM	3588	ὁ	τοῖς	
John 21:1	μαθηταῖς	N-DPM	N-DPM	3101	μαθητής	μαθηταῖς	
John 21:1	ἐπὶ	PREP	PREP	1909	ἐπί	ἐπί	
John 21:1	τῆς	T-GSF	T-GSF	3588	ὁ	τῆς	
John 21:1	θαλάσσης	N-GSF	N-GSF	2281	θάλασσα	θαλάσσης	
John 21:1	τῆς	T-GSF	T-GSF	3588	ὁ	τῆς	
John 21:1	Τιβεριάδος·	N-GSF	N-GSF	5085	Τιβεριάς	Τιβεριάδος	
John 21:1	ἐφανέρωσεν	V-AAI-3S	V-AAI-3S	5319&5656	φανερόω	ἐφανέρωσεν	
John 21:1	δὲ	CONJ	CONJ	1161	δέ	δέ	
John 21:1	οὕτως.	ADV	ADV	3779	οὕτω	οὕτως	
John 21:2	ἦσαν	V-IAI-3P	V-IAI-3P	1510&5707	εἰμί	ἦσαν	
John 21:2	ὁμοῦ	ADV	ADV	3674	ὁμοῦ	ὁμοῦ	
John 21:2	Σίμων	N-NSM	N-NSM	4613	Σίμων	Σίμων	
John 21:2	Πέτρος	N-NSM	N-NSM	4074	Πέτρος	Πέτρος	
John 21:2	καὶ	CONJ	CONJ	2532	καί	καί	
John 21:2	Θωμᾶς	N-NSM	N-NSM	2381	Θωμᾶς	Θωμᾶς	
John 21:2	ὁ	T-NSM	T-NSM	3588	ὁ	ὁ	
John 21:2	λεγόμενος	V-PPP-NSM	V-PEP-NSM	3004&5746	λέγω	λεγόμενος	
John 21:2	Δίδυμος	N-NSM	N-NSM	1324	Δίδυμος	Δίδυμος	
John 21:2	καὶ	CONJ	CONJ	2532	καί	καί	
John 21:2	Ναθαναὴλ	N-PRI	N-PRI	3482	Ναθαναήλ	Ναθαναήλ	
John 21:2	ὁ	T-NSM	T-NSM	3588	ὁ	ὁ	
John 21:2	ἀπὸ	PREP	PREP	575	ἀπό	ἀπό	
John 21:2	Κανᾶ	N-PRI	N-PRI	2580	Κανά	Κανᾶ	
John 21:2	τῆς	T-GSF	T-GSF	3588	ὁ	τῆς	
John 21:2	Γαλιλαίας	N-GSF	N-GSF	1056	Γαλιλαία	Γαλιλαίας	
John 21:2	καὶ	CONJ	CONJ	2532	καί	καί	
John 21:2	οἱ	T-NPM	T-NPM	3588	ὁ	οἱ	
John 21:2	τοῦ	T-GSM	T-GSM	3588	ὁ	τοῦ	
John 21:2	Ζεβεδαίου	N-GSM	N-GSM	2199	Ζεβεδαῖος	Ζεβεδαίου	
John 21:2	καὶ	CONJ	CONJ	2532	καί	καί	
John 21:2	ἄλλοι	A-NPM	A-NPM	243	ἄλλος	ἄλλοι	
John 21:2	ἐκ	PREP	PREP	1537	ἐκ	ἐκ	
John 21:2	τῶν	T-GPM	T-GPM	3588	ὁ	τῶν	
John 21:2	μαθητῶν	N-GPM	N-GPM	3101	μαθητής	μαθητῶν	
John 21:2	αὐτοῦ	P-GSM	P-GSM	846	αὐτός	αὐτοῦ	
John 21:2	δύο.	A-NUI	A-NUI	1417	δύο	δύο	
John 21:3	λέγει	V-PAI-3S	V-PAI-3S	3004&5719	λέγω	λέγει	
John 21:3	αὐτοῖς	P-DPM	P-DPM	846	αὐτός	αὐτοῖς	
John 21:3	Σίμων	N-NSM	N-NSM	4613	Σίμων	Σίμων	
John 21:3	Πέτρος	N-NSM	N-NSM	4074	Πέτρος	Πέτρος	
John 21:3	Ὑπάγω	V-PAI-1S	V-PAI-1S	5217&5719	ὑπάγω	Ὑπάγω	
John 21:3	ἁλιεύειν.	V-PAN	V-PAN	232&5721	ἁλιεύω	ἁλιεύειν	
John 21:3	λέγουσιν	V-PAI-3P	V-PAI-3P	3004&5719	λέγω	λέγουσιν	
John 21:3	αὐτῷ	P-DSM	P-DSM	846	αὐτός	αὐτῷ	
John 21:3	Ἐρχόμεθα	V-PNI-1P	V-PNI-1P	2064&5736	ἔρχομαι	Ἐρχόμεθα	
John 21:3	καὶ	CONJ	CONJ	2532	καί	καί	
John 21:3	ἡμεῖς	P-1NP	P-1NP	1473	ἐγώ	ἡμεῖς	
John 21:3	σὺν	PREP	PREP	4862	σύν	σύν	
John 21:3	σοί.	P-2DS	P-2DS	4771	σύ	σοί	
John 21:3	ἐξῆλθον	V-2AAI-3P	V-2AAI-3P	1831	ἐξέρχομαι	ἐξῆλθον	
John 21:3	καὶ	CONJ	CONJ	2532	καί	καί	
John 21:3	ἐνέβησαν	V-2AAI-3P	V-2AAI-3P	1684&5627	ἐμβαίνω	ἐνέβησαν	
John 21:3	εἰς	PREP	PREP	1519	εἰς	εἰς	
John 21:3	τὸ	T-ASN	T-ASN	3588	ὁ	τό	
John 21:3	πλοῖον,	N-ASN	N-ASN	4143	πλοῖον	πλοῖον	
John 21:3	καὶ	CONJ	CONJ	2532	καί	καί	
John 21:3	ἐν	PREP	PREP	1722	ἐν	ἐν	
John 21:3	ἐκείνῃ	D-DSF	D-DSF	1565	ἐκεῖνος	ἐκείνῃ	
John 21:3	τῇ	T-DSF	T-DSF	3588	ὁ	τῇ	
John 21:3	νυκτὶ	N-DSF	N-DSF	3571	νύξ	νυκτί	
John 21:3	ἐπίασαν	V-AAI-3P	V-AAI-3P	4084&5656	πιάζω	ἐπίασαν	
John 21:3	οὐδέν.	A-ASN-N	A-ASN-N	3762	οὐδείς	οὐδέν	
John 21:4	πρωΐας	N-GSF	N-GSF	4405	πρωΐα	πρωΐας	
John 21:4	δὲ	CONJ	CONJ	1161	δέ	δέ	
John 21:4	ἤδη	ADV	ADV	2235	ἤδη	ἤδη	
John 21:4	γινομένης	V-PNP-GSF	V-PNP-GSF	1096&5740	γίνομαι	γινομένης	
John 21:4	ἔστη	V-2AAI-3S	V-2AAI-3S	2476&5627	ἵστημι	ἔστη	
John 21:4	Ἰησοῦς	N-NSM	N-NSM	2424	Ἰησοῦς	Ἰησοῦς	
John 21:4	εἰς	PREP	PREP	1519	εἰς	εἰς	
John 21:4	τὸν	T-ASM	T-ASM	3588	ὁ	τόν	
John 21:4	αἰγιαλόν·	N-ASM	N-ASM	123	αἰγιαλός	αἰγιαλόν	
John 21:4	οὐ	PRT-N	PRT-N	3756	οὐ	οὐ	
John 21:4	μέντοι	CONJ	CONJ	3305	μέντοι	μέντοι	
John 21:4	ᾔδεισαν	V-2LAI-3P	V-2LAI-3P	1492&5714	οἶδα	ᾔδεισαν	
John 21:4	οἱ	T-NPM	T-NPM	3588	ὁ	οἱ	
John 21:4	μαθηταὶ	N-NPM	N-NPM	3101	μαθητής	μαθηταί	
John 21:4	ὅτι	CONJ	CONJ	3754	ὅτι	ὅτι	
John 21:4	Ἰησοῦς	N-NSM	N-NSM	2424	Ἰησοῦς	Ἰησοῦς	
John 21:4	ἐστιν.	V-PAI-3S	V-PAI-3S	1510	εἰμί	ἐστιν	
John 21:5	λέγει	V-PAI-3S	V-PAI-3S	3004&5719	λέγω	λέγει	
John 21:5	οὖν	CONJ	CONJ	3767	οὖν	οὖν	
John 21:5	αὐτοῖς	P-DPM	P-DPM	846	αὐτός	αὐτοῖς	
John 21:5	Ἰησοῦς	N-NSM	N-NSM	2424	Ἰησοῦς	Ἰησοῦς	
John 21:5	Παιδία,	N-VPN	N-VPN	3813	παιδίον	Παιδία	
John 21:5	μή	PRT-N	PRT-N	3361	μή	μή	
John 21:5	τι	X-ASN	X-ASN	5100	τὶς	τι	
John 21:5	προσφάγιον	N-ASN	N-ASN	4371	προσφάγιον	προσφάγιον	
John 21:5	ἔχετε;	V-PAI-2P	V-PAI-2P	2192&5719	ἔχω	ἔχετε	
John 21:5	ἀπεκρίθησαν	V-ADI-3P	V-ADI-3P	611&5662	ἀποκρίνομαι	ἀπεκρίθησαν	
John 21:5	αὐτῷ	P-DSM	P-DSM	846	αὐτός	αὐτῷ	
John 21:5	Οὔ.	PRT-N	PRT-N	3756	οὐ	Οὔ	
John 21:6	ὁ	T-NSM	T-NSM	3588	ὁ	ὁ	
John 21:6	δὲ	CONJ	CONJ	1161	δέ	δέ	
John 21:6	εἶπεν	V-2AAI-3S	V-2AAI-3S	3004&5627	λέγω	εἶπεν	
John 21:6	αὐτοῖς	P-DPM	P-DPM	846	αὐτός	αὐτοῖς	
John 21:6	Βάλετε	V-2AAM-2P	V-2AAM-2P	906&5628	βάλλω	Βάλετε	
John 21:6	εἰς	PREP	PREP	1519	εἰς	εἰς	
John 21:6	τὰ	T-APN	T-APN	3588	ὁ	τά	
John 21:6	δεξιὰ	A-APN	A-APN	1188	δεξιός	δεξιά	
John 21:6	μέρη	N-APN	N-APN	3313	μέρος	μέρη	
John 21:6	τοῦ	T-GSN	T-GSN	3588	ὁ	τοῦ	
John 21:6	πλοίου	N-GSN	N-GSN	4143	πλοῖον	πλοίου	
John 21:6	τὸ	T-ASN	T-ASN	3588	ὁ	τό	
John 21:6	δίκτυον,	N-ASN	N-ASN	1350	δίκτυον	δίκτυον	
John 21:6	καὶ	CONJ	CONJ	2532	καί	καί	
John 21:6	εὑρήσετε.	V-FAI-2P	V-FAI-2P	2147&5692	εὑρίσκω	εὑρήσετε	
John 21:6	ἔβαλον	V-2AAI-3P	V-2AAI-3P	906&5627	βάλλω	ἔβαλον	
John 21:6	οὖν,	CONJ	CONJ	3767	οὖν	οὖν	
John 21:6	καὶ	CONJ	CONJ	2532	καί	καί	
John 21:6	οὐκέτι	ADV-N	ADV-N	3765	οὐκέτι	οὐκέτι	
John 21:6	αὐτὸ	P-ASN	P-ASN	846	αὐτός	αὐτό	
John 21:6	ἑλκύσαι	V-AAN	V-AAN	1670&5658	ἕλκω	ἑλκύσαι	
John 21:6	ἴσχυον	V-IAI-3P	V-IAI-3P	2480&5707	ἰσχύω	ἴσχυον	
John 21:6	ἀπὸ	PREP	PREP	575	ἀπό	ἀπό	
John 21:6	τοῦ	T-GSN	T-GSN	3588	ὁ	τοῦ	
John 21:6	πλήθους	N-GSN	N-GSN	4128	πλῆθος	πλήθους	
John 21:6	τῶν	T-GPM	T-GPM	3588	ὁ	τῶν	
John 21:6	ἰχθύων.	N-GPM	N-GPM	2486	ἰχθύς	ἰχθύων	
John 21:7	λέγει	V-PAI-3S	V-PAI-3S	3004&5719	λέγω	λέγει	
John 21:7	οὖν	CONJ	CONJ	3767	οὖν	οὖν	
John 21:7	ὁ	T-NSM	T-NSM	3588	ὁ	ὁ	
John 21:7	μαθητὴς	N-NSM	N-NSM	3101	μαθητής	μαθητής	
John 21:7	ἐκεῖνος	D-NSM	D-NSM	1565	ἐκεῖνος	ἐκεῖνος	
John 21:7	ὃν	R-ASM	R-ASM	3739	ὅς	ὅν	
John 21:7	ἠγάπα	V-IAI-3S	V-IAI-3S	25&5707	ἀγαπάω	ἠγάπα	
John 21:7	ὁ	T-NSM	T-NSM	3588	ὁ	ὁ	
John 21:7	Ἰησοῦς	N-NSM	N-NSM	2424	Ἰησοῦς	Ἰησοῦς	
John 21:7	τῷ	T-DSM	T-DSM	3588	ὁ	τῷ	
John 21:7	Πέτρῳ	N-DSM	N-DSM	4074	Πέτρος	Πέτρῳ	
John 21:7	Ὁ	T-NSM	T-NSM	3588	ὁ	Ὁ	
John 21:7	Κύριός	N-NSM	N-NSM	2962	κύριος	Κύριος	
John 21:7	ἐστιν.	V-PAI-3S	V-PAI-3S	1510&5719	εἰμί	ἐστιν	
John 21:7	Σίμων	N-NSM	N-NSM	4613	Σίμων	Σίμων	
John 21:7	οὖν	CONJ	CONJ	3767	οὖν	οὖν	
John 21:7	Πέτρος,	N-NSM	N-NSM	4074	Πέτρος	Πέτρος	
John 21:7	ἀκούσας	V-AAP-NSM	V-AAP-NSM	191&5660	ἀκούω	ἀκούσας	
John 21:7	ὅτι	CONJ	CONJ	3754	ὅτι	ὅτι	
John 21:7	ὁ	T-NSM	T-NSM	3588	ὁ	ὁ	
John 21:7	Κύριός	N-NSM	N-NSM	2962	κύριος	Κύριος	
John 21:7	ἐστιν,	V-PAI-3S	V-PAI-3S	1510&5719	εἰμί	ἐστιν	
John 21:7	τὸν	T-ASM	T-ASM	3588	ὁ	τόν	
John 21:7	ἐπενδύτην	N-ASM	N-ASM	1903	ἐπενδύτης	ἐπενδύτην	
John 21:7	διεζώσατο,	V-AMI-3S	V-AMI-3S	1241&5668	διαζώννυμι	διεζώσατο	
John 21:7	ἦν	V-IAI-3S	V-IAI-3S	1510&5707	εἰμί	ἦν	
John 21:7	γὰρ	CONJ	CONJ	1063	γάρ	γάρ	
John 21:7	γυμνός,	A-NSM	A-NSM	1131	γυμνός	γυμνός	
John 21:7	καὶ	CONJ	CONJ	2532	καί	καί	
John 21:7	ἔβαλεν	V-2AAI-3S	V-2AAI-3S	906&5627	βάλλω	ἔβαλεν	
John 21:7	ἑαυτὸν	F-3ASM	F-3ASM	1438	ἑαυτοῦ	ἑαυτόν	
John 21:7	εἰς	PREP	PREP	1519	εἰς	εἰς	
John 21:7	τὴν	T-ASF	T-ASF	3588	ὁ	τήν	
John 21:7	θάλασσαν·	N-ASF	N-ASF	2281	θάλασσα	θάλασσαν	
John 21:8	οἱ	T-NPM	T-NPM	3588	ὁ	οἱ	
John 21:8	δὲ	CONJ	CONJ	1161	δέ	δέ	
John 21:8	ἄλλοι	A-NPM	A-NPM	243	ἄλλος	ἄλλοι	
John 21:8	μαθηταὶ	N-NPM	N-NPM	3101	μαθητής	μαθηταί	
John 21:8	τῷ	T-DSN	T-DSN	3588	ὁ	τῷ	
John 21:8	πλοιαρίῳ	N-DSN	N-DSN	4142	πλοιάριον	πλοιαρίῳ	
John 21:8	ἦλθον,	V-2AAI-3P	V-2AAI-3P	2064&5627	ἔρχομαι	ἦλθον	
John 21:8	οὐ	PRT-N	PRT-N	3756	οὐ	οὐ	
John 21:8	γὰρ	CONJ	CONJ	1063	γάρ	γάρ	
John 21:8	ἦσαν	V-IAI-3P	V-IAI-3P	1510&5707	εἰμί	ἦσαν	
John 21:8	μακρὰν	ADV	ADV	3112	μακράν	μακράν	
John 21:8	ἀπὸ	PREP	PREP	575	ἀπό	ἀπό	
John 21:8	τῆς	T-GSF	T-GSF	3588	ὁ	τῆς	
John 21:8	γῆς	N-GSF	N-GSF	1093	γῆ	γῆς	
John 21:8	ἀλλὰ	CONJ	CONJ	235	ἀλλά	ἀλλά	
John 21:8	ὡς	ADV	ADV	5613	ὡς	ὡς	
John 21:8	ἀπὸ	PREP	PREP	575	ἀπό	ἀπό	
John 21:8	πηχῶν	N-GPM	N-GPM	4083	πῆχυς	πηχῶν	
John 21:8	διακοσίων,	A-GPM	A-GPM	1250	διακόσιοι	διακοσίων	
John 21:8	σύροντες	V-PAP-NPM	V-PAP-NPM	4951&5723	σύρω	σύροντες	
John 21:8	τὸ	T-ASN	T-ASN	3588	ὁ	τό	
John 21:8	δίκτυον	N-ASN	N-ASN	1350	δίκτυον	δίκτυον	
John 21:8	τῶν	T-GPM	T-GPM	3588	ὁ	τῶν	
John 21:8	ἰχθύων.	N-GPM	N-GPM	2486	ἰχθύς	ἰχθύων	
John 21:9	ὡς	ADV	ADV	5613	ὡς	ὡς	
John 21:9	οὖν	CONJ	CONJ	3767	οὖν	οὖν	
John 21:9	ἀπέβησαν	V-2AAI-3P	V-2AAI-3P	576&5627	ἀποβαίνω	ἀπέβησαν	
John 21:9	εἰς	PREP	PREP	1519	εἰς	εἰς	
John 21:9	τὴν	T-ASF	T-ASF	3588	ὁ	τήν	
John 21:9	γῆν,	N-ASF	N-ASF	1093	γῆ	γῆν	
John 21:9	βλέπουσιν	V-PAI-3P	V-PAI-3P	991&5719	βλέπω	βλέπουσιν	
John 21:9	ἀνθρακιὰν	N-ASF	N-ASF	439	ἀνθρακιά	ἀνθρακιάν	
John 21:9	κειμένην	V-PNP-ASF	V-PNP-ASF	2749&5740	κεῖμαι	κειμένην	
John 21:9	καὶ	CONJ	CONJ	2532	καί	καί	
John 21:9	ὀψάριον	N-ASN	N-ASN	3795	ὀψάριον	ὀψάριον	
John 21:9	ἐπικείμενον	V-PNP-ASN	V-PNP-ASN	1945&5740	ἐπίκειμαι	ἐπικείμενον	
John 21:9	καὶ	CONJ	CONJ	2532	καί	καί	
John 21:9	ἄρτον.	N-ASM	N-ASM	740	ἄρτος	ἄρτον	
John 21:10	λέγει	V-PAI-3S	V-PAI-3S	3004&5719	λέγω	λέγει	
John 21:10	αὐτοῖς	P-DPM	P-DPM	846	αὐτός	αὐτοῖς	
John 21:10	ὁ	T-NSM	T-NSM	3588	ὁ	ὁ	
John 21:10	Ἰησοῦς	N-NSM	N-NSM	2424	Ἰησοῦς	Ἰησοῦς	
John 21:10	Ἐνέγκατε	V-AAM-2P	V-AAM-2P	5342&5657	φέρω	Ἐνέγκατε	
John 21:10	ἀπὸ	PREP	PREP	575	ἀπό	ἀπό	
John 21:10	τῶν	T-GPN	T-GPN	3588	ὁ	τῶν	
John 21:10	ὀψαρίων	N-GPN	N-GPN	3795	ὀψάριον	ὀψαρίων	
John 21:10	ὧν	R-GPN	R-GPN	3739	ὅς	ὧν	
John 21:10	ἐπιάσατε	V-AAI-2P	V-AAI-2P	4084&5656	πιάζω	ἐπιάσατε	
John 21:10	νῦν.	ADV	ADV	3568	νῦν	νῦν	
John 21:11	ἀνέβη	V-2AAI-3S	V-2AAI-3S	305&5627	ἀναβαίνω	ἀνέβη	
John 21:11	Σίμων	N-NSM	N-NSM	4613	Σίμων	Σίμων	
John 21:11	Πέτρος	N-NSM	N-NSM	4074	Πέτρος	Πέτρος	
John 21:11	καὶ	CONJ	CONJ	2532	καί	καί	
John 21:11	εἵλκυσεν	V-AAI-3S	V-AAI-3S	1670&5656	ἕλκω	εἵλκυσεν	
John 21:11	τὸ	T-ASN	T-ASN	3588	ὁ	τό	
John 21:11	δίκτυον	N-ASN	N-ASN	1350	δίκτυον	δίκτυον	
John 21:11	εἰς	PREP	PREP	1519	εἰς	εἰς	
John 21:11	τὴν	T-ASF	T-ASF	3588	ὁ	τήν	
John 21:11	γῆν	N-ASF	N-ASF	1093	γῆ	γῆν	
John 21:11	μεστὸν	A-ASN	A-ASN	3324	μεστός	μεστόν	
John 21:11	ἰχθύων	N-GPM	N-GPM	2486	ἰχθύς	ἰχθύων	
John 21:11	μεγάλων	A-GPM	A-GPM	3173	μέγας	μεγάλων	
John 21:11	ἑκατὸν	A-NUI	A-NUI	1540	ἑκατόν	ἑκατόν	
John 21:11	πεντήκοντα	A-NUI	A-NUI	4004	πεντήκοντα	πεντήκοντα	
John 21:11	τριῶν·	A-GPM	A-GPM	5140	τρεῖς	τριῶν	
John 21:11	καὶ	CONJ	CONJ	2532	καί	καί	
John 21:11	τοσούτων	D-GPM	D-GPM	5118	τοσοῦτος	τοσούτων	
John 21:11	ὄντων	V-PAP-GPM	V-PAP-GPM	1510&5723	εἰμί	ὄντων	
John 21:11	οὐκ	PRT-N	PRT-N	3756	οὐ	οὐκ	
John 21:11	ἐσχίσθη	V-API-3S	V-API-3S	4977&5681	σχίζω	ἐσχίσθη	
John 21:11	τὸ	T-NSN	T-NSN	3588	ὁ	τό	
John 21:11	δίκτυον.	N-NSN	N-NSN	1350	δίκτυον	δίκτυον	
John 21:12	λέγει	V-PAI-3S	V-PAI-3S	3004&5719	λέγω	λέγει	
John 21:12	αὐτοῖς	P-DPM	P-DPM	846	αὐτός	αὐτοῖς	
John 21:12	ὁ	T-NSM	T-NSM	3588	ὁ	ὁ	
John 21:12	Ἰησοῦς	N-NSM	N-NSM	2424	Ἰησοῦς	Ἰησοῦς	
John 21:12	Δεῦτε	V-PAM-2P	V-PAM-2P	1205&5720	δεῦτε	Δεῦτε	
John 21:12	ἀριστήσατε.	V-AAM-2P	V-AAM-2P	709&5657	ἀριστάω	ἀριστήσατε	
John 21:12	οὐδεὶς	A-NSM-N	A-NSM-N	3762	οὐδείς	οὐδείς	
John 21:12	ἐτόλμα	V-IAI-3S	V-IAI-3S	5111&5707	τολμάω	ἐτόλμα	
John 21:12	τῶν	T-GPM	T-GPM	3588	ὁ	τῶν	
John 21:12	μαθητῶν	N-GPM	N-GPM	3101	μαθητής	μαθητῶν	
John 21:12	ἐξετάσαι	V-AAN	V-AAN	1833&5658	ἐξετάζω	ἐξετάσαι	
John 21:12	αὐτόν	P-ASM	P-ASM	846	αὐτός	αὐτόν	
John 21:12	Σὺ	P-2NS	P-2NS	4771	σύ	Σύ	
John 21:12	τίς	I-NSM	I-NSM	5101	τίς	τίς	
John 21:12	εἶ;	V-PAI-2S	V-PAI-2S	1510&5719	εἰμί	εἶ	
John 21:12	εἰδότες	V-RAP-NPM	V-RAP-NPM	1492&5761	οἶδα	εἰδότες	
John 21:12	ὅτι	CONJ	CONJ	3754	ὅτι	ὅτι	
John 21:12	ὁ	T-NSM	T-NSM	3588	ὁ	ὁ	
John 21:12	Κύριός	N-NSM	N-NSM	2962	κύριος	Κύριος	
John 21:12	ἐστιν.	V-PAI-3S	V-PAI-3S	1510&5719	εἰμί	ἐστιν	
John 21:13	ἔρχεται	V-PNI-3S	V-PNI-3S	2064&5736	ἔρχομαι	ἔρχεται	
John 21:13	Ἰησοῦς	N-NSM	N-NSM	2424	Ἰησοῦς	Ἰησοῦς	
John 21:13	καὶ	CONJ	CONJ	2532	καί	καί	
John 21:13	λαμβάνει	V-PAI-3S	V-PAI-3S	2983&5719	λαμβάνω	λαμβάνει	
John 21:13	τὸν	T-ASM	T-ASM	3588	ὁ	τόν	
John 21:13	ἄρτον	N-ASM	N-ASM	740	ἄρτος	ἄρτον	
John 21:13	καὶ	CONJ	CONJ	2532	καί	καί	
John 21:13	δίδωσιν	V-PAI-3S	V-PAI-3S	1325&5719	δίδωμι	δίδωσιν	
John 21:13	αὐτοῖς,	P-DPM	P-DPM	846	αὐτός	αὐτοῖς	
John 21:13	καὶ	CONJ	CONJ	2532	καί	καί	
John 21:13	τὸ	T-ASN	T-ASN	3588	ὁ	τό	
John 21:13	ὀψάριον	N-ASN	N-ASN	3795	ὀψάριον	ὀψάριον	
John 21:13	ὁμοίως.	ADV	ADV	3668	ὁμοίως	ὁμοίως	
John 21:14	τοῦτο	D-ASN	D-ASN	3778	οὗτος	τοῦτο	
John 21:14	ἤδη	ADV	ADV	2235	ἤδη	ἤδη	
John 21:14	τρίτον	A-ASN	A-ASN	5154	τρίτος	τρίτον	
John 21:14	ἐφανερώθη	V-API-3S	V-API-3S	5319&5681	φανερόω	ἐφανερώθη	
John 21:14	Ἰησοῦς	N-NSM	N-NSM	2424	Ἰησοῦς	Ἰησοῦς	
John 21:14	τοῖς	T-DPM	T-DPM	3588	ὁ	τοῖς	
John 21:14	μαθηταῖς	N-DPM	N-DPM	3101	μαθητής	μαθηταῖς	
John 21:14	ἐγερθεὶς	V-APP-NSM	V-APP-NSM	1453&5685	ἐγείρω	ἐγερθείς	
John 21:14	ἐκ	PREP	PREP	1537	ἐκ	ἐκ	
John 21:14	νεκρῶν.	A-GPM	A-GPM	3498	νεκρός	νεκρῶν	
John 21:15	Ὅτε	ADV	ADV	3753	ὅτε	Ὅτε	
John 21:15	οὖν	CONJ	CONJ	3767	οὖν	οὖν	
John 21:15	ἠρίστησαν,	V-AAI-3P	V-AAI-3P	709&5656	ἀριστάω	ἠρίστησαν	
John 21:15	λέγει	V-PAI-3S	V-PAI-3S	3004&5719	λέγω	λέγει	
John 21:15	τῷ	T-DSM	T-DSM	3588	ὁ	τῷ	
John 21:15	Σίμωνι	N-DSM	N-DSM	4613	Σίμων	Σίμωνι	
John 21:15	Πέτρῳ	N-DSM	N-DSM	4074	Πέτρος	Πέτρῳ	
John 21:15	ὁ	T-NSM	T-NSM	3588	ὁ	ὁ	
John 21:15	Ἰησοῦς	N-NSM	N-NSM	2424	Ἰησοῦς	Ἰησοῦς	
John 21:15	Σίμων	N-VSM	N-VSM	4613	Σίμων	Σίμων	
John 21:15	Ἰωάνου,	N-GSM	N-GSM	2491	Ἰωάννης	Ἰωάνου	
John 21:15	ἀγαπᾷς	V-PAI-2S	V-PAI-2S	25&5719	ἀγαπάω	ἀγαπᾷς	
John 21:15	με	P-1AS	P-1AS	1473	ἐγώ	με	
John 21:15	πλέον	A-ASN-C	A-ASN-C	4183	πολύς	πλέον	
John 21:15	τούτων;	D-GPM	D-GPM	3778	οὗτος	τούτων	
John 21:15	λέγει	V-PAI-3S	V-PAI-3S	3004&5719	λέγω	λέγει	
John 21:15	αὐτῷ	P-DSM	P-DSM	846	αὐτός	αὐτῷ	
John 21:15	Ναί,	PRT	PRT	3483	ναί	Ναί	
John 21:15	Κύριε,	N-VSM	N-VSM	2962	κύριος	Κύριε	
John 21:15	σὺ	P-2NS	P-2NS	4771	σύ	σύ	
John 21:15	οἶδας	V-RAI-2S	V-RAI-2S	1492&5758	οἶδα	οἶδας	
John 21:15	ὅτι	CONJ	CONJ	3754	ὅτι	ὅτι	
John 21:15	φιλῶ	V-PAI-1S	V-PAI-1S	5368&5719	φιλέω	φιλῶ	
John 21:15	σε.	P-2AS	P-2AS	4771	σύ	σε	
John 21:15	λέγει	V-PAI-3S	V-PAI-3S	3004&5719	λέγω	λέγει	
John 21:15	αὐτῷ	P-DSM	P-DSM	846	αὐτός	αὐτῷ	
John 21:15	Βόσκε	V-PAM-2S	V-PAM-2S	1006&5720	βόσκω	Βόσκε	
John 21:15	τὰ	T-APN	T-APN	3588	ὁ	τά	
John 21:15	ἀρνία	N-APN	N-APN	721	ἀρνίον	ἀρνία	
John 21:15	μου.	P-1GS	P-1GS	1473	ἐγώ	μου	
John 21:16	λέγει	V-PAI-3S	V-PAI-3S	3004&5719	λέγω	λέγει	
John 21:16	αὐτῷ	P-DSM	P-DSM	846	αὐτός	αὐτῷ	
John 21:16	πάλιν	ADV	ADV	3825	πάλιν	πάλιν	
John 21:16	δεύτερον	ADV	ADV	1208	δεύτερος	δεύτερον	
John 21:16	Σίμων	N-VSM	N-VSM	4613	Σίμων	Σίμων	
John 21:16	Ἰωάνου,	N-GSM	N-GSM	2491	Ἰωάννης	Ἰωάνου	
John 21:16	ἀγαπᾷς	V-PAI-2S	V-PAI-2S	25&5719	ἀγαπάω	ἀγαπᾷς	
John 21:16	με;	P-1AS	P-1AS	1473	ἐγώ	με	
John 21:16	λέγει	V-PAI-3S	V-PAI-3S	3004&5719	λέγω	λέγει	
John 21:16	αὐτῷ	P-DSM	P-DSM	846	αὐτός	αὐτῷ	
John 21:16	Ναί,	PRT	PRT	3483	ναί	Ναί	
John 21:16	Κύριε,	N-VSM	N-VSM	2962	κύριος	Κύριε	
John 21:16	σὺ	P-2NS	P-2NS	4771	σύ	σύ	
John 21:16	οἶδας	V-RAI-2S	V-RAI-2S	1492&5758	οἶδα	οἶδας	
John 21:16	ὅτι	CONJ	CONJ	3754	ὅτι	ὅτι	
John 21:16	φιλῶ	V-PAI-1S	V-PAI-1S	5368&5719	φιλέω	φιλῶ	
John 21:16	σε.	P-2AS	P-2AS	4771	σύ	σε	
John 21:16	λέγει	V-PAI-3S	V-PAI-3S	3004&5719	λέγω	λέγει	
John 21:16	αὐτῷ	P-DSM	P-DSM	846	αὐτός	αὐτῷ	
John 21:16	Ποίμαινε	V-PAM-2S	V-PAM-2S	4165&5720	ποιμαίνω	Ποίμαινε	
John 21:16	τὰ	T-APN	T-APN	3588	ὁ	τά	
John 21:16	προβάτιά	N-APN	N-APN	04263	προβάτιον	προβάτια	
John 21:16	μου.	P-1GS	P-1GS	1473	ἐγώ	μου	
John 21:17	λέγει	V-PAI-3S	V-PAI-3S	3004&5719	λέγω	λέγει	
John 21:17	αὐτῷ	P-DSM	P-DSM	846	αὐτός	αὐτῷ	
John 21:17	τὸ	T-ASN	T-ASN	3588	ὁ	τό	
John 21:17	τρίτον	A-ASN	A-ASN	5154	τρίτος	τρίτον	
John 21:17	Σίμων	N-VSM	N-VSM	4613	Σίμων	Σίμων	
John 21:17	Ἰωάνου,	N-GSM	N-GSM	2491	Ἰωάννης	Ἰωάνου	
John 21:17	φιλεῖς	V-PAI-2S	V-PAI-2S	5368&5719	φιλέω	φιλεῖς	
John 21:17	με;	P-1AS	P-1AS	1473	ἐγώ	με	
John 21:17	ἐλυπήθη	V-API-3S	V-API-3S	3076&5681	λυπέω	ἐλυπήθη	
John 21:17	ὁ	T-NSM	T-NSM	3588	ὁ	ὁ	
John 21:17	Πέτρος	N-NSM	N-NSM	4074	Πέτρος	Πέτρος	
John 21:17	ὅτι	CONJ	CONJ	3754	ὅτι	ὅτι	
John 21:17	εἶπεν	V-2AAI-3S	V-2AAI-3S	3004&5627	λέγω	εἶπεν	
John 21:17	αὐτῷ	P-DSM	P-DSM	846	αὐτός	αὐτῷ	
John 21:17	τὸ	T-ASN	T-ASN	3588	ὁ	τό	
John 21:17	τρίτον	A-ASN	A-ASN	5154	τρίτος	τρίτον	
John 21:17	Φιλεῖς	V-PAI-2S	V-PAI-2S	5368&5719	φιλέω	Φιλεῖς	
John 21:17	με;	P-1AS	P-1AS	1473	ἐγώ	με	
John 21:17	καὶ	CONJ	CONJ	2532	καί	καί	
John 21:17	εἶπεν	V-2AAI-3S	V-2AAI-3S	3004&5627	λέγω	εἶπεν	
John 21:17	αὐτῷ	P-DSM	P-DSM	846	αὐτός	αὐτῷ	
John 21:17	Κύριε,	N-VSM	N-VSM	2962	κύριος	Κύριε	
John 21:17	πάντα	A-APN	A-APN	3956	πᾶς	πάντα	
John 21:17	σὺ	P-2NS	P-2NS	4771	σύ	σύ	
John 21:17	οἶδας,	V-RAI-2S	V-RAI-2S	1492&5758	οἶδα	οἶδας	
John 21:17	σὺ	P-2NS	P-2NS	4771	σύ	σύ	
John 21:17	γινώσκεις	V-PAI-2S	V-PAI-2S	1097&5719	γινώσκω	γινώσκεις	
John 21:17	ὅτι	CONJ	CONJ	3754	ὅτι	ὅτι	
John 21:17	φιλῶ	V-PAI-1S	V-PAI-1S	5368&5719	φιλέω	φιλῶ	
John 21:17	σε.	P-2AS	P-2AS	4771	σύ	σε	
John 21:17	λέγει	V-PAI-3S	V-PAI-3S	3004&5719	λέγω	λέγει	
John 21:17	αὐτῷ	P-DSM	P-DSM	846	αὐτός	αὐτῷ	
John 21:17	Ἰησοῦς	N-NSM	N-NSM	2424	Ἰησοῦς	Ἰησοῦς	
John 21:17	Βόσκε	V-PAM-2S	V-PAM-2S	1006&5720	βόσκω	Βόσκε	
John 21:17	τὰ	T-APN	T-APN	3588	ὁ	τά	
John 21:17	προβάτιά	N-APN	N-APN	04263	προβάτιον	προβάτια	
John 21:17	μου.	P-1GS	P-1GS	1473	ἐγώ	μου	
John 21:18	ἀμὴν	HEB	HEB	281	ἀμήν	ἀμήν	
John 21:18	ἀμὴν	HEB	HEB	281	ἀμήν	ἀμήν	
John 21:18	λέγω	V-PAI-1S	V-PAI-1S	3004&5719	λέγω	λέγω	
John 21:18	σοι,	P-2DS	P-2DS	4771	σύ	σοι	
John 21:18	ὅτε	ADV	ADV	3753	ὅτε	ὅτε	
John 21:18	ἦς	V-IAI-2S	V-IAI-2S	1510&5707	εἰμί	ἦς	
John 21:18	νεώτερος,	A-NSM-C	A-NSM-C	3501	νέος	νεώτερος	
John 21:18	ἐζώννυες	V-IAI-2S	V-IAI-2S	2224&5707	ζωννύω	ἐζώννυες	
John 21:18	σεαυτὸν	F-2ASM	F-2ASM	4572	σεαυτοῦ	σεαυτόν	
John 21:18	καὶ	CONJ	CONJ	2532	καί	καί	
John 21:18	περιεπάτεις	V-IAI-2S	V-IAI-2S	4043&5707	περιπατέω	περιεπάτεις	
John 21:18	ὅπου	ADV	ADV	3699	ὅπου	ὅπου	
John 21:18	ἤθελες·	V-IAI-2S	V-IAI-2S	2309&5707	θέλω	ἤθελες	
John 21:18	ὅταν	CONJ	CONJ	3752	ὅταν	ὅταν	
John 21:18	δὲ	CONJ	CONJ	1161	δέ	δέ	
John 21:18	γηράσῃς,	V-AAS-2S	V-AAS-2S	1095&5661	γηράσκω	γηράσῃς	
John 21:18	ἐκτενεῖς	V-FAI-2S	V-FAI-2S	1614&5692	ἐκτείνω	ἐκτενεῖς	
John 21:18	τὰς	T-APF	T-APF	3588	ὁ	τάς	
John 21:18	χεῖράς	N-APF	N-APF	5495	χείρ	χεῖρας	
John 21:18	σου,	P-2GS	P-2GS	4771	σύ	σου	
John 21:18	καὶ	CONJ	CONJ	2532	καί	καί	
John 21:18	ἄλλος	A-NSM	A-NSM	243	ἄλλος	ἄλλος	
John 21:18	ζώσει	V-FAI-3S	V-FAI-3S	2224&5692	ζωννύω	ζώσει	
John 21:18	σε	P-2AS	P-2AS	4771	σύ	σε	
John 21:18	καὶ	CONJ	CONJ	2532	καί	καί	
John 21:18	οἴσει	V-FAI-3S	V-FAI-3S	5342&5692	φέρω	οἴσει	
John 21:18	ὅπου	ADV	ADV	3699	ὅπου	ὅπου	
John 21:18	οὐ	PRT-N	PRT-N	3756	οὐ	οὐ	
John 21:18	θέλεις.	V-PAI-2S	V-PAI-2S	2309&5719	θέλω	θέλεις	
John 21:19	τοῦτο	D-ASN	D-ASN	3778	οὗτος	τοῦτο	
John 21:19	δὲ	CONJ	CONJ	1161	δέ	δέ	
John 21:19	εἶπεν	V-2AAI-3S	V-2AAI-3S	3004&5627	λέγω	εἶπεν	
John 21:19	σημαίνων	V-PAP-NSM	V-PAP-NSM	4591&5723	σημαίνω	σημαίνων	
John 21:19	ποίῳ	I-DSM	I-DSM	4169	ποῖος	ποίῳ	
John 21:19	θανάτῳ	N-DSM	N-DSM	2288	θάνατος	θανάτῳ	
John 21:19	δοξάσει	V-FAI-3S	V-FAI-3S	1392&5692	δοξάζω	δοξάσει	
John 21:19	τὸν	T-ASM	T-ASM	3588	ὁ	τόν	
John 21:19	Θεόν.	N-ASM	N-ASM	2316	θεός	Θεόν	
John 21:19	καὶ	CONJ	CONJ	2532	καί	καί	
John 21:19	τοῦτο	D-ASN	D-ASN	3778	οὗτος	τοῦτο	
John 21:19	εἰπὼν	V-2AAP-NSM	V-2AAP-NSM	3004&5631	λέγω	εἰπών	
John 21:19	λέγει	V-PAI-3S	V-PAI-3S	3004&5719	λέγω	λέγει	
John 21:19	αὐτῷ	P-DSM	P-DSM	846	αὐτός	αὐτῷ	
John 21:19	Ἀκολούθει	V-PAM-2S	V-PAM-2S	190&5720	ἀκολουθέω	Ἀκολούθει	
John 21:19	μοι.	P-1DS	P-1DS	1473	ἐγώ	μοι	
John 21:20	ἐπιστραφεὶς	V-2APP-NSM	V-2APP-NSM	1994&5651	ἐπιστρέφω	ἐπιστραφείς	
John 21:20	ὁ	T-NSM	T-NSM	3588	ὁ	ὁ	
John 21:20	Πέτρος	N-NSM	N-NSM	4074	Πέτρος	Πέτρος	
John 21:20	βλέπει	V-PAI-3S	V-PAI-3S	991&5719	βλέπω	βλέπει	
John 21:20	τὸν	T-ASM	T-ASM	3588	ὁ	τόν	
John 21:20	μαθητὴν	N-ASM	N-ASM	3101	μαθητής	μαθητήν	
John 21:20	ὃν	R-ASM	R-ASM	3739	ὅς	ὅν	
John 21:20	ἠγάπα	V-IAI-3S	V-IAI-3S	25&5707	ἀγαπάω	ἠγάπα	
John 21:20	ὁ	T-NSM	T-NSM	3588	ὁ	ὁ	
John 21:20	Ἰησοῦς	N-NSM	N-NSM	2424	Ἰησοῦς	Ἰησοῦς	
John 21:20	ἀκολουθοῦντα,	V-PAP-ASM	V-PAP-ASM	190&5723	ἀκολουθέω	ἀκολουθοῦντα	
John 21:20	ὃς	R-NSM	R-NSM	3739	ὅς	ὅς	
John 21:20	καὶ	CONJ	CONJ	2532	καί	καί	
John 21:20	ἀνέπεσεν	V-2AAI-3S	V-2AAI-3S	377&5627	ἀναπίπτω	ἀνέπεσεν	
John 21:20	ἐν	PREP	PREP	1722	ἐν	ἐν	
John 21:20	τῷ	T-DSN	T-DSN	3588	ὁ	τῷ	
John 21:20	δείπνῳ	N-DSN	N-DSN	1173	δεῖπνον	δείπνῳ	
John 21:20	ἐπὶ	PREP	PREP	1909	ἐπί	ἐπί	
John 21:20	τὸ	T-ASN	T-ASN	3588	ὁ	τό	
John 21:20	στῆθος	N-ASN	N-ASN	4738	στῆθος	στῆθος	
John 21:20	αὐτοῦ	P-GSM	P-GSM	846	αὐτός	αὐτοῦ	
John 21:20	καὶ	CONJ	CONJ	2532	καί	καί	
John 21:20	εἶπεν	V-2AAI-3S	V-2AAI-3S	3004&5627	λέγω	εἶπεν	
John 21:20	Κύριε,	N-VSM	N-VSM	2962	κύριος	Κύριε	
John 21:20	τίς	I-NSM	I-NSM	5101	τίς	τίς	
John 21:20	ἐστιν	V-PAI-3S	V-PAI-3S	1510&5719	εἰμί	ἐστιν	
John 21:20	ὁ	T-NSM	T-NSM	3588	ὁ	ὁ	
John 21:20	παραδιδούς	V-PAP-NSM	V-PAP-NSM	3860&5723	παραδίδωμι	παραδιδούς	
John 21:20	σε;	P-2AS	P-2AS	4771	σύ	σε	
John 21:21	τοῦτον	D-ASM	D-ASM	3778	οὗτος	τοῦτον	
John 21:21	οὖν	CONJ	CONJ	3767	οὖν	οὖν	
John 21:21	ἰδὼν	V-2AAP-NSM	V-2AAP-NSM	3708&5631	ὁράω	ἰδών	
John 21:21	ὁ	T-NSM	T-NSM	3588	ὁ	ὁ	
John 21:21	Πέτρος	N-NSM	N-NSM	4074	Πέτρος	Πέτρος	
John 21:21	λέγει	V-PAI-3S	V-PAI-3S	3004&5719	λέγω	λέγει	
John 21:21	τῷ	T-DSM	T-DSM	3588	ὁ	τῷ	
John 21:21	Ἰησοῦ	N-DSM	N-DSM	2424	Ἰησοῦς	Ἰησοῦ	
John 21:21	Κύριε,	N-VSM	N-VSM	2962	κύριος	Κύριε	
John 21:21	οὗτος	D-NSM	D-NSM	3778	οὗτος	οὗτος	
John 21:21	δὲ	CONJ	CONJ	1161	δέ	δέ	
John 21:21	τί;	I-NSN	I-NSN	5101	τίς	τί	
John 21:22	λέγει	V-PAI-3S	V-PAI-3S	3004&5719	λέγω	λέγει	
John 21:22	αὐτῷ	P-DSM	P-DSM	846	αὐτός	αὐτῷ	
John 21:22	ὁ	T-NSM	T-NSM	3588	ὁ	ὁ	
John 21:22	Ἰησοῦς	N-NSM	N-NSM	2424	Ἰησοῦς	Ἰησοῦς	
John 21:22	Ἐὰν	COND	COND	1437	ἐάν	Ἐάν	
John 21:22	αὐτὸν	P-ASM	P-ASM	846	αὐτός	αὐτόν	
John 21:22	θέλω	V-PAS-1S	V-PAS-1S	2309&5725	θέλω	θέλω	
John 21:22	μένειν	V-PAN	V-PAN	3306&5721	μένω	μένειν	
John 21:22	ἕως	ADV	ADV	2193	ἕως	ἕως	
John 21:22	ἔρχομαι,	V-PNI-1S	V-PNI-1S	2064&5736	ἔρχομαι	ἔρχομαι	
John 21:22	τί	I-NSN	I-NSN	5101	τίς	τί	
John 21:22	πρὸς	PREP	PREP	4314	πρός	πρός	
John 21:22	σέ;	P-2AS	P-2AS	4771	σύ	σέ	
John 21:22	σύ	P-2NS	P-2NS	4771	σύ	σύ	
John 21:22	μοι	P-1DS	P-1DS	1473	ἐγώ	μοι	
John 21:22	ἀκολούθει.	V-PAM-2S	V-PAM-2S	190&5720	ἀκολουθέω	ἀκολούθει	
John 21:23	ἐξῆλθεν	V-2AAI-3S	V-2AAI-3S	1831&5627	ἐξέρχομαι	ἐξῆλθεν	
John 21:23	οὖν	CONJ	CONJ	3767	οὖν	οὖν	
John 21:23	οὗτος	D-NSM	D-NSM	3778	οὗτος	οὗτος	
John 21:23	ὁ	T-NSM	T-NSM	3588	ὁ	ὁ	
John 21:23	λόγος	N-NSM	N-NSM	3056	λόγος	λόγος	
John 21:23	εἰς	PREP	PREP	1519	εἰς	εἰς	
John 21:23	τοὺς	T-APM	T-APM	3588	ὁ	τούς	
John 21:23	ἀδελφοὺς	N-APM	N-APM	80	ἀδελφός	ἀδελφούς	
John 21:23	ὅτι	CONJ	CONJ	3754	ὅτι	ὅτι	
John 21:23	ὁ	T-NSM	T-NSM	3588	ὁ	ὁ	
John 21:23	μαθητὴς	N-NSM	N-NSM	3101	μαθητής	μαθητής	
John 21:23	ἐκεῖνος	D-NSM	D-NSM	1565	ἐκεῖνος	ἐκεῖνος	
John 21:23	οὐκ	PRT-N	PRT-N	3756	οὐ	οὐκ	
John 21:23	ἀποθνήσκει·	V-PAI-3S	V-PAI-3S	599&5719	ἀποθνῄσκω	ἀποθνήσκει	
John 21:23	οὐκ	PRT-N	PRT-N	3756	οὐ	οὐκ	
John 21:23	εἶπεν	V-2AAI-3S	V-2AAI-3S	3004&5627	λέγω	εἶπεν	
John 21:23	δὲ	CONJ	CONJ	1161	δέ	δέ	
John 21:23	αὐτῷ	P-DSM	P-DSM	846	αὐτός	αὐτῷ	
John 21:23	ὁ	T-NSM	T-NSM	3588	ὁ	ὁ	
John 21:23	Ἰησοῦς	N-NSM	N-NSM	2424	Ἰησοῦς	Ἰησοῦς	
John 21:23	ὅτι	CONJ	CONJ	3754	ὅτι	ὅτι	
John 21:23	οὐκ	PRT-N	PRT-N	3756	οὐ	οὐκ	
John 21:23	ἀποθνήσκει,	V-PAI-3S	V-PAI-3S	599&5719	ἀποθνῄσκω	ἀποθνήσκει	
John 21:23	ἀλλ’	CONJ	CONJ	235	ἀλλά	ἀλλ’	
John 21:23	Ἐὰν	COND	COND	1437	ἐάν	Ἐάν	
John 21:23	αὐτὸν	P-ASM	P-ASM	846	αὐτός	αὐτόν	
John 21:23	θέλω	V-PAS-1S	V-PAS-1S	2309&5725	θέλω	θέλω	
John 21:23	μένειν	V-PAN	V-PAN	3306&5721	μένω	μένειν	
John 21:23	ἕως	ADV	ADV	2193	ἕως	ἕως	
John 21:23	ἔρχομαι,	V-PNI-1S	V-PNI-1S	2064&5736	ἔρχομαι	ἔρχομαι	
John 21:23	τί	I-NSN	I-NSN	5101	τίς	τί	
John 21:23	πρὸς	PREP	PREP	4314	πρός	πρός	
John 21:23	σέ;	P-2AS	P-2AS	4771	σύ	σέ	
John 21:24	Οὗτός	D-NSM	D-NSM	3778	οὗτος	Οὗτος	
John 21:24	ἐστιν	V-PAI-3S	V-PAI-3S	1510&5719	εἰμί	ἐστιν	
John 21:24	ὁ	T-NSM	T-NSM	3588	ὁ	ὁ	
John 21:24	μαθητὴς	N-NSM	N-NSM	3101	μαθητής	μαθητής	
John 21:24	ὁ	T-NSM	T-NSM	3588	ὁ	ὁ	
John 21:24	μαρτυρῶν	V-PAP-NSM	V-PAP-NSM	3140&5723	μαρτυρέω	μαρτυρῶν	
John 21:24	περὶ	PREP	PREP	4012	περί	περί	
John 21:24	τούτων	D-GPN	D-GPN	3778	οὗτος	τούτων	
John 21:24	καὶ	CONJ	CONJ	2532	καί	καί	
John 21:24	ὁ	T-NSM	T-NSM	3588	ὁ	ὁ	
John 21:24	γράψας	V-AAP-NSM	V-AAP-NSM	1125&5660	γράφω	γράψας	
John 21:24	ταῦτα,	D-APN	D-APN	3778	οὗτος	ταῦτα	
John 21:24	καὶ	CONJ	CONJ	2532	καί	καί	
John 21:24	οἴδαμεν	V-RAI-1P	V-RAI-1P	1492&5758	οἶδα	οἴδαμεν	
John 21:24	ὅτι	CONJ	CONJ	3754	ὅτι	ὅτι	
John 21:24	ἀληθὴς	A-NSF	A-NSF	227	ἀληθής	ἀληθής	
John 21:24	αὐτοῦ	P-GSM	P-GSM	846	αὐτός	αὐτοῦ	
John 21:24	ἡ	T-NSF	T-NSF	3588	ὁ	ἡ	
John 21:24	μαρτυρία	N-NSF	N-NSF	3141	μαρτυρία	μαρτυρία	
John 21:24	ἐστίν.	V-PAI-3S	V-PAI-3S	1510&5719	εἰμί	ἐστίν	
John 21:25	Ἔστιν	V-PAI-3S	V-PAI-3S	1510&5719	εἰμί	Ἔστιν	
John 21:25	δὲ	CONJ	CONJ	1161	δέ	δέ	
John 21:25	καὶ	CONJ	CONJ	2532	καί	καί	
John 21:25	ἄλλα	A-NPN	A-NPN	243	ἄλλος	ἄλλα	
John 21:25	πολλὰ	A-NPN	A-NPN	4183	πολύς	πολλά	
John 21:25	ἃ	R-APN	R-APN	3739	ὅς	ἅ	
John 21:25	ἐποίησεν	V-AAI-3S	V-AAI-3S	4160&5656	ποιέω	ἐποίησεν	
John 21:25	ὁ	T-NSM	T-NSM	3588	ὁ	ὁ	
John 21:25	Ἰησοῦς,	N-NSM	N-NSM	2424	Ἰησοῦς	Ἰησοῦς	
John 21:25	ἅτινα	R-NPN	R-NPN	3748	ὅστις	ἅτινα	
John 21:25	ἐὰν	COND	COND	1437	ἐάν	ἐάν	
John 21:25	γράφηται	V-PPS-3S	V-PES-3S	1125&5747	γράφω	γράφηται	
John 21:25	καθ’	PREP	PREP	2596	κατά	καθ’	
John 21:25	ἕν,	A-ASN	A-ASN	1520	εἷς	ἕν	
John 21:25	οὐδ’	CONJ-N	CONJ-N	3761	οὐδέ	οὐδ’	
John 21:25	αὐτὸν	P-ASM	P-ASM	846	αὐτός	αὐτόν	
John 21:25	οἶμαι	V-PNI-1S	V-PNI-1S	3633&5736	οἴομαι	οἶμαι	
John 21:25	τὸν	T-ASM	T-ASM	3588	ὁ	τόν	
John 21:25	κόσμον	N-ASM	N-ASM	2889	κόσμος	κόσμον	
John 21:25	χωρήσειν	V-FAN	V-FAN	5562&5693	χωρέω	χωρήσειν	
John 21:25	τὰ	T-APN	T-APN	3588	ὁ	τά	
John 21:25	γραφόμενα	V-PPP-APN	V-PEP-APN	1125&5746	γράφω	γραφόμενα	
John 21:25	βιβλία.	N-APN	N-APN	975	βιβλίον	βιβλία	
