BCV	text	func_morph	form_morph	strongs	lemma	normalized
Matt 1:1	Βίβλος	N-NSF	N-NSF	976	βίβλος	Βίβλος	
Matt 1:1	γενέσεως	N-GSF	N-GSF	1078	γένεσις	γενέσεως	
Matt 1:1	Ἰησοῦ	N-GSM	N-GSM	2424	Ἰησοῦς	Ἰησοῦ	
Matt 1:1	Χριστοῦ	N-GSM	N-GSM	5547	Χριστός	Χριστοῦ	
Matt 1:1	υἱοῦ	N-GSM	N-GSM	5207	υἱός	υἱοῦ	
Matt 1:1	Δαυεὶδ	N-PRI	N-PRI	1138	Δαυίδ	Δαυείδ	
Matt 1:1	υἱοῦ	N-GSM	N-GSM	5207	υἱός	υἱοῦ	
Matt 1:1	Ἀβραάμ.	N-PRI	N-PRI	11	Ἀβραάμ	Ἀβραάμ	
Matt 1:2	Ἀβραὰμ	N-PRI	N-PRI	11	Ἀβραάμ	Ἀβραάμ	
Matt 1:2	ἐγέννησεν	V-AAI-3S	V-AAI-3S	1080&5656	γεννάω	ἐγέννησεν	
Matt 1:2	τὸν	T-ASM	T-ASM	3588	ὁ	τόν	
Matt 1:2	Ἰσαάκ,	N-PRI	N-PRI	2464	Ἰσαάκ	Ἰσαάκ	
Matt 1:2	Ἰσαὰκ	N-PRI	N-PRI	2464	Ἰσαάκ	Ἰσαάκ	
Matt 1:2	δὲ	CONJ	CONJ	1161	δέ	δέ	
Matt 1:2	ἐγέννησεν	V-AAI-3S	V-AAI-3S	1080&5656	γεννάω	ἐγέννησεν	
Matt 1:2	τὸν	T-ASM	T-ASM	3588	ὁ	τόν	
Matt 1:2	Ἰακώβ,	N-PRI	N-PRI	2384	Ἰακώβ	Ἰακώβ	
Matt 1:2	Ἰακὼβ	N-PRI	N-PRI	2384	Ἰακώβ	Ἰακώβ	
Matt 1:2	δὲ	CONJ	CONJ	1161	δέ	δέ	
Matt 1:2	ἐγέννησεν	V-AAI-3S	V-AAI-3S	1080&5656	γεννάω	ἐγέννησεν	
Matt 1:2	τὸν	T-ASM	T-ASM	3588	ὁ	τόν	
Matt 1:2	Ἰούδαν	N-ASM	N-ASM	2455	Ἰούδας	Ἰούδαν	
Matt 1:2	καὶ	CONJ	CONJ	2532	καί	καί	
Matt 1:2	τοὺς	T-APM	T-APM	3588	ὁ	τούς	
Matt 1:2	ἀδελφοὺς	N-APM	N-APM	80	ἀδελφός	ἀδελφούς	
Matt 1:2	αὐτοῦ,	P-GSM	P-GSM	846	αὐτός	αὐτοῦ	
Matt 1:3	Ἰούδας	N-NSM	N-NSM	2455	Ἰούδας	Ἰούδας	
Matt 1:3	δὲ	CONJ	CONJ	1161	δέ	δέ	
Matt 1:3	ἐγέννησεν	V-AAI-3S	V-AAI-3S	1080&5656	γεννάω	ἐγέννησεν	
Matt 1:3	τὸν	T-ASM	T-ASM	3588	ὁ	τόν	
Matt 1:3	Φαρὲς	N-PRI	N-PRI	5329	Φάρες	Φαρές	
Matt 1:3	καὶ	CONJ	CONJ	2532	καί	καί	
Matt 1:3	τὸν	T-ASM	T-ASM	3588	ὁ	τόν	
Matt 1:3	Ζαρὰ	N-PRI	N-PRI	2196	Ζάρα	Ζαρά	
Matt 1:3	ἐκ	PREP	PREP	1537	ἐκ	ἐκ	
Matt 1:3	τῆς	T-GSF	T-GSF	3588	ὁ	τῆς	
Matt 1:3	Θάμαρ,	N-PRI	N-PRI	2283	Θαμάρ	Θάμαρ	
Matt 1:3	Φαρὲς	N-PRI	N-PRI	5329	Φάρες	Φαρές	
Matt 1:3	δὲ	CONJ	CONJ	1161	δέ	δέ	
Matt 1:3	ἐγέννησεν	V-AAI-3S	V-AAI-3S	1080&5656	γεννάω	ἐγέννησεν	
Matt 1:3	τὸν	T-ASM	T-ASM	3588	ὁ	τόν	
Matt 1:3	Ἐσρώμ,	N-PRI	N-PRI	2074	Ἑσρώμ	Ἐσρώμ	
Matt 1:3	Ἐσρὼμ	N-PRI	N-PRI	2074	Ἑσρώμ	Ἐσρώμ	
Matt 1:3	δὲ	CONJ	CONJ	1161	δέ	δέ	
Matt 1:3	ἐγέννησεν	V-AAI-3S	V-AAI-3S	1080&5656	γεννάω	ἐγέννησεν	
Matt 1:3	τὸν	T-ASM	T-ASM	3588	ὁ	τόν	
Matt 1:3	Ἀράμ,	N-PRI	N-PRI	689	Ἀράμ	Ἀράμ	
Matt 1:4	Ἀρὰμ	N-PRI	N-PRI	689	Ἀράμ	Ἀράμ	
Matt 1:4	δὲ	CONJ	CONJ	1161	δέ	δέ	
Matt 1:4	ἐγέννησεν	V-AAI-3S	V-AAI-3S	1080&5656	γεννάω	ἐγέννησεν	
Matt 1:4	τὸν	T-ASM	T-ASM	3588	ὁ	τόν	
Matt 1:4	Ἀμιναδάβ,	N-PRI	N-PRI	284	Ἀμιναδάβ	Ἀμιναδάβ	
Matt 1:4	Ἀμιναδὰβ	N-PRI	N-PRI	284	Ἀμιναδάβ	Ἀμιναδάβ	
Matt 1:4	δὲ	CONJ	CONJ	1161	δέ	δέ	
Matt 1:4	ἐγέννησεν	V-AAI-3S	V-AAI-3S	1080&5656	γεννάω	ἐγέννησεν	
Matt 1:4	τὸν	T-ASM	T-ASM	3588	ὁ	τόν	
Matt 1:4	Ναασσών,	N-PRI	N-PRI	3476	Ναασσών	Ναασσών	
Matt 1:4	Ναασσὼν	N-PRI	N-PRI	3476	Ναασσών	Ναασσών	
Matt 1:4	δὲ	CONJ	CONJ	1161	δέ	δέ	
Matt 1:4	ἐγέννησεν	V-AAI-3S	V-AAI-3S	1080&5656	γεννάω	ἐγέννησεν	
Matt 1:4	τὸν	T-ASM	T-ASM	3588	ὁ	τόν	
Matt 1:4	Σαλμών,	N-PRI	N-PRI	4533	Σαλμών	Σαλμών	
Matt 1:5	Σαλμὼν	N-PRI	N-PRI	4533	Σαλμών	Σαλμών	
Matt 1:5	δὲ	CONJ	CONJ	1161	δέ	δέ	
Matt 1:5	ἐγέννησεν	V-AAI-3S	V-AAI-3S	1080&5656	γεννάω	ἐγέννησεν	
Matt 1:5	τὸν	T-ASM	T-ASM	3588	ὁ	τόν	
Matt 1:5	Βόες	N-PRI	N-PRI	1003	Βόες	Βόες	
Matt 1:5	ἐκ	PREP	PREP	1537	ἐκ	ἐκ	
Matt 1:5	τῆς	T-GSF	T-GSF	3588	ὁ	τῆς	
Matt 1:5	Ῥαχάβ,	N-PRI	N-PRI	4477	Ῥαχάβ	Ῥαχάβ	
Matt 1:5	Βόες	N-PRI	N-PRI	1003	Βόες	Βόες	
Matt 1:5	δὲ	CONJ	CONJ	1161	δέ	δέ	
Matt 1:5	ἐγέννησεν	V-AAI-3S	V-AAI-3S	1080&5656	γεννάω	ἐγέννησεν	
Matt 1:5	τὸν	T-ASM	T-ASM	3588	ὁ	τόν	
Matt 1:5	Ἰωβὴδ	N-PRI	N-PRI	5601	Ἰωβήδ	Ἰωβήδ	
Matt 1:5	ἐκ	PREP	PREP	1537	ἐκ	ἐκ	
Matt 1:5	τῆς	T-GSF	T-GSF	3588	ὁ	τῆς	
Matt 1:5	Ῥούθ,	N-PRI	N-PRI	4503	Ῥούθ	Ῥούθ	
Matt 1:5	Ἰωβὴδ	N-PRI	N-PRI	5601	Ἰωβήδ	Ἰωβήδ	
Matt 1:5	δὲ	CONJ	CONJ	1161	δέ	δέ	
Matt 1:5	ἐγέννησεν	V-AAI-3S	V-AAI-3S	1080&5656	γεννάω	ἐγέννησεν	
Matt 1:5	τὸν	T-ASM	T-ASM	3588	ὁ	τόν	
Matt 1:5	Ἰεσσαί,	N-PRI	N-PRI	2421	Ἰεσσαί	Ἰεσσαί	
Matt 1:6	Ἰεσσαὶ	N-PRI	N-PRI	2421	Ἰεσσαί	Ἰεσσαί	
Matt 1:6	δὲ	CONJ	CONJ	1161	δέ	δέ	
Matt 1:6	ἐγέννησεν	V-AAI-3S	V-AAI-3S	1080&5656	γεννάω	ἐγέννησεν	
Matt 1:6	τὸν	T-ASM	T-ASM	3588	ὁ	τόν	
Matt 1:6	Δαυεὶδ	N-PRI	N-PRI	1138	Δαυίδ	Δαυείδ	
Matt 1:6	τὸν	T-ASM	T-ASM	3588	ὁ	τόν	
Matt 1:6	βασιλέα.	N-ASM	N-ASM	935	βασιλεύς	βασιλέα	
Matt 1:6	Δαυεὶδ	N-PRI	N-PRI	1138	Δαυίδ	Δαυείδ	
Matt 1:6	δὲ	CONJ	CONJ	1161	δέ	δέ	
Matt 1:6	ἐγέννησεν	V-AAI-3S	V-AAI-3S	1080&5656	γεννάω	ἐγέννησεν	
Matt 1:6	τὸν	T-ASM	T-ASM	3588	ὁ	τόν	
Matt 1:6	Σολομῶνα	N-ASM	N-ASM	4672	Σολομών	Σολομῶνα	
Matt 1:6	ἐκ	PREP	PREP	1537	ἐκ	ἐκ	
Matt 1:6	τῆς	T-GSF	T-GSF	3588	ὁ	τῆς	
Matt 1:6	τοῦ	T-GSM	T-GSM	3588	ὁ	τοῦ	
Matt 1:6	Οὐρίου,	N-GSM	N-GSM	3774	Οὐρίας	Οὐρίου	
Matt 1:7	Σολομὼν	N-NSM	N-NSM	4672	Σολομών	Σολομών	
Matt 1:7	δὲ	CONJ	CONJ	1161	δέ	δέ	
Matt 1:7	ἐγέννησεν	V-AAI-3S	V-AAI-3S	1080&5656	γεννάω	ἐγέννησεν	
Matt 1:7	τὸν	T-ASM	T-ASM	3588	ὁ	τόν	
Matt 1:7	Ῥοβοάμ,	N-PRI	N-PRI	4497	Ῥοβοάμ	Ῥοβοάμ	
Matt 1:7	Ῥοβοὰμ	N-PRI	N-PRI	4497	Ῥοβοάμ	Ῥοβοάμ	
Matt 1:7	δὲ	CONJ	CONJ	1161	δέ	δέ	
Matt 1:7	ἐγέννησεν	V-AAI-3S	V-AAI-3S	1080&5656	γεννάω	ἐγέννησεν	
Matt 1:7	τὸν	T-ASM	T-ASM	3588	ὁ	τόν	
Matt 1:7	Ἀβιά,	N-PRI	N-PRI	7	Ἀβιά	Ἀβιά	
Matt 1:7	Ἀβιὰ	N-PRI	N-PRI	7	Ἀβιά	Ἀβιά	
Matt 1:7	δὲ	CONJ	CONJ	1161	δέ	δέ	
Matt 1:7	ἐγέννησεν	V-AAI-3S	V-AAI-3S	1080&5656	γεννάω	ἐγέννησεν	
Matt 1:7	τὸν	T-ASM	T-ASM	3588	ὁ	τόν	
Matt 1:7	Ἀσάφ,	N-PRI	N-PRI	0760	Ἀσάφ	Ἀσάφ	
Matt 1:8	Ἀσὰφ	N-PRI	N-PRI	0760	Ἀσάφ	Ἀσάφ	
Matt 1:8	δὲ	CONJ	CONJ	1161	δέ	δέ	
Matt 1:8	ἐγέννησεν	V-AAI-3S	V-AAI-3S	1080&5656	γεννάω	ἐγέννησεν	
Matt 1:8	τὸν	T-ASM	T-ASM	3588	ὁ	τόν	
Matt 1:8	Ἰωσαφάτ,	N-PRI	N-PRI	2498	Ἰωσαφάτ	Ἰωσαφάτ	
Matt 1:8	Ἰωσαφὰτ	N-PRI	N-PRI	2498	Ἰωσαφάτ	Ἰωσαφάτ	
Matt 1:8	δὲ	CONJ	CONJ	1161	δέ	δέ	
Matt 1:8	ἐγέννησεν	V-AAI-3S	V-AAI-3S	1080&5656	γεννάω	ἐγέννησεν	
Matt 1:8	τὸν	T-ASM	T-ASM	3588	ὁ	τόν	
Matt 1:8	Ἰωράμ,	N-PRI	N-PRI	2496	Ἰωράμ	Ἰωράμ	
Matt 1:8	Ἰωρὰμ	N-PRI	N-PRI	2496	Ἰωράμ	Ἰωράμ	
Matt 1:8	δὲ	CONJ	CONJ	1161	δέ	δέ	
Matt 1:8	ἐγέννησεν	V-AAI-3S	V-AAI-3S	1080&5656	γεννάω	ἐγέννησεν	
Matt 1:8	τὸν	T-ASM	T-ASM	3588	ὁ	τόν	
Matt 1:8	Ὀζείαν,	N-ASM	N-ASM	3604	Ὀζίας	Ὀζείαν	
Matt 1:9	Ὀζείας	N-NSM	N-NSM	3604	Ὀζίας	Ὀζείας	
Matt 1:9	δὲ	CONJ	CONJ	1161	δέ	δέ	
Matt 1:9	ἐγέννησεν	V-AAI-3S	V-AAI-3S	1080&5656	γεννάω	ἐγέννησεν	
Matt 1:9	τὸν	T-ASM	T-ASM	3588	ὁ	τόν	
Matt 1:9	Ἰωαθάμ,	N-PRI	N-PRI	2488	Ἰωαθάμ	Ἰωαθάμ	
Matt 1:9	Ἰωαθὰμ	N-PRI	N-PRI	2488	Ἰωαθάμ	Ἰωαθάμ	
Matt 1:9	δὲ	CONJ	CONJ	1161	δέ	δέ	
Matt 1:9	ἐγέννησεν	V-AAI-3S	V-AAI-3S	1080&5656	γεννάω	ἐγέννησεν	
Matt 1:9	τὸν	T-ASM	T-ASM	3588	ὁ	τόν	
Matt 1:9	Ἄχαζ,	N-PRI	N-PRI	881	Ἀχάζ	Ἄχαζ	
Matt 1:9	Ἄχαζ	N-PRI	N-PRI	881	Ἀχάζ	Ἄχαζ	
Matt 1:9	δὲ	CONJ	CONJ	1161	δέ	δέ	
Matt 1:9	ἐγέννησεν	V-AAI-3S	V-AAI-3S	1080&5656	γεννάω	ἐγέννησεν	
Matt 1:9	τὸν	T-ASM	T-ASM	3588	ὁ	τόν	
Matt 1:9	Ἐζεκίαν,	N-ASM	N-ASM	1478	Ἑζεκίας	Ἐζεκίαν	
Matt 1:10	Ἐζεκίας	N-NSM	N-NSM	1478	Ἑζεκίας	Ἐζεκίας	
Matt 1:10	δὲ	CONJ	CONJ	1161	δέ	δέ	
Matt 1:10	ἐγέννησεν	V-AAI-3S	V-AAI-3S	1080&5656	γεννάω	ἐγέννησεν	
Matt 1:10	τὸν	T-ASM	T-ASM	3588	ὁ	τόν	
Matt 1:10	Μανασσῆ,	N-ASM	N-ASM	3128	Μανασσῆ	Μανασσῆ	
Matt 1:10	Μανασσῆς	N-NSM	N-NSM	3128	Μανασσῆ	Μανασσῆς	
Matt 1:10	δὲ	CONJ	CONJ	1161	δέ	δέ	
Matt 1:10	ἐγέννησεν	V-AAI-3S	V-AAI-3S	1080&5656	γεννάω	ἐγέννησεν	
Matt 1:10	τὸν	T-ASM	T-ASM	3588	ὁ	τόν	
Matt 1:10	Ἀμώς,	N-PRI	N-PRI	301	Ἀμώς	Ἀμώς	
Matt 1:10	Ἀμὼς	N-PRI	N-PRI	301	Ἀμώς	Ἀμώς	
Matt 1:10	δὲ	CONJ	CONJ	1161	δέ	δέ	
Matt 1:10	ἐγέννησεν	V-AAI-3S	V-AAI-3S	1080&5656	γεννάω	ἐγέννησεν	
Matt 1:10	τὸν	T-ASM	T-ASM	3588	ὁ	τόν	
Matt 1:10	Ἰωσείαν,	N-ASM	N-ASM	2502	Ἰωσίας	Ἰωσείαν	
Matt 1:11	Ἰωσείας	N-NSM	N-NSM	2502	Ἰωσίας	Ἰωσείας	
Matt 1:11	δὲ	CONJ	CONJ	1161	δέ	δέ	
Matt 1:11	ἐγέννησεν	V-AAI-3S	V-AAI-3S	1080&5656	γεννάω	ἐγέννησεν	
Matt 1:11	τὸν	T-ASM	T-ASM	3588	ὁ	τόν	
Matt 1:11	Ἰεχονίαν	N-ASM	N-ASM	2423	Ἰεχονίας	Ἰεχονίαν	
Matt 1:11	καὶ	CONJ	CONJ	2532	καί	καί	
Matt 1:11	τοὺς	T-APM	T-APM	3588	ὁ	τούς	
Matt 1:11	ἀδελφοὺς	N-APM	N-APM	80	ἀδελφός	ἀδελφούς	
Matt 1:11	αὐτοῦ	P-GSM	P-GSM	846	αὐτός	αὐτοῦ	
Matt 1:11	ἐπὶ	PREP	PREP	1909	ἐπί	ἐπί	
Matt 1:11	τῆς	T-GSF	T-GSF	3588	ὁ	τῆς	
Matt 1:11	μετοικεσίας	N-GSF	N-GSF	3350	μετοικεσία	μετοικεσίας	
Matt 1:11	Βαβυλῶνος.	N-GSF	N-GSF	897	Βαβυλών	Βαβυλῶνος	
Matt 1:12	Μετὰ	PREP	PREP	3326	μετά	Μετά	
Matt 1:12	δὲ	CONJ	CONJ	1161	δέ	δέ	
Matt 1:12	τὴν	T-ASF	T-ASF	3588	ὁ	τήν	
Matt 1:12	μετοικεσίαν	N-ASF	N-ASF	3350	μετοικεσία	μετοικεσίαν	
Matt 1:12	Βαβυλῶνος	N-GSF	N-GSF	897	Βαβυλών	Βαβυλῶνος	
Matt 1:12	Ἰεχονίας	N-NSM	N-NSM	2423	Ἰεχονίας	Ἰεχονίας	
Matt 1:12	ἐγέννησεν	V-AAI-3S	V-AAI-3S	1080&5656	γεννάω	ἐγέννησεν	
Matt 1:12	τὸν	T-ASM	T-ASM	3588	ὁ	τόν	
Matt 1:12	Σαλαθιήλ,	N-PRI	N-PRI	4528	Σαλαθιήλ	Σαλαθιήλ	
Matt 1:12	Σαλαθιὴλ	N-PRI	N-PRI	4528	Σαλαθιήλ	Σαλαθιήλ	
Matt 1:12	δὲ	CONJ	CONJ	1161	δέ	δέ	
Matt 1:12	ἐγέννησεν	V-AAI-3S	V-AAI-3S	1080&5656	γεννάω	ἐγέννησεν	
Matt 1:12	τὸν	T-ASM	T-ASM	3588	ὁ	τόν	
Matt 1:12	Ζοροβαβέλ,	N-PRI	N-PRI	2216	Ζοροβαβέλ	Ζοροβαβέλ	
Matt 1:13	Ζοροβαβὲλ	N-PRI	N-PRI	2216	Ζοροβαβέλ	Ζοροβαβέλ	
Matt 1:13	δὲ	CONJ	CONJ	1161	δέ	δέ	
Matt 1:13	ἐγέννησεν	V-AAI-3S	V-AAI-3S	1080&5656	γεννάω	ἐγέννησεν	
Matt 1:13	τὸν	T-ASM	T-ASM	3588	ὁ	τόν	
Matt 1:13	Ἀβιούδ,	N-PRI	N-PRI	10	Ἀβιούδ	Ἀβιούδ	
Matt 1:13	Ἀβιοὺδ	N-PRI	N-PRI	10	Ἀβιούδ	Ἀβιούδ	
Matt 1:13	δὲ	CONJ	CONJ	1161	δέ	δέ	
Matt 1:13	ἐγέννησεν	V-AAI-3S	V-AAI-3S	1080&5656	γεννάω	ἐγέννησεν	
Matt 1:13	τὸν	T-ASM	T-ASM	3588	ὁ	τόν	
Matt 1:13	Ἐλιακείμ,	N-PRI	N-PRI	1662	Ἐλιακίμ	Ἐλιακείμ	
Matt 1:13	Ἐλιακεὶμ	N-PRI	N-PRI	1662	Ἐλιακίμ	Ἐλιακείμ	
Matt 1:13	δὲ	CONJ	CONJ	1161	δέ	δέ	
Matt 1:13	ἐγέννησεν	V-AAI-3S	V-AAI-3S	1080&5656	γεννάω	ἐγέννησεν	
Matt 1:13	τὸν	T-ASM	T-ASM	3588	ὁ	τόν	
Matt 1:13	Ἀζώρ,	N-PRI	N-PRI	107	Ἀζώρ	Ἀζώρ	
Matt 1:14	Ἀζὼρ	N-PRI	N-PRI	107	Ἀζώρ	Ἀζώρ	
Matt 1:14	δὲ	CONJ	CONJ	1161	δέ	δέ	
Matt 1:14	ἐγέννησεν	V-AAI-3S	V-AAI-3S	1080&5656	γεννάω	ἐγέννησεν	
Matt 1:14	τὸν	T-ASM	T-ASM	3588	ὁ	τόν	
Matt 1:14	Σαδώκ,	N-PRI	N-PRI	4524	Σαδώκ	Σαδώκ	
Matt 1:14	Σαδὼκ	N-PRI	N-PRI	4524	Σαδώκ	Σαδώκ	
Matt 1:14	δὲ	CONJ	CONJ	1161	δέ	δέ	
Matt 1:14	ἐγέννησεν	V-AAI-3S	V-AAI-3S	1080&5656	γεννάω	ἐγέννησεν	
Matt 1:14	τὸν	T-ASM	T-ASM	3588	ὁ	τόν	
Matt 1:14	Ἀχείμ,	N-PRI	N-PRI	885	Ἀχίμ	Ἀχείμ	
Matt 1:14	Ἀχεὶμ	N-PRI	N-PRI	885	Ἀχίμ	Ἀχείμ	
Matt 1:14	δὲ	CONJ	CONJ	1161	δέ	δέ	
Matt 1:14	ἐγέννησεν	V-AAI-3S	V-AAI-3S	1080&5656	γεννάω	ἐγέννησεν	
Matt 1:14	τὸν	T-ASM	T-ASM	3588	ὁ	τόν	
Matt 1:14	Ἐλιούδ,	N-PRI	N-PRI	1664	Ἐλιούδ	Ἐλιούδ	
Matt 1:15	Ἐλιοὺδ	N-PRI	N-PRI	1664	Ἐλιούδ	Ἐλιούδ	
Matt 1:15	δὲ	CONJ	CONJ	1161	δέ	δέ	
Matt 1:15	ἐγέννησεν	V-AAI-3S	V-AAI-3S	1080&5656	γεννάω	ἐγέννησεν	
Matt 1:15	τὸν	T-ASM	T-ASM	3588	ὁ	τόν	
Matt 1:15	Ἐλεάζαρ,	N-PRI	N-PRI	1648	Ἐλεάζαρ	Ἐλεάζαρ	
Matt 1:15	Ἐλεάζαρ	N-PRI	N-PRI	1648	Ἐλεάζαρ	Ἐλεάζαρ	
Matt 1:15	δὲ	CONJ	CONJ	1161	δέ	δέ	
Matt 1:15	ἐγέννησεν	V-AAI-3S	V-AAI-3S	1080&5656	γεννάω	ἐγέννησεν	
Matt 1:15	τὸν	T-ASM	T-ASM	3588	ὁ	τόν	
Matt 1:15	Μαθθάν,	N-PRI	N-PRI	3157	Ματθάν	Μαθθάν	
Matt 1:15	Μαθθὰν	N-PRI	N-PRI	3157	Ματθάν	Μαθθάν	
Matt 1:15	δὲ	CONJ	CONJ	1161	δέ	δέ	
Matt 1:15	ἐγέννησεν	V-AAI-3S	V-AAI-3S	1080&5656	γεννάω	ἐγέννησεν	
Matt 1:15	τὸν	T-ASM	T-ASM	3588	ὁ	τόν	
Matt 1:15	Ἰακώβ,	N-PRI	N-PRI	2384	Ἰακώβ	Ἰακώβ	
Matt 1:16	Ἰακὼβ	N-PRI	N-PRI	2384	Ἰακώβ	Ἰακώβ	
Matt 1:16	δὲ	CONJ	CONJ	1161	δέ	δέ	
Matt 1:16	ἐγέννησεν	V-AAI-3S	V-AAI-3S	1080&5656	γεννάω	ἐγέννησεν	
Matt 1:16	τὸν	T-ASM	T-ASM	3588	ὁ	τόν	
Matt 1:16	Ἰωσὴφ	N-PRI	N-PRI	2501	Ἰωσήφ	Ἰωσήφ	
Matt 1:16	τὸν	T-ASM	T-ASM	3588	ὁ	τόν	
Matt 1:16	ἄνδρα	N-ASM	N-ASM	435	ἀνήρ	ἄνδρα	
Matt 1:16	Μαρίας,	N-GSF	N-GSF	3137	Μαρία	Μαρίας	
Matt 1:16	ἐξ	PREP	PREP	1537	ἐκ	ἐξ	
Matt 1:16	ἧς	R-GSF	R-GSF	3739	ὅς	ἧς	
Matt 1:16	ἐγεννήθη	V-API-3S	V-API-3S	1080&5681	γεννάω	ἐγεννήθη	
Matt 1:16	Ἰησοῦς	N-NSM	N-NSM	2424	Ἰησοῦς	Ἰησοῦς	
Matt 1:16	ὁ	T-NSM	T-NSM	3588	ὁ	ὁ	
Matt 1:16	λεγόμενος	V-PPP-NSM	V-PEP-NSM	3004&5746	λέγω	λεγόμενος	
Matt 1:16	Χριστός.	N-NSM	N-NSM	5547	Χριστός	Χριστός	
Matt 1:17	Πᾶσαι	A-NPF	A-NPF	3956	πᾶς	Πᾶσαι	
Matt 1:17	οὖν	CONJ	CONJ	3767	οὖν	οὖν	
Matt 1:17	αἱ	T-NPF	T-NPF	3588	ὁ	αἱ	
Matt 1:17	γενεαὶ	N-NPF	N-NPF	1074	γενεά	γενεαί	
Matt 1:17	ἀπὸ	PREP	PREP	575	ἀπό	ἀπό	
Matt 1:17	Ἀβραὰμ	N-PRI	N-PRI	11	Ἀβραάμ	Ἀβραάμ	
Matt 1:17	ἕως	ADV	ADV	2193	ἕως	ἕως	
Matt 1:17	Δαυεὶδ	N-PRI	N-PRI	1138	Δαυίδ	Δαυείδ	
Matt 1:17	γενεαὶ	N-NPF	N-NPF	1074	γενεά	γενεαί	
Matt 1:17	δεκατέσσαρες,	A-NPF	A-NPF	1180	δεκατέσσαρες	δεκατέσσαρες	
Matt 1:17	καὶ	CONJ	CONJ	2532	καί	καί	
Matt 1:17	ἀπὸ	PREP	PREP	575	ἀπό	ἀπό	
Matt 1:17	Δαυεὶδ	N-PRI	N-PRI	1138	Δαυίδ	Δαυείδ	
Matt 1:17	ἕως	ADV	ADV	2193	ἕως	ἕως	
Matt 1:17	τῆς	T-GSF	T-GSF	3588	ὁ	τῆς	
Matt 1:17	μετοικεσίας	N-GSF	N-GSF	3350	μετοικεσία	μετοικεσίας	
Matt 1:17	Βαβυλῶνος	N-GSF	N-GSF	897	Βαβυλών	Βαβυλῶνος	
Matt 1:17	γενεαὶ	N-NPF	N-NPF	1074	γενεά	γενεαί	
Matt 1:17	δεκατέσσαρες,	A-NPF	A-NPF	1180	δεκατέσσαρες	δεκατέσσαρες	
Matt 1:17	καὶ	CONJ	CONJ	2532	καί	καί	
Matt 1:17	ἀπὸ	PREP	PREP	575	ἀπό	ἀπό	
Matt 1:17	τῆς	T-GSF	T-GSF	3588	ὁ	τῆς	
Matt 1:17	μετοικεσίας	N-GSF	N-GSF	3350	μετοικεσία	μετοικεσίας	
Matt 1:17	Βαβυλῶνος	N-GSF	N-GSF	897	Βαβυλών	Βαβυλῶνος	
Matt 1:17	ἕως	ADV	ADV	2193	ἕως	ἕως	
Matt 1:17	τοῦ	T-GSM	T-GSM	3588	ὁ	τοῦ	
Matt 1:17	Χριστοῦ	N-GSM	N-GSM	5547	Χριστός	Χριστοῦ	
Matt 1:17	γενεαὶ	N-NPF	N-NPF	1074	γενεά	γενεαί	
Matt 1:17	δεκατέσσαρες.	A-NPF	A-NPF	1180	δεκατέσσαρες	δεκατέσσαρες	
Matt 1:18	Τοῦ	T-GSM	T-GSM	3588	ὁ	Τοῦ	
Matt 1:18	δὲ	CONJ	CONJ	1161	δέ	δέ	
Matt 1:18	Ἰησοῦ	N-GSM	N-GSM	2424	Ἰησοῦς	Ἰησοῦ	
Matt 1:18	Χριστοῦ	N-GSM	N-GSM	5547	Χριστός	Χριστοῦ	
Matt 1:18	ἡ	T-NSF	T-NSF	3588	ὁ	ἡ	
Matt 1:18	γένεσις	N-NSF	N-NSF	1078	γένεσις	γένεσις	
Matt 1:18	οὕτως	ADV	ADV	3779	οὕτω	οὕτως	
Matt 1:18	ἦν.	V-IAI-3S	V-IAI-3S	1510&5707	εἰμί	ἦν	
Matt 1:18	μνηστευθείσης	V-APP-GSF	V-APP-GSF	3423&5685	μνηστεύω	μνηστευθείσης	
Matt 1:18	τῆς	T-GSF	T-GSF	3588	ὁ	τῆς	
Matt 1:18	μητρὸς	N-GSF	N-GSF	3384	μήτηρ	μητρός	
Matt 1:18	αὐτοῦ	P-GSM	P-GSM	846	αὐτός	αὐτοῦ	
Matt 1:18	Μαρίας	N-GSF	N-GSF	3137	Μαρία	Μαρίας	
Matt 1:18	τῷ	T-DSM	T-DSM	3588	ὁ	τῷ	
Matt 1:18	Ἰωσήφ,	N-PRI	N-PRI	2501	Ἰωσήφ	Ἰωσήφ	
Matt 1:18	πρὶν	ADV	ADV	4250	πρίν	πρίν	
Matt 1:18	ἢ	PRT	PRT	2228	ἤ	ἤ	
Matt 1:18	συνελθεῖν	V-2AAN	V-2AAN	4905&5629	συνέρχομαι	συνελθεῖν	
Matt 1:18	αὐτοὺς	P-APM	P-APM	846	αὐτός	αὐτούς	
Matt 1:18	εὑρέθη	V-API-3S	V-API-3S	2147&5681	εὑρίσκω	εὑρέθη	
Matt 1:18	ἐν	PREP	PREP	1722	ἐν	ἐν	
Matt 1:18	γαστρὶ	N-DSF	N-DSF	1064	γαστήρ	γαστρί	
Matt 1:18	ἔχουσα	V-PAP-NSF	V-PAP-NSF	2192&5723	ἔχω	ἔχουσα	
Matt 1:18	ἐκ	PREP	PREP	1537	ἐκ	ἐκ	
Matt 1:18	Πνεύματος	N-GSN	N-GSN	4151	πνεῦμα	Πνεύματος	
Matt 1:18	Ἁγίου.	A-GSN	A-GSN	40	ἅγιος	Ἁγίου	
Matt 1:19	Ἰωσὴφ	N-PRI	N-PRI	2501	Ἰωσήφ	Ἰωσήφ	
Matt 1:19	δὲ	CONJ	CONJ	1161	δέ	δέ	
Matt 1:19	ὁ	T-NSM	T-NSM	3588	ὁ	ὁ	
Matt 1:19	ἀνὴρ	N-NSM	N-NSM	435	ἀνήρ	ἀνήρ	
Matt 1:19	αὐτῆς,	P-GSF	P-GSF	846	αὐτός	αὐτῆς	
Matt 1:19	δίκαιος	A-NSM	A-NSM	1342	δίκαιος	δίκαιος	
Matt 1:19	ὢν	V-PAP-NSM	V-PAP-NSM	1510&5723	εἰμί	ὤν	
Matt 1:19	καὶ	CONJ	CONJ	2532	καί	καί	
Matt 1:19	μὴ	PRT-N	PRT-N	3361	μή	μή	
Matt 1:19	θέλων	V-PAP-NSM	V-PAP-NSM	2309&5723	θέλω	θέλων	
Matt 1:19	αὐτὴν	P-ASF	P-ASF	846	αὐτός	αὐτήν	
Matt 1:19	δειγματίσαι,	V-AAN	V-AAN	1165&5658	δειγματίζω	δειγματίσαι	
Matt 1:19	ἐβουλήθη	V-AOI-3S	V-AOI-3S	1014&5675	βούλομαι	ἐβουλήθη	
Matt 1:19	λάθρᾳ	ADV	ADV	2977	λάθρᾳ	λάθρᾳ	
Matt 1:19	ἀπολῦσαι	V-AAN	V-AAN	630&5658	ἀπολύω	ἀπολῦσαι	
Matt 1:19	αὐτήν.	P-ASF	P-ASF	846	αὐτός	αὐτήν	
Matt 1:20	ταῦτα	D-APN	D-APN	3778	οὗτος	ταῦτα	
Matt 1:20	δὲ	CONJ	CONJ	1161	δέ	δέ	
Matt 1:20	αὐτοῦ	P-GSM	P-GSM	846	αὐτός	αὐτοῦ	
Matt 1:20	ἐνθυμηθέντος	V-AOP-GSM	V-AOP-GSM	1760&5679	ἐνθυμέομαι	ἐνθυμηθέντος	
Matt 1:20	ἰδοὺ	V-2AMM-2S	V-2AMM-2S	3708&5640	ὁράω	ἰδού	
Matt 1:20	ἄγγελος	N-NSM	N-NSM	32	ἄγγελος	ἄγγελος	
Matt 1:20	Κυρίου	N-GSM	N-GSM	2962	κύριος	Κυρίου	
Matt 1:20	κατ’	PREP	PREP	2596	κατά	κατ’	
Matt 1:20	ὄναρ	N-OI	N-OI	3677	ὄναρ	ὄναρ	
Matt 1:20	ἐφάνη	V-2API-3S	V-2API-3S	5316&5648	φαίνω	ἐφάνη	
Matt 1:20	αὐτῷ	P-DSM	P-DSM	846	αὐτός	αὐτῷ	
Matt 1:20	λέγων	V-PAP-NSM	V-PAP-NSM	3004&5723	λέγω	λέγων	
Matt 1:20	Ἰωσὴφ	N-PRI	N-PRI	2501	Ἰωσήφ	Ἰωσήφ	
Matt 1:20	υἱὸς	N-NSM	N-NSM	5207	υἱός	υἱός	
Matt 1:20	Δαυείδ,	N-PRI	N-PRI	1138	Δαυίδ	Δαυείδ	
Matt 1:20	μὴ	PRT-N	PRT-N	3361	μή	μή	
Matt 1:20	φοβηθῇς	V-AOS-2S	V-AOS-2S	5399&5680	φοβέω	φοβηθῇς	
Matt 1:20	παραλαβεῖν	V-2AAN	V-2AAN	3880&5629	παραλαμβάνω	παραλαβεῖν	
Matt 1:20	Μαρίαν	N-ASF	N-ASF	3137	Μαρία	Μαρίαν	
Matt 1:20	τὴν	T-ASF	T-ASF	3588	ὁ	τήν	
Matt 1:20	γυναῖκά	N-ASF	N-ASF	1135	γυνή	γυναῖκα	
Matt 1:20	σου,	P-2GS	P-2GS	4771	σύ	σου	
Matt 1:20	τὸ	T-NSN	T-NSN	3588	ὁ	τό	
Matt 1:20	γὰρ	CONJ	CONJ	1063	γάρ	γάρ	
Matt 1:20	ἐν	PREP	PREP	1722	ἐν	ἐν	
Matt 1:20	αὐτῇ	P-DSF	P-DSF	846	αὐτός	αὐτῇ	
Matt 1:20	γεννηθὲν	V-APP-NSN	V-APP-NSN	1080&5685	γεννάω	γεννηθέν	
Matt 1:20	ἐκ	PREP	PREP	1537	ἐκ	ἐκ	
Matt 1:20	Πνεύματός	N-GSN	N-GSN	4151	πνεῦμα	Πνεύματος	
Matt 1:20	ἐστιν	V-PAI-3S	V-PAI-3S	1510&5719	εἰμί	ἐστιν	
Matt 1:20	Ἁγίου·	A-GSN	A-GSN	40	ἅγιος	Ἁγίου	
Matt 1:21	τέξεται	V-FDI-3S	V-FDI-3S	5088&5695	τίκτω	τέξεται	
Matt 1:21	δὲ	CONJ	CONJ	1161	δέ	δέ	
Matt 1:21	υἱὸν	N-ASM	N-ASM	5207	υἱός	υἱόν	
Matt 1:21	καὶ	CONJ	CONJ	2532	καί	καί	
Matt 1:21	καλέσεις	V-FAI-2S	V-FAI-2S	2564&5692	καλέω	καλέσεις	
Matt 1:21	τὸ	T-ASN	T-ASN	3588	ὁ	τό	
Matt 1:21	ὄνομα	N-ASN	N-ASN	3686	ὄνομα	ὄνομα	
Matt 1:21	αὐτοῦ	P-GSM	P-GSM	846	αὐτός	αὐτοῦ	
Matt 1:21	Ἰησοῦν·	N-ASM	N-ASM	2424	Ἰησοῦς	Ἰησοῦν	
Matt 1:21	αὐτὸς	P-NSM	P-NSM	846	αὐτός	αὐτός	
Matt 1:21	γὰρ	CONJ	CONJ	1063	γάρ	γάρ	
Matt 1:21	σώσει	V-FAI-3S	V-FAI-3S	4982&5692	σῴζω	σώσει	
Matt 1:21	τὸν	T-ASM	T-ASM	3588	ὁ	τόν	
Matt 1:21	λαὸν	N-ASM	N-ASM	2992	λαός	λαόν	
Matt 1:21	αὐτοῦ	P-GSM	P-GSM	846	αὐτός	αὐτοῦ	
Matt 1:21	ἀπὸ	PREP	PREP	575	ἀπό	ἀπό	
Matt 1:21	τῶν	T-GPF	T-GPF	3588	ὁ	τῶν	
Matt 1:21	ἁμαρτιῶν	N-GPF	N-GPF	266	ἁμαρτία	ἁμαρτιῶν	
Matt 1:21	αὐτῶν.	P-GPM	P-GPM	846	αὐτός	αὐτῶν	
Matt 1:22	Τοῦτο	D-NSN	D-NSN	3778	οὗτος	Τοῦτο	
Matt 1:22	δὲ	CONJ	CONJ	1161	δέ	δέ	
Matt 1:22	ὅλον	A-NSN	A-NSN	3650	ὅλος	ὅλον	
Matt 1:22	γέγονεν	V-2RAI-3S	V-2RAI-3S	1096&5754	γίνομαι	γέγονεν	
Matt 1:22	ἵνα	CONJ	CONJ	2443	ἵνα	ἵνα	
Matt 1:22	πληρωθῇ	V-APS-3S	V-APS-3S	4137&5686	πληρόω	πληρωθῇ	
Matt 1:22	τὸ	T-NSN	T-NSN	3588	ὁ	τό	
Matt 1:22	ῥηθὲν	V-APP-NSN	V-APP-NSN	2046&5685	εἶπον	ῥηθέν	
Matt 1:22	ὑπὸ	PREP	PREP	5259	ὑπό	ὑπό	
Matt 1:22	Κυρίου	N-GSM	N-GSM	2962	κύριος	Κυρίου	
Matt 1:22	διὰ	PREP	PREP	1223	διά	διά	
Matt 1:22	τοῦ	T-GSM	T-GSM	3588	ὁ	τοῦ	
Matt 1:22	προφήτου	N-GSM	N-GSM	4396	προφήτης	προφήτου	
Matt 1:22	λέγοντος	V-PAP-GSM	V-PAP-GSM	3004&5723	λέγω	λέγοντος	
Matt 1:23	Ἰδοὺ	V-2AMM-2S	V-2AMM-2S	3708&5640	ὁράω	Ἰδού	
Matt 1:23	ἡ	T-NSF	T-NSF	3588	ὁ	ἡ	
Matt 1:23	παρθένος	N-NSF	N-NSF	3933	παρθένος	παρθένος	
Matt 1:23	ἐν	PREP	PREP	1722	ἐν	ἐν	
Matt 1:23	γαστρὶ	N-DSF	N-DSF	1064	γαστήρ	γαστρί	
Matt 1:23	ἕξει	V-FAI-3S	V-FAI-3S	2192&5692	ἔχω	ἕξει	
Matt 1:23	καὶ	CONJ	CONJ	2532	καί	καί	
Matt 1:23	τέξεται	V-FDI-3S	V-FDI-3S	5088&5695	τίκτω	τέξεται	
Matt 1:23	υἱόν,	N-ASM	N-ASM	5207	υἱός	υἱόν	
Matt 1:23	καὶ	CONJ	CONJ	2532	καί	καί	
Matt 1:23	καλέσουσιν	V-FAI-3P	V-FAI-3P	2564&5692	καλέω	καλέσουσιν	
Matt 1:23	τὸ	T-ASN	T-ASN	3588	ὁ	τό	
Matt 1:23	ὄνομα	N-ASN	N-ASN	3686	ὄνομα	ὄνομα	
Matt 1:23	αὐτοῦ	P-GSM	P-GSM	846	αὐτός	αὐτοῦ	
Matt 1:23	Ἐμμανουήλ,	N-PRI	N-PRI	1694	Ἐμμανουήλ	Ἐμμανουήλ	
Matt 1:23	ὅ	R-NSN	R-NSN	3739	ὅς	ὅ	
Matt 1:23	ἐστιν	V-PAI-3S	V-PAI-3S	1510&5719	εἰμί	ἐστιν	
Matt 1:23	μεθερμηνευόμενον	V-PPP-NSN	V-PEP-NSN	3177&5746	μεθερμηνεύω	μεθερμηνευόμενον	
Matt 1:23	Μεθ’	PREP	PREP	3326	μετά	Μεθ’	
Matt 1:23	ἡμῶν	P-1GP	P-1GP	1473	ἐγώ	ἡμῶν	
Matt 1:23	ὁ	T-NSM	T-NSM	3588	ὁ	ὁ	
Matt 1:23	Θεός.	N-NSM	N-NSM	2316	θεός	Θεός	
Matt 1:24	ἐγερθεὶς	V-APP-NSM	V-APP-NSM	1453&5685	ἐγείρω	ἐγερθείς	
Matt 1:24	δὲ	CONJ	CONJ	1161	δέ	δέ	
Matt 1:24	ὁ	T-NSM	T-NSM	3588	ὁ	ὁ	
Matt 1:24	Ἰωσὴφ	N-PRI	N-PRI	2501	Ἰωσήφ	Ἰωσήφ	
Matt 1:24	ἀπὸ	PREP	PREP	575	ἀπό	ἀπό	
Matt 1:24	τοῦ	T-GSM	T-GSM	3588	ὁ	τοῦ	
Matt 1:24	ὕπνου	N-GSM	N-GSM	5258	ὕπνος	ὕπνου	
Matt 1:24	ἐποίησεν	V-AAI-3S	V-AAI-3S	4160&5656	ποιέω	ἐποίησεν	
Matt 1:24	ὡς	ADV	ADV	5613	ὡς	ὡς	
Matt 1:24	προσέταξεν	V-AAI-3S	V-AAI-3S	4367&5656	προστάσσω	προσέταξεν	
Matt 1:24	αὐτῷ	P-DSM	P-DSM	846	αὐτός	αὐτῷ	
Matt 1:24	ὁ	T-NSM	T-NSM	3588	ὁ	ὁ	
Matt 1:24	ἄγγελος	N-NSM	N-NSM	32	ἄγγελος	ἄγγελος	
Matt 1:24	Κυρίου,	N-GSM	N-GSM	2962	κύριος	Κυρίου	
Matt 1:24	καὶ	CONJ	CONJ	2532	καί	καί	
Matt 1:24	παρέλαβεν	V-2AAI-3S	V-2AAI-3S	3880&5627	παραλαμβάνω	παρέλαβεν	
Matt 1:24	τὴν	T-ASF	T-ASF	3588	ὁ	τήν	
Matt 1:24	γυναῖκα	N-ASF	N-ASF	1135	γυνή	γυναῖκα	
Matt 1:24	αὐτοῦ·	P-GSM	P-GSM	846	αὐτός	αὐτοῦ	
Matt 1:25	καὶ	CONJ	CONJ	2532	καί	καί	
Matt 1:25	οὐκ	PRT-N	PRT-N	3756	οὐ	οὐκ	
Matt 1:25	ἐγίνωσκεν	V-IAI-3S	V-IAI-3S	1097&5707	γινώσκω	ἐγίνωσκεν	
Matt 1:25	αὐτὴν	P-ASF	P-ASF	846	αὐτός	αὐτήν	
Matt 1:25	ἕως	ADV	ADV	2193	ἕως	ἕως	
Matt 1:25	οὗ	R-GSM	R-GSM	3739	ὅς	οὗ	
Matt 1:25	ἔτεκεν	V-2AAI-3S	V-2AAI-3S	5088&5627	τίκτω	ἔτεκεν	
Matt 1:25	υἱόν·	N-ASM	N-ASM	5207	υἱός	υἱόν	
Matt 1:25	καὶ	CONJ	CONJ	2532	καί	καί	
Matt 1:25	ἐκάλεσεν	V-AAI-3S	V-AAI-3S	2564&5656	καλέω	ἐκάλεσεν	
Matt 1:25	τὸ	T-ASN	T-ASN	3588	ὁ	τό	
Matt 1:25	ὄνομα	N-ASN	N-ASN	3686	ὄνομα	ὄνομα	
Matt 1:25	αὐτοῦ	P-GSM	P-GSM	846	αὐτός	αὐτοῦ	
Matt 1:25	Ἰησοῦν.	N-ASM	N-ASM	2424	Ἰησοῦς	Ἰησοῦν	
Matt 2:1	Τοῦ	T-GSM	T-GSM	3588	ὁ	Τοῦ	
Matt 2:1	δὲ	CONJ	CONJ	1161	δέ	δέ	
Matt 2:1	Ἰησοῦ	N-GSM	N-GSM	2424	Ἰησοῦς	Ἰησοῦ	
Matt 2:1	γεννηθέντος	V-APP-GSM	V-APP-GSM	1080&5685	γεννάω	γεννηθέντος	
Matt 2:1	ἐν	PREP	PREP	1722	ἐν	ἐν	
Matt 2:1	Βηθλέεμ	N-PRI	N-PRI	965	Βηθλέεμ	Βηθλέεμ	
Matt 2:1	τῆς	T-GSF	T-GSF	3588	ὁ	τῆς	
Matt 2:1	Ἰουδαίας	N-GSF	N-GSF	2449	Ἰουδαία	Ἰουδαίας	
Matt 2:1	ἐν	PREP	PREP	1722	ἐν	ἐν	
Matt 2:1	ἡμέραις	N-DPF	N-DPF	2250	ἡμέρα	ἡμέραις	
Matt 2:1	Ἡρῴδου	N-GSM	N-GSM	2264	Ἡρῴδης	Ἡρῴδου	
Matt 2:1	τοῦ	T-GSM	T-GSM	3588	ὁ	τοῦ	
Matt 2:1	βασιλέως,	N-GSM	N-GSM	935	βασιλεύς	βασιλέως	
Matt 2:1	ἰδοὺ	V-2AMM-2S	V-2AMM-2S	3708&5640	ὁράω	ἰδού	
Matt 2:1	μάγοι	N-NPM	N-NPM	3097	μάγος	μάγοι	
Matt 2:1	ἀπὸ	PREP	PREP	575	ἀπό	ἀπό	
Matt 2:1	ἀνατολῶν	N-GPF	N-GPF	395	ἀνατολή	ἀνατολῶν	
Matt 2:1	παρεγένοντο	V-2ADI-3P	V-2ADI-3P	3854&5633	παραγίνομαι	παρεγένοντο	
Matt 2:1	εἰς	PREP	PREP	1519	εἰς	εἰς	
Matt 2:1	Ἱεροσόλυμα	N-APN	N-APN	2414	Ἱεροσόλυμα	Ἱεροσόλυμα	
Matt 2:2	λέγοντες	V-PAP-NPM	V-PAP-NPM	3004&5723	λέγω	λέγοντες	
Matt 2:2	Ποῦ	ADV-I	ADV-I	4226	ποῦ	Ποῦ	
Matt 2:2	ἐστιν	V-PAI-3S	V-PAI-3S	1510	εἰμί	ἐστιν	
Matt 2:2	ὁ	T-NSM	T-NSM	3588	ὁ	ὁ	
Matt 2:2	τεχθεὶς	V-APP-NSM	V-APP-NSM	5088&5685	τίκτω	τεχθείς	
Matt 2:2	βασιλεὺς	N-NSM	N-NSM	935	βασιλεύς	βασιλεύς	
Matt 2:2	τῶν	T-GPM	T-GPM	3588	ὁ	τῶν	
Matt 2:2	Ἰουδαίων;	A-GPM	A-GPM	2453	Ἰουδαῖος	Ἰουδαίων	
Matt 2:2	εἴδομεν	V-2AAI-1P	V-2AAI-1P	3708&5627	ὁράω	εἴδομεν	
Matt 2:2	γὰρ	CONJ	CONJ	1063	γάρ	γάρ	
Matt 2:2	αὐτοῦ	P-GSM	P-GSM	846	αὐτός	αὐτοῦ	
Matt 2:2	τὸν	T-ASM	T-ASM	3588	ὁ	τόν	
Matt 2:2	ἀστέρα	N-ASM	N-ASM	792	ἀστήρ	ἀστέρα	
Matt 2:2	ἐν	PREP	PREP	1722	ἐν	ἐν	
Matt 2:2	τῇ	T-DSF	T-DSF	3588	ὁ	τῇ	
Matt 2:2	ἀνατολῇ	N-DSF	N-DSF	395	ἀνατολή	ἀνατολῇ	
Matt 2:2	καὶ	CONJ	CONJ	2532	καί	καί	
Matt 2:2	ἤλθομεν	V-2AAI-1P	V-2AAI-1P	2064&5627	ἔρχομαι	ἤλθομεν	
Matt 2:2	προσκυνῆσαι	V-AAN	V-AAN	4352&5658	προσκυνέω	προσκυνῆσαι	
Matt 2:2	αὐτῷ.	P-DSM	P-DSM	846	αὐτός	αὐτῷ	
Matt 2:3	ἀκούσας	V-AAP-NSM	V-AAP-NSM	191&5660	ἀκούω	ἀκούσας	
Matt 2:3	δὲ	CONJ	CONJ	1161	δέ	δέ	
Matt 2:3	ὁ	T-NSM	T-NSM	3588	ὁ	ὁ	
Matt 2:3	βασιλεὺς	N-NSM	N-NSM	935	βασιλεύς	βασιλεύς	
Matt 2:3	Ἡρῴδης	N-NSM	N-NSM	2264	Ἡρῴδης	Ἡρῴδης	
Matt 2:3	ἐταράχθη,	V-API-3S	V-API-3S	5015&5681	ταράσσω	ἐταράχθη	
Matt 2:3	καὶ	CONJ	CONJ	2532	καί	καί	
Matt 2:3	πᾶσα	A-NSF	A-NSF	3956	πᾶς	πᾶσα	
Matt 2:3	Ἱεροσόλυμα	N-NSF	N-NSF	2414	Ἱεροσόλυμα	Ἱεροσόλυμα	
Matt 2:3	μετ’	PREP	PREP	3326	μετά	μετ’	
Matt 2:3	αὐτοῦ,	P-GSM	P-GSM	846	αὐτός	αὐτοῦ	
Matt 2:4	καὶ	CONJ	CONJ	2532	καί	καί	
Matt 2:4	συναγαγὼν	V-2AAP-NSM	V-2AAP-NSM	4863&5631	συνάγω	συναγαγών	
Matt 2:4	πάντας	A-APM	A-APM	3956	πᾶς	πάντας	
Matt 2:4	τοὺς	T-APM	T-APM	3588	ὁ	τούς	
Matt 2:4	ἀρχιερεῖς	N-APM	N-APM	749	ἀρχιερεύς	ἀρχιερεῖς	
Matt 2:4	καὶ	CONJ	CONJ	2532	καί	καί	
Matt 2:4	γραμματεῖς	N-APM	N-APM	1122	γραμματεύς	γραμματεῖς	
Matt 2:4	τοῦ	T-GSM	T-GSM	3588	ὁ	τοῦ	
Matt 2:4	λαοῦ	N-GSM	N-GSM	2992	λαός	λαοῦ	
Matt 2:4	ἐπυνθάνετο	V-INI-3S	V-INI-3S	4441&5711	πυνθάνομαι	ἐπυνθάνετο	
Matt 2:4	παρ’	PREP	PREP	3844	παρά	παρ’	
Matt 2:4	αὐτῶν	P-GPM	P-GPM	846	αὐτός	αὐτῶν	
Matt 2:4	ποῦ	ADV-I	ADV-I	4226	ποῦ	ποῦ	
Matt 2:4	ὁ	T-NSM	T-NSM	3588	ὁ	ὁ	
Matt 2:4	Χριστὸς	N-NSM	N-NSM	5547	Χριστός	Χριστός	
Matt 2:4	γεννᾶται.	V-PPI-3S	V-PEI-3S	1080&5743	γεννάω	γεννᾶται	
Matt 2:5	οἱ	T-NPM	T-NPM	3588	ὁ	οἱ	
Matt 2:5	δὲ	CONJ	CONJ	1161	δέ	δέ	
Matt 2:5	εἶπαν	V-2AAI-3P	V-2AAI-3P	3004&5627	λέγω	εἶπαν	
Matt 2:5	αὐτῷ·	P-DSM	P-DSM	846	αὐτός	αὐτῷ	
Matt 2:5	Ἐν	PREP	PREP	1722	ἐν	Ἐν	
Matt 2:5	Βηθλέεμ	N-PRI	N-PRI	965	Βηθλέεμ	Βηθλέεμ	
Matt 2:5	τῆς	T-GSF	T-GSF	3588	ὁ	τῆς	
Matt 2:5	Ἰουδαίας·	N-GSF	N-GSF	2449	Ἰουδαία	Ἰουδαίας	
Matt 2:5	οὕτως	ADV	ADV	3779	οὕτω	οὕτως	
Matt 2:5	γὰρ	CONJ	CONJ	1063	γάρ	γάρ	
Matt 2:5	γέγραπται	V-RPI-3S	V-RPI-3S	1125&5769	γράφω	γέγραπται	
Matt 2:5	διὰ	PREP	PREP	1223	διά	διά	
Matt 2:5	τοῦ	T-GSM	T-GSM	3588	ὁ	τοῦ	
Matt 2:5	προφήτου·	N-GSM	N-GSM	4396	προφήτης	προφήτου	
Matt 2:6	Καὶ	CONJ	CONJ	2532	καί	Καί	
Matt 2:6	σύ,	P-2NS	P-2NS	4771	σύ	σύ	
Matt 2:6	Βηθλέεμ	N-PRI	N-PRI	965	Βηθλέεμ	Βηθλέεμ	
Matt 2:6	γῆ	N-VSF	N-VSF	1093	γῆ	γῆ	
Matt 2:6	Ἰούδα,	N-GSM	N-GSM	2448	Ἰούδας	Ἰούδα	
Matt 2:6	οὐδαμῶς	ADV-N	ADV-N	3760	οὐδαμῶς	οὐδαμῶς	
Matt 2:6	ἐλαχίστη	A-NSF-S	A-NSF-S	1646	ἐλάχιστος	ἐλαχίστη	
Matt 2:6	εἶ	V-PAI-2S	V-PAI-2S	1510&5719	εἰμί	εἶ	
Matt 2:6	ἐν	PREP	PREP	1722	ἐν	ἐν	
Matt 2:6	τοῖς	T-DPM	T-DPM	3588	ὁ	τοῖς	
Matt 2:6	ἡγεμόσιν	N-DPM	N-DPM	2232	ἡγεμών	ἡγεμόσιν	
Matt 2:6	Ἰούδα·	N-GSM	N-GSM	2448	Ἰούδας	Ἰούδα	
Matt 2:6	ἐκ	PREP	PREP	1537	ἐκ	ἐκ	
Matt 2:6	σοῦ	P-2GS	P-2GS	4771	σύ	σοῦ	
Matt 2:6	γὰρ	CONJ	CONJ	1063	γάρ	γάρ	
Matt 2:6	ἐξελεύσεται	V-FDI-3S	V-FDI-3S	1831&5695	ἐξέρχομαι	ἐξελεύσεται	
Matt 2:6	ἡγούμενος,	V-PNP-NSM	V-PNP-NSM	2233&5740	ἡγέομαι	ἡγούμενος	
Matt 2:6	ὅστις	R-NSM	R-NSM	3748	ὅστις	ὅστις	
Matt 2:6	ποιμανεῖ	V-FAI-3S	V-FAI-3S	4165&5692	ποιμαίνω	ποιμανεῖ	
Matt 2:6	τὸν	T-ASM	T-ASM	3588	ὁ	τόν	
Matt 2:6	λαόν	N-ASM	N-ASM	2992	λαός	λαόν	
Matt 2:6	μου	P-1GS	P-1GS	1473	ἐγώ	μου	
Matt 2:6	τὸν	T-ASM	T-ASM	3588	ὁ	τόν	
Matt 2:6	Ἰσραήλ.	N-PRI	N-PRI	2474	Ἰσραήλ	Ἰσραήλ	
Matt 2:7	Τότε	ADV	ADV	5119	τότε	Τότε	
Matt 2:7	Ἡρῴδης	N-NSM	N-NSM	2264	Ἡρῴδης	Ἡρῴδης	
Matt 2:7	λάθρᾳ	ADV	ADV	2977	λάθρᾳ	λάθρᾳ	
Matt 2:7	καλέσας	V-AAP-NSM	V-AAP-NSM	2564&5660	καλέω	καλέσας	
Matt 2:7	τοὺς	T-APM	T-APM	3588	ὁ	τούς	
Matt 2:7	μάγους	N-APM	N-APM	3097	μάγος	μάγους	
Matt 2:7	ἠκρίβωσεν	V-AAI-3S	V-AAI-3S	198&5656	ἀκριβόω	ἠκρίβωσεν	
Matt 2:7	παρ’	PREP	PREP	3844	παρά	παρ’	
Matt 2:7	αὐτῶν	P-GPM	P-GPM	846	αὐτός	αὐτῶν	
Matt 2:7	τὸν	T-ASM	T-ASM	3588	ὁ	τόν	
Matt 2:7	χρόνον	N-ASM	N-ASM	5550	χρόνος	χρόνον	
Matt 2:7	τοῦ	T-GSM	T-GSM	3588	ὁ	τοῦ	
Matt 2:7	φαινομένου	V-PEP-GSM	V-PEP-GSM	5316&5730	φαίνω	φαινομένου	
Matt 2:7	ἀστέρος,	N-GSM	N-GSM	792	ἀστήρ	ἀστέρος	
Matt 2:8	καὶ	CONJ	CONJ	2532	καί	καί	
Matt 2:8	πέμψας	V-AAP-NSM	V-AAP-NSM	3992&5660	πέμπω	πέμψας	
Matt 2:8	αὐτοὺς	P-APM	P-APM	846	αὐτός	αὐτούς	
Matt 2:8	εἰς	PREP	PREP	1519	εἰς	εἰς	
Matt 2:8	Βηθλέεμ	N-PRI	N-PRI	965	Βηθλέεμ	Βηθλέεμ	
Matt 2:8	εἶπεν·	V-2AAI-3S	V-2AAI-3S	3004&5627	λέγω	εἶπεν	
Matt 2:8	Πορευθέντες	V-AOP-NPM	V-AOP-NPM	4198&5679	πορεύομαι	Πορευθέντες	
Matt 2:8	ἐξετάσατε	V-AAM-2P	V-AAM-2P	1833&5657	ἐξετάζω	ἐξετάσατε	
Matt 2:8	ἀκριβῶς	ADV	ADV	199	ἀκριβῶς	ἀκριβῶς	
Matt 2:8	περὶ	PREP	PREP	4012	περί	περί	
Matt 2:8	τοῦ	T-GSN	T-GSN	3588	ὁ	τοῦ	
Matt 2:8	παιδίου·	N-GSN	N-GSN	3813	παιδίον	παιδίου	
Matt 2:8	ἐπὰν	CONJ	CONJ	1875	ἐπάν	ἐπάν	
Matt 2:8	δὲ	CONJ	CONJ	1161	δέ	δέ	
Matt 2:8	εὕρητε,	V-2AAS-2P	V-2AAS-2P	2147&5632	εὑρίσκω	εὕρητε	
Matt 2:8	ἀπαγγείλατέ	V-AAM-2P	V-AAM-2P	518&5657	ἀπαγγέλλω	ἀπαγγείλατε	
Matt 2:8	μοι,	P-1DS	P-1DS	1473	ἐγώ	μοι	
Matt 2:8	ὅπως	ADV	ADV	3704	ὅπως	ὅπως	
Matt 2:8	κἀγὼ	P-1NS-K	P-1NS-K	2504	κἀγώ	κἀγώ	
Matt 2:8	ἐλθὼν	V-2AAP-NSM	V-2AAP-NSM	2064&5631	ἔρχομαι	ἐλθών	
Matt 2:8	προσκυνήσω	V-AAS-1S	V-AAS-1S	4352&5661	προσκυνέω	προσκυνήσω	
Matt 2:8	αὐτῷ.	P-DSM	P-DSM	846	αὐτός	αὐτῷ	
Matt 2:9	οἱ	T-NPM	T-NPM	3588	ὁ	οἱ	
Matt 2:9	δὲ	CONJ	CONJ	1161	δέ	δέ	
Matt 2:9	ἀκούσαντες	V-AAP-NPM	V-AAP-NPM	191&5660	ἀκούω	ἀκούσαντες	
Matt 2:9	τοῦ	T-GSM	T-GSM	3588	ὁ	τοῦ	
Matt 2:9	βασιλέως	N-GSM	N-GSM	935	βασιλεύς	βασιλέως	
Matt 2:9	ἐπορεύθησαν·	V-AOI-3P	V-AOI-3P	4198&5675	πορεύομαι	ἐπορεύθησαν	
Matt 2:9	καὶ	CONJ	CONJ	2532	καί	καί	
Matt 2:9	ἰδοὺ	V-2AMM-2S	V-2AMM-2S	3708&5640	ὁράω	ἰδού	
Matt 2:9	ὁ	T-NSM	T-NSM	3588	ὁ	ὁ	
Matt 2:9	ἀστὴρ,	N-NSM	N-NSM	792	ἀστήρ	ἀστήρ	
Matt 2:9	ὃν	R-ASM	R-ASM	3739	ὅς	ὅν	
Matt 2:9	εἶδον	V-2AAI-3P	V-2AAI-3P	3708&5627	ὁράω	εἶδον	
Matt 2:9	ἐν	PREP	PREP	1722	ἐν	ἐν	
Matt 2:9	τῇ	T-DSF	T-DSF	3588	ὁ	τῇ	
Matt 2:9	ἀνατολῇ,	N-DSF	N-DSF	395	ἀνατολή	ἀνατολῇ	
Matt 2:9	προῆγεν	V-IAI-3S	V-IAI-3S	4254&5707	προάγω	προῆγεν	
Matt 2:9	αὐτούς	P-APM	P-APM	846	αὐτός	αὐτούς	
Matt 2:9	ἕως	ADV	ADV	2193	ἕως	ἕως	
Matt 2:9	ἐλθὼν	V-2AAP-NSM	V-2AAP-NSM	2064&5631	ἔρχομαι	ἐλθών	
Matt 2:9	ἐστάθη	V-API-3S	V-API-3S	2476&5681	ἵστημι	ἐστάθη	
Matt 2:9	ἐπάνω	ADV	ADV	1883	ἐπάνω	ἐπάνω	
Matt 2:9	οὗ	ADV	ADV	3757	οὗ	οὗ	
Matt 2:9	ἦν	V-IAI-3S	V-IAI-3S	1510&5707	εἰμί	ἦν	
Matt 2:9	τὸ	T-NSN	T-NSN	3588	ὁ	τό	
Matt 2:9	παιδίον.	N-NSN	N-NSN	3813	παιδίον	παιδίον	
Matt 2:10	ἰδόντες	V-2AAP-NPM	V-2AAP-NPM	3708&5631	ὁράω	ἰδόντες	
Matt 2:10	δὲ	CONJ	CONJ	1161	δέ	δέ	
Matt 2:10	τὸν	T-ASM	T-ASM	3588	ὁ	τόν	
Matt 2:10	ἀστέρα	N-ASM	N-ASM	792	ἀστήρ	ἀστέρα	
Matt 2:10	ἐχάρησαν	V-2AOI-3P	V-2AOI-3P	5463&5644	χαίρω	ἐχάρησαν	
Matt 2:10	χαρὰν	N-ASF	N-ASF	5479	χαρά	χαράν	
Matt 2:10	μεγάλην	A-ASF	A-ASF	3173	μέγας	μεγάλην	
Matt 2:10	σφόδρα.	ADV	ADV	4970	σφόδρα	σφόδρα	
Matt 2:11	καὶ	CONJ	CONJ	2532	καί	καί	
Matt 2:11	ἐλθόντες	V-2AAP-NPM	V-2AAP-NPM	2064&5631	ἔρχομαι	ἐλθόντες	
Matt 2:11	εἰς	PREP	PREP	1519	εἰς	εἰς	
Matt 2:11	τὴν	T-ASF	T-ASF	3588	ὁ	τήν	
Matt 2:11	οἰκίαν	N-ASF	N-ASF	3614	οἰκία	οἰκίαν	
Matt 2:11	εἶδον	V-2AAI-3P	V-2AAI-3P	3708&5627	ὁράω	εἶδον	
Matt 2:11	τὸ	T-ASN	T-ASN	3588	ὁ	τό	
Matt 2:11	παιδίον	N-ASN	N-ASN	3813	παιδίον	παιδίον	
Matt 2:11	μετὰ	PREP	PREP	3326	μετά	μετά	
Matt 2:11	Μαρίας	N-GSF	N-GSF	3137	Μαρία	Μαρίας	
Matt 2:11	τῆς	T-GSF	T-GSF	3588	ὁ	τῆς	
Matt 2:11	μητρὸς	N-GSF	N-GSF	3384	μήτηρ	μητρός	
Matt 2:11	αὐτοῦ,	P-GSN	P-GSN	846	αὐτός	αὐτοῦ	
Matt 2:11	καὶ	CONJ	CONJ	2532	καί	καί	
Matt 2:11	πεσόντες	V-2AAP-NPM	V-2AAP-NPM	4098&5631	πίπτω	πεσόντες	
Matt 2:11	προσεκύνησαν	V-AAI-3P	V-AAI-3P	4352&5656	προσκυνέω	προσεκύνησαν	
Matt 2:11	αὐτῷ,	P-DSM	P-DSM	846	αὐτός	αὐτῷ	
Matt 2:11	καὶ	CONJ	CONJ	2532	καί	καί	
Matt 2:11	ἀνοίξαντες	V-AAP-NPM	V-AAP-NPM	455&5660	ἀνοίγω	ἀνοίξαντες	
Matt 2:11	τοὺς	T-APM	T-APM	3588	ὁ	τούς	
Matt 2:11	θησαυροὺς	N-APM	N-APM	2344	θησαυρός	θησαυρούς	
Matt 2:11	αὐτῶν	P-GPM	P-GPM	846	αὐτός	αὐτῶν	
Matt 2:11	προσήνεγκαν	V-AAI-3P	V-AAI-3P	4374&5656	προσφέρω	προσήνεγκαν	
Matt 2:11	αὐτῷ	P-DSM	P-DSM	846	αὐτός	αὐτῷ	
Matt 2:11	δῶρα,	N-APN	N-APN	1435	δῶρον	δῶρα	
Matt 2:11	χρυσὸν	N-ASM	N-ASM	5557	χρυσός	χρυσόν	
Matt 2:11	καὶ	CONJ	CONJ	2532	καί	καί	
Matt 2:11	λίβανον	N-ASM	N-ASM	3030	λίβανος	λίβανον	
Matt 2:11	καὶ	CONJ	CONJ	2532	καί	καί	
Matt 2:11	σμύρναν.	N-ASF	N-ASF	4666	σμύρνα	σμύρναν	
Matt 2:12	καὶ	CONJ	CONJ	2532	καί	καί	
Matt 2:12	χρηματισθέντες	V-APP-NPM	V-APP-NPM	5537&5685	χρηματίζω	χρηματισθέντες	
Matt 2:12	κατ’	PREP	PREP	2596	κατά	κατ’	
Matt 2:12	ὄναρ	N-OI	N-OI	3677	ὄναρ	ὄναρ	
Matt 2:12	μὴ	PRT-N	PRT-N	3361	μή	μή	
Matt 2:12	ἀνακάμψαι	V-AAN	V-AAN	344&5658	ἀνακάμπτω	ἀνακάμψαι	
Matt 2:12	πρὸς	PREP	PREP	4314	πρός	πρός	
Matt 2:12	Ἡρῴδην,	N-ASM	N-ASM	2264	Ἡρῴδης	Ἡρῴδην	
Matt 2:12	δι’	PREP	PREP	1223	διά	δι’	
Matt 2:12	ἄλλης	A-GSF	A-GSF	243	ἄλλος	ἄλλης	
Matt 2:12	ὁδοῦ	N-GSF	N-GSF	3598	ὁδός	ὁδοῦ	
Matt 2:12	ἀνεχώρησαν	V-AAI-3P	V-AAI-3P	402&5656	ἀναχωρέω	ἀνεχώρησαν	
Matt 2:12	εἰς	PREP	PREP	1519	εἰς	εἰς	
Matt 2:12	τὴν	T-ASF	T-ASF	3588	ὁ	τήν	
Matt 2:12	χώραν	N-ASF	N-ASF	5561	χώρα	χώραν	
Matt 2:12	αὐτῶν.	P-GPM	P-GPM	846	αὐτός	αὐτῶν	
Matt 2:13	Ἀναχωρησάντων	V-AAP-GPM	V-AAP-GPM	402&5660	ἀναχωρέω	Ἀναχωρησάντων	
Matt 2:13	δὲ	CONJ	CONJ	1161	δέ	δέ	
Matt 2:13	αὐτῶν,	P-GPM	P-GPM	846	αὐτός	αὐτῶν	
Matt 2:13	ἰδοὺ	V-2AMM-2S	V-2AMM-2S	3708&5640	ὁράω	ἰδού	
Matt 2:13	ἄγγελος	N-NSM	N-NSM	32	ἄγγελος	ἄγγελος	
Matt 2:13	κυρίου	N-GSM	N-GSM	2962	κύριος	κυρίου	
Matt 2:13	φαίνεται	V-PEI-3S	V-PEI-3S	5316&5727	φαίνω	φαίνεται	
Matt 2:13	κατ’	PREP	PREP	2596	κατά	κατ’	
Matt 2:13	ὄναρ	N-OI	N-OI	3677	ὄναρ	ὄναρ	
Matt 2:13	τῷ	T-DSM	T-DSM	3588	ὁ	τῷ	
Matt 2:13	Ἰωσὴφ	N-PRI	N-PRI	2501	Ἰωσήφ	Ἰωσήφ	
Matt 2:13	λέγων	V-PAP-NSM	V-PAP-NSM	3004&5723	λέγω	λέγων	
Matt 2:13	Ἐγερθεὶς	V-APP-NSM	V-APP-NSM	1453&5685	ἐγείρω	Ἐγερθείς	
Matt 2:13	παράλαβε	V-2AAM-2S	V-2AAM-2S	3880&5628	παραλαμβάνω	παράλαβε	
Matt 2:13	τὸ	T-ASN	T-ASN	3588	ὁ	τό	
Matt 2:13	παιδίον	N-ASN	N-ASN	3813	παιδίον	παιδίον	
Matt 2:13	καὶ	CONJ	CONJ	2532	καί	καί	
Matt 2:13	τὴν	T-ASF	T-ASF	3588	ὁ	τήν	
Matt 2:13	μητέρα	N-ASF	N-ASF	3384	μήτηρ	μητέρα	
Matt 2:13	αὐτοῦ	P-GSM	P-GSM	846	αὐτός	αὐτοῦ	
Matt 2:13	καὶ	CONJ	CONJ	2532	καί	καί	
Matt 2:13	φεῦγε	V-PAM-2S	V-PAM-2S	5343&5720	φεύγω	φεῦγε	
Matt 2:13	εἰς	PREP	PREP	1519	εἰς	εἰς	
Matt 2:13	Αἴγυπτον,	N-ASF	N-ASF	125	Αἴγυπτος	Αἴγυπτον	
Matt 2:13	καὶ	CONJ	CONJ	2532	καί	καί	
Matt 2:13	ἴσθι	V-PAM-2S	V-PAM-2S	1510&5720	εἰμί	ἴσθι	
Matt 2:13	ἐκεῖ	ADV	ADV	1563	ἐκεῖ	ἐκεῖ	
Matt 2:13	ἕως	ADV	ADV	2193	ἕως	ἕως	
Matt 2:13	ἂν	PRT	PRT	302	ἄν	ἄν	
Matt 2:13	εἴπω	V-2AAS-1S	V-2AAS-1S	3004&5632	λέγω	εἴπω	
Matt 2:13	σοι·	P-2DS	P-2DS	4771	σύ	σοι	
Matt 2:13	μέλλει	V-PAI-3S	V-PAI-3S	3195&5719	μέλλω	μέλλει	
Matt 2:13	γὰρ	CONJ	CONJ	1063	γάρ	γάρ	
Matt 2:13	Ἡρῴδης	N-NSM	N-NSM	2264	Ἡρῴδης	Ἡρῴδης	
Matt 2:13	ζητεῖν	V-PAN	V-PAN	2212&5721	ζητέω	ζητεῖν	
Matt 2:13	τὸ	T-ASN	T-ASN	3588	ὁ	τό	
Matt 2:13	παιδίον	N-ASN	N-ASN	3813	παιδίον	παιδίον	
Matt 2:13	τοῦ	T-GSN	T-GSN	3588	ὁ	τοῦ	
Matt 2:13	ἀπολέσαι	V-AAN	V-AAN	622&5658	ἀπόλλυμι	ἀπολέσαι	
Matt 2:13	αὐτό.	P-ASN	P-ASN	846	αὐτός	αὐτό	
Matt 2:14	ὁ	T-NSM	T-NSM	3588	ὁ	ὁ	
Matt 2:14	δὲ	CONJ	CONJ	1161	δέ	δέ	
Matt 2:14	ἐγερθεὶς	V-APP-NSM	V-APP-NSM	1453&5685	ἐγείρω	ἐγερθείς	
Matt 2:14	παρέλαβεν	V-2AAI-3S	V-2AAI-3S	3880	παραλαμβάνω	παρέλαβεν	
Matt 2:14	τὸ	T-ASN	T-ASN	3588	ὁ	τό	
Matt 2:14	παιδίον	N-ASN	N-ASN	3813	παιδίον	παιδίον	
Matt 2:14	καὶ	CONJ	CONJ	2532	καί	καί	
Matt 2:14	τὴν	T-ASF	T-ASF	3588	ὁ	τήν	
Matt 2:14	μητέρα	N-ASF	N-ASF	3384	μήτηρ	μητέρα	
Matt 2:14	αὐτοῦ	P-GSM	P-GSM	846	αὐτός	αὐτοῦ	
Matt 2:14	νυκτὸς	N-GSF	N-GSF	3571	νύξ	νυκτός	
Matt 2:14	καὶ	CONJ	CONJ	2532	καί	καί	
Matt 2:14	ἀνεχώρησεν	V-AAI-3S	V-AAI-3S	402&5656	ἀναχωρέω	ἀνεχώρησεν	
Matt 2:14	εἰς	PREP	PREP	1519	εἰς	εἰς	
Matt 2:14	Αἴγυπτον,	N-ASF	N-ASF	125	Αἴγυπτος	Αἴγυπτον	
Matt 2:15	καὶ	CONJ	CONJ	2532	καί	καί	
Matt 2:15	ἦν	V-IAI-3S	V-IAI-3S	1510&5707	εἰμί	ἦν	
Matt 2:15	ἐκεῖ	ADV	ADV	1563	ἐκεῖ	ἐκεῖ	
Matt 2:15	ἕως	ADV	ADV	2193	ἕως	ἕως	
Matt 2:15	τῆς	T-GSF	T-GSF	3588	ὁ	τῆς	
Matt 2:15	τελευτῆς	N-GSF	N-GSF	5054	τελευτή	τελευτῆς	
Matt 2:15	Ἡρῴδου·	N-GSM	N-GSM	2264	Ἡρῴδης	Ἡρῴδου	
Matt 2:15	ἵνα	CONJ	CONJ	2443	ἵνα	ἵνα	
Matt 2:15	πληρωθῇ	V-APS-3S	V-APS-3S	4137&5686	πληρόω	πληρωθῇ	
Matt 2:15	τὸ	T-NSN	T-NSN	3588	ὁ	τό	
Matt 2:15	ῥηθὲν	V-APP-NSN	V-APP-NSN	2046&5685	εἶπον	ῥηθέν	
Matt 2:15	ὑπὸ	PREP	PREP	5259	ὑπό	ὑπό	
Matt 2:15	κυρίου	N-GSM	N-GSM	2962	κύριος	κυρίου	
Matt 2:15	διὰ	PREP	PREP	1223	διά	διά	
Matt 2:15	τοῦ	T-GSM	T-GSM	3588	ὁ	τοῦ	
Matt 2:15	προφήτου	N-GSM	N-GSM	4396	προφήτης	προφήτου	
Matt 2:15	λέγοντος	V-PAP-GSM	V-PAP-GSM	3004&5723	λέγω	λέγοντος	
Matt 2:15	Ἐξ	PREP	PREP	1537	ἐκ	Ἐξ	
Matt 2:15	Αἰγύπτου	N-GSF	N-GSF	125	Αἴγυπτος	Αἰγύπτου	
Matt 2:15	ἐκάλεσα	V-AAI-1S	V-AAI-1S	2564&5656	καλέω	ἐκάλεσα	
Matt 2:15	τὸν	T-ASM	T-ASM	3588	ὁ	τόν	
Matt 2:15	υἱόν	N-ASM	N-ASM	5207	υἱός	υἱόν	
Matt 2:15	μου.	P-1GS	P-1GS	1473	ἐγώ	μου	
Matt 2:16	Τότε	ADV	ADV	5119	τότε	Τότε	
Matt 2:16	Ἡρῴδης	N-NSM	N-NSM	2264	Ἡρῴδης	Ἡρῴδης	
Matt 2:16	ἰδὼν	V-2AAP-NSM	V-2AAP-NSM	3708&5631	ὁράω	ἰδών	
Matt 2:16	ὅτι	CONJ	CONJ	3754	ὅτι	ὅτι	
Matt 2:16	ἐνεπαίχθη	V-API-3S	V-API-3S	1702&5681	ἐμπαίζω	ἐνεπαίχθη	
Matt 2:16	ὑπὸ	PREP	PREP	5259	ὑπό	ὑπό	
Matt 2:16	τῶν	T-GPM	T-GPM	3588	ὁ	τῶν	
Matt 2:16	μάγων	N-GPM	N-GPM	3097	μάγος	μάγων	
Matt 2:16	ἐθυμώθη	V-API-3S	V-API-3S	2373&5681	θυμόω	ἐθυμώθη	
Matt 2:16	λίαν,	ADV	ADV	3029	λίαν	λίαν	
Matt 2:16	καὶ	CONJ	CONJ	2532	καί	καί	
Matt 2:16	ἀποστείλας	V-AAP-NSM	V-AAP-NSM	649&5660	ἀποστέλλω	ἀποστείλας	
Matt 2:16	ἀνεῖλεν	V-2AAI-3S	V-2AAI-3S	337&5627	ἀναιρέω	ἀνεῖλεν	
Matt 2:16	πάντας	A-APM	A-APM	3956	πᾶς	πάντας	
Matt 2:16	τοὺς	T-APM	T-APM	3588	ὁ	τούς	
Matt 2:16	παῖδας	N-APM	N-APM	3816	παῖς	παῖδας	
Matt 2:16	τοὺς	T-APM	T-APM	3588	ὁ	τούς	
Matt 2:16	ἐν	PREP	PREP	1722	ἐν	ἐν	
Matt 2:16	Βηθλέεμ	N-PRI	N-PRI	965	Βηθλέεμ	Βηθλέεμ	
Matt 2:16	καὶ	CONJ	CONJ	2532	καί	καί	
Matt 2:16	ἐν	PREP	PREP	1722	ἐν	ἐν	
Matt 2:16	πᾶσι	A-DPN	A-DPN	3956	πᾶς	πᾶσι	
Matt 2:16	τοῖς	T-DPN	T-DPN	3588	ὁ	τοῖς	
Matt 2:16	ὁρίοις	N-DPN	N-DPN	3725	ὅριον	ὁρίοις	
Matt 2:16	αὐτῆς	P-GSF	P-GSF	846	αὐτός	αὐτῆς	
Matt 2:16	ἀπὸ	PREP	PREP	575	ἀπό	ἀπό	
Matt 2:16	διετοῦς	A-GSM	A-GSM	1332	διετής	διετοῦς	
Matt 2:16	καὶ	CONJ	CONJ	2532	καί	καί	
Matt 2:16	κατωτέρω,	ADV	ADV	2736	κάτω	κατωτέρω	
Matt 2:16	κατὰ	PREP	PREP	2596	κατά	κατά	
Matt 2:16	τὸν	T-ASM	T-ASM	3588	ὁ	τόν	
Matt 2:16	χρόνον	N-ASM	N-ASM	5550	χρόνος	χρόνον	
Matt 2:16	ὃν	R-ASM	R-ASM	3739	ὅς	ὅν	
Matt 2:16	ἠκρίβωσεν	V-AAI-3S	V-AAI-3S	198&5656	ἀκριβόω	ἠκρίβωσεν	
Matt 2:16	παρὰ	PREP	PREP	3844	παρά	παρά	
Matt 2:16	τῶν	T-GPM	T-GPM	3588	ὁ	τῶν	
Matt 2:16	μάγων.	N-GPM	N-GPM	3097	μάγος	μάγων	
Matt 2:17	τότε	ADV	ADV	5119	τότε	τότε	
Matt 2:17	ἐπληρώθη	V-API-3S	V-API-3S	4137&5681	πληρόω	ἐπληρώθη	
Matt 2:17	τὸ	T-NSN	T-NSN	3588	ὁ	τό	
Matt 2:17	ῥηθὲν	V-APP-NSN	V-APP-NSN	2046&5685	εἶπον	ῥηθέν	
Matt 2:17	διὰ	PREP	PREP	1223	διά	διά	
Matt 2:17	Ἰερεμίου	N-GSM	N-GSM	2408	Ἰερεμίας	Ἰερεμίου	
Matt 2:17	τοῦ	T-GSM	T-GSM	3588	ὁ	τοῦ	
Matt 2:17	προφήτου	N-GSM	N-GSM	4396	προφήτης	προφήτου	
Matt 2:17	λέγοντος	V-PAP-GSM	V-PAP-GSM	3004&5723	λέγω	λέγοντος	
Matt 2:18	Φωνὴ	N-NSF	N-NSF	5456	φωνή	Φωνή	
Matt 2:18	ἐν	PREP	PREP	1722	ἐν	ἐν	
Matt 2:18	Ῥαμὰ	N-PRI	N-PRI	4471	Ῥαμά	Ῥαμά	
Matt 2:18	ἠκούσθη,	V-API-3S	V-API-3S	191&5681	ἀκούω	ἠκούσθη	
Matt 2:18	κλαυθμὸς	N-NSM	N-NSM	2805	κλαυθμός	κλαυθμός	
Matt 2:18	καὶ	CONJ	CONJ	2532	καί	καί	
Matt 2:18	ὀδυρμὸς	N-NSM	N-NSM	3602	ὀδυρμός	ὀδυρμός	
Matt 2:18	πολύς·	A-NSM	A-NSM	4183	πολύς	πολύς	
Matt 2:18	Ῥαχὴλ	N-PRI	N-PRI	4478	Ῥαχήλ	Ῥαχήλ	
Matt 2:18	κλαίουσα	V-PAP-NSF	V-PAP-NSF	2799&5723	κλαίω	κλαίουσα	
Matt 2:18	τὰ	T-APN	T-APN	3588	ὁ	τά	
Matt 2:18	τέκνα	N-APN	N-APN	5043	τέκνον	τέκνα	
Matt 2:18	αὐτῆς,	P-GSF	P-GSF	846	αὐτός	αὐτῆς	
Matt 2:18	καὶ	CONJ	CONJ	2532	καί	καί	
Matt 2:18	οὐκ	PRT-N	PRT-N	3756	οὐ	οὐκ	
Matt 2:18	ἤθελεν	V-IAI-3S	V-IAI-3S	2309&5707	θέλω	ἤθελεν	
Matt 2:18	παρακληθῆναι	V-APN	V-APN	3870&5683	παρακαλέω	παρακληθῆναι	
Matt 2:18	ὅτι	CONJ	CONJ	3754	ὅτι	ὅτι	
Matt 2:18	οὐκ	PRT-N	PRT-N	3756	οὐ	οὐκ	
Matt 2:18	εἰσίν.	V-PAI-3P	V-PAI-3P	1510&5719	εἰμί	εἰσίν	
Matt 2:19	Τελευτήσαντος	V-AAP-GSM	V-AAP-GSM	5053&5660	τελευτάω	Τελευτήσαντος	
Matt 2:19	δὲ	CONJ	CONJ	1161	δέ	δέ	
Matt 2:19	τοῦ	T-GSM	T-GSM	3588	ὁ	τοῦ	
Matt 2:19	Ἡρῴδου,	N-GSM	N-GSM	2264	Ἡρῴδης	Ἡρῴδου	
Matt 2:19	ἰδοὺ	V-2AMM-2S	V-2AMM-2S	3708&5640	ὁράω	ἰδού	
Matt 2:19	ἄγγελος	N-NSM	N-NSM	32	ἄγγελος	ἄγγελος	
Matt 2:19	Κυρίου	N-GSM	N-GSM	2962	κύριος	Κυρίου	
Matt 2:19	φαίνεται	V-PEI-3S	V-PEI-3S	5316&5727	φαίνω	φαίνεται	
Matt 2:19	κατ’	PREP	PREP	2596	κατά	κατ’	
Matt 2:19	ὄναρ	N-OI	N-OI	3677	ὄναρ	ὄναρ	
Matt 2:19	τῷ	T-DSM	T-DSM	3588	ὁ	τῷ	
Matt 2:19	Ἰωσὴφ	N-PRI	N-PRI	2501	Ἰωσήφ	Ἰωσήφ	
Matt 2:19	ἐν	PREP	PREP	1722	ἐν	ἐν	
Matt 2:19	Αἰγύπτῳ	N-DSF	N-DSF	125	Αἴγυπτος	Αἰγύπτῳ	
Matt 2:20	λέγων	V-PAP-NSM	V-PAP-NSM	3004&5723	λέγω	λέγων	
Matt 2:20	Ἐγερθεὶς	V-APP-NSM	V-APP-NSM	1453&5685	ἐγείρω	Ἐγερθείς	
Matt 2:20	παράλαβε	V-2AAM-2S	V-2AAM-2S	3880&5628	παραλαμβάνω	παράλαβε	
Matt 2:20	τὸ	T-ASN	T-ASN	3588	ὁ	τό	
Matt 2:20	παιδίον	N-ASN	N-ASN	3813	παιδίον	παιδίον	
Matt 2:20	καὶ	CONJ	CONJ	2532	καί	καί	
Matt 2:20	τὴν	T-ASF	T-ASF	3588	ὁ	τήν	
Matt 2:20	μητέρα	N-ASF	N-ASF	3384	μήτηρ	μητέρα	
Matt 2:20	αὐτοῦ	P-GSM	P-GSM	846	αὐτός	αὐτοῦ	
Matt 2:20	καὶ	CONJ	CONJ	2532	καί	καί	
Matt 2:20	πορεύου	V-PNM-2S	V-PNM-2S	4198&5737	πορεύομαι	πορεύου	
Matt 2:20	εἰς	PREP	PREP	1519	εἰς	εἰς	
Matt 2:20	γῆν	N-ASF	N-ASF	1093	γῆ	γῆν	
Matt 2:20	Ἰσραήλ·	N-PRI	N-PRI	2474	Ἰσραήλ	Ἰσραήλ	
Matt 2:20	τεθνήκασιν	V-RAI-3P	V-RAI-3P	2348&5758	θνῄσκω	τεθνήκασιν	
Matt 2:20	γὰρ	CONJ	CONJ	1063	γάρ	γάρ	
Matt 2:20	οἱ	T-NPM	T-NPM	3588	ὁ	οἱ	
Matt 2:20	ζητοῦντες	V-PAP-NPM	V-PAP-NPM	2212&5723	ζητέω	ζητοῦντες	
Matt 2:20	τὴν	T-ASF	T-ASF	3588	ὁ	τήν	
Matt 2:20	ψυχὴν	N-ASF	N-ASF	5590	ψυχή	ψυχήν	
Matt 2:20	τοῦ	T-GSN	T-GSN	3588	ὁ	τοῦ	
Matt 2:20	παιδίου.	N-GSN	N-GSN	3813	παιδίον	παιδίου	
Matt 2:21	ὁ	T-NSM	T-NSM	3588	ὁ	ὁ	
Matt 2:21	δὲ	CONJ	CONJ	1161	δέ	δέ	
Matt 2:21	ἐγερθεὶς	V-APP-NSM	V-APP-NSM	1453&5685	ἐγείρω	ἐγερθείς	
Matt 2:21	παρέλαβεν	V-2AAI-3S	V-2AAI-3S	3880	παραλαμβάνω	παρέλαβεν	
Matt 2:21	τὸ	T-ASN	T-ASN	3588	ὁ	τό	
Matt 2:21	παιδίον	N-ASN	N-ASN	3813	παιδίον	παιδίον	
Matt 2:21	καὶ	CONJ	CONJ	2532	καί	καί	
Matt 2:21	τὴν	T-ASF	T-ASF	3588	ὁ	τήν	
Matt 2:21	μητέρα	N-ASF	N-ASF	3384	μήτηρ	μητέρα	
Matt 2:21	αὐτοῦ	P-GSM	P-GSM	846	αὐτός	αὐτοῦ	
Matt 2:21	καὶ	CONJ	CONJ	2532	καί	καί	
Matt 2:21	εἰσῆλθεν	V-2AAI-3S	V-2AAI-3S	1525&5627	εἰσέρχομαι	εἰσῆλθεν	
Matt 2:21	εἰς	PREP	PREP	1519	εἰς	εἰς	
Matt 2:21	γῆν	N-ASF	N-ASF	1093	γῆ	γῆν	
Matt 2:21	Ἰσραήλ.	N-PRI	N-PRI	2474	Ἰσραήλ	Ἰσραήλ	
Matt 2:22	ἀκούσας	V-AAP-NSM	V-AAP-NSM	191&5660	ἀκούω	ἀκούσας	
Matt 2:22	δὲ	CONJ	CONJ	1161	δέ	δέ	
Matt 2:22	ὅτι	CONJ	CONJ	3754	ὅτι	ὅτι	
Matt 2:22	Ἀρχέλαος	N-NSM	N-NSM	745	Ἀρχέλαος	Ἀρχέλαος	
Matt 2:22	βασιλεύει	V-PAI-3S	V-PAI-3S	936&5719	βασιλεύω	βασιλεύει	
Matt 2:22	τῆς	T-GSF	T-GSF	3588	ὁ	τῆς	
Matt 2:22	Ἰουδαίας	N-GSF	N-GSF	2449	Ἰουδαία	Ἰουδαίας	
Matt 2:22	ἀντὶ	PREP	PREP	473	ἀντί	ἀντί	
Matt 2:22	τοῦ	T-GSM	T-GSM	3588	ὁ	τοῦ	
Matt 2:22	πατρὸς	N-GSM	N-GSM	3962	πατήρ	πατρός	
Matt 2:22	αὐτοῦ	P-GSM	P-GSM	846	αὐτός	αὐτοῦ	
Matt 2:22	Ἡρῴδου	N-GSM	N-GSM	2264	Ἡρῴδης	Ἡρῴδου	
Matt 2:22	ἐφοβήθη	V-AOI-3S	V-AOI-3S	5399&5675	φοβέω	ἐφοβήθη	
Matt 2:22	ἐκεῖ	ADV	ADV	1563	ἐκεῖ	ἐκεῖ	
Matt 2:22	ἀπελθεῖν·	V-2AAN	V-2AAN	565&5629	ἀπέρχομαι	ἀπελθεῖν	
Matt 2:22	χρηματισθεὶς	V-APP-NSM	V-APP-NSM	5537&5685	χρηματίζω	χρηματισθείς	
Matt 2:22	δὲ	CONJ	CONJ	1161	δέ	δέ	
Matt 2:22	κατ’	PREP	PREP	2596	κατά	κατ’	
Matt 2:22	ὄναρ	N-OI	N-OI	3677	ὄναρ	ὄναρ	
Matt 2:22	ἀνεχώρησεν	V-AAI-3S	V-AAI-3S	402&5656	ἀναχωρέω	ἀνεχώρησεν	
Matt 2:22	εἰς	PREP	PREP	1519	εἰς	εἰς	
Matt 2:22	τὰ	T-APN	T-APN	3588	ὁ	τά	
Matt 2:22	μέρη	N-APN	N-APN	3313	μέρος	μέρη	
Matt 2:22	τῆς	T-GSF	T-GSF	3588	ὁ	τῆς	
Matt 2:22	Γαλιλαίας,	N-GSF	N-GSF	1056	Γαλιλαία	Γαλιλαίας	
Matt 2:23	καὶ	CONJ	CONJ	2532	καί	καί	
Matt 2:23	ἐλθὼν	V-2AAP-NSM	V-2AAP-NSM	2064&5631	ἔρχομαι	ἐλθών	
Matt 2:23	κατῴκησεν	V-AAI-3S	V-AAI-3S	2730&5656	κατοικέω	κατῴκησεν	
Matt 2:23	εἰς	PREP	PREP	1519	εἰς	εἰς	
Matt 2:23	πόλιν	N-ASF	N-ASF	4172	πόλις	πόλιν	
Matt 2:23	λεγομένην	V-PPP-ASF	V-PEP-ASF	3004&5746	λέγω	λεγομένην	
Matt 2:23	Ναζαρέτ·	N-PRI	N-PRI	3478	Ναζαρά	Ναζαρέτ	
Matt 2:23	ὅπως	ADV	ADV	3704	ὅπως	ὅπως	
Matt 2:23	πληρωθῇ	V-APS-3S	V-APS-3S	4137&5686	πληρόω	πληρωθῇ	
Matt 2:23	τὸ	T-NSN	T-NSN	3588	ὁ	τό	
Matt 2:23	ῥηθὲν	V-APP-NSN	V-APP-NSN	2046&5685	εἶπον	ῥηθέν	
Matt 2:23	διὰ	PREP	PREP	1223	διά	διά	
Matt 2:23	τῶν	T-GPM	T-GPM	3588	ὁ	τῶν	
Matt 2:23	προφητῶν	N-GPM	N-GPM	4396	προφήτης	προφητῶν	
Matt 2:23	ὅτι	CONJ	CONJ	3754	ὅτι	ὅτι	
Matt 2:23	Ναζωραῖος	N-NSM	N-NSM	3480	Ναζωραῖος	Ναζωραῖος	
Matt 2:23	κληθήσεται.	V-FPI-3S	V-FPI-3S	2564&5701	καλέω	κληθήσεται	
Matt 3:1	Ἐν	PREP	PREP	1722	ἐν	Ἐν	
Matt 3:1	δὲ	CONJ	CONJ	1161	δέ	δέ	
Matt 3:1	ταῖς	T-DPF	T-DPF	3588	ὁ	ταῖς	
Matt 3:1	ἡμέραις	N-DPF	N-DPF	2250	ἡμέρα	ἡμέραις	
Matt 3:1	ἐκείναις	D-DPF	D-DPF	1565	ἐκεῖνος	ἐκείναις	
Matt 3:1	παραγίνεται	V-PNI-3S	V-PNI-3S	3854&5736	παραγίνομαι	παραγίνεται	
Matt 3:1	Ἰωάνης	N-NSM	N-NSM	2491	Ἰωάννης	Ἰωάνης	
Matt 3:1	ὁ	T-NSM	T-NSM	3588	ὁ	ὁ	
Matt 3:1	βαπτιστὴς	N-NSM	N-NSM	910	βαπτιστής	βαπτιστής	
Matt 3:1	κηρύσσων	V-PAP-NSM	V-PAP-NSM	2784&5723	κηρύσσω	κηρύσσων	
Matt 3:1	ἐν	PREP	PREP	1722	ἐν	ἐν	
Matt 3:1	τῇ	T-DSF	T-DSF	3588	ὁ	τῇ	
Matt 3:1	ἐρήμῳ	A-DSF	A-DSF	2048	ἔρημος	ἐρήμῳ	
Matt 3:1	τῆς	T-GSF	T-GSF	3588	ὁ	τῆς	
Matt 3:1	Ἰουδαίας,	N-GSF	N-GSF	2449	Ἰουδαία	Ἰουδαίας	
Matt 3:2	λέγων	V-PAP-NSM	V-PAP-NSM	3004&5723	λέγω	λέγων	
Matt 3:2	Μετανοεῖτε·	V-PAM-2P	V-PAM-2P	3340&5720	μετανοέω	Μετανοεῖτε	
Matt 3:2	ἤγγικεν	V-RAI-3S	V-RAI-3S	1448&5758	ἐγγίζω	ἤγγικεν	
Matt 3:2	γὰρ	CONJ	CONJ	1063	γάρ	γάρ	
Matt 3:2	ἡ	T-NSF	T-NSF	3588	ὁ	ἡ	
Matt 3:2	βασιλεία	N-NSF	N-NSF	932	βασιλεία	βασιλεία	
Matt 3:2	τῶν	T-GPM	T-GPM	3588	ὁ	τῶν	
Matt 3:2	οὐρανῶν.	N-GPM	N-GPM	3772	οὐρανός	οὐρανῶν	
Matt 3:3	οὗτος	D-NSM	D-NSM	3778	οὗτος	οὗτος	
Matt 3:3	γάρ	CONJ	CONJ	1063	γάρ	γάρ	
Matt 3:3	ἐστιν	V-PAI-3S	V-PAI-3S	1510&5719	εἰμί	ἐστιν	
Matt 3:3	ὁ	T-NSM	T-NSM	3588	ὁ	ὁ	
Matt 3:3	ῥηθεὶς	V-APP-NSM	V-APP-NSM	2046&5685	εἶπον	ῥηθείς	
Matt 3:3	διὰ	PREP	PREP	1223	διά	διά	
Matt 3:3	Ἠσαΐου	N-GSM	N-GSM	2268	Ἠσαΐας	Ἠσαΐου	
Matt 3:3	τοῦ	T-GSM	T-GSM	3588	ὁ	τοῦ	
Matt 3:3	προφήτου	N-GSM	N-GSM	4396	προφήτης	προφήτου	
Matt 3:3	λέγοντος	V-PAP-GSM	V-PAP-GSM	3004&5723	λέγω	λέγοντος	
Matt 3:3	Φωνὴ	N-NSF	N-NSF	5456	φωνή	Φωνή	
Matt 3:3	βοῶντος	V-PAP-GSM	V-PAP-GSM	994&5723	βοάω	βοῶντος	
Matt 3:3	ἐν	PREP	PREP	1722	ἐν	ἐν	
Matt 3:3	τῇ	T-DSF	T-DSF	3588	ὁ	τῇ	
Matt 3:3	ἐρήμῳ	A-DSF	A-DSF	2048	ἔρημος	ἐρήμῳ	
Matt 3:3	Ἑτοιμάσατε	V-AAM-2P	V-AAM-2P	2090&5657	ἑτοιμάζω	Ἑτοιμάσατε	
Matt 3:3	τὴν	T-ASF	T-ASF	3588	ὁ	τήν	
Matt 3:3	ὁδὸν	N-ASF	N-ASF	3598	ὁδός	ὁδόν	
Matt 3:3	Κυρίου,	N-GSM	N-GSM	2962	κύριος	Κυρίου	
Matt 3:3	εὐθείας	A-APF	A-APF	2117	εὐθύς	εὐθείας	
Matt 3:3	ποιεῖτε	V-PAM-2P	V-PAM-2P	4160&5720	ποιέω	ποιεῖτε	
Matt 3:3	τὰς	T-APF	T-APF	3588	ὁ	τάς	
Matt 3:3	τρίβους	N-APF	N-APF	5147	τρίβος	τρίβους	
Matt 3:3	αὐτοῦ.	P-GSM	P-GSM	846	αὐτός	αὐτοῦ	
Matt 3:4	Αὐτὸς	P-NSM	P-NSM	846	αὐτός	Αὐτός	
Matt 3:4	δὲ	CONJ	CONJ	1161	δέ	δέ	
Matt 3:4	ὁ	T-NSM	T-NSM	3588	ὁ	ὁ	
Matt 3:4	Ἰωάνης	N-NSM	N-NSM	2491	Ἰωάννης	Ἰωάνης	
Matt 3:4	εἶχεν	V-IAI-3S	V-IAI-3S	2192&5707	ἔχω	εἶχεν	
Matt 3:4	τὸ	T-ASN	T-ASN	3588	ὁ	τό	
Matt 3:4	ἔνδυμα	N-ASN	N-ASN	1742	ἔνδυμα	ἔνδυμα	
Matt 3:4	αὐτοῦ	P-GSM	P-GSM	846	αὐτός	αὐτοῦ	
Matt 3:4	ἀπὸ	PREP	PREP	575	ἀπό	ἀπό	
Matt 3:4	τριχῶν	N-GPF	N-GPF	2359	θρίξ	τριχῶν	
Matt 3:4	καμήλου	N-GSF	N-GSF	2574	κάμηλος	καμήλου	
Matt 3:4	καὶ	CONJ	CONJ	2532	καί	καί	
Matt 3:4	ζώνην	N-ASF	N-ASF	2223	ζώνη	ζώνην	
Matt 3:4	δερματίνην	A-ASF	A-ASF	1193	δερμάτινος	δερματίνην	
Matt 3:4	περὶ	PREP	PREP	4012	περί	περί	
Matt 3:4	τὴν	T-ASF	T-ASF	3588	ὁ	τήν	
Matt 3:4	ὀσφὺν	N-ASF	N-ASF	3751	ὀσφῦς	ὀσφύν	
Matt 3:4	αὐτοῦ·	P-GSM	P-GSM	846	αὐτός	αὐτοῦ	
Matt 3:4	ἡ	T-NSF	T-NSF	3588	ὁ	ἡ	
Matt 3:4	δὲ	CONJ	CONJ	1161	δέ	δέ	
Matt 3:4	τροφὴ	N-NSF	N-NSF	5160	τροφή	τροφή	
Matt 3:4	ἦν	V-IAI-3S	V-IAI-3S	1510&5707	εἰμί	ἦν	
Matt 3:4	αὐτοῦ	P-GSM	P-GSM	846	αὐτός	αὐτοῦ	
Matt 3:4	ἀκρίδες	N-NPF	N-NPF	200	ἀκρίς	ἀκρίδες	
Matt 3:4	καὶ	CONJ	CONJ	2532	καί	καί	
Matt 3:4	μέλι	N-NSN	N-NSN	3192	μέλι	μέλι	
Matt 3:4	ἄγριον.	A-NSN	A-NSN	66	ἄγριος	ἄγριον	
Matt 3:5	Τότε	ADV	ADV	5119	τότε	Τότε	
Matt 3:5	ἐξεπορεύετο	V-INI-3S	V-INI-3S	1607&5711	ἐκπορεύομαι	ἐξεπορεύετο	
Matt 3:5	πρὸς	PREP	PREP	4314	πρός	πρός	
Matt 3:5	αὐτὸν	P-ASM	P-ASM	846	αὐτός	αὐτόν	
Matt 3:5	Ἱεροσόλυμα	N-NSF	N-NSF	2414	Ἱεροσόλυμα	Ἱεροσόλυμα	
Matt 3:5	καὶ	CONJ	CONJ	2532	καί	καί	
Matt 3:5	πᾶσα	A-NSF	A-NSF	3956	πᾶς	πᾶσα	
Matt 3:5	ἡ	T-NSF	T-NSF	3588	ὁ	ἡ	
Matt 3:5	Ἰουδαία	N-NSF	N-NSF	2449	Ἰουδαία	Ἰουδαία	
Matt 3:5	καὶ	CONJ	CONJ	2532	καί	καί	
Matt 3:5	πᾶσα	A-NSF	A-NSF	3956	πᾶς	πᾶσα	
Matt 3:5	ἡ	T-NSF	T-NSF	3588	ὁ	ἡ	
Matt 3:5	περίχωρος	A-NSF	A-NSF	4066	περίχωρος	περίχωρος	
Matt 3:5	τοῦ	T-GSM	T-GSM	3588	ὁ	τοῦ	
Matt 3:5	Ἰορδάνου,	N-GSM	N-GSM	2446	Ἰορδάνης	Ἰορδάνου	
Matt 3:6	καὶ	CONJ	CONJ	2532	καί	καί	
Matt 3:6	ἐβαπτίζοντο	V-IPI-3P	V-IEI-3P	907&5712	βαπτίζω	ἐβαπτίζοντο	
Matt 3:6	ἐν	PREP	PREP	1722	ἐν	ἐν	
Matt 3:6	τῷ	T-DSM	T-DSM	3588	ὁ	τῷ	
Matt 3:6	Ἰορδάνῃ	N-DSM	N-DSM	2446	Ἰορδάνης	Ἰορδάνῃ	
Matt 3:6	ποταμῷ	N-DSM	N-DSM	4215	ποταμός	ποταμῷ	
Matt 3:6	ὑπ’	PREP	PREP	5259	ὑπό	ὑπ’	
Matt 3:6	αὐτοῦ	P-GSM	P-GSM	846	αὐτός	αὐτοῦ	
Matt 3:6	ἐξομολογούμενοι	V-PMP-NPM	V-PEP-NPM	1843&5734	ἐξομολογέω	ἐξομολογούμενοι	
Matt 3:6	τὰς	T-APF	T-APF	3588	ὁ	τάς	
Matt 3:6	ἁμαρτίας	N-APF	N-APF	266	ἁμαρτία	ἁμαρτίας	
Matt 3:6	αὐτῶν.	P-GPM	P-GPM	846	αὐτός	αὐτῶν	
Matt 3:7	Ἰδὼν	V-2AAP-NSM	V-2AAP-NSM	3708&5631	ὁράω	Ἰδών	
Matt 3:7	δὲ	CONJ	CONJ	1161	δέ	δέ	
Matt 3:7	πολλοὺς	A-APM	A-APM	4183	πολύς	πολλούς	
Matt 3:7	τῶν	T-GPM	T-GPM	3588	ὁ	τῶν	
Matt 3:7	Φαρισαίων	N-GPM	N-GPM	5330	Φαρισαῖος	Φαρισαίων	
Matt 3:7	καὶ	CONJ	CONJ	2532	καί	καί	
Matt 3:7	Σαδδουκαίων	N-GPM	N-GPM	4523	Σαδδουκαῖος	Σαδδουκαίων	
Matt 3:7	ἐρχομένους	V-PNP-APM	V-PNP-APM	2064&5740	ἔρχομαι	ἐρχομένους	
Matt 3:7	ἐπὶ	PREP	PREP	1909	ἐπί	ἐπί	
Matt 3:7	τὸ	T-ASN	T-ASN	3588	ὁ	τό	
Matt 3:7	βάπτισμα	N-ASN	N-ASN	908	βάπτισμα	βάπτισμα	
Matt 3:7	εἶπεν	V-2AAI-3S	V-2AAI-3S	3004&5627	λέγω	εἶπεν	
Matt 3:7	αὐτοῖς	P-DPM	P-DPM	846	αὐτός	αὐτοῖς	
Matt 3:7	Γεννήματα	N-VPN	N-VPN	1081	γέννημα	Γεννήματα	
Matt 3:7	ἐχιδνῶν,	N-GPF	N-GPF	2191	ἔχιδνα	ἐχιδνῶν	
Matt 3:7	τίς	I-NSM	I-NSM	5101	τίς	τίς	
Matt 3:7	ὑπέδειξεν	V-AAI-3S	V-AAI-3S	5263&5656	ὑποδείκνυμι	ὑπέδειξεν	
Matt 3:7	ὑμῖν	P-2DP	P-2DP	4771	σύ	ὑμῖν	
Matt 3:7	φυγεῖν	V-2AAN	V-2AAN	5343&5629	φεύγω	φυγεῖν	
Matt 3:7	ἀπὸ	PREP	PREP	575	ἀπό	ἀπό	
Matt 3:7	τῆς	T-GSF	T-GSF	3588	ὁ	τῆς	
Matt 3:7	μελλούσης	V-PAP-GSF	V-PAP-GSF	3195&5723	μέλλω	μελλούσης	
Matt 3:7	ὀργῆς;	N-GSF	N-GSF	3709	ὀργή	ὀργῆς	
Matt 3:8	ποιήσατε	V-AAM-2P	V-AAM-2P	4160&5657	ποιέω	ποιήσατε	
Matt 3:8	οὖν	CONJ	CONJ	3767	οὖν	οὖν	
Matt 3:8	καρπὸν	N-ASM	N-ASM	2590	καρπός	καρπόν	
Matt 3:8	ἄξιον	A-ASM	A-ASM	514	ἄξιος	ἄξιον	
Matt 3:8	τῆς	T-GSF	T-GSF	3588	ὁ	τῆς	
Matt 3:8	μετανοίας·	N-GSF	N-GSF	3341	μετάνοια	μετανοίας	
Matt 3:9	καὶ	CONJ	CONJ	2532	καί	καί	
Matt 3:9	μὴ	PRT-N	PRT-N	3361	μή	μή	
Matt 3:9	δόξητε	V-AAS-2P	V-AAS-2P	1380&5661	δοκέω	δόξητε	
Matt 3:9	λέγειν	V-PAN	V-PAN	3004&5721	λέγω	λέγειν	
Matt 3:9	ἐν	PREP	PREP	1722	ἐν	ἐν	
Matt 3:9	ἑαυτοῖς	F-2DPM	F-2DPM	1438	ἑαυτοῦ	ἑαυτοῖς	
Matt 3:9	Πατέρα	N-ASM	N-ASM	3962	πατήρ	Πατέρα	
Matt 3:9	ἔχομεν	V-PAI-1P	V-PAI-1P	2192&5719	ἔχω	ἔχομεν	
Matt 3:9	τὸν	T-ASM	T-ASM	3588	ὁ	τόν	
Matt 3:9	Ἀβραάμ·	N-PRI	N-PRI	11	Ἀβραάμ	Ἀβραάμ	
Matt 3:9	λέγω	V-PAI-1S	V-PAI-1S	3004&5719	λέγω	λέγω	
Matt 3:9	γὰρ	CONJ	CONJ	1063	γάρ	γάρ	
Matt 3:9	ὑμῖν	P-2DP	P-2DP	4771	σύ	ὑμῖν	
Matt 3:9	ὅτι	CONJ	CONJ	3754	ὅτι	ὅτι	
Matt 3:9	δύναται	V-PNI-3S	V-PNI-3S	1410&5736	δύναμαι	δύναται	
Matt 3:9	ὁ	T-NSM	T-NSM	3588	ὁ	ὁ	
Matt 3:9	Θεὸς	N-NSM	N-NSM	2316	θεός	Θεός	
Matt 3:9	ἐκ	PREP	PREP	1537	ἐκ	ἐκ	
Matt 3:9	τῶν	T-GPM	T-GPM	3588	ὁ	τῶν	
Matt 3:9	λίθων	N-GPM	N-GPM	3037	λίθος	λίθων	
Matt 3:9	τούτων	D-GPM	D-GPM	3778	οὗτος	τούτων	
Matt 3:9	ἐγεῖραι	V-AAN	V-AAN	1453&5658	ἐγείρω	ἐγεῖραι	
Matt 3:9	τέκνα	N-APN	N-APN	5043	τέκνον	τέκνα	
Matt 3:9	τῷ	T-DSM	T-DSM	3588	ὁ	τῷ	
Matt 3:9	Ἀβραάμ.	N-PRI	N-PRI	11	Ἀβραάμ	Ἀβραάμ	
Matt 3:10	ἤδη	ADV	ADV	2235	ἤδη	ἤδη	
Matt 3:10	δὲ	CONJ	CONJ	1161	δέ	δέ	
Matt 3:10	ἡ	T-NSF	T-NSF	3588	ὁ	ἡ	
Matt 3:10	ἀξίνη	N-NSF	N-NSF	513	ἀξίνη	ἀξίνη	
Matt 3:10	πρὸς	PREP	PREP	4314	πρός	πρός	
Matt 3:10	τὴν	T-ASF	T-ASF	3588	ὁ	τήν	
Matt 3:10	ῥίζαν	N-ASF	N-ASF	4491	ῥίζα	ῥίζαν	
Matt 3:10	τῶν	T-GPN	T-GPN	3588	ὁ	τῶν	
Matt 3:10	δένδρων	N-GPN	N-GPN	1186	δένδρον	δένδρων	
Matt 3:10	κεῖται·	V-PNI-3S	V-PNI-3S	2749&5736	κεῖμαι	κεῖται	
Matt 3:10	πᾶν	A-NSN	A-NSN	3956	πᾶς	πᾶν	
Matt 3:10	οὖν	CONJ	CONJ	3767	οὖν	οὖν	
Matt 3:10	δένδρον	N-NSN	N-NSN	1186	δένδρον	δένδρον	
Matt 3:10	μὴ	PRT-N	PRT-N	3361	μή	μή	
Matt 3:10	ποιοῦν	V-PAP-NSN	V-PAP-NSN	4160&5723	ποιέω	ποιοῦν	
Matt 3:10	καρπὸν	N-ASM	N-ASM	2590	καρπός	καρπόν	
Matt 3:10	καλὸν	A-ASM	A-ASM	2570	καλός	καλόν	
Matt 3:10	ἐκκόπτεται	V-PPI-3S	V-PEI-3S	1581&5743	ἐκκόπτω	ἐκκόπτεται	
Matt 3:10	καὶ	CONJ	CONJ	2532	καί	καί	
Matt 3:10	εἰς	PREP	PREP	1519	εἰς	εἰς	
Matt 3:10	πῦρ	N-ASN	N-ASN	4442	πῦρ	πῦρ	
Matt 3:10	βάλλεται.	V-PPI-3S	V-PEI-3S	906&5743	βάλλω	βάλλεται	
Matt 3:11	ἐγὼ	P-1NS	P-1NS	1473	ἐγώ	ἐγώ	
Matt 3:11	μὲν	PRT	PRT	3303	μέν	μέν	
Matt 3:11	ὑμᾶς	P-2AP	P-2AP	4771	σύ	ὑμᾶς	
Matt 3:11	βαπτίζω	V-PAI-1S	V-PAI-1S	907&5719	βαπτίζω	βαπτίζω	
Matt 3:11	ἐν	PREP	PREP	1722	ἐν	ἐν	
Matt 3:11	ὕδατι	N-DSN	N-DSN	5204	ὕδωρ	ὕδατι	
Matt 3:11	εἰς	PREP	PREP	1519	εἰς	εἰς	
Matt 3:11	μετάνοιαν·	N-ASF	N-ASF	3341	μετάνοια	μετάνοιαν	
Matt 3:11	ὁ	T-NSM	T-NSM	3588	ὁ	ὁ	
Matt 3:11	δὲ	CONJ	CONJ	1161	δέ	δέ	
Matt 3:11	ὀπίσω	ADV	ADV	3694	ὀπίσω	ὀπίσω	
Matt 3:11	μου	P-1GS	P-1GS	1473	ἐγώ	μου	
Matt 3:11	ἐρχόμενος	V-PNP-NSM	V-PNP-NSM	2064&5740	ἔρχομαι	ἐρχόμενος	
Matt 3:11	ἰσχυρότερός	A-NSM-C	A-NSM-C	2478	ἰσχυρός	ἰσχυρότερος	
Matt 3:11	μού	P-1GS	P-1GS	1473	ἐγώ	μού	
Matt 3:11	ἐστιν,	V-PAI-3S	V-PAI-3S	1510	εἰμί	ἐστιν	
Matt 3:11	οὗ	R-GSM	R-GSM	3739	ὅς	οὗ	
Matt 3:11	οὐκ	PRT-N	PRT-N	3756	οὐ	οὐκ	
Matt 3:11	εἰμὶ	V-PAI-1S	V-PAI-1S	1510&5719	εἰμί	εἰμί	
Matt 3:11	ἱκανὸς	A-NSM	A-NSM	2425	ἱκανός	ἱκανός	
Matt 3:11	τὰ	T-APN	T-APN	3588	ὁ	τά	
Matt 3:11	ὑποδήματα	N-APN	N-APN	5266	ὑπόδημα	ὑποδήματα	
Matt 3:11	βαστάσαι·	V-AAN	V-AAN	941&5658	βαστάζω	βαστάσαι	
Matt 3:11	αὐτὸς	P-NSM	P-NSM	846	αὐτός	αὐτός	
Matt 3:11	ὑμᾶς	P-2AP	P-2AP	4771	σύ	ὑμᾶς	
Matt 3:11	βαπτίσει	V-FAI-3S	V-FAI-3S	907&5692	βαπτίζω	βαπτίσει	
Matt 3:11	ἐν	PREP	PREP	1722	ἐν	ἐν	
Matt 3:11	Πνεύματι	N-DSN	N-DSN	4151	πνεῦμα	Πνεύματι	
Matt 3:11	Ἁγίῳ	A-DSN	A-DSN	40	ἅγιος	Ἁγίῳ	
Matt 3:11	καὶ	CONJ	CONJ	2532	καί	καί	
Matt 3:11	πυρί·	N-DSN	N-DSN	4442	πῦρ	πυρί	
Matt 3:12	οὗ	R-GSM	R-GSM	3739	ὅς	οὗ	
Matt 3:12	τὸ	T-NSN	T-NSN	3588	ὁ	τό	
Matt 3:12	πτύον	N-NSN	N-NSN	4425	πτύον	πτύον	
Matt 3:12	ἐν	PREP	PREP	1722	ἐν	ἐν	
Matt 3:12	τῇ	T-DSF	T-DSF	3588	ὁ	τῇ	
Matt 3:12	χειρὶ	N-DSF	N-DSF	5495	χείρ	χειρί	
Matt 3:12	αὐτοῦ,	P-GSM	P-GSM	846	αὐτός	αὐτοῦ	
Matt 3:12	καὶ	CONJ	CONJ	2532	καί	καί	
Matt 3:12	διακαθαριεῖ	V-FAI-3S-ATT	V-FAI-3S-ATT	1245&5692	διακαθαρίζω	διακαθαριεῖ	
Matt 3:12	τὴν	T-ASF	T-ASF	3588	ὁ	τήν	
Matt 3:12	ἅλωνα	N-ASF	N-ASF	257	ἅλων	ἅλωνα	
Matt 3:12	αὐτοῦ,	P-GSM	P-GSM	846	αὐτός	αὐτοῦ	
Matt 3:12	καὶ	CONJ	CONJ	2532	καί	καί	
Matt 3:12	συνάξει	V-FAI-3S	V-FAI-3S	4863&5692	συνάγω	συνάξει	
Matt 3:12	τὸν	T-ASM	T-ASM	3588	ὁ	τόν	
Matt 3:12	σῖτον	N-ASM	N-ASM	4621	σῖτος	σῖτον	
Matt 3:12	αὐτοῦ	P-GSM	P-GSM	846	αὐτός	αὐτοῦ	
Matt 3:12	εἰς	PREP	PREP	1519	εἰς	εἰς	
Matt 3:12	τὴν	T-ASF	T-ASF	3588	ὁ	τήν	
Matt 3:12	ἀποθήκην,	N-ASF	N-ASF	596	ἀποθήκη	ἀποθήκην	
Matt 3:12	τὸ	T-ASN	T-ASN	3588	ὁ	τό	
Matt 3:12	δὲ	CONJ	CONJ	1161	δέ	δέ	
Matt 3:12	ἄχυρον	N-ASN	N-ASN	892	ἄχυρον	ἄχυρον	
Matt 3:12	κατακαύσει	V-FAI-3S	V-FAI-3S	2618&5692	κατακαίω	κατακαύσει	
Matt 3:12	πυρὶ	N-DSN	N-DSN	4442	πῦρ	πυρί	
Matt 3:12	ἀσβέστῳ.	A-DSN	A-DSN	762	ἄσβεστος	ἀσβέστῳ	
Matt 3:13	Τότε	ADV	ADV	5119	τότε	Τότε	
Matt 3:13	παραγίνεται	V-PNI-3S	V-PNI-3S	3854&5736	παραγίνομαι	παραγίνεται	
Matt 3:13	ὁ	T-NSM	T-NSM	3588	ὁ	ὁ	
Matt 3:13	Ἰησοῦς	N-NSM	N-NSM	2424	Ἰησοῦς	Ἰησοῦς	
Matt 3:13	ἀπὸ	PREP	PREP	575	ἀπό	ἀπό	
Matt 3:13	τῆς	T-GSF	T-GSF	3588	ὁ	τῆς	
Matt 3:13	Γαλιλαίας	N-GSF	N-GSF	1056	Γαλιλαία	Γαλιλαίας	
Matt 3:13	ἐπὶ	PREP	PREP	1909	ἐπί	ἐπί	
Matt 3:13	τὸν	T-ASM	T-ASM	3588	ὁ	τόν	
Matt 3:13	Ἰορδάνην	N-ASM	N-ASM	2446	Ἰορδάνης	Ἰορδάνην	
Matt 3:13	πρὸς	PREP	PREP	4314	πρός	πρός	
Matt 3:13	τὸν	T-ASM	T-ASM	3588	ὁ	τόν	
Matt 3:13	Ἰωάνην	N-ASM	N-ASM	2491	Ἰωάννης	Ἰωάνην	
Matt 3:13	τοῦ	T-GSN	T-GSN	3588	ὁ	τοῦ	
Matt 3:13	βαπτισθῆναι	V-APN	V-APN	907&5683	βαπτίζω	βαπτισθῆναι	
Matt 3:13	ὑπ’	PREP	PREP	5259	ὑπό	ὑπ’	
Matt 3:13	αὐτοῦ.	P-GSM	P-GSM	846	αὐτός	αὐτοῦ	
Matt 3:14	ὁ	T-NSM	T-NSM	3588	ὁ	ὁ	
Matt 3:14	δὲ	CONJ	CONJ	1161	δέ	δέ	
Matt 3:14	διεκώλυεν	V-IAI-3S	V-IAI-3S	1254&5707	διακωλύω	διεκώλυεν	
Matt 3:14	αὐτὸν	P-ASM	P-ASM	846	αὐτός	αὐτόν	
Matt 3:14	λέγων	V-PAP-NSM	V-PAP-NSM	3004&5723	λέγω	λέγων	
Matt 3:14	Ἐγὼ	P-1NS	P-1NS	1473	ἐγώ	Ἐγώ	
Matt 3:14	χρείαν	N-ASF	N-ASF	5532	χρεία	χρείαν	
Matt 3:14	ἔχω	V-PAI-1S	V-PAI-1S	2192&5719	ἔχω	ἔχω	
Matt 3:14	ὑπὸ	PREP	PREP	5259	ὑπό	ὑπό	
Matt 3:14	σοῦ	P-2GS	P-2GS	4771	σύ	σοῦ	
Matt 3:14	βαπτισθῆναι,	V-APN	V-APN	907&5683	βαπτίζω	βαπτισθῆναι	
Matt 3:14	καὶ	CONJ	CONJ	2532	καί	καί	
Matt 3:14	σὺ	P-2NS	P-2NS	4771	σύ	σύ	
Matt 3:14	ἔρχῃ	V-PNI-2S	V-PNI-2S	2064&5736	ἔρχομαι	ἔρχῃ	
Matt 3:14	πρός	PREP	PREP	4314	πρός	πρός	
Matt 3:14	με;	P-1AS	P-1AS	1473	ἐγώ	με	
Matt 3:15	ἀποκριθεὶς	V-AOP-NSM	V-AOP-NSM	611&5679	ἀποκρίνομαι	ἀποκριθείς	
Matt 3:15	δὲ	CONJ	CONJ	1161	δέ	δέ	
Matt 3:15	ὁ	T-NSM	T-NSM	3588	ὁ	ὁ	
Matt 3:15	Ἰησοῦς	N-NSM	N-NSM	2424	Ἰησοῦς	Ἰησοῦς	
Matt 3:15	εἶπεν	V-2AAI-3S	V-2AAI-3S	3004&5627	λέγω	εἶπεν	
Matt 3:15	αὐτῷ	P-DSM	P-DSM	846	αὐτός	αὐτῷ	
Matt 3:15	Ἄφες	V-2AAM-2S	V-2AAM-2S	863&5628	ἀφίημι	Ἄφες	
Matt 3:15	ἄρτι·	ADV	ADV	737	ἄρτι	ἄρτι	
Matt 3:15	οὕτως	ADV	ADV	3779	οὕτω	οὕτως	
Matt 3:15	γὰρ	CONJ	CONJ	1063	γάρ	γάρ	
Matt 3:15	πρέπον	V-PAP-NSN	V-PAP-NSN	4241&5723	πρέπω	πρέπον	
Matt 3:15	ἐστὶν	V-PAI-3S	V-PAI-3S	1510&5719	εἰμί	ἐστίν	
Matt 3:15	ἡμῖν	P-1DP	P-1DP	1473	ἐγώ	ἡμῖν	
Matt 3:15	πληρῶσαι	V-AAN	V-AAN	4137&5658	πληρόω	πληρῶσαι	
Matt 3:15	πᾶσαν	A-ASF	A-ASF	3956	πᾶς	πᾶσαν	
Matt 3:15	δικαιοσύνην.	N-ASF	N-ASF	1343	δικαιοσύνη	δικαιοσύνην	
Matt 3:15	τότε	ADV	ADV	5119	τότε	τότε	
Matt 3:15	ἀφίησιν	V-PAI-3S	V-PAI-3S	863&5719	ἀφίημι	ἀφίησιν	
Matt 3:15	αὐτόν.	P-ASM	P-ASM	846	αὐτός	αὐτόν	
Matt 3:16	βαπτισθεὶς	V-APP-NSM	V-APP-NSM	907&5685	βαπτίζω	βαπτισθείς	
Matt 3:16	δὲ	CONJ	CONJ	1161	δέ	δέ	
Matt 3:16	ὁ	T-NSM	T-NSM	3588	ὁ	ὁ	
Matt 3:16	Ἰησοῦς	N-NSM	N-NSM	2424	Ἰησοῦς	Ἰησοῦς	
Matt 3:16	εὐθὺς	ADV	ADV	2112	εὐθέως	εὐθύς	
Matt 3:16	ἀνέβη	V-2AAI-3S	V-2AAI-3S	305&5627	ἀναβαίνω	ἀνέβη	
Matt 3:16	ἀπὸ	PREP	PREP	575	ἀπό	ἀπό	
Matt 3:16	τοῦ	T-GSN	T-GSN	3588	ὁ	τοῦ	
Matt 3:16	ὕδατος·	N-GSN	N-GSN	5204	ὕδωρ	ὕδατος	
Matt 3:16	καὶ	CONJ	CONJ	2532	καί	καί	
Matt 3:16	ἰδοὺ	V-2AMM-2S	V-2AMM-2S	3708&5640	ὁράω	ἰδού	
Matt 3:16	ἠνεῴχθησαν	V-API-3P	V-API-3P	455&5681	ἀνοίγω	ἠνεῴχθησαν	
Matt 3:16	οἱ	T-NPM	T-NPM	3588	ὁ	οἱ	
Matt 3:16	οὐρανοί,	N-NPM	N-NPM	3772	οὐρανός	οὐρανοί	
Matt 3:16	καὶ	CONJ	CONJ	2532	καί	καί	
Matt 3:16	εἶδεν	V-2AAI-3S	V-2AAI-3S	3708&5627	ὁράω	εἶδεν	
Matt 3:16	Πνεῦμα	N-ASN	N-ASN	4151	πνεῦμα	Πνεῦμα	
Matt 3:16	Θεοῦ	N-GSM	N-GSM	2316	θεός	Θεοῦ	
Matt 3:16	καταβαῖνον	V-PAP-ASN	V-PAP-ASN	2597&5723	καταβαίνω	καταβαῖνον	
Matt 3:16	ὡσεὶ	ADV	ADV	5616	ὡσεί	ὡσεί	
Matt 3:16	περιστερὰν	N-ASF	N-ASF	4058	περιστερά	περιστεράν	
Matt 3:16	ἐρχόμενον	V-PNP-ASN	V-PNP-ASN	2064&5740	ἔρχομαι	ἐρχόμενον	
Matt 3:16	ἐπ’	PREP	PREP	1909	ἐπί	ἐπ’	
Matt 3:16	αὐτόν·	P-ASM	P-ASM	846	αὐτός	αὐτόν	
Matt 3:17	καὶ	CONJ	CONJ	2532	καί	καί	
Matt 3:17	ἰδοὺ	V-2AMM-2S	V-2AMM-2S	3708&5640	ὁράω	ἰδού	
Matt 3:17	φωνὴ	N-NSF	N-NSF	5456	φωνή	φωνή	
Matt 3:17	ἐκ	PREP	PREP	1537	ἐκ	ἐκ	
Matt 3:17	τῶν	T-GPM	T-GPM	3588	ὁ	τῶν	
Matt 3:17	οὐρανῶν	N-GPM	N-GPM	3772	οὐρανός	οὐρανῶν	
Matt 3:17	λέγουσα	V-PAP-NSF	V-PAP-NSF	3004&5723	λέγω	λέγουσα	
Matt 3:17	Οὗτός	D-NSM	D-NSM	3778	οὗτος	Οὗτος	
Matt 3:17	ἐστιν	V-PAI-3S	V-PAI-3S	1510&5719	εἰμί	ἐστιν	
Matt 3:17	ὁ	T-NSM	T-NSM	3588	ὁ	ὁ	
Matt 3:17	Υἱός	N-NSM	N-NSM	5207	υἱός	Υἱός	
Matt 3:17	μου	P-1GS	P-1GS	1473	ἐγώ	μου	
Matt 3:17	ὁ	T-NSM	T-NSM	3588	ὁ	ὁ	
Matt 3:17	ἀγαπητός,	A-NSM	A-NSM	27	ἀγαπητός	ἀγαπητός	
Matt 3:17	ἐν	PREP	PREP	1722	ἐν	ἐν	
Matt 3:17	ᾧ	R-DSM	R-DSM	3739	ὅς	ᾧ	
Matt 3:17	εὐδόκησα.	V-AAI-1S	V-AAI-1S	2106&5656	εὐδοκέω	εὐδόκησα	
Matt 4:1	Τότε	ADV	ADV	5119	τότε	Τότε	
Matt 4:1	ὁ	T-NSM	T-NSM	3588	ὁ	ὁ	
Matt 4:1	Ἰησοῦς	N-NSM	N-NSM	2424	Ἰησοῦς	Ἰησοῦς	
Matt 4:1	ἀνήχθη	V-API-3S	V-API-3S	321&5681	ἀνάγω	ἀνήχθη	
Matt 4:1	εἰς	PREP	PREP	1519	εἰς	εἰς	
Matt 4:1	τὴν	T-ASF	T-ASF	3588	ὁ	τήν	
Matt 4:1	ἔρημον	A-ASF	A-ASF	2048	ἔρημος	ἔρημον	
Matt 4:1	ὑπὸ	PREP	PREP	5259	ὑπό	ὑπό	
Matt 4:1	τοῦ	T-GSN	T-GSN	3588	ὁ	τοῦ	
Matt 4:1	Πνεύματος,	N-GSN	N-GSN	4151	πνεῦμα	Πνεύματος	
Matt 4:1	πειρασθῆναι	V-APN	V-APN	3985&5683	πειράζω	πειρασθῆναι	
Matt 4:1	ὑπὸ	PREP	PREP	5259	ὑπό	ὑπό	
Matt 4:1	τοῦ	T-GSM	T-GSM	3588	ὁ	τοῦ	
Matt 4:1	διαβόλου.	A-GSM	A-GSM	1228	διάβολος	διαβόλου	
Matt 4:2	καὶ	CONJ	CONJ	2532	καί	καί	
Matt 4:2	νηστεύσας	V-AAP-NSM	V-AAP-NSM	3522&5660	νηστεύω	νηστεύσας	
Matt 4:2	ἡμέρας	N-APF	N-APF	2250	ἡμέρα	ἡμέρας	
Matt 4:2	τεσσεράκοντα	A-NUI	A-NUI	5062	τεσσεράκοντα	τεσσεράκοντα	
Matt 4:2	καὶ	CONJ	CONJ	2532	καί	καί	
Matt 4:2	τεσσεράκοντα	A-NUI	A-NUI	5062	τεσσεράκοντα	τεσσεράκοντα	
Matt 4:2	νύκτας	N-APF	N-APF	3571	νύξ	νύκτας	
Matt 4:2	ὕστερον	ADV	ADV	5305	ὕστερος	ὕστερον	
Matt 4:2	ἐπείνασεν.	V-AAI-3S	V-AAI-3S	3983&5656	πεινάω	ἐπείνασεν	
Matt 4:3	καὶ	CONJ	CONJ	2532	καί	καί	
Matt 4:3	προσελθὼν	V-2AAP-NSM	V-2AAP-NSM	4334&5631	προσέρχομαι	προσελθών	
Matt 4:3	ὁ	T-NSM	T-NSM	3588	ὁ	ὁ	
Matt 4:3	πειράζων	V-PAP-NSM	V-PAP-NSM	3985&5723	πειράζω	πειράζων	
Matt 4:3	εἶπεν	V-2AAI-3S	V-2AAI-3S	3004&5627	λέγω	εἶπεν	
Matt 4:3	αὐτῷ	P-DSM	P-DSM	846	αὐτός	αὐτῷ	
Matt 4:3	Εἰ	COND	COND	1487	εἰ	Εἰ	
Matt 4:3	Υἱὸς	N-NSM	N-NSM	5207	υἱός	Υἱός	
Matt 4:3	εἶ	V-PAI-2S	V-PAI-2S	1510&5719	εἰμί	εἶ	
Matt 4:3	τοῦ	T-GSM	T-GSM	3588	ὁ	τοῦ	
Matt 4:3	Θεοῦ,	N-GSM	N-GSM	2316	θεός	Θεοῦ	
Matt 4:3	εἰπὲ	V-2AAM-2S	V-2AAM-2S	3004	λέγω	εἰπέ	
Matt 4:3	ἵνα	CONJ	CONJ	2443	ἵνα	ἵνα	
Matt 4:3	οἱ	T-NPM	T-NPM	3588	ὁ	οἱ	
Matt 4:3	λίθοι	N-NPM	N-NPM	3037	λίθος	λίθοι	
Matt 4:3	οὗτοι	D-NPM	D-NPM	3778	οὗτος	οὗτοι	
Matt 4:3	ἄρτοι	N-NPM	N-NPM	740	ἄρτος	ἄρτοι	
Matt 4:3	γένωνται.	V-2ADS-3P	V-2ADS-3P	1096&5638	γίνομαι	γένωνται	
Matt 4:4	ὁ	T-NSM	T-NSM	3588	ὁ	ὁ	
Matt 4:4	δὲ	CONJ	CONJ	1161	δέ	δέ	
Matt 4:4	ἀποκριθεὶς	V-AOP-NSM	V-AOP-NSM	611&5679	ἀποκρίνομαι	ἀποκριθείς	
Matt 4:4	εἶπεν	V-2AAI-3S	V-2AAI-3S	3004&5627	λέγω	εἶπεν	
Matt 4:4	Γέγραπται	V-RPI-3S	V-RPI-3S	1125&5769	γράφω	Γέγραπται	
Matt 4:4	Οὐκ	PRT-N	PRT-N	3756	οὐ	Οὐκ	
Matt 4:4	ἐπ’	PREP	PREP	1909	ἐπί	ἐπ’	
Matt 4:4	ἄρτῳ	N-DSM	N-DSM	740	ἄρτος	ἄρτῳ	
Matt 4:4	μόνῳ	A-DSM	A-DSM	3441	μόνος	μόνῳ	
Matt 4:4	ζήσεται	V-FDI-3S	V-FDI-3S	2198&5695	ζάω	ζήσεται	
Matt 4:4	ὁ	T-NSM	T-NSM	3588	ὁ	ὁ	
Matt 4:4	ἄνθρωπος,	N-NSM	N-NSM	444	ἄνθρωπος	ἄνθρωπος	
Matt 4:4	ἀλλ’	CONJ	CONJ	235	ἀλλά	ἀλλ’	
Matt 4:4	ἐπὶ	PREP	PREP	1909	ἐπί	ἐπί	
Matt 4:4	παντὶ	A-DSN	A-DSN	3956	πᾶς	παντί	
Matt 4:4	ῥήματι	N-DSN	N-DSN	4487	ῥῆμα	ῥήματι	
Matt 4:4	ἐκπορευομένῳ	V-PNP-DSN	V-PNP-DSN	1607&5740	ἐκπορεύομαι	ἐκπορευομένῳ	
Matt 4:4	διὰ	PREP	PREP	1223	διά	διά	
Matt 4:4	στόματος	N-GSN	N-GSN	4750	στόμα	στόματος	
Matt 4:4	Θεοῦ.	N-GSM	N-GSM	2316	θεός	Θεοῦ	
Matt 4:5	Τότε	ADV	ADV	5119	τότε	Τότε	
Matt 4:5	παραλαμβάνει	V-PAI-3S	V-PAI-3S	3880&5719	παραλαμβάνω	παραλαμβάνει	
Matt 4:5	αὐτὸν	P-ASM	P-ASM	846	αὐτός	αὐτόν	
Matt 4:5	ὁ	T-NSM	T-NSM	3588	ὁ	ὁ	
Matt 4:5	διάβολος	A-NSM	A-NSM	1228	διάβολος	διάβολος	
Matt 4:5	εἰς	PREP	PREP	1519	εἰς	εἰς	
Matt 4:5	τὴν	T-ASF	T-ASF	3588	ὁ	τήν	
Matt 4:5	ἁγίαν	A-ASF	A-ASF	40	ἅγιος	ἁγίαν	
Matt 4:5	πόλιν,	N-ASF	N-ASF	4172	πόλις	πόλιν	
Matt 4:5	καὶ	CONJ	CONJ	2532	καί	καί	
Matt 4:5	ἔστησεν	V-AAI-3S	V-AAI-3S	2476&5656	ἵστημι	ἔστησεν	
Matt 4:5	αὐτὸν	P-ASM	P-ASM	846	αὐτός	αὐτόν	
Matt 4:5	ἐπὶ	PREP	PREP	1909	ἐπί	ἐπί	
Matt 4:5	τὸ	T-ASN	T-ASN	3588	ὁ	τό	
Matt 4:5	πτερύγιον	N-ASN	N-ASN	4419	πτερύγιον	πτερύγιον	
Matt 4:5	τοῦ	T-GSN	T-GSN	3588	ὁ	τοῦ	
Matt 4:5	ἱεροῦ,	N-GSN	N-GSN	2411	ἱερός	ἱεροῦ	
Matt 4:6	καὶ	CONJ	CONJ	2532	καί	καί	
Matt 4:6	λέγει	V-PAI-3S	V-PAI-3S	3004&5719	λέγω	λέγει	
Matt 4:6	αὐτῷ	P-DSM	P-DSM	846	αὐτός	αὐτῷ	
Matt 4:6	Εἰ	COND	COND	1487	εἰ	Εἰ	
Matt 4:6	Υἱὸς	N-NSM	N-NSM	5207	υἱός	Υἱός	
Matt 4:6	εἶ	V-PAI-2S	V-PAI-2S	1510&5719	εἰμί	εἶ	
Matt 4:6	τοῦ	T-GSM	T-GSM	3588	ὁ	τοῦ	
Matt 4:6	Θεοῦ,	N-GSM	N-GSM	2316	θεός	Θεοῦ	
Matt 4:6	βάλε	V-2AAM-2S	V-2AAM-2S	906&5628	βάλλω	βάλε	
Matt 4:6	σεαυτὸν	F-2ASM	F-2ASM	4572	σεαυτοῦ	σεαυτόν	
Matt 4:6	κάτω·	ADV	ADV	2736	κάτω	κάτω	
Matt 4:6	γέγραπται	V-RPI-3S	V-RPI-3S	1125&5769	γράφω	γέγραπται	
Matt 4:6	γὰρ	CONJ	CONJ	1063	γάρ	γάρ	
Matt 4:6	ὅτι	CONJ	CONJ	3754	ὅτι	ὅτι	
Matt 4:6	Τοῖς	T-DPM	T-DPM	3588	ὁ	Τοῖς	
Matt 4:6	ἀγγέλοις	N-DPM	N-DPM	32	ἄγγελος	ἀγγέλοις	
Matt 4:6	αὐτοῦ	P-GSM	P-GSM	846	αὐτός	αὐτοῦ	
Matt 4:6	ἐντελεῖται	V-FNI-3S	V-FDI-3S	1781&5699	ἐντέλλομαι	ἐντελεῖται	
Matt 4:6	περὶ	PREP	PREP	4012	περί	περί	
Matt 4:6	σοῦ	P-2GS	P-2GS	4771	σύ	σοῦ	
Matt 4:6	καὶ	CONJ	CONJ	2532	καί	καί	
Matt 4:6	ἐπὶ	PREP	PREP	1909	ἐπί	ἐπί	
Matt 4:6	χειρῶν	N-GPF	N-GPF	5495	χείρ	χειρῶν	
Matt 4:6	ἀροῦσίν	V-FAI-3P	V-FAI-3P	142&5692	αἴρω	ἀροῦσιν	
Matt 4:6	σε,	P-2AS	P-2AS	4771	σύ	σε	
Matt 4:6	μή	PRT-N	PRT-N	3361	μή	μή	
Matt 4:6	ποτε	ADV	ADV	4219	πότε	ποτε	
Matt 4:6	προσκόψῃς	V-AAS-2S	V-AAS-2S	4350&5661	προσκόπτω	προσκόψῃς	
Matt 4:6	πρὸς	PREP	PREP	4314	πρός	πρός	
Matt 4:6	λίθον	N-ASM	N-ASM	3037	λίθος	λίθον	
Matt 4:6	τὸν	T-ASM	T-ASM	3588	ὁ	τόν	
Matt 4:6	πόδα	N-ASM	N-ASM	4228	πούς	πόδα	
Matt 4:6	σου.	P-2GS	P-2GS	4771	σύ	σου	
Matt 4:7	ἔφη	V-IAI-3S	V-IAI-3S	5346&5707	φημί	ἔφη	
Matt 4:7	αὐτῷ	P-DSM	P-DSM	846	αὐτός	αὐτῷ	
Matt 4:7	ὁ	T-NSM	T-NSM	3588	ὁ	ὁ	
Matt 4:7	Ἰησοῦς	N-NSM	N-NSM	2424	Ἰησοῦς	Ἰησοῦς	
Matt 4:7	Πάλιν	ADV	ADV	3825	πάλιν	Πάλιν	
Matt 4:7	γέγραπται	V-RPI-3S	V-RPI-3S	1125&5769	γράφω	γέγραπται	
Matt 4:7	Οὐκ	PRT-N	PRT-N	3756	οὐ	Οὐκ	
Matt 4:7	ἐκπειράσεις	V-FAI-2S	V-FAI-2S	1598&5692	ἐκπειράζω	ἐκπειράσεις	
Matt 4:7	Κύριον	N-ASM	N-ASM	2962	κύριος	Κύριον	
Matt 4:7	τὸν	T-ASM	T-ASM	3588	ὁ	τόν	
Matt 4:7	Θεόν	N-ASM	N-ASM	2316	θεός	Θεόν	
Matt 4:7	σου.	P-2GS	P-2GS	4771	σύ	σου	
Matt 4:8	Πάλιν	ADV	ADV	3825	πάλιν	Πάλιν	
Matt 4:8	παραλαμβάνει	V-PAI-3S	V-PAI-3S	3880&5719	παραλαμβάνω	παραλαμβάνει	
Matt 4:8	αὐτὸν	P-ASM	P-ASM	846	αὐτός	αὐτόν	
Matt 4:8	ὁ	T-NSM	T-NSM	3588	ὁ	ὁ	
Matt 4:8	διάβολος	A-NSM	A-NSM	1228	διάβολος	διάβολος	
Matt 4:8	εἰς	PREP	PREP	1519	εἰς	εἰς	
Matt 4:8	ὄρος	N-ASN	N-ASN	3735	ὄρος	ὄρος	
Matt 4:8	ὑψηλὸν	A-ASN	A-ASN	5308	ὑψηλός	ὑψηλόν	
Matt 4:8	λίαν,	ADV	ADV	3029	λίαν	λίαν	
Matt 4:8	καὶ	CONJ	CONJ	2532	καί	καί	
Matt 4:8	δείκνυσιν	V-PAI-3S	V-PAI-3S	1166&5719	δείκνυμι	δείκνυσιν	
Matt 4:8	αὐτῷ	P-DSM	P-DSM	846	αὐτός	αὐτῷ	
Matt 4:8	πάσας	A-APF	A-APF	3956	πᾶς	πάσας	
Matt 4:8	τὰς	T-APF	T-APF	3588	ὁ	τάς	
Matt 4:8	βασιλείας	N-APF	N-APF	932	βασιλεία	βασιλείας	
Matt 4:8	τοῦ	T-GSM	T-GSM	3588	ὁ	τοῦ	
Matt 4:8	κόσμου	N-GSM	N-GSM	2889	κόσμος	κόσμου	
Matt 4:8	καὶ	CONJ	CONJ	2532	καί	καί	
Matt 4:8	τὴν	T-ASF	T-ASF	3588	ὁ	τήν	
Matt 4:8	δόξαν	N-ASF	N-ASF	1391	δόξα	δόξαν	
Matt 4:8	αὐτῶν,	P-GPF	P-GPF	846	αὐτός	αὐτῶν	
Matt 4:9	καὶ	CONJ	CONJ	2532	καί	καί	
Matt 4:9	εἶπεν	V-2AAI-3S	V-2AAI-3S	3004&5627	λέγω	εἶπεν	
Matt 4:9	αὐτῷ	P-DSM	P-DSM	846	αὐτός	αὐτῷ	
Matt 4:9	Ταῦτά	D-APN	D-APN	3778	οὗτος	Ταῦτα	
Matt 4:9	σοι	P-2DS	P-2DS	4771	σύ	σοι	
Matt 4:9	πάντα	A-APN	A-APN	3956	πᾶς	πάντα	
Matt 4:9	δώσω,	V-FAI-1S	V-FAI-1S	1325&5692	δίδωμι	δώσω	
Matt 4:9	ἐὰν	COND	COND	1437	ἐάν	ἐάν	
Matt 4:9	πεσὼν	V-2AAP-NSM	V-2AAP-NSM	4098&5631	πίπτω	πεσών	
Matt 4:9	προσκυνήσῃς	V-AAS-2S	V-AAS-2S	4352&5661	προσκυνέω	προσκυνήσῃς	
Matt 4:9	μοι.	P-1DS	P-1DS	1473	ἐγώ	μοι	
Matt 4:10	τότε	ADV	ADV	5119	τότε	τότε	
Matt 4:10	λέγει	V-PAI-3S	V-PAI-3S	3004&5719	λέγω	λέγει	
Matt 4:10	αὐτῷ	P-DSM	P-DSM	846	αὐτός	αὐτῷ	
Matt 4:10	ὁ	T-NSM	T-NSM	3588	ὁ	ὁ	
Matt 4:10	Ἰησοῦς	N-NSM	N-NSM	2424	Ἰησοῦς	Ἰησοῦς	
Matt 4:10	Ὕπαγε,	V-PAM-2S	V-PAM-2S	5217&5720	ὑπάγω	Ὕπαγε	
Matt 4:10	Σατανᾶ·	N-VSM	N-VSM	4567	Σατανᾶς	Σατανᾶ	
Matt 4:10	γέγραπται	V-RPI-3S	V-RPI-3S	1125&5769	γράφω	γέγραπται	
Matt 4:10	γάρ	CONJ	CONJ	1063	γάρ	γάρ	
Matt 4:10	Κύριον	N-ASM	N-ASM	2962	κύριος	Κύριον	
Matt 4:10	τὸν	T-ASM	T-ASM	3588	ὁ	τόν	
Matt 4:10	θεόν	N-ASM	N-ASM	2316	θεός	θεόν	
Matt 4:10	σου	P-2GS	P-2GS	4771	σύ	σου	
Matt 4:10	προσκυνήσεις	V-FAI-2S	V-FAI-2S	4352&5692	προσκυνέω	προσκυνήσεις	
Matt 4:10	καὶ	CONJ	CONJ	2532	καί	καί	
Matt 4:10	αὐτῷ	P-DSM	P-DSM	846	αὐτός	αὐτῷ	
Matt 4:10	μόνῳ	A-DSM	A-DSM	3441	μόνος	μόνῳ	
Matt 4:10	λατρεύσεις.	V-FAI-2S	V-FAI-2S	3000&5692	λατρεύω	λατρεύσεις	
Matt 4:11	Τότε	ADV	ADV	5119	τότε	Τότε	
Matt 4:11	ἀφίησιν	V-PAI-3S	V-PAI-3S	863&5719	ἀφίημι	ἀφίησιν	
Matt 4:11	αὐτὸν	P-ASM	P-ASM	846	αὐτός	αὐτόν	
Matt 4:11	ὁ	T-NSM	T-NSM	3588	ὁ	ὁ	
Matt 4:11	διάβολος,	A-NSM	A-NSM	1228	διάβολος	διάβολος	
Matt 4:11	καὶ	CONJ	CONJ	2532	καί	καί	
Matt 4:11	ἰδοὺ	V-2AMM-2S	V-2AMM-2S	3708&5640	ὁράω	ἰδού	
Matt 4:11	ἄγγελοι	N-NPM	N-NPM	32	ἄγγελος	ἄγγελοι	
Matt 4:11	προσῆλθον	V-2AAI-3P	V-2AAI-3P	4334&5627	προσέρχομαι	προσῆλθον	
Matt 4:11	καὶ	CONJ	CONJ	2532	καί	καί	
Matt 4:11	διηκόνουν	V-IAI-3P	V-IAI-3P	1247&5707	διακονέω	διηκόνουν	
Matt 4:11	αὐτῷ.	P-DSM	P-DSM	846	αὐτός	αὐτῷ	
Matt 4:12	Ἀκούσας	V-AAP-NSM	V-AAP-NSM	191&5660	ἀκούω	Ἀκούσας	
Matt 4:12	δὲ	CONJ	CONJ	1161	δέ	δέ	
Matt 4:12	ὅτι	CONJ	CONJ	3754	ὅτι	ὅτι	
Matt 4:12	Ἰωάνης	N-NSM	N-NSM	2491	Ἰωάννης	Ἰωάνης	
Matt 4:12	παρεδόθη	V-API-3S	V-API-3S	3860&5681	παραδίδωμι	παρεδόθη	
Matt 4:12	ἀνεχώρησεν	V-AAI-3S	V-AAI-3S	402&5656	ἀναχωρέω	ἀνεχώρησεν	
Matt 4:12	εἰς	PREP	PREP	1519	εἰς	εἰς	
Matt 4:12	τὴν	T-ASF	T-ASF	3588	ὁ	τήν	
Matt 4:12	Γαλιλαίαν.	N-ASF	N-ASF	1056	Γαλιλαία	Γαλιλαίαν	
Matt 4:13	καὶ	CONJ	CONJ	2532	καί	καί	
Matt 4:13	καταλιπὼν	V-2AAP-NSM	V-2AAP-NSM	2641&5631	καταλείπω	καταλιπών	
Matt 4:13	τὴν	T-ASF	T-ASF	3588	ὁ	τήν	
Matt 4:13	Ναζαρὰ	N-PRI	N-PRI	3478	Ναζαρά	Ναζαρά	
Matt 4:13	ἐλθὼν	V-2AAP-NSM	V-2AAP-NSM	2064&5631	ἔρχομαι	ἐλθών	
Matt 4:13	κατῴκησεν	V-AAI-3S	V-AAI-3S	2730&5656	κατοικέω	κατῴκησεν	
Matt 4:13	εἰς	PREP	PREP	1519	εἰς	εἰς	
Matt 4:13	Καφαρναοὺμ	N-PRI	N-PRI	2584	Καφαρναούμ	Καφαρναούμ	
Matt 4:13	τὴν	T-ASF	T-ASF	3588	ὁ	τήν	
Matt 4:13	παραθαλασσίαν	A-ASF	A-ASF	3864	παραθαλάσσιος	παραθαλασσίαν	
Matt 4:13	ἐν	PREP	PREP	1722	ἐν	ἐν	
Matt 4:13	ὁρίοις	N-DPN	N-DPN	3725	ὅριον	ὁρίοις	
Matt 4:13	Ζαβουλὼν	N-PRI	N-PRI	2194	Ζαβουλών	Ζαβουλών	
Matt 4:13	καὶ	CONJ	CONJ	2532	καί	καί	
Matt 4:13	Νεφθαλείμ·	N-PRI	N-PRI	3508	Νεφθαλίμ	Νεφθαλείμ	
Matt 4:14	ἵνα	CONJ	CONJ	2443	ἵνα	ἵνα	
Matt 4:14	πληρωθῇ	V-APS-3S	V-APS-3S	4137&5686	πληρόω	πληρωθῇ	
Matt 4:14	τὸ	T-NSN	T-NSN	3588	ὁ	τό	
Matt 4:14	ῥηθὲν	V-APP-NSN	V-APP-NSN	2046&5685	εἶπον	ῥηθέν	
Matt 4:14	διὰ	PREP	PREP	1223	διά	διά	
Matt 4:14	Ἠσαΐου	N-GSM	N-GSM	2268	Ἠσαΐας	Ἠσαΐου	
Matt 4:14	τοῦ	T-GSM	T-GSM	3588	ὁ	τοῦ	
Matt 4:14	προφήτου	N-GSM	N-GSM	4396	προφήτης	προφήτου	
Matt 4:14	λέγοντος	V-PAP-GSM	V-PAP-GSM	3004&5723	λέγω	λέγοντος	
Matt 4:15	Γῆ	N-NSF	N-NSF	1093	γῆ	Γῆ	
Matt 4:15	Ζαβουλὼν	N-PRI	N-PRI	2194	Ζαβουλών	Ζαβουλών	
Matt 4:15	καὶ	CONJ	CONJ	2532	καί	καί	
Matt 4:15	γῆ	N-NSF	N-NSF	1093	γῆ	γῆ	
Matt 4:15	Νεφθαλείμ,	N-PRI	N-PRI	3508	Νεφθαλίμ	Νεφθαλείμ	
Matt 4:15	ὁδὸν	N-ASF	N-ASF	3598	ὁδός	ὁδόν	
Matt 4:15	θαλάσσης,	N-GSF	N-GSF	2281	θάλασσα	θαλάσσης	
Matt 4:15	πέραν	ADV	ADV	4008	πέραν	πέραν	
Matt 4:15	τοῦ	T-GSM	T-GSM	3588	ὁ	τοῦ	
Matt 4:15	Ἰορδάνου,	N-GSM	N-GSM	2446	Ἰορδάνης	Ἰορδάνου	
Matt 4:15	Γαλιλαία	N-NSF	N-NSF	1056	Γαλιλαία	Γαλιλαία	
Matt 4:15	τῶν	T-GPN	T-GPN	3588	ὁ	τῶν	
Matt 4:15	ἐθνῶν,	N-GPN	N-GPN	1484	ἔθνος	ἐθνῶν	
Matt 4:16	ὁ	T-NSM	T-NSM	3588	ὁ	ὁ	
Matt 4:16	λαὸς	N-NSM	N-NSM	2992	λαός	λαός	
Matt 4:16	ὁ	T-NSM	T-NSM	3588	ὁ	ὁ	
Matt 4:16	καθήμενος	V-PNP-NSM	V-PNP-NSM	2521&5740	κάθημαι	καθήμενος	
Matt 4:16	ἐν	PREP	PREP	1722	ἐν	ἐν	
Matt 4:16	σκοτίᾳ	N-DSF	N-DSF	4653	σκοτία	σκοτίᾳ	
Matt 4:16	φῶς	N-ASN	N-ASN	5457	φῶς	φῶς	
Matt 4:16	εἶδεν	V-2AAI-3S	V-2AAI-3S	3708&5627	ὁράω	εἶδεν	
Matt 4:16	μέγα,	A-ASN	A-ASN	3173	μέγας	μέγα	
Matt 4:16	καὶ	CONJ	CONJ	2532	καί	καί	
Matt 4:16	τοῖς	T-DPM	T-DPM	3588	ὁ	τοῖς	
Matt 4:16	καθημένοις	V-PNP-DPM	V-PNP-DPM	2521&5740	κάθημαι	καθημένοις	
Matt 4:16	ἐν	PREP	PREP	1722	ἐν	ἐν	
Matt 4:16	χώρᾳ	N-DSF	N-DSF	5561	χώρα	χώρᾳ	
Matt 4:16	καὶ	CONJ	CONJ	2532	καί	καί	
Matt 4:16	σκιᾷ	N-DSF	N-DSF	4639	σκιά	σκιᾷ	
Matt 4:16	θανάτου	N-GSM	N-GSM	2288	θάνατος	θανάτου	
Matt 4:16	φῶς	N-NSN	N-NSN	5457	φῶς	φῶς	
Matt 4:16	ἀνέτειλεν	V-AAI-3S	V-AAI-3S	393&5656	ἀνατέλλω	ἀνέτειλεν	
Matt 4:16	αὐτοῖς.	P-DPM	P-DPM	846	αὐτός	αὐτοῖς	
Matt 4:17	Ἀπὸ	PREP	PREP	575	ἀπό	Ἀπό	
Matt 4:17	τότε	ADV	ADV	5119	τότε	τότε	
Matt 4:17	ἤρξατο	V-AMI-3S	V-AMI-3S	756&5668	ἄρχω	ἤρξατο	
Matt 4:17	ὁ	T-NSM	T-NSM	3588	ὁ	ὁ	
Matt 4:17	Ἰησοῦς	N-NSM	N-NSM	2424	Ἰησοῦς	Ἰησοῦς	
Matt 4:17	κηρύσσειν	V-PAN	V-PAN	2784&5721	κηρύσσω	κηρύσσειν	
Matt 4:17	καὶ	CONJ	CONJ	2532	καί	καί	
Matt 4:17	λέγειν	V-PAN	V-PAN	3004&5721	λέγω	λέγειν	
Matt 4:17	Μετανοεῖτε,	V-PAM-2P	V-PAM-2P	3340&5720	μετανοέω	Μετανοεῖτε	
Matt 4:17	ἤγγικεν	V-RAI-3S	V-RAI-3S	1448&5758	ἐγγίζω	ἤγγικεν	
Matt 4:17	γὰρ	CONJ	CONJ	1063	γάρ	γάρ	
Matt 4:17	ἡ	T-NSF	T-NSF	3588	ὁ	ἡ	
Matt 4:17	βασιλεία	N-NSF	N-NSF	932	βασιλεία	βασιλεία	
Matt 4:17	τῶν	T-GPM	T-GPM	3588	ὁ	τῶν	
Matt 4:17	οὐρανῶν.	N-GPM	N-GPM	3772	οὐρανός	οὐρανῶν	
Matt 4:18	Περιπατῶν	V-PAP-NSM	V-PAP-NSM	4043&5723	περιπατέω	Περιπατῶν	
Matt 4:18	δὲ	CONJ	CONJ	1161	δέ	δέ	
Matt 4:18	παρὰ	PREP	PREP	3844	παρά	παρά	
Matt 4:18	τὴν	T-ASF	T-ASF	3588	ὁ	τήν	
Matt 4:18	θάλασσαν	N-ASF	N-ASF	2281	θάλασσα	θάλασσαν	
Matt 4:18	τῆς	T-GSF	T-GSF	3588	ὁ	τῆς	
Matt 4:18	Γαλιλαίας	N-GSF	N-GSF	1056	Γαλιλαία	Γαλιλαίας	
Matt 4:18	εἶδεν	V-2AAI-3S	V-2AAI-3S	3708&5627	ὁράω	εἶδεν	
Matt 4:18	δύο	A-NUI	A-NUI	1417	δύο	δύο	
Matt 4:18	ἀδελφούς,	N-APM	N-APM	80	ἀδελφός	ἀδελφούς	
Matt 4:18	Σίμωνα	N-ASM	N-ASM	4613	Σίμων	Σίμωνα	
Matt 4:18	τὸν	T-ASM	T-ASM	3588	ὁ	τόν	
Matt 4:18	λεγόμενον	V-PPP-ASM	V-PEP-ASM	3004&5746	λέγω	λεγόμενον	
Matt 4:18	Πέτρον	N-ASM	N-ASM	4074	Πέτρος	Πέτρον	
Matt 4:18	καὶ	CONJ	CONJ	2532	καί	καί	
Matt 4:18	Ἀνδρέαν	N-ASM	N-ASM	406	Ἀνδρέας	Ἀνδρέαν	
Matt 4:18	τὸν	T-ASM	T-ASM	3588	ὁ	τόν	
Matt 4:18	ἀδελφὸν	N-ASM	N-ASM	80	ἀδελφός	ἀδελφόν	
Matt 4:18	αὐτοῦ,	P-GSM	P-GSM	846	αὐτός	αὐτοῦ	
Matt 4:18	βάλλοντας	V-PAP-APM	V-PAP-APM	906&5723	βάλλω	βάλλοντας	
Matt 4:18	ἀμφίβληστρον	N-ASN	N-ASN	293	ἀμφίβληστρον	ἀμφίβληστρον	
Matt 4:18	εἰς	PREP	PREP	1519	εἰς	εἰς	
Matt 4:18	τὴν	T-ASF	T-ASF	3588	ὁ	τήν	
Matt 4:18	θάλασσαν·	N-ASF	N-ASF	2281	θάλασσα	θάλασσαν	
Matt 4:18	ἦσαν	V-IAI-3P	V-IAI-3P	1510&5707	εἰμί	ἦσαν	
Matt 4:18	γὰρ	CONJ	CONJ	1063	γάρ	γάρ	
Matt 4:18	ἁλεεῖς.	N-NPM	N-NPM	231	ἁλιεύς	ἁλεεῖς	
Matt 4:19	καὶ	CONJ	CONJ	2532	καί	καί	
Matt 4:19	λέγει	V-PAI-3S	V-PAI-3S	3004&5719	λέγω	λέγει	
Matt 4:19	αὐτοῖς	P-DPM	P-DPM	846	αὐτός	αὐτοῖς	
Matt 4:19	Δεῦτε	V-PAM-2P	V-PAM-2P	1205&5720	δεῦτε	Δεῦτε	
Matt 4:19	ὀπίσω	ADV	ADV	3694	ὀπίσω	ὀπίσω	
Matt 4:19	μου,	P-1GS	P-1GS	1473	ἐγώ	μου	
Matt 4:19	καὶ	CONJ	CONJ	2532	καί	καί	
Matt 4:19	ποιήσω	V-FAI-1S	V-FAI-1S	4160&5692	ποιέω	ποιήσω	
Matt 4:19	ὑμᾶς	P-2AP	P-2AP	4771	σύ	ὑμᾶς	
Matt 4:19	ἁλεεῖς	N-APM	N-APM	231	ἁλιεύς	ἁλεεῖς	
Matt 4:19	ἀνθρώπων.	N-GPM	N-GPM	444	ἄνθρωπος	ἀνθρώπων	
Matt 4:20	οἱ	T-NPM	T-NPM	3588	ὁ	οἱ	
Matt 4:20	δὲ	CONJ	CONJ	1161	δέ	δέ	
Matt 4:20	εὐθέως	ADV	ADV	2112	εὐθέως	εὐθέως	
Matt 4:20	ἀφέντες	V-2AAP-NPM	V-2AAP-NPM	863&5631	ἀφίημι	ἀφέντες	
Matt 4:20	τὰ	T-APN	T-APN	3588	ὁ	τά	
Matt 4:20	δίκτυα	N-APN	N-APN	1350	δίκτυον	δίκτυα	
Matt 4:20	ἠκολούθησαν	V-AAI-3P	V-AAI-3P	190&5656	ἀκολουθέω	ἠκολούθησαν	
Matt 4:20	αὐτῷ.	P-DSM	P-DSM	846	αὐτός	αὐτῷ	
Matt 4:21	Καὶ	CONJ	CONJ	2532	καί	Καί	
Matt 4:21	προβὰς	V-2AAP-NSM	V-2AAP-NSM	4260&5631	προβαίνω	προβάς	
Matt 4:21	ἐκεῖθεν	ADV	ADV	1564	ἐκεῖθεν	ἐκεῖθεν	
Matt 4:21	εἶδεν	V-2AAI-3S	V-2AAI-3S	3708&5627	ὁράω	εἶδεν	
Matt 4:21	ἄλλους	A-APM	A-APM	243	ἄλλος	ἄλλους	
Matt 4:21	δύο	A-NUI	A-NUI	1417	δύο	δύο	
Matt 4:21	ἀδελφούς,	N-APM	N-APM	80	ἀδελφός	ἀδελφούς	
Matt 4:21	Ἰάκωβον	N-ASM	N-ASM	2385	Ἰάκωβος	Ἰάκωβον	
Matt 4:21	τὸν	T-ASM	T-ASM	3588	ὁ	τόν	
Matt 4:21	τοῦ	T-GSM	T-GSM	3588	ὁ	τοῦ	
Matt 4:21	Ζεβεδαίου	N-GSM	N-GSM	2199	Ζεβεδαῖος	Ζεβεδαίου	
Matt 4:21	καὶ	CONJ	CONJ	2532	καί	καί	
Matt 4:21	Ἰωάνην	N-ASM	N-ASM	2491	Ἰωάννης	Ἰωάνην	
Matt 4:21	τὸν	T-ASM	T-ASM	3588	ὁ	τόν	
Matt 4:21	ἀδελφὸν	N-ASM	N-ASM	80	ἀδελφός	ἀδελφόν	
Matt 4:21	αὐτοῦ,	P-GSM	P-GSM	846	αὐτός	αὐτοῦ	
Matt 4:21	ἐν	PREP	PREP	1722	ἐν	ἐν	
Matt 4:21	τῷ	T-DSN	T-DSN	3588	ὁ	τῷ	
Matt 4:21	πλοίῳ	N-DSN	N-DSN	4143	πλοῖον	πλοίῳ	
Matt 4:21	μετὰ	PREP	PREP	3326	μετά	μετά	
Matt 4:21	Ζεβεδαίου	N-GSM	N-GSM	2199	Ζεβεδαῖος	Ζεβεδαίου	
Matt 4:21	τοῦ	T-GSM	T-GSM	3588	ὁ	τοῦ	
Matt 4:21	πατρὸς	N-GSM	N-GSM	3962	πατήρ	πατρός	
Matt 4:21	αὐτῶν	P-GPM	P-GPM	846	αὐτός	αὐτῶν	
Matt 4:21	καταρτίζοντας	V-PAP-APM	V-PAP-APM	2675&5723	καταρτίζω	καταρτίζοντας	
Matt 4:21	τὰ	T-APN	T-APN	3588	ὁ	τά	
Matt 4:21	δίκτυα	N-APN	N-APN	1350	δίκτυον	δίκτυα	
Matt 4:21	αὐτῶν·	P-GPM	P-GPM	846	αὐτός	αὐτῶν	
Matt 4:21	καὶ	CONJ	CONJ	2532	καί	καί	
Matt 4:21	ἐκάλεσεν	V-AAI-3S	V-AAI-3S	2564&5656	καλέω	ἐκάλεσεν	
Matt 4:21	αὐτούς.	P-APM	P-APM	846	αὐτός	αὐτούς	
Matt 4:22	οἱ	T-NPM	T-NPM	3588	ὁ	οἱ	
Matt 4:22	δὲ	CONJ	CONJ	1161	δέ	δέ	
Matt 4:22	εὐθέως	ADV	ADV	2112	εὐθέως	εὐθέως	
Matt 4:22	ἀφέντες	V-2AAP-NPM	V-2AAP-NPM	863&5631	ἀφίημι	ἀφέντες	
Matt 4:22	τὸ	T-ASN	T-ASN	3588	ὁ	τό	
Matt 4:22	πλοῖον	N-ASN	N-ASN	4143	πλοῖον	πλοῖον	
Matt 4:22	καὶ	CONJ	CONJ	2532	καί	καί	
Matt 4:22	τὸν	T-ASM	T-ASM	3588	ὁ	τόν	
Matt 4:22	πατέρα	N-ASM	N-ASM	3962	πατήρ	πατέρα	
Matt 4:22	αὐτῶν	P-GPM	P-GPM	846	αὐτός	αὐτῶν	
Matt 4:22	ἠκολούθησαν	V-AAI-3P	V-AAI-3P	190&5656	ἀκολουθέω	ἠκολούθησαν	
Matt 4:22	αὐτῷ.	P-DSM	P-DSM	846	αὐτός	αὐτῷ	
Matt 4:23	Καὶ	CONJ	CONJ	2532	καί	Καί	
Matt 4:23	περιῆγεν	V-IAI-3S	V-IAI-3S	4013&5707	περιάγω	περιῆγεν	
Matt 4:23	ἐν	PREP	PREP	1722	ἐν	ἐν	
Matt 4:23	ὅλῃ	A-DSF	A-DSF	3650	ὅλος	ὅλῃ	
Matt 4:23	τῇ	T-DSF	T-DSF	3588	ὁ	τῇ	
Matt 4:23	Γαλιλαίᾳ,	N-DSF	N-DSF	1056	Γαλιλαία	Γαλιλαίᾳ	
Matt 4:23	διδάσκων	V-PAP-NSM	V-PAP-NSM	1321&5723	διδάσκω	διδάσκων	
Matt 4:23	ἐν	PREP	PREP	1722	ἐν	ἐν	
Matt 4:23	ταῖς	T-DPF	T-DPF	3588	ὁ	ταῖς	
Matt 4:23	συναγωγαῖς	N-DPF	N-DPF	4864	συναγωγή	συναγωγαῖς	
Matt 4:23	αὐτῶν	P-GPM	P-GPM	846	αὐτός	αὐτῶν	
Matt 4:23	καὶ	CONJ	CONJ	2532	καί	καί	
Matt 4:23	κηρύσσων	V-PAP-NSM	V-PAP-NSM	2784&5723	κηρύσσω	κηρύσσων	
Matt 4:23	τὸ	T-ASN	T-ASN	3588	ὁ	τό	
Matt 4:23	εὐαγγέλιον	N-ASN	N-ASN	2098	εὐαγγέλιον	εὐαγγέλιον	
Matt 4:23	τῆς	T-GSF	T-GSF	3588	ὁ	τῆς	
Matt 4:23	βασιλείας	N-GSF	N-GSF	932	βασιλεία	βασιλείας	
Matt 4:23	καὶ	CONJ	CONJ	2532	καί	καί	
Matt 4:23	θεραπεύων	V-PAP-NSM	V-PAP-NSM	2323&5723	θεραπεύω	θεραπεύων	
Matt 4:23	πᾶσαν	A-ASF	A-ASF	3956	πᾶς	πᾶσαν	
Matt 4:23	νόσον	N-ASF	N-ASF	3554	νόσος	νόσον	
Matt 4:23	καὶ	CONJ	CONJ	2532	καί	καί	
Matt 4:23	πᾶσαν	A-ASF	A-ASF	3956	πᾶς	πᾶσαν	
Matt 4:23	μαλακίαν	N-ASF	N-ASF	3119	μαλακία	μαλακίαν	
Matt 4:23	ἐν	PREP	PREP	1722	ἐν	ἐν	
Matt 4:23	τῷ	T-DSM	T-DSM	3588	ὁ	τῷ	
Matt 4:23	λαῷ.	N-DSM	N-DSM	2992	λαός	λαῷ	
Matt 4:24	καὶ	CONJ	CONJ	2532	καί	καί	
Matt 4:24	ἀπῆλθεν	V-2AAI-3S	V-2AAI-3S	565&5627	ἀπέρχομαι	ἀπῆλθεν	
Matt 4:24	ἡ	T-NSF	T-NSF	3588	ὁ	ἡ	
Matt 4:24	ἀκοὴ	N-NSF	N-NSF	189	ἀκοή	ἀκοή	
Matt 4:24	αὐτοῦ	P-GSM	P-GSM	846	αὐτός	αὐτοῦ	
Matt 4:24	εἰς	PREP	PREP	1519	εἰς	εἰς	
Matt 4:24	ὅλην	A-ASF	A-ASF	3650	ὅλος	ὅλην	
Matt 4:24	τὴν	T-ASF	T-ASF	3588	ὁ	τήν	
Matt 4:24	Συρίαν·	N-ASF	N-ASF	4947	Συρία	Συρίαν	
Matt 4:24	καὶ	CONJ	CONJ	2532	καί	καί	
Matt 4:24	προσήνεγκαν	V-AAI-3P	V-AAI-3P	4374&5656	προσφέρω	προσήνεγκαν	
Matt 4:24	αὐτῷ	P-DSM	P-DSM	846	αὐτός	αὐτῷ	
Matt 4:24	πάντας	A-APM	A-APM	3956	πᾶς	πάντας	
Matt 4:24	τοὺς	T-APM	T-APM	3588	ὁ	τούς	
Matt 4:24	κακῶς	ADV	ADV	2560	κακῶς	κακῶς	
Matt 4:24	ἔχοντας	V-PAP-APM	V-PAP-APM	2192&5723	ἔχω	ἔχοντας	
Matt 4:24	ποικίλαις	A-DPF	A-DPF	4164	ποικίλος	ποικίλαις	
Matt 4:24	νόσοις	N-DPF	N-DPF	3554	νόσος	νόσοις	
Matt 4:24	καὶ	CONJ	CONJ	2532	καί	καί	
Matt 4:24	βασάνοις	N-DPF	N-DPF	931	βάσανος	βασάνοις	
Matt 4:24	συνεχομένους,	V-PPP-APM	V-PEP-APM	4912&5746	συνέχω	συνεχομένους	
Matt 4:24	δαιμονιζομένους	V-PNP-APM	V-PNP-APM	1139&5740	δαιμονίζομαι	δαιμονιζομένους	
Matt 4:24	καὶ	CONJ	CONJ	2532	καί	καί	
Matt 4:24	σεληνιαζομένους	V-PNP-APM	V-PNP-APM	4583&5740	σεληνιάζομαι	σεληνιαζομένους	
Matt 4:24	καὶ	CONJ	CONJ	2532	καί	καί	
Matt 4:24	παραλυτικούς,	A-APM	A-APM	3885	παραλυτικός	παραλυτικούς	
Matt 4:24	καὶ	CONJ	CONJ	2532	καί	καί	
Matt 4:24	ἐθεράπευσεν	V-AAI-3S	V-AAI-3S	2323&5656	θεραπεύω	ἐθεράπευσεν	
Matt 4:24	αὐτούς.	P-APM	P-APM	846	αὐτός	αὐτούς	
Matt 4:25	καὶ	CONJ	CONJ	2532	καί	καί	
Matt 4:25	ἠκολούθησαν	V-AAI-3P	V-AAI-3P	190&5656	ἀκολουθέω	ἠκολούθησαν	
Matt 4:25	αὐτῷ	P-DSM	P-DSM	846	αὐτός	αὐτῷ	
Matt 4:25	ὄχλοι	N-NPM	N-NPM	3793	ὄχλος	ὄχλοι	
Matt 4:25	πολλοὶ	A-NPM	A-NPM	4183	πολύς	πολλοί	
Matt 4:25	ἀπὸ	PREP	PREP	575	ἀπό	ἀπό	
Matt 4:25	τῆς	T-GSF	T-GSF	3588	ὁ	τῆς	
Matt 4:25	Γαλιλαίας	N-GSF	N-GSF	1056	Γαλιλαία	Γαλιλαίας	
Matt 4:25	καὶ	CONJ	CONJ	2532	καί	καί	
Matt 4:25	Δεκαπόλεως	N-GSF	N-GSF	1179	Δεκάπολις	Δεκαπόλεως	
Matt 4:25	καὶ	CONJ	CONJ	2532	καί	καί	
Matt 4:25	Ἱεροσολύμων	N-GPN	N-GPN	2414	Ἱεροσόλυμα	Ἱεροσολύμων	
Matt 4:25	καὶ	CONJ	CONJ	2532	καί	καί	
Matt 4:25	Ἰουδαίας	N-GSF	N-GSF	2449	Ἰουδαία	Ἰουδαίας	
Matt 4:25	καὶ	CONJ	CONJ	2532	καί	καί	
Matt 4:25	πέραν	ADV	ADV	4008	πέραν	πέραν	
Matt 4:25	τοῦ	T-GSM	T-GSM	3588	ὁ	τοῦ	
Matt 4:25	Ἰορδάνου.	N-GSM	N-GSM	2446	Ἰορδάνης	Ἰορδάνου	
Matt 5:1	Ἰδὼν	V-2AAP-NSM	V-2AAP-NSM	3708&5631	ὁράω	Ἰδών	
Matt 5:1	δὲ	CONJ	CONJ	1161	δέ	δέ	
Matt 5:1	τοὺς	T-APM	T-APM	3588	ὁ	τούς	
Matt 5:1	ὄχλους	N-APM	N-APM	3793	ὄχλος	ὄχλους	
Matt 5:1	ἀνέβη	V-2AAI-3S	V-2AAI-3S	305&5627	ἀναβαίνω	ἀνέβη	
Matt 5:1	εἰς	PREP	PREP	1519	εἰς	εἰς	
Matt 5:1	τὸ	T-ASN	T-ASN	3588	ὁ	τό	
Matt 5:1	ὄρος·	N-ASN	N-ASN	3735	ὄρος	ὄρος	
Matt 5:1	καὶ	CONJ	CONJ	2532	καί	καί	
Matt 5:1	καθίσαντος	V-AAP-GSM	V-AAP-GSM	2523&5660	καθίζω	καθίσαντος	
Matt 5:1	αὐτοῦ	P-GSM	P-GSM	846	αὐτός	αὐτοῦ	
Matt 5:1	προσῆλθαν	V-2AAI-3P	V-2AAI-3P	4334&5627	προσέρχομαι	προσῆλθαν	
Matt 5:1	αὐτῷ	P-DSM	P-DSM	846	αὐτός	αὐτῷ	
Matt 5:1	οἱ	T-NPM	T-NPM	3588	ὁ	οἱ	
Matt 5:1	μαθηταὶ	N-NPM	N-NPM	3101	μαθητής	μαθηταί	
Matt 5:1	αὐτοῦ·	P-GSM	P-GSM	846	αὐτός	αὐτοῦ	
Matt 5:2	καὶ	CONJ	CONJ	2532	καί	καί	
Matt 5:2	ἀνοίξας	V-AAP-NSM	V-AAP-NSM	455&5660	ἀνοίγω	ἀνοίξας	
Matt 5:2	τὸ	T-ASN	T-ASN	3588	ὁ	τό	
Matt 5:2	στόμα	N-ASN	N-ASN	4750	στόμα	στόμα	
Matt 5:2	αὐτοῦ	P-GSM	P-GSM	846	αὐτός	αὐτοῦ	
Matt 5:2	ἐδίδασκεν	V-IAI-3S	V-IAI-3S	1321&5707	διδάσκω	ἐδίδασκεν	
Matt 5:2	αὐτοὺς	P-APM	P-APM	846	αὐτός	αὐτούς	
Matt 5:2	λέγων	V-PAP-NSM	V-PAP-NSM	3004&5723	λέγω	λέγων	
Matt 5:3	Μακάριοι	A-NPM	A-NPM	3107	μακάριος	Μακάριοι	
Matt 5:3	οἱ	T-NPM	T-NPM	3588	ὁ	οἱ	
Matt 5:3	πτωχοὶ	A-NPM	A-NPM	4434	πτωχός	πτωχοί	
Matt 5:3	τῷ	T-DSN	T-DSN	3588	ὁ	τῷ	
Matt 5:3	πνεύματι,	N-DSN	N-DSN	4151	πνεῦμα	πνεύματι	
Matt 5:3	ὅτι	CONJ	CONJ	3754	ὅτι	ὅτι	
Matt 5:3	αὐτῶν	P-GPM	P-GPM	846	αὐτός	αὐτῶν	
Matt 5:3	ἐστιν	V-PAI-3S	V-PAI-3S	1510	εἰμί	ἐστιν	
Matt 5:3	ἡ	T-NSF	T-NSF	3588	ὁ	ἡ	
Matt 5:3	βασιλεία	N-NSF	N-NSF	932	βασιλεία	βασιλεία	
Matt 5:3	τῶν	T-GPM	T-GPM	3588	ὁ	τῶν	
Matt 5:3	οὐρανῶν.	N-GPM	N-GPM	3772	οὐρανός	οὐρανῶν	
Matt 5:4	μακάριοι	A-NPM	A-NPM	3107	μακάριος	μακάριοι	
Matt 5:4	οἱ	T-NPM	T-NPM	3588	ὁ	οἱ	
Matt 5:4	πενθοῦντες,	V-PAP-NPM	V-PAP-NPM	3996&5723	πενθέω	πενθοῦντες	
Matt 5:4	ὅτι	CONJ	CONJ	3754	ὅτι	ὅτι	
Matt 5:4	αὐτοὶ	P-NPM	P-NPM	846	αὐτός	αὐτοί	
Matt 5:4	παρακληθήσονται.	V-FPI-3P	V-FPI-3P	3870&5701	παρακαλέω	παρακληθήσονται	
Matt 5:5	μακάριοι	A-NPM	A-NPM	3107	μακάριος	μακάριοι	
Matt 5:5	οἱ	T-NPM	T-NPM	3588	ὁ	οἱ	
Matt 5:5	πραεῖς,	A-NPM	A-NPM	4239	πραΰς	πραεῖς	
Matt 5:5	ὅτι	CONJ	CONJ	3754	ὅτι	ὅτι	
Matt 5:5	αὐτοὶ	P-NPM	P-NPM	846	αὐτός	αὐτοί	
Matt 5:5	κληρονομήσουσιν	V-FAI-3P	V-FAI-3P	2816&5692	κληρονομέω	κληρονομήσουσιν	
Matt 5:5	τὴν	T-ASF	T-ASF	3588	ὁ	τήν	
Matt 5:5	γῆν.	N-ASF	N-ASF	1093	γῆ	γῆν	
Matt 5:6	μακάριοι	A-NPM	A-NPM	3107	μακάριος	μακάριοι	
Matt 5:6	οἱ	T-NPM	T-NPM	3588	ὁ	οἱ	
Matt 5:6	πεινῶντες	V-PAP-NPM	V-PAP-NPM	3983&5723	πεινάω	πεινῶντες	
Matt 5:6	καὶ	CONJ	CONJ	2532	καί	καί	
Matt 5:6	διψῶντες	V-PAP-NPM	V-PAP-NPM	1372&5723	διψάω	διψῶντες	
Matt 5:6	τὴν	T-ASF	T-ASF	3588	ὁ	τήν	
Matt 5:6	δικαιοσύνην,	N-ASF	N-ASF	1343	δικαιοσύνη	δικαιοσύνην	
Matt 5:6	ὅτι	CONJ	CONJ	3754	ὅτι	ὅτι	
Matt 5:6	αὐτοὶ	P-NPM	P-NPM	846	αὐτός	αὐτοί	
Matt 5:6	χορτασθήσονται.	V-FPI-3P	V-FPI-3P	5526&5701	χορτάζω	χορτασθήσονται	
Matt 5:7	μακάριοι	A-NPM	A-NPM	3107	μακάριος	μακάριοι	
Matt 5:7	οἱ	T-NPM	T-NPM	3588	ὁ	οἱ	
Matt 5:7	ἐλεήμονες,	A-NPM	A-NPM	1655	ἐλεήμων	ἐλεήμονες	
Matt 5:7	ὅτι	CONJ	CONJ	3754	ὅτι	ὅτι	
Matt 5:7	αὐτοὶ	P-NPM	P-NPM	846	αὐτός	αὐτοί	
Matt 5:7	ἐλεηθήσονται.	V-FPI-3P	V-FPI-3P	1653&5701	ἐλεέω	ἐλεηθήσονται	
Matt 5:8	μακάριοι	A-NPM	A-NPM	3107	μακάριος	μακάριοι	
Matt 5:8	οἱ	T-NPM	T-NPM	3588	ὁ	οἱ	
Matt 5:8	καθαροὶ	A-NPM	A-NPM	2513	καθαρός	καθαροί	
Matt 5:8	τῇ	T-DSF	T-DSF	3588	ὁ	τῇ	
Matt 5:8	καρδίᾳ,	N-DSF	N-DSF	2588	καρδία	καρδίᾳ	
Matt 5:8	ὅτι	CONJ	CONJ	3754	ὅτι	ὅτι	
Matt 5:8	αὐτοὶ	P-NPM	P-NPM	846	αὐτός	αὐτοί	
Matt 5:8	τὸν	T-ASM	T-ASM	3588	ὁ	τόν	
Matt 5:8	Θεὸν	N-ASM	N-ASM	2316	θεός	Θεόν	
Matt 5:8	ὄψονται.	V-FDI-3P	V-FDI-3P	3708&5695	ὁράω	ὄψονται	
Matt 5:9	μακάριοι	A-NPM	A-NPM	3107	μακάριος	μακάριοι	
Matt 5:9	οἱ	T-NPM	T-NPM	3588	ὁ	οἱ	
Matt 5:9	εἰρηνοποιοί,	A-NPM	A-NPM	1518	εἰρηνοποιός	εἰρηνοποιοί	
Matt 5:9	ὅτι	CONJ	CONJ	3754	ὅτι	ὅτι	
Matt 5:9	αὐτοὶ	P-NPM	P-NPM	846	αὐτός	αὐτοί	
Matt 5:9	υἱοὶ	N-NPM	N-NPM	5207	υἱός	υἱοί	
Matt 5:9	Θεοῦ	N-GSM	N-GSM	2316	θεός	Θεοῦ	
Matt 5:9	κληθήσονται.	V-FPI-3P	V-FPI-3P	2564&5701	καλέω	κληθήσονται	
Matt 5:10	μακάριοι	A-NPM	A-NPM	3107	μακάριος	μακάριοι	
Matt 5:10	οἱ	T-NPM	T-NPM	3588	ὁ	οἱ	
Matt 5:10	δεδιωγμένοι	V-RPP-NPM	V-RPP-NPM	1377&5772	διώκω	δεδιωγμένοι	
Matt 5:10	ἕνεκεν	PREP	PREP	1752	ἕνεκα	ἕνεκεν	
Matt 5:10	δικαιοσύνης,	N-GSF	N-GSF	1343	δικαιοσύνη	δικαιοσύνης	
Matt 5:10	ὅτι	CONJ	CONJ	3754	ὅτι	ὅτι	
Matt 5:10	αὐτῶν	P-GPM	P-GPM	846	αὐτός	αὐτῶν	
Matt 5:10	ἐστιν	V-PAI-3S	V-PAI-3S	1510	εἰμί	ἐστιν	
Matt 5:10	ἡ	T-NSF	T-NSF	3588	ὁ	ἡ	
Matt 5:10	βασιλεία	N-NSF	N-NSF	932	βασιλεία	βασιλεία	
Matt 5:10	τῶν	T-GPM	T-GPM	3588	ὁ	τῶν	
Matt 5:10	οὐρανῶν.	N-GPM	N-GPM	3772	οὐρανός	οὐρανῶν	
Matt 5:11	μακάριοί	A-NPM	A-NPM	3107	μακάριος	μακάριοι	
Matt 5:11	ἐστε	V-PAI-2P	V-PAI-2P	1510&5719	εἰμί	ἐστε	
Matt 5:11	ὅταν	CONJ	CONJ	3752	ὅταν	ὅταν	
Matt 5:11	ὀνειδίσωσιν	V-AAS-3P	V-AAS-3P	3679&5661	ὀνειδίζω	ὀνειδίσωσιν	
Matt 5:11	ὑμᾶς	P-2AP	P-2AP	4771	σύ	ὑμᾶς	
Matt 5:11	καὶ	CONJ	CONJ	2532	καί	καί	
Matt 5:11	διώξωσιν	V-AAS-3P	V-AAS-3P	1377&5661	διώκω	διώξωσιν	
Matt 5:11	καὶ	CONJ	CONJ	2532	καί	καί	
Matt 5:11	εἴπωσιν	V-2AAS-3P	V-2AAS-3P	3004&5632	λέγω	εἴπωσιν	
Matt 5:11	πᾶν	A-ASN	A-ASN	3956	πᾶς	πᾶν	
Matt 5:11	πονηρὸν	A-ASN	A-ASN	4190	πονηρός	πονηρόν	
Matt 5:11	καθ’	PREP	PREP	2596	κατά	καθ’	
Matt 5:11	ὑμῶν	P-2GP	P-2GP	4771	σύ	ὑμῶν	
Matt 5:11	ψευδόμενοι	V-PEP-NPM	V-PEP-NPM	5574&5730	ψεύδομαι	ψευδόμενοι	
Matt 5:11	ἕνεκεν	PREP	PREP	1752	ἕνεκα	ἕνεκεν	
Matt 5:11	ἐμοῦ.	P-1GS	P-1GS	1473	ἐγώ	ἐμοῦ	
Matt 5:12	χαίρετε	V-PAM-2P	V-PAM-2P	5463&5720	χαίρω	χαίρετε	
Matt 5:12	καὶ	CONJ	CONJ	2532	καί	καί	
Matt 5:12	ἀγαλλιᾶσθε,	V-PNM-2P	V-PNM-2P	21&5737	ἀγαλλιάω	ἀγαλλιᾶσθε	
Matt 5:12	ὅτι	CONJ	CONJ	3754	ὅτι	ὅτι	
Matt 5:12	ὁ	T-NSM	T-NSM	3588	ὁ	ὁ	
Matt 5:12	μισθὸς	N-NSM	N-NSM	3408	μισθός	μισθός	
Matt 5:12	ὑμῶν	P-2GP	P-2GP	4771	σύ	ὑμῶν	
Matt 5:12	πολὺς	A-NSM	A-NSM	4183	πολύς	πολύς	
Matt 5:12	ἐν	PREP	PREP	1722	ἐν	ἐν	
Matt 5:12	τοῖς	T-DPM	T-DPM	3588	ὁ	τοῖς	
Matt 5:12	οὐρανοῖς·	N-DPM	N-DPM	3772	οὐρανός	οὐρανοῖς	
Matt 5:12	οὕτως	ADV	ADV	3779	οὕτω	οὕτως	
Matt 5:12	γὰρ	CONJ	CONJ	1063	γάρ	γάρ	
Matt 5:12	ἐδίωξαν	V-AAI-3P	V-AAI-3P	1377&5656	διώκω	ἐδίωξαν	
Matt 5:12	τοὺς	T-APM	T-APM	3588	ὁ	τούς	
Matt 5:12	προφήτας	N-APM	N-APM	4396	προφήτης	προφήτας	
Matt 5:12	τοὺς	T-APM	T-APM	3588	ὁ	τούς	
Matt 5:12	πρὸ	PREP	PREP	4253	πρό	πρό	
Matt 5:12	ὑμῶν.	P-2GP	P-2GP	4771	σύ	ὑμῶν	
Matt 5:13	Ὑμεῖς	P-2NP	P-2NP	4771	σύ	Ὑμεῖς	
Matt 5:13	ἐστε	V-PAI-2P	V-PAI-2P	1510	εἰμί	ἐστε	
Matt 5:13	τὸ	T-NSN	T-NSN	3588	ὁ	τό	
Matt 5:13	ἅλας	N-NSN	N-NSN	217	ἅλας	ἅλας	
Matt 5:13	τῆς	T-GSF	T-GSF	3588	ὁ	τῆς	
Matt 5:13	γῆς·	N-GSF	N-GSF	1093	γῆ	γῆς	
Matt 5:13	ἐὰν	COND	COND	1437	ἐάν	ἐάν	
Matt 5:13	δὲ	CONJ	CONJ	1161	δέ	δέ	
Matt 5:13	τὸ	T-NSN	T-NSN	3588	ὁ	τό	
Matt 5:13	ἅλας	N-NSN	N-NSN	217	ἅλας	ἅλας	
Matt 5:13	μωρανθῇ,	V-APS-3S	V-APS-3S	3471&5686	μωραίνω	μωρανθῇ	
Matt 5:13	ἐν	PREP	PREP	1722	ἐν	ἐν	
Matt 5:13	τίνι	I-DSN	I-DSN	5101	τίς	τίνι	
Matt 5:13	ἁλισθήσεται;	V-FPI-3S	V-FPI-3S	233&5701	ἁλίζω	ἁλισθήσεται	
Matt 5:13	εἰς	PREP	PREP	1519	εἰς	εἰς	
Matt 5:13	οὐδὲν	A-ASN-N	A-ASN-N	3762	οὐδείς	οὐδέν	
Matt 5:13	ἰσχύει	V-PAI-3S	V-PAI-3S	2480&5719	ἰσχύω	ἰσχύει	
Matt 5:13	ἔτι	ADV	ADV	2089	ἔτι	ἔτι	
Matt 5:13	εἰ	COND	COND	1487	εἰ	εἰ	
Matt 5:13	μὴ	PRT-N	PRT-N	3361	μή	μή	
Matt 5:13	βληθὲν	V-APP-NSN	V-APP-NSN	906&5685	βάλλω	βληθέν	
Matt 5:13	ἔξω	ADV	ADV	1854	ἔξω	ἔξω	
Matt 5:13	καταπατεῖσθαι	V-PPN	V-PEN	2662&5745	καταπατέω	καταπατεῖσθαι	
Matt 5:13	ὑπὸ	PREP	PREP	5259	ὑπό	ὑπό	
Matt 5:13	τῶν	T-GPM	T-GPM	3588	ὁ	τῶν	
Matt 5:13	ἀνθρώπων.	N-GPM	N-GPM	444	ἄνθρωπος	ἀνθρώπων	
Matt 5:14	Ὑμεῖς	P-2NP	P-2NP	4771	σύ	Ὑμεῖς	
Matt 5:14	ἐστε	V-PAI-2P	V-PAI-2P	1510	εἰμί	ἐστε	
Matt 5:14	τὸ	T-NSN	T-NSN	3588	ὁ	τό	
Matt 5:14	φῶς	N-NSN	N-NSN	5457	φῶς	φῶς	
Matt 5:14	τοῦ	T-GSM	T-GSM	3588	ὁ	τοῦ	
Matt 5:14	κόσμου.	N-GSM	N-GSM	2889	κόσμος	κόσμου	
Matt 5:14	οὐ	PRT-N	PRT-N	3756	οὐ	οὐ	
Matt 5:14	δύναται	V-PNI-3S	V-PNI-3S	1410&5736	δύναμαι	δύναται	
Matt 5:14	πόλις	N-NSF	N-NSF	4172	πόλις	πόλις	
Matt 5:14	κρυβῆναι	V-2APN	V-2APN	2928&5650	κρύπτω	κρυβῆναι	
Matt 5:14	ἐπάνω	ADV	ADV	1883	ἐπάνω	ἐπάνω	
Matt 5:14	ὄρους	N-GSN	N-GSN	3735	ὄρος	ὄρους	
Matt 5:14	κειμένη·	V-PNP-NSF	V-PNP-NSF	2749&5740	κεῖμαι	κειμένη	
Matt 5:15	οὐδὲ	CONJ-N	CONJ-N	3761	οὐδέ	οὐδέ	
Matt 5:15	καίουσιν	V-PAI-3P	V-PAI-3P	2545&5719	καίω	καίουσιν	
Matt 5:15	λύχνον	N-ASM	N-ASM	3088	λύχνος	λύχνον	
Matt 5:15	καὶ	CONJ	CONJ	2532	καί	καί	
Matt 5:15	τιθέασιν	V-PAI-3P	V-PAI-3P	5087&5719	τίθημι	τιθέασιν	
Matt 5:15	αὐτὸν	P-ASM	P-ASM	846	αὐτός	αὐτόν	
Matt 5:15	ὑπὸ	PREP	PREP	5259	ὑπό	ὑπό	
Matt 5:15	τὸν	T-ASM	T-ASM	3588	ὁ	τόν	
Matt 5:15	μόδιον,	N-ASM	N-ASM	3426	μόδιος	μόδιον	
Matt 5:15	ἀλλ’	CONJ	CONJ	235	ἀλλά	ἀλλ’	
Matt 5:15	ἐπὶ	PREP	PREP	1909	ἐπί	ἐπί	
Matt 5:15	τὴν	T-ASF	T-ASF	3588	ὁ	τήν	
Matt 5:15	λυχνίαν,	N-ASF	N-ASF	3087	λυχνία	λυχνίαν	
Matt 5:15	καὶ	CONJ	CONJ	2532	καί	καί	
Matt 5:15	λάμπει	V-PAI-3S	V-PAI-3S	2989&5719	λάμπω	λάμπει	
Matt 5:15	πᾶσιν	A-DPM	A-DPM	3956	πᾶς	πᾶσιν	
Matt 5:15	τοῖς	T-DPM	T-DPM	3588	ὁ	τοῖς	
Matt 5:15	ἐν	PREP	PREP	1722	ἐν	ἐν	
Matt 5:15	τῇ	T-DSF	T-DSF	3588	ὁ	τῇ	
Matt 5:15	οἰκίᾳ.	N-DSF	N-DSF	3614	οἰκία	οἰκίᾳ	
Matt 5:16	οὕτως	ADV	ADV	3779	οὕτω	οὕτως	
Matt 5:16	λαμψάτω	V-AAM-3S	V-AAM-3S	2989&5657	λάμπω	λαμψάτω	
Matt 5:16	τὸ	T-NSN	T-NSN	3588	ὁ	τό	
Matt 5:16	φῶς	N-NSN	N-NSN	5457	φῶς	φῶς	
Matt 5:16	ὑμῶν	P-2GP	P-2GP	4771	σύ	ὑμῶν	
Matt 5:16	ἔμπροσθεν	PREP	PREP	1715	ἔμπροσθεν	ἔμπροσθεν	
Matt 5:16	τῶν	T-GPM	T-GPM	3588	ὁ	τῶν	
Matt 5:16	ἀνθρώπων,	N-GPM	N-GPM	444	ἄνθρωπος	ἀνθρώπων	
Matt 5:16	ὅπως	ADV	ADV	3704	ὅπως	ὅπως	
Matt 5:16	ἴδωσιν	V-2AAS-3P	V-2AAS-3P	3708&5632	ὁράω	ἴδωσιν	
Matt 5:16	ὑμῶν	P-2GP	P-2GP	4771	σύ	ὑμῶν	
Matt 5:16	τὰ	T-APN	T-APN	3588	ὁ	τά	
Matt 5:16	καλὰ	A-APN	A-APN	2570	καλός	καλά	
Matt 5:16	ἔργα	N-APN	N-APN	2041	ἔργον	ἔργα	
Matt 5:16	καὶ	CONJ	CONJ	2532	καί	καί	
Matt 5:16	δοξάσωσιν	V-AAS-3P	V-AAS-3P	1392&5661	δοξάζω	δοξάσωσιν	
Matt 5:16	τὸν	T-ASM	T-ASM	3588	ὁ	τόν	
Matt 5:16	πατέρα	N-ASM	N-ASM	3962	πατήρ	πατέρα	
Matt 5:16	ὑμῶν	P-2GP	P-2GP	4771	σύ	ὑμῶν	
Matt 5:16	τὸν	T-ASM	T-ASM	3588	ὁ	τόν	
Matt 5:16	ἐν	PREP	PREP	1722	ἐν	ἐν	
Matt 5:16	τοῖς	T-DPM	T-DPM	3588	ὁ	τοῖς	
Matt 5:16	οὐρανοῖς.	N-DPM	N-DPM	3772	οὐρανός	οὐρανοῖς	
Matt 5:17	Μὴ	PRT-N	PRT-N	3361	μή	Μή	
Matt 5:17	νομίσητε	V-AAS-2P	V-AAS-2P	3543&5661	νομίζω	νομίσητε	
Matt 5:17	ὅτι	CONJ	CONJ	3754	ὅτι	ὅτι	
Matt 5:17	ἦλθον	V-2AAI-1S	V-2AAI-1S	2064&5627	ἔρχομαι	ἦλθον	
Matt 5:17	καταλῦσαι	V-AAN	V-AAN	2647&5658	καταλύω	καταλῦσαι	
Matt 5:17	τὸν	T-ASM	T-ASM	3588	ὁ	τόν	
Matt 5:17	νόμον	N-ASM	N-ASM	3551	νόμος	νόμον	
Matt 5:17	ἢ	PRT	PRT	2228	ἤ	ἤ	
Matt 5:17	τοὺς	T-APM	T-APM	3588	ὁ	τούς	
Matt 5:17	προφήτας·	N-APM	N-APM	4396	προφήτης	προφήτας	
Matt 5:17	οὐκ	PRT-N	PRT-N	3756	οὐ	οὐκ	
Matt 5:17	ἦλθον	V-2AAI-1S	V-2AAI-1S	2064&5627	ἔρχομαι	ἦλθον	
Matt 5:17	καταλῦσαι	V-AAN	V-AAN	2647&5658	καταλύω	καταλῦσαι	
Matt 5:17	ἀλλὰ	CONJ	CONJ	235	ἀλλά	ἀλλά	
Matt 5:17	πληρῶσαι·	V-AAN	V-AAN	4137&5658	πληρόω	πληρῶσαι	
Matt 5:18	ἀμὴν	HEB	HEB	281	ἀμήν	ἀμήν	
Matt 5:18	γὰρ	CONJ	CONJ	1063	γάρ	γάρ	
Matt 5:18	λέγω	V-PAI-1S	V-PAI-1S	3004&5719	λέγω	λέγω	
Matt 5:18	ὑμῖν,	P-2DP	P-2DP	4771	σύ	ὑμῖν	
Matt 5:18	ἕως	ADV	ADV	2193	ἕως	ἕως	
Matt 5:18	ἂν	PRT	PRT	302	ἄν	ἄν	
Matt 5:18	παρέλθῃ	V-2AAS-3S	V-2AAS-3S	3928&5632	παρέρχομαι	παρέλθῃ	
Matt 5:18	ὁ	T-NSM	T-NSM	3588	ὁ	ὁ	
Matt 5:18	οὐρανὸς	N-NSM	N-NSM	3772	οὐρανός	οὐρανός	
Matt 5:18	καὶ	CONJ	CONJ	2532	καί	καί	
Matt 5:18	ἡ	T-NSF	T-NSF	3588	ὁ	ἡ	
Matt 5:18	γῆ,	N-NSF	N-NSF	1093	γῆ	γῆ	
Matt 5:18	ἰῶτα	N-LI	N-LI	2503	ἰῶτα	ἰῶτα	
Matt 5:18	ἓν	A-NSN	A-NSN	1520	εἷς	ἕν	
Matt 5:18	ἢ	PRT	PRT	2228	ἤ	ἤ	
Matt 5:18	μία	A-NSF	A-NSF	1520	εἷς	μία	
Matt 5:18	κεραία	N-NSF	N-NSF	2762	κεραία	κεραία	
Matt 5:18	οὐ	PRT-N	PRT-N	3756	οὐ	οὐ	
Matt 5:18	μὴ	PRT-N	PRT-N	3361	μή	μή	
Matt 5:18	παρέλθῃ	V-2AAS-3S	V-2AAS-3S	3928&5632	παρέρχομαι	παρέλθῃ	
Matt 5:18	ἀπὸ	PREP	PREP	575	ἀπό	ἀπό	
Matt 5:18	τοῦ	T-GSM	T-GSM	3588	ὁ	τοῦ	
Matt 5:18	νόμου,	N-GSM	N-GSM	3551	νόμος	νόμου	
Matt 5:18	ἕως	ADV	ADV	2193	ἕως	ἕως	
Matt 5:18	ἂν	PRT	PRT	302	ἄν	ἄν	
Matt 5:18	πάντα	A-NPN	A-NPN	3956	πᾶς	πάντα	
Matt 5:18	γένηται.	V-2ADS-3S	V-2ADS-3S	1096&5638	γίνομαι	γένηται	
Matt 5:19	ὃς	R-NSM	R-NSM	3739	ὅς	ὅς	
Matt 5:19	ἐὰν	COND	COND	1437	ἐάν	ἐάν	
Matt 5:19	οὖν	CONJ	CONJ	3767	οὖν	οὖν	
Matt 5:19	λύσῃ	V-AAS-3S	V-AAS-3S	3089&5661	λύω	λύσῃ	
Matt 5:19	μίαν	A-ASF	A-ASF	1520	εἷς	μίαν	
Matt 5:19	τῶν	T-GPF	T-GPF	3588	ὁ	τῶν	
Matt 5:19	ἐντολῶν	N-GPF	N-GPF	1785	ἐντολή	ἐντολῶν	
Matt 5:19	τούτων	D-GPF	D-GPF	3778	οὗτος	τούτων	
Matt 5:19	τῶν	T-GPF	T-GPF	3588	ὁ	τῶν	
Matt 5:19	ἐλαχίστων	A-GPF-S	A-GPF-S	1646	ἐλάχιστος	ἐλαχίστων	
Matt 5:19	καὶ	CONJ	CONJ	2532	καί	καί	
Matt 5:19	διδάξῃ	V-AAS-3S	V-AAS-3S	1321&5661	διδάσκω	διδάξῃ	
Matt 5:19	οὕτως	ADV	ADV	3779	οὕτω	οὕτως	
Matt 5:19	τοὺς	T-APM	T-APM	3588	ὁ	τούς	
Matt 5:19	ἀνθρώπους,	N-APM	N-APM	444	ἄνθρωπος	ἀνθρώπους	
Matt 5:19	ἐλάχιστος	A-NSM-S	A-NSM-S	1646	ἐλάχιστος	ἐλάχιστος	
Matt 5:19	κληθήσεται	V-FPI-3S	V-FPI-3S	2564&5701	καλέω	κληθήσεται	
Matt 5:19	ἐν	PREP	PREP	1722	ἐν	ἐν	
Matt 5:19	τῇ	T-DSF	T-DSF	3588	ὁ	τῇ	
Matt 5:19	βασιλείᾳ	N-DSF	N-DSF	932	βασιλεία	βασιλείᾳ	
Matt 5:19	τῶν	T-GPM	T-GPM	3588	ὁ	τῶν	
Matt 5:19	οὐρανῶν·	N-GPM	N-GPM	3772	οὐρανός	οὐρανῶν	
Matt 5:19	ὃς	R-NSM	R-NSM	3739	ὅς	ὅς	
Matt 5:19	δ’	CONJ	CONJ	1161	δέ	δ’	
Matt 5:19	ἂν	PRT	PRT	302	ἄν	ἄν	
Matt 5:19	ποιήσῃ	V-AAS-3S	V-AAS-3S	4160&5661	ποιέω	ποιήσῃ	
Matt 5:19	καὶ	CONJ	CONJ	2532	καί	καί	
Matt 5:19	διδάξῃ,	V-AAS-3S	V-AAS-3S	1321&5661	διδάσκω	διδάξῃ	
Matt 5:19	οὗτος	D-NSM	D-NSM	3778	οὗτος	οὗτος	
Matt 5:19	μέγας	A-NSM	A-NSM	3173	μέγας	μέγας	
Matt 5:19	κληθήσεται	V-FPI-3S	V-FPI-3S	2564&5701	καλέω	κληθήσεται	
Matt 5:19	ἐν	PREP	PREP	1722	ἐν	ἐν	
Matt 5:19	τῇ	T-DSF	T-DSF	3588	ὁ	τῇ	
Matt 5:19	βασιλείᾳ	N-DSF	N-DSF	932	βασιλεία	βασιλείᾳ	
Matt 5:19	τῶν	T-GPM	T-GPM	3588	ὁ	τῶν	
Matt 5:19	οὐρανῶν.	N-GPM	N-GPM	3772	οὐρανός	οὐρανῶν	
Matt 5:20	λέγω	V-PAI-1S	V-PAI-1S	3004&5719	λέγω	λέγω	
Matt 5:20	γὰρ	CONJ	CONJ	1063	γάρ	γάρ	
Matt 5:20	ὑμῖν	P-2DP	P-2DP	4771	σύ	ὑμῖν	
Matt 5:20	ὅτι	CONJ	CONJ	3754	ὅτι	ὅτι	
Matt 5:20	ἐὰν	COND	COND	1437	ἐάν	ἐάν	
Matt 5:20	μὴ	PRT-N	PRT-N	3361	μή	μή	
Matt 5:20	περισσεύσῃ	V-AAS-3S	V-AAS-3S	4052&5661	περισσεύω	περισσεύσῃ	
Matt 5:20	ὑμῶν	P-2GP	P-2GP	4771	σύ	ὑμῶν	
Matt 5:20	ἡ	T-NSF	T-NSF	3588	ὁ	ἡ	
Matt 5:20	δικαιοσύνη	N-NSF	N-NSF	1343	δικαιοσύνη	δικαιοσύνη	
Matt 5:20	πλεῖον	A-ASN-C	A-ASN-C	4183	πολύς	πλεῖον	
Matt 5:20	τῶν	T-GPM	T-GPM	3588	ὁ	τῶν	
Matt 5:20	γραμματέων	N-GPM	N-GPM	1122	γραμματεύς	γραμματέων	
Matt 5:20	καὶ	CONJ	CONJ	2532	καί	καί	
Matt 5:20	Φαρισαίων,	N-GPM	N-GPM	5330	Φαρισαῖος	Φαρισαίων	
Matt 5:20	οὐ	PRT-N	PRT-N	3756	οὐ	οὐ	
Matt 5:20	μὴ	PRT-N	PRT-N	3361	μή	μή	
Matt 5:20	εἰσέλθητε	V-2AAS-2P	V-2AAS-2P	1525&5632	εἰσέρχομαι	εἰσέλθητε	
Matt 5:20	εἰς	PREP	PREP	1519	εἰς	εἰς	
Matt 5:20	τὴν	T-ASF	T-ASF	3588	ὁ	τήν	
Matt 5:20	βασιλείαν	N-ASF	N-ASF	932	βασιλεία	βασιλείαν	
Matt 5:20	τῶν	T-GPM	T-GPM	3588	ὁ	τῶν	
Matt 5:20	οὐρανῶν.	N-GPM	N-GPM	3772	οὐρανός	οὐρανῶν	
Matt 5:21	Ἠκούσατε	V-AAI-2P	V-AAI-2P	191&5656	ἀκούω	Ἠκούσατε	
Matt 5:21	ὅτι	CONJ	CONJ	3754	ὅτι	ὅτι	
Matt 5:21	ἐρρέθη	V-API-3S	V-API-3S	2046&5681	εἶπον	ἐρρέθη	
Matt 5:21	τοῖς	T-DPM	T-DPM	3588	ὁ	τοῖς	
Matt 5:21	ἀρχαίοις	A-DPM	A-DPM	744	ἀρχαῖος	ἀρχαίοις	
Matt 5:21	Οὐ	PRT-N	PRT-N	3756	οὐ	Οὐ	
Matt 5:21	φονεύσεις·	V-FAI-2S	V-FAI-2S	5407&5692	φονεύω	φονεύσεις	
Matt 5:21	ὃς	R-NSM	R-NSM	3739	ὅς	ὅς	
Matt 5:21	δ’	CONJ	CONJ	1161	δέ	δ’	
Matt 5:21	ἂν	PRT	PRT	302	ἄν	ἄν	
Matt 5:21	φονεύσῃ,	V-AAS-3S	V-AAS-3S	5407&5661	φονεύω	φονεύσῃ	
Matt 5:21	ἔνοχος	A-NSM	A-NSM	1777	ἔνοχος	ἔνοχος	
Matt 5:21	ἔσται	V-FDI-3S	V-FDI-3S	1510&5695	εἰμί	ἔσται	
Matt 5:21	τῇ	T-DSF	T-DSF	3588	ὁ	τῇ	
Matt 5:21	κρίσει.	N-DSF	N-DSF	2920	κρίσις	κρίσει	
Matt 5:22	ἐγὼ	P-1NS	P-1NS	1473	ἐγώ	ἐγώ	
Matt 5:22	δὲ	CONJ	CONJ	1161	δέ	δέ	
Matt 5:22	λέγω	V-PAI-1S	V-PAI-1S	3004&5719	λέγω	λέγω	
Matt 5:22	ὑμῖν	P-2DP	P-2DP	4771	σύ	ὑμῖν	
Matt 5:22	ὅτι	CONJ	CONJ	3754	ὅτι	ὅτι	
Matt 5:22	πᾶς	A-NSM	A-NSM	3956	πᾶς	πᾶς	
Matt 5:22	ὁ	T-NSM	T-NSM	3588	ὁ	ὁ	
Matt 5:22	ὀργιζόμενος	V-PPP-NSM	V-PEP-NSM	3710&5746	ὀργίζω	ὀργιζόμενος	
Matt 5:22	τῷ	T-DSM	T-DSM	3588	ὁ	τῷ	
Matt 5:22	ἀδελφῷ	N-DSM	N-DSM	80	ἀδελφός	ἀδελφῷ	
Matt 5:22	αὐτοῦ	P-GSM	P-GSM	846	αὐτός	αὐτοῦ	
Matt 5:22	ἔνοχος	A-NSM	A-NSM	1777	ἔνοχος	ἔνοχος	
Matt 5:22	ἔσται	V-FDI-3S	V-FDI-3S	1510&5695	εἰμί	ἔσται	
Matt 5:22	τῇ	T-DSF	T-DSF	3588	ὁ	τῇ	
Matt 5:22	κρίσει·	N-DSF	N-DSF	2920	κρίσις	κρίσει	
Matt 5:22	ὃς	R-NSM	R-NSM	3739	ὅς	ὅς	
Matt 5:22	δ’	CONJ	CONJ	1161	δέ	δ’	
Matt 5:22	ἂν	PRT	PRT	302	ἄν	ἄν	
Matt 5:22	εἴπῃ	V-2AAS-3S	V-2AAS-3S	3004&5632	λέγω	εἴπῃ	
Matt 5:22	τῷ	T-DSM	T-DSM	3588	ὁ	τῷ	
Matt 5:22	ἀδελφῷ	N-DSM	N-DSM	80	ἀδελφός	ἀδελφῷ	
Matt 5:22	αὐτοῦ	P-GSM	P-GSM	846	αὐτός	αὐτοῦ	
Matt 5:22	Ῥακά,	ARAM	ARAM	4469	ῥακά	Ῥακά	
Matt 5:22	ἔνοχος	A-NSM	A-NSM	1777	ἔνοχος	ἔνοχος	
Matt 5:22	ἔσται	V-FDI-3S	V-FDI-3S	1510&5695	εἰμί	ἔσται	
Matt 5:22	τῷ	T-DSN	T-DSN	3588	ὁ	τῷ	
Matt 5:22	συνεδρίῳ·	N-DSN	N-DSN	4892	συνέδριον	συνεδρίῳ	
Matt 5:22	ὃς	R-NSM	R-NSM	3739	ὅς	ὅς	
Matt 5:22	δ’	CONJ	CONJ	1161	δέ	δ’	
Matt 5:22	ἂν	PRT	PRT	302	ἄν	ἄν	
Matt 5:22	εἴπῃ	V-2AAS-3S	V-2AAS-3S	3004&5632	λέγω	εἴπῃ	
Matt 5:22	Μωρέ,	A-VSM	A-VSM	3474	μωρός	Μωρέ	
Matt 5:22	ἔνοχος	A-NSM	A-NSM	1777	ἔνοχος	ἔνοχος	
Matt 5:22	ἔσται	V-FDI-3S	V-FDI-3S	1510&5695	εἰμί	ἔσται	
Matt 5:22	εἰς	PREP	PREP	1519	εἰς	εἰς	
Matt 5:22	τὴν	T-ASF	T-ASF	3588	ὁ	τήν	
Matt 5:22	γέενναν	N-ASF	N-ASF	1067	γέεννα	γέενναν	
Matt 5:22	τοῦ	T-GSN	T-GSN	3588	ὁ	τοῦ	
Matt 5:22	πυρός.	N-GSN	N-GSN	4442	πῦρ	πυρός	
Matt 5:23	ἐὰν	COND	COND	1437	ἐάν	ἐάν	
Matt 5:23	οὖν	CONJ	CONJ	3767	οὖν	οὖν	
Matt 5:23	προσφέρῃς	V-PAS-2S	V-PAS-2S	4374&5725	προσφέρω	προσφέρῃς	
Matt 5:23	τὸ	T-ASN	T-ASN	3588	ὁ	τό	
Matt 5:23	δῶρόν	N-ASN	N-ASN	1435	δῶρον	δῶρον	
Matt 5:23	σου	P-2GS	P-2GS	4771	σύ	σου	
Matt 5:23	ἐπὶ	PREP	PREP	1909	ἐπί	ἐπί	
Matt 5:23	τὸ	T-ASN	T-ASN	3588	ὁ	τό	
Matt 5:23	θυσιαστήριον	N-ASN	N-ASN	2379	θυσιαστήριον	θυσιαστήριον	
Matt 5:23	κἀκεῖ	ADV-K	ADV-K	2546	κἀκεῖ	κἀκεῖ	
Matt 5:23	μνησθῇς	V-APS-2S	V-APS-2S	3403&5686	μιμνῄσκω	μνησθῇς	
Matt 5:23	ὅτι	CONJ	CONJ	3754	ὅτι	ὅτι	
Matt 5:23	ὁ	T-NSM	T-NSM	3588	ὁ	ὁ	
Matt 5:23	ἀδελφός	N-NSM	N-NSM	80	ἀδελφός	ἀδελφός	
Matt 5:23	σου	P-2GS	P-2GS	4771	σύ	σου	
Matt 5:23	ἔχει	V-PAI-3S	V-PAI-3S	2192&5719	ἔχω	ἔχει	
Matt 5:23	τι	X-ASN	X-ASN	5100	τὶς	τι	
Matt 5:23	κατὰ	PREP	PREP	2596	κατά	κατά	
Matt 5:23	σοῦ,	P-2GS	P-2GS	4771	σύ	σοῦ	
Matt 5:24	ἄφες	V-2AAM-2S	V-2AAM-2S	863&5628	ἀφίημι	ἄφες	
Matt 5:24	ἐκεῖ	ADV	ADV	1563	ἐκεῖ	ἐκεῖ	
Matt 5:24	τὸ	T-ASN	T-ASN	3588	ὁ	τό	
Matt 5:24	δῶρόν	N-ASN	N-ASN	1435	δῶρον	δῶρον	
Matt 5:24	σου	P-2GS	P-2GS	4771	σύ	σου	
Matt 5:24	ἔμπροσθεν	PREP	PREP	1715	ἔμπροσθεν	ἔμπροσθεν	
Matt 5:24	τοῦ	T-GSN	T-GSN	3588	ὁ	τοῦ	
Matt 5:24	θυσιαστηρίου	N-GSN	N-GSN	2379	θυσιαστήριον	θυσιαστηρίου	
Matt 5:24	καὶ	CONJ	CONJ	2532	καί	καί	
Matt 5:24	ὕπαγε	V-PAM-2S	V-PAM-2S	5217&5720	ὑπάγω	ὕπαγε	
Matt 5:24	πρῶτον	ADV-S	ADV-S	4412	πρῶτος	πρῶτον	
Matt 5:24	διαλλάγηθι	V-2APM-2S	V-2APM-2S	1259&5649	διαλλάσσω	διαλλάγηθι	
Matt 5:24	τῷ	T-DSM	T-DSM	3588	ὁ	τῷ	
Matt 5:24	ἀδελφῷ	N-DSM	N-DSM	80	ἀδελφός	ἀδελφῷ	
Matt 5:24	σου,	P-2GS	P-2GS	4771	σύ	σου	
Matt 5:24	καὶ	CONJ	CONJ	2532	καί	καί	
Matt 5:24	τότε	ADV	ADV	5119	τότε	τότε	
Matt 5:24	ἐλθὼν	V-2AAP-NSM	V-2AAP-NSM	2064&5631	ἔρχομαι	ἐλθών	
Matt 5:24	πρόσφερε	V-PAM-2S	V-PAM-2S	4374&5720	προσφέρω	πρόσφερε	
Matt 5:24	τὸ	T-ASN	T-ASN	3588	ὁ	τό	
Matt 5:24	δῶρόν	N-ASN	N-ASN	1435	δῶρον	δῶρον	
Matt 5:24	σου.	P-2GS	P-2GS	4771	σύ	σου	
Matt 5:25	ἴσθι	V-PAM-2S	V-PAM-2S	1510&5720	εἰμί	ἴσθι	
Matt 5:25	εὐνοῶν	V-PAP-NSM	V-PAP-NSM	2132&5723	εὐνοέω	εὐνοῶν	
Matt 5:25	τῷ	T-DSM	T-DSM	3588	ὁ	τῷ	
Matt 5:25	ἀντιδίκῳ	N-DSM	N-DSM	476	ἀντίδικος	ἀντιδίκῳ	
Matt 5:25	σου	P-2GS	P-2GS	4771	σύ	σου	
Matt 5:25	ταχὺ	ADV	ADV	5035	ταχύς	ταχύ	
Matt 5:25	ἕως	ADV	ADV	2193	ἕως	ἕως	
Matt 5:25	ὅτου	R-GSN-ATT	R-GSN-ATT	3755	ὅστις	ὅτου	
Matt 5:25	εἶ	V-PAI-2S	V-PAI-2S	1510&5719	εἰμί	εἶ	
Matt 5:25	μετ’	PREP	PREP	3326	μετά	μετ’	
Matt 5:25	αὐτοῦ	P-GSM	P-GSM	846	αὐτός	αὐτοῦ	
Matt 5:25	ἐν	PREP	PREP	1722	ἐν	ἐν	
Matt 5:25	τῇ	T-DSF	T-DSF	3588	ὁ	τῇ	
Matt 5:25	ὁδῷ·	N-DSF	N-DSF	3598	ὁδός	ὁδῷ	
Matt 5:25	μή	PRT-N	PRT-N	3361	μή	μή	
Matt 5:25	ποτέ	ADV	ADV	4219	πότε	ποτέ	
Matt 5:25	σε	P-2AS	P-2AS	4771	σύ	σε	
Matt 5:25	παραδῷ	V-2AAS-3S	V-2AAS-3S	3860&5632	παραδίδωμι	παραδῷ	
Matt 5:25	ὁ	T-NSM	T-NSM	3588	ὁ	ὁ	
Matt 5:25	ἀντίδικος	N-NSM	N-NSM	476	ἀντίδικος	ἀντίδικος	
Matt 5:25	τῷ	T-DSM	T-DSM	3588	ὁ	τῷ	
Matt 5:25	κριτῇ,	N-DSM	N-DSM	2923	κριτής	κριτῇ	
Matt 5:25	καὶ	CONJ	CONJ	2532	καί	καί	
Matt 5:25	ὁ	T-NSM	T-NSM	3588	ὁ	ὁ	
Matt 5:25	κριτὴς	N-NSM	N-NSM	2923	κριτής	κριτής	
Matt 5:25	τῷ	T-DSM	T-DSM	3588	ὁ	τῷ	
Matt 5:25	ὑπηρέτῃ,	N-DSM	N-DSM	5257	ὑπηρέτης	ὑπηρέτῃ	
Matt 5:25	καὶ	CONJ	CONJ	2532	καί	καί	
Matt 5:25	εἰς	PREP	PREP	1519	εἰς	εἰς	
Matt 5:25	φυλακὴν	N-ASF	N-ASF	5438	φυλακή	φυλακήν	
Matt 5:25	βληθήσῃ·	V-FPI-2S	V-FPI-2S	906&5701	βάλλω	βληθήσῃ	
Matt 5:26	ἀμὴν	HEB	HEB	281	ἀμήν	ἀμήν	
Matt 5:26	λέγω	V-PAI-1S	V-PAI-1S	3004&5719	λέγω	λέγω	
Matt 5:26	σοι,	P-2DS	P-2DS	4771	σύ	σοι	
Matt 5:26	οὐ	PRT-N	PRT-N	3756	οὐ	οὐ	
Matt 5:26	μὴ	PRT-N	PRT-N	3361	μή	μή	
Matt 5:26	ἐξέλθῃς	V-2AAS-2S	V-2AAS-2S	1831&5632	ἐξέρχομαι	ἐξέλθῃς	
Matt 5:26	ἐκεῖθεν	ADV	ADV	1564	ἐκεῖθεν	ἐκεῖθεν	
Matt 5:26	ἕως	ADV	ADV	2193	ἕως	ἕως	
Matt 5:26	ἂν	PRT	PRT	302	ἄν	ἄν	
Matt 5:26	ἀποδῷς	V-2AAS-2S	V-2AAS-2S	591&5632	ἀποδίδωμι	ἀποδῷς	
Matt 5:26	τὸν	T-ASM	T-ASM	3588	ὁ	τόν	
Matt 5:26	ἔσχατον	A-ASM-S	A-ASM-S	2078	ἔσχατος	ἔσχατον	
Matt 5:26	κοδράντην.	N-ASM	N-ASM	2835	κοδράντης	κοδράντην	
Matt 5:27	Ἠκούσατε	V-AAI-2P	V-AAI-2P	191&5656	ἀκούω	Ἠκούσατε	
Matt 5:27	ὅτι	CONJ	CONJ	3754	ὅτι	ὅτι	
Matt 5:27	ἐρρέθη	V-API-3S	V-API-3S	2046&5681	εἶπον	ἐρρέθη	
Matt 5:27	Οὐ	PRT-N	PRT-N	3756	οὐ	Οὐ	
Matt 5:27	μοιχεύσεις.	V-FAI-2S	V-FAI-2S	3431&5692	μοιχεύω	μοιχεύσεις	
Matt 5:28	ἐγὼ	P-1NS	P-1NS	1473	ἐγώ	ἐγώ	
Matt 5:28	δὲ	CONJ	CONJ	1161	δέ	δέ	
Matt 5:28	λέγω	V-PAI-1S	V-PAI-1S	3004&5719	λέγω	λέγω	
Matt 5:28	ὑμῖν	P-2DP	P-2DP	4771	σύ	ὑμῖν	
Matt 5:28	ὅτι	CONJ	CONJ	3754	ὅτι	ὅτι	
Matt 5:28	πᾶς	A-NSM	A-NSM	3956	πᾶς	πᾶς	
Matt 5:28	ὁ	T-NSM	T-NSM	3588	ὁ	ὁ	
Matt 5:28	βλέπων	V-PAP-NSM	V-PAP-NSM	991&5723	βλέπω	βλέπων	
Matt 5:28	γυναῖκα	N-ASF	N-ASF	1135	γυνή	γυναῖκα	
Matt 5:28	πρὸς	PREP	PREP	4314	πρός	πρός	
Matt 5:28	τὸ	T-ASN	T-ASN	3588	ὁ	τό	
Matt 5:28	ἐπιθυμῆσαι	V-AAN	V-AAN	1937&5658	ἐπιθυμέω	ἐπιθυμῆσαι	
Matt 5:28	αὐτὴν	P-ASF	P-ASF	846	αὐτός	αὐτήν	
Matt 5:28	ἤδη	ADV	ADV	2235	ἤδη	ἤδη	
Matt 5:28	ἐμοίχευσεν	V-AAI-3S	V-AAI-3S	3431&5656	μοιχεύω	ἐμοίχευσεν	
Matt 5:28	αὐτὴν	P-ASF	P-ASF	846	αὐτός	αὐτήν	
Matt 5:28	ἐν	PREP	PREP	1722	ἐν	ἐν	
Matt 5:28	τῇ	T-DSF	T-DSF	3588	ὁ	τῇ	
Matt 5:28	καρδίᾳ	N-DSF	N-DSF	2588	καρδία	καρδίᾳ	
Matt 5:28	αὐτοῦ.	P-GSM	P-GSM	846	αὐτός	αὐτοῦ	
Matt 5:29	εἰ	COND	COND	1487	εἰ	εἰ	
Matt 5:29	δὲ	CONJ	CONJ	1161	δέ	δέ	
Matt 5:29	ὁ	T-NSM	T-NSM	3588	ὁ	ὁ	
Matt 5:29	ὀφθαλμός	N-NSM	N-NSM	3788	ὀφθαλμός	ὀφθαλμός	
Matt 5:29	σου	P-2GS	P-2GS	4771	σύ	σου	
Matt 5:29	ὁ	T-NSM	T-NSM	3588	ὁ	ὁ	
Matt 5:29	δεξιὸς	A-NSM	A-NSM	1188	δεξιός	δεξιός	
Matt 5:29	σκανδαλίζει	V-PAI-3S	V-PAI-3S	4624&5719	σκανδαλίζω	σκανδαλίζει	
Matt 5:29	σε,	P-2AS	P-2AS	4771	σύ	σε	
Matt 5:29	ἔξελε	V-2AAM-2S	V-2AAM-2S	1807&5628	ἐξαιρέω	ἔξελε	
Matt 5:29	αὐτὸν	P-ASM	P-ASM	846	αὐτός	αὐτόν	
Matt 5:29	καὶ	CONJ	CONJ	2532	καί	καί	
Matt 5:29	βάλε	V-2AAM-2S	V-2AAM-2S	906&5628	βάλλω	βάλε	
Matt 5:29	ἀπὸ	PREP	PREP	575	ἀπό	ἀπό	
Matt 5:29	σοῦ·	P-2GS	P-2GS	4771	σύ	σοῦ	
Matt 5:29	συμφέρει	V-PAI-3S	V-PAI-3S	4851&5719	συμφέρω	συμφέρει	
Matt 5:29	γάρ	CONJ	CONJ	1063	γάρ	γάρ	
Matt 5:29	σοι	P-2DS	P-2DS	4771	σύ	σοι	
Matt 5:29	ἵνα	CONJ	CONJ	2443	ἵνα	ἵνα	
Matt 5:29	ἀπόληται	V-2AMS-3S	V-2AMS-3S	622&5643	ἀπόλλυμι	ἀπόληται	
Matt 5:29	ἓν	A-NSN	A-NSN	1520	εἷς	ἕν	
Matt 5:29	τῶν	T-GPN	T-GPN	3588	ὁ	τῶν	
Matt 5:29	μελῶν	N-GPN	N-GPN	3196	μέλος	μελῶν	
Matt 5:29	σου	P-2GS	P-2GS	4771	σύ	σου	
Matt 5:29	καὶ	CONJ	CONJ	2532	καί	καί	
Matt 5:29	μὴ	PRT-N	PRT-N	3361	μή	μή	
Matt 5:29	ὅλον	A-NSN	A-NSN	3650	ὅλος	ὅλον	
Matt 5:29	τὸ	T-NSN	T-NSN	3588	ὁ	τό	
Matt 5:29	σῶμά	N-NSN	N-NSN	4983	σῶμα	σῶμα	
Matt 5:29	σου	P-2GS	P-2GS	4771	σύ	σου	
Matt 5:29	βληθῇ	V-APS-3S	V-APS-3S	906&5686	βάλλω	βληθῇ	
Matt 5:29	εἰς	PREP	PREP	1519	εἰς	εἰς	
Matt 5:29	γέενναν.	N-ASF	N-ASF	1067	γέεννα	γέενναν	
Matt 5:30	καὶ	CONJ	CONJ	2532	καί	καί	
Matt 5:30	εἰ	COND	COND	1487	εἰ	εἰ	
Matt 5:30	ἡ	T-NSF	T-NSF	3588	ὁ	ἡ	
Matt 5:30	δεξιά	A-NSF	A-NSF	1188	δεξιός	δεξιά	
Matt 5:30	σου	P-2GS	P-2GS	4771	σύ	σου	
Matt 5:30	χεὶρ	N-NSF	N-NSF	5495	χείρ	χείρ	
Matt 5:30	σκανδαλίζει	V-PAI-3S	V-PAI-3S	4624&5719	σκανδαλίζω	σκανδαλίζει	
Matt 5:30	σε,	P-2AS	P-2AS	4771	σύ	σε	
Matt 5:30	ἔκκοψον	V-AAM-2S	V-AAM-2S	1581&5657	ἐκκόπτω	ἔκκοψον	
Matt 5:30	αὐτὴν	P-ASF	P-ASF	846	αὐτός	αὐτήν	
Matt 5:30	καὶ	CONJ	CONJ	2532	καί	καί	
Matt 5:30	βάλε	V-2AAM-2S	V-2AAM-2S	906&5628	βάλλω	βάλε	
Matt 5:30	ἀπὸ	PREP	PREP	575	ἀπό	ἀπό	
Matt 5:30	σοῦ·	P-2GS	P-2GS	4771	σύ	σοῦ	
Matt 5:30	συμφέρει	V-PAI-3S	V-PAI-3S	4851&5719	συμφέρω	συμφέρει	
Matt 5:30	γάρ	CONJ	CONJ	1063	γάρ	γάρ	
Matt 5:30	σοι	P-2DS	P-2DS	4771	σύ	σοι	
Matt 5:30	ἵνα	CONJ	CONJ	2443	ἵνα	ἵνα	
Matt 5:30	ἀπόληται	V-2AMS-3S	V-2AMS-3S	622&5643	ἀπόλλυμι	ἀπόληται	
Matt 5:30	ἓν	A-NSN	A-NSN	1520	εἷς	ἕν	
Matt 5:30	τῶν	T-GPN	T-GPN	3588	ὁ	τῶν	
Matt 5:30	μελῶν	N-GPN	N-GPN	3196	μέλος	μελῶν	
Matt 5:30	σου	P-2GS	P-2GS	4771	σύ	σου	
Matt 5:30	καὶ	CONJ	CONJ	2532	καί	καί	
Matt 5:30	μὴ	PRT-N	PRT-N	3361	μή	μή	
Matt 5:30	ὅλον	A-NSN	A-NSN	3650	ὅλος	ὅλον	
Matt 5:30	τὸ	T-NSN	T-NSN	3588	ὁ	τό	
Matt 5:30	σῶμά	N-NSN	N-NSN	4983	σῶμα	σῶμα	
Matt 5:30	σου	P-2GS	P-2GS	4771	σύ	σου	
Matt 5:30	εἰς	PREP	PREP	1519	εἰς	εἰς	
Matt 5:30	γέενναν	N-ASF	N-ASF	1067	γέεννα	γέενναν	
Matt 5:30	ἀπέλθῃ.	V-2AAS-3S	V-2AAS-3S	565&5632	ἀπέρχομαι	ἀπέλθῃ	
Matt 5:31	Ἐρρέθη	V-API-3S	V-API-3S	2046&5681	εἶπον	Ἐρρέθη	
Matt 5:31	δέ	CONJ	CONJ	1161	δέ	δέ	
Matt 5:31	Ὃς	R-NSM	R-NSM	3739	ὅς	Ὅς	
Matt 5:31	ἂν	PRT	PRT	302	ἄν	ἄν	
Matt 5:31	ἀπολύσῃ	V-AAS-3S	V-AAS-3S	630&5661	ἀπολύω	ἀπολύσῃ	
Matt 5:31	τὴν	T-ASF	T-ASF	3588	ὁ	τήν	
Matt 5:31	γυναῖκα	N-ASF	N-ASF	1135	γυνή	γυναῖκα	
Matt 5:31	αὐτοῦ,	P-GSM	P-GSM	846	αὐτός	αὐτοῦ	
Matt 5:31	δότω	V-2AAM-3S	V-2AAM-3S	1325&5628	δίδωμι	δότω	
Matt 5:31	αὐτῇ	P-DSF	P-DSF	846	αὐτός	αὐτῇ	
Matt 5:31	ἀποστάσιον.	N-ASN	N-ASN	647	ἀποστάσιον	ἀποστάσιον	
Matt 5:32	ἐγὼ	P-1NS	P-1NS	1473	ἐγώ	ἐγώ	
Matt 5:32	δὲ	CONJ	CONJ	1161	δέ	δέ	
Matt 5:32	λέγω	V-PAI-1S	V-PAI-1S	3004&5719	λέγω	λέγω	
Matt 5:32	ὑμῖν	P-2DP	P-2DP	4771	σύ	ὑμῖν	
Matt 5:32	ὅτι	CONJ	CONJ	3754	ὅτι	ὅτι	
Matt 5:32	πᾶς	A-NSM	A-NSM	3956	πᾶς	πᾶς	
Matt 5:32	ὁ	T-NSM	T-NSM	3588	ὁ	ὁ	
Matt 5:32	ἀπολύων	V-PAP-NSM	V-PAP-NSM	630&5723	ἀπολύω	ἀπολύων	
Matt 5:32	τὴν	T-ASF	T-ASF	3588	ὁ	τήν	
Matt 5:32	γυναῖκα	N-ASF	N-ASF	1135	γυνή	γυναῖκα	
Matt 5:32	αὐτοῦ	P-GSM	P-GSM	846	αὐτός	αὐτοῦ	
Matt 5:32	παρεκτὸς	ADV	ADV	3924	παρεκτός	παρεκτός	
Matt 5:32	λόγου	N-GSM	N-GSM	3056	λόγος	λόγου	
Matt 5:32	πορνείας	N-GSF	N-GSF	4202	πορνεία	πορνείας	
Matt 5:32	ποιεῖ	V-PAI-3S	V-PAI-3S	4160&5719	ποιέω	ποιεῖ	
Matt 5:32	αὐτὴν	P-ASF	P-ASF	846	αὐτός	αὐτήν	
Matt 5:32	μοιχευθῆναι,	V-APN	V-APN	3431&5683	μοιχεύω	μοιχευθῆναι	
Matt 5:32	καὶ	CONJ	CONJ	2532	καί	καί	
Matt 5:32	ὃς	R-NSM	R-NSM	3739	ὅς	ὅς	
Matt 5:32	ἐὰν	COND	COND	1437	ἐάν	ἐάν	
Matt 5:32	ἀπολελυμένην	V-RPP-ASF	V-RPP-ASF	630&5772	ἀπολύω	ἀπολελυμένην	
Matt 5:32	γαμήσῃ	V-AAS-3S	V-AAS-3S	1060&5661	γαμέω	γαμήσῃ	
Matt 5:32	μοιχᾶται.	V-PNI-3S	V-PNI-3S	3429&5736	μοιχάω	μοιχᾶται	
Matt 5:33	Πάλιν	ADV	ADV	3825	πάλιν	Πάλιν	
Matt 5:33	ἠκούσατε	V-AAI-2P	V-AAI-2P	191&5656	ἀκούω	ἠκούσατε	
Matt 5:33	ὅτι	CONJ	CONJ	3754	ὅτι	ὅτι	
Matt 5:33	ἐρρέθη	V-API-3S	V-API-3S	2046&5681	εἶπον	ἐρρέθη	
Matt 5:33	τοῖς	T-DPM	T-DPM	3588	ὁ	τοῖς	
Matt 5:33	ἀρχαίοις	A-DPM	A-DPM	744	ἀρχαῖος	ἀρχαίοις	
Matt 5:33	Οὐκ	PRT-N	PRT-N	3756	οὐ	Οὐκ	
Matt 5:33	ἐπιορκήσεις,	V-FAI-2S	V-FAI-2S	1964&5692	ἐπιορκέω	ἐπιορκήσεις	
Matt 5:33	ἀποδώσεις	V-FAI-2S	V-FAI-2S	591&5692	ἀποδίδωμι	ἀποδώσεις	
Matt 5:33	δὲ	CONJ	CONJ	1161	δέ	δέ	
Matt 5:33	τῷ	T-DSM	T-DSM	3588	ὁ	τῷ	
Matt 5:33	Κυρίῳ	N-DSM	N-DSM	2962	κύριος	Κυρίῳ	
Matt 5:33	τοὺς	T-APM	T-APM	3588	ὁ	τούς	
Matt 5:33	ὅρκους	N-APM	N-APM	3727	ὅρκος	ὅρκους	
Matt 5:33	σου.	P-2GS	P-2GS	4771	σύ	σου	
Matt 5:34	ἐγὼ	P-1NS	P-1NS	1473	ἐγώ	ἐγώ	
Matt 5:34	δὲ	CONJ	CONJ	1161	δέ	δέ	
Matt 5:34	λέγω	V-PAI-1S	V-PAI-1S	3004&5719	λέγω	λέγω	
Matt 5:34	ὑμῖν	P-2DP	P-2DP	4771	σύ	ὑμῖν	
Matt 5:34	μὴ	PRT-N	PRT-N	3361	μή	μή	
Matt 5:34	ὀμόσαι	V-AAN	V-AAN	3660&5658	ὀμνύω	ὀμόσαι	
Matt 5:34	ὅλως·	ADV	ADV	3654	ὅλως	ὅλως	
Matt 5:34	μήτε	CONJ-N	CONJ-N	3383	μήτε	μήτε	
Matt 5:34	ἐν	PREP	PREP	1722	ἐν	ἐν	
Matt 5:34	τῷ	T-DSM	T-DSM	3588	ὁ	τῷ	
Matt 5:34	οὐρανῷ,	N-DSM	N-DSM	3772	οὐρανός	οὐρανῷ	
Matt 5:34	ὅτι	CONJ	CONJ	3754	ὅτι	ὅτι	
Matt 5:34	θρόνος	N-NSM	N-NSM	2362	θρόνος	θρόνος	
Matt 5:34	ἐστὶν	V-PAI-3S	V-PAI-3S	1510&5719	εἰμί	ἐστίν	
Matt 5:34	τοῦ	T-GSM	T-GSM	3588	ὁ	τοῦ	
Matt 5:34	Θεοῦ·	N-GSM	N-GSM	2316	θεός	Θεοῦ	
Matt 5:35	μήτε	CONJ-N	CONJ-N	3383	μήτε	μήτε	
Matt 5:35	ἐν	PREP	PREP	1722	ἐν	ἐν	
Matt 5:35	τῇ	T-DSF	T-DSF	3588	ὁ	τῇ	
Matt 5:35	γῇ,	N-DSF	N-DSF	1093	γῆ	γῇ	
Matt 5:35	ὅτι	CONJ	CONJ	3754	ὅτι	ὅτι	
Matt 5:35	ὑποπόδιόν	N-NSN	N-NSN	5286	ὑποπόδιον	ὑποπόδιον	
Matt 5:35	ἐστιν	V-PAI-3S	V-PAI-3S	1510&5719	εἰμί	ἐστιν	
Matt 5:35	τῶν	T-GPM	T-GPM	3588	ὁ	τῶν	
Matt 5:35	ποδῶν	N-GPM	N-GPM	4228	πούς	ποδῶν	
Matt 5:35	αὐτοῦ·	P-GSM	P-GSM	846	αὐτός	αὐτοῦ	
Matt 5:35	μήτε	CONJ-N	CONJ-N	3383	μήτε	μήτε	
Matt 5:35	εἰς	PREP	PREP	1519	εἰς	εἰς	
Matt 5:35	Ἱεροσόλυμα,	N-APN	N-APN	2414	Ἱεροσόλυμα	Ἱεροσόλυμα	
Matt 5:35	ὅτι	CONJ	CONJ	3754	ὅτι	ὅτι	
Matt 5:35	πόλις	N-NSF	N-NSF	4172	πόλις	πόλις	
Matt 5:35	ἐστὶν	V-PAI-3S	V-PAI-3S	1510&5719	εἰμί	ἐστίν	
Matt 5:35	τοῦ	T-GSM	T-GSM	3588	ὁ	τοῦ	
Matt 5:35	μεγάλου	A-GSM	A-GSM	3173	μέγας	μεγάλου	
Matt 5:35	Βασιλέως·	N-GSM	N-GSM	935	βασιλεύς	Βασιλέως	
Matt 5:36	μήτε	CONJ-N	CONJ-N	3383	μήτε	μήτε	
Matt 5:36	ἐν	PREP	PREP	1722	ἐν	ἐν	
Matt 5:36	τῇ	T-DSF	T-DSF	3588	ὁ	τῇ	
Matt 5:36	κεφαλῇ	N-DSF	N-DSF	2776	κεφαλή	κεφαλῇ	
Matt 5:36	σου	P-2GS	P-2GS	4771	σύ	σου	
Matt 5:36	ὀμόσῃς,	V-AAS-2S	V-AAS-2S	3660&5661	ὀμνύω	ὀμόσῃς	
Matt 5:36	ὅτι	CONJ	CONJ	3754	ὅτι	ὅτι	
Matt 5:36	οὐ	PRT-N	PRT-N	3756	οὐ	οὐ	
Matt 5:36	δύνασαι	V-PNI-2S	V-PNI-2S	1410&5736	δύναμαι	δύνασαι	
Matt 5:36	μίαν	A-ASF	A-ASF	1520	εἷς	μίαν	
Matt 5:36	τρίχα	N-ASF	N-ASF	2359	θρίξ	τρίχα	
Matt 5:36	λευκὴν	A-ASF	A-ASF	3022	λευκός	λευκήν	
Matt 5:36	ποιῆσαι	V-AAN	V-AAN	4160&5658	ποιέω	ποιῆσαι	
Matt 5:36	ἢ	PRT	PRT	2228	ἤ	ἤ	
Matt 5:36	μέλαιναν.	A-ASF	A-ASF	3189	μέλας	μέλαιναν	
Matt 5:37	ἔστω	V-PAM-3S	V-PAM-3S	1510&5720	εἰμί	ἔστω	
Matt 5:37	δὲ	CONJ	CONJ	1161	δέ	δέ	
Matt 5:37	ὁ	T-NSM	T-NSM	3588	ὁ	ὁ	
Matt 5:37	λόγος	N-NSM	N-NSM	3056	λόγος	λόγος	
Matt 5:37	ὑμῶν	P-2GP	P-2GP	4771	σύ	ὑμῶν	
Matt 5:37	ναὶ	PRT	PRT	3483	ναί	ναί	
Matt 5:37	ναί,	PRT	PRT	3483	ναί	ναί	
Matt 5:37	οὒ	PRT-N	PRT-N	3756	οὐ	οὔ	
Matt 5:37	οὔ·	PRT-N	PRT-N	3756	οὐ	οὔ	
Matt 5:37	τὸ	T-NSN	T-NSN	3588	ὁ	τό	
Matt 5:37	δὲ	CONJ	CONJ	1161	δέ	δέ	
Matt 5:37	περισσὸν	A-NSN	A-NSN	4053	περισσός	περισσόν	
Matt 5:37	τούτων	D-GPM	D-GPM	3778	οὗτος	τούτων	
Matt 5:37	ἐκ	PREP	PREP	1537	ἐκ	ἐκ	
Matt 5:37	τοῦ	T-GSM	T-GSM	3588	ὁ	τοῦ	
Matt 5:37	πονηροῦ	A-GSM	A-GSM	4190	πονηρός	πονηροῦ	
Matt 5:37	ἐστιν.	V-PAI-3S	V-PAI-3S	1510	εἰμί	ἐστιν	
Matt 5:38	Ἠκούσατε	V-AAI-2P	V-AAI-2P	191&5656	ἀκούω	Ἠκούσατε	
Matt 5:38	ὅτι	CONJ	CONJ	3754	ὅτι	ὅτι	
Matt 5:38	ἐρρέθη	V-API-3S	V-API-3S	2046&5681	εἶπον	ἐρρέθη	
Matt 5:38	Ὀφθαλμὸν	N-ASM	N-ASM	3788	ὀφθαλμός	Ὀφθαλμόν	
Matt 5:38	ἀντὶ	PREP	PREP	473	ἀντί	ἀντί	
Matt 5:38	ὀφθαλμοῦ	N-GSM	N-GSM	3788	ὀφθαλμός	ὀφθαλμοῦ	
Matt 5:38	καὶ	CONJ	CONJ	2532	καί	καί	
Matt 5:38	ὀδόντα	N-ASM	N-ASM	3599	ὀδούς	ὀδόντα	
Matt 5:38	ἀντὶ	PREP	PREP	473	ἀντί	ἀντί	
Matt 5:38	ὀδόντος.	N-GSM	N-GSM	3599	ὀδούς	ὀδόντος	
Matt 5:39	ἐγὼ	P-1NS	P-1NS	1473	ἐγώ	ἐγώ	
Matt 5:39	δὲ	CONJ	CONJ	1161	δέ	δέ	
Matt 5:39	λέγω	V-PAI-1S	V-PAI-1S	3004&5719	λέγω	λέγω	
Matt 5:39	ὑμῖν	P-2DP	P-2DP	4771	σύ	ὑμῖν	
Matt 5:39	μὴ	PRT-N	PRT-N	3361	μή	μή	
Matt 5:39	ἀντιστῆναι	V-2AAN	V-2AAN	436&5629	ἀνθίστημι	ἀντιστῆναι	
Matt 5:39	τῷ	T-DSM	T-DSM	3588	ὁ	τῷ	
Matt 5:39	πονηρῷ·	A-DSM	A-DSM	4190	πονηρός	πονηρῷ	
Matt 5:39	ἀλλ’	CONJ	CONJ	235	ἀλλά	ἀλλ’	
Matt 5:39	ὅστις	R-NSM	R-NSM	3748	ὅστις	ὅστις	
Matt 5:39	σε	P-2AS	P-2AS	4771	σύ	σε	
Matt 5:39	ῥαπίζει	V-PAI-3S	V-PAI-3S	4474&5719	ῥαπίζω	ῥαπίζει	
Matt 5:39	εἰς	PREP	PREP	1519	εἰς	εἰς	
Matt 5:39	τὴν	T-ASF	T-ASF	3588	ὁ	τήν	
Matt 5:39	δεξιὰν	A-ASF	A-ASF	1188	δεξιός	δεξιάν	
Matt 5:39	σιαγόνα	N-ASF	N-ASF	4600	σιαγών	σιαγόνα	
Matt 5:39	σου,	P-2GS	P-2GS	4771	σύ	σου	
Matt 5:39	στρέψον	V-AAM-2S	V-AAM-2S	4762&5657	στρέφω	στρέψον	
Matt 5:39	αὐτῷ	P-DSM	P-DSM	846	αὐτός	αὐτῷ	
Matt 5:39	καὶ	CONJ	CONJ	2532	καί	καί	
Matt 5:39	τὴν	T-ASF	T-ASF	3588	ὁ	τήν	
Matt 5:39	ἄλλην·	A-ASF	A-ASF	243	ἄλλος	ἄλλην	
Matt 5:40	καὶ	CONJ	CONJ	2532	καί	καί	
Matt 5:40	τῷ	T-DSM	T-DSM	3588	ὁ	τῷ	
Matt 5:40	θέλοντί	V-PAP-DSM	V-PAP-DSM	2309&5723	θέλω	θέλοντι	
Matt 5:40	σοι	P-2DS	P-2DS	4771	σύ	σοι	
Matt 5:40	κριθῆναι	V-APN	V-APN	2919&5683	κρίνω	κριθῆναι	
Matt 5:40	καὶ	CONJ	CONJ	2532	καί	καί	
Matt 5:40	τὸν	T-ASM	T-ASM	3588	ὁ	τόν	
Matt 5:40	χιτῶνά	N-ASM	N-ASM	5509	χιτών	χιτῶνα	
Matt 5:40	σου	P-2GS	P-2GS	4771	σύ	σου	
Matt 5:40	λαβεῖν,	V-2AAN	V-2AAN	2983&5629	λαμβάνω	λαβεῖν	
Matt 5:40	ἄφες	V-2AAM-2S	V-2AAM-2S	863&5628	ἀφίημι	ἄφες	
Matt 5:40	αὐτῷ	P-DSM	P-DSM	846	αὐτός	αὐτῷ	
Matt 5:40	καὶ	CONJ	CONJ	2532	καί	καί	
Matt 5:40	τὸ	T-ASN	T-ASN	3588	ὁ	τό	
Matt 5:40	ἱμάτιον·	N-ASN	N-ASN	2440	ἱμάτιον	ἱμάτιον	
Matt 5:41	καὶ	CONJ	CONJ	2532	καί	καί	
Matt 5:41	ὅστις	R-NSM	R-NSM	3748	ὅστις	ὅστις	
Matt 5:41	σε	P-2AS	P-2AS	4771	σύ	σε	
Matt 5:41	ἀγγαρεύσει	V-FAI-3S	V-FAI-3S	29&5692	ἀγγαρεύω	ἀγγαρεύσει	
Matt 5:41	μίλιον	N-ASN	N-ASN	3400	μίλιον	μίλιον	
Matt 5:41	ἕν,	A-ASN	A-ASN	1520	εἷς	ἕν	
Matt 5:41	ὕπαγε	V-PAM-2S	V-PAM-2S	5217&5720	ὑπάγω	ὕπαγε	
Matt 5:41	μετ’	PREP	PREP	3326	μετά	μετ’	
Matt 5:41	αὐτοῦ	P-GSM	P-GSM	846	αὐτός	αὐτοῦ	
Matt 5:41	δύο.	A-NUI	A-NUI	1417	δύο	δύο	
Matt 5:42	τῷ	T-DSM	T-DSM	3588	ὁ	τῷ	
Matt 5:42	αἰτοῦντί	V-PAP-DSM	V-PAP-DSM	154&5723	αἰτέω	αἰτοῦντι	
Matt 5:42	σε	P-2AS	P-2AS	4771	σύ	σε	
Matt 5:42	δός,	V-2AAM-2S	V-2AAM-2S	1325&5628	δίδωμι	δός	
Matt 5:42	καὶ	CONJ	CONJ	2532	καί	καί	
Matt 5:42	τὸν	T-ASM	T-ASM	3588	ὁ	τόν	
Matt 5:42	θέλοντα	V-PAP-ASM	V-PAP-ASM	2309&5723	θέλω	θέλοντα	
Matt 5:42	ἀπὸ	PREP	PREP	575	ἀπό	ἀπό	
Matt 5:42	σοῦ	P-2GS	P-2GS	4771	σύ	σοῦ	
Matt 5:42	δανίσασθαι	V-AMN	V-AMN	1155&5670	δανίζω	δανίσασθαι	
Matt 5:42	μὴ	PRT-N	PRT-N	3361	μή	μή	
Matt 5:42	ἀποστραφῇς.	V-2APS-2S	V-2APS-2S	654&5652	ἀποστρέφω	ἀποστραφῇς	
Matt 5:43	Ἠκούσατε	V-AAI-2P	V-AAI-2P	191&5656	ἀκούω	Ἠκούσατε	
Matt 5:43	ὅτι	CONJ	CONJ	3754	ὅτι	ὅτι	
Matt 5:43	ἐρρέθη	V-API-3S	V-API-3S	2046&5681	εἶπον	ἐρρέθη	
Matt 5:43	Ἀγαπήσεις	V-FAI-2S	V-FAI-2S	25&5692	ἀγαπάω	Ἀγαπήσεις	
Matt 5:43	τὸν	T-ASM	T-ASM	3588	ὁ	τόν	
Matt 5:43	πλησίον	ADV	ADV	4139	πλησίον	πλησίον	
Matt 5:43	σου	P-2GS	P-2GS	4771	σύ	σου	
Matt 5:43	καὶ	CONJ	CONJ	2532	καί	καί	
Matt 5:43	μισήσεις	V-FAI-2S	V-FAI-2S	3404&5692	μισέω	μισήσεις	
Matt 5:43	τὸν	T-ASM	T-ASM	3588	ὁ	τόν	
Matt 5:43	ἐχθρόν	A-ASM	A-ASM	2190	ἐχθρός	ἐχθρόν	
Matt 5:43	σου.	P-2GS	P-2GS	4771	σύ	σου	
Matt 5:44	ἐγὼ	P-1NS	P-1NS	1473	ἐγώ	ἐγώ	
Matt 5:44	δὲ	CONJ	CONJ	1161	δέ	δέ	
Matt 5:44	λέγω	V-PAI-1S	V-PAI-1S	3004&5719	λέγω	λέγω	
Matt 5:44	ὑμῖν,	P-2DP	P-2DP	4771	σύ	ὑμῖν	
Matt 5:44	ἀγαπᾶτε	V-PAM-2P	V-PAM-2P	25&5720	ἀγαπάω	ἀγαπᾶτε	
Matt 5:44	τοὺς	T-APM	T-APM	3588	ὁ	τούς	
Matt 5:44	ἐχθροὺς	A-APM	A-APM	2190	ἐχθρός	ἐχθρούς	
Matt 5:44	ὑμῶν	P-2GP	P-2GP	4771	σύ	ὑμῶν	
Matt 5:44	καὶ	CONJ	CONJ	2532	καί	καί	
Matt 5:44	προσεύχεσθε	V-PNM-2P	V-PNM-2P	4336&5737	προσεύχομαι	προσεύχεσθε	
Matt 5:44	ὑπὲρ	PREP	PREP	5228	ὑπέρ	ὑπέρ	
Matt 5:44	τῶν	T-GPM	T-GPM	3588	ὁ	τῶν	
Matt 5:44	διωκόντων	V-PAP-GPM	V-PAP-GPM	1377&5723	διώκω	διωκόντων	
Matt 5:44	ὑμᾶς·	P-2AP	P-2AP	4771	σύ	ὑμᾶς	
Matt 5:45	ὅπως	ADV	ADV	3704	ὅπως	ὅπως	
Matt 5:45	γένησθε	V-2ADS-2P	V-2ADS-2P	1096&5638	γίνομαι	γένησθε	
Matt 5:45	υἱοὶ	N-NPM	N-NPM	5207	υἱός	υἱοί	
Matt 5:45	τοῦ	T-GSM	T-GSM	3588	ὁ	τοῦ	
Matt 5:45	Πατρὸς	N-GSM	N-GSM	3962	πατήρ	Πατρός	
Matt 5:45	ὑμῶν	P-2GP	P-2GP	4771	σύ	ὑμῶν	
Matt 5:45	τοῦ	T-GSM	T-GSM	3588	ὁ	τοῦ	
Matt 5:45	ἐν	PREP	PREP	1722	ἐν	ἐν	
Matt 5:45	οὐρανοῖς,	N-DPM	N-DPM	3772	οὐρανός	οὐρανοῖς	
Matt 5:45	ὅτι	CONJ	CONJ	3754	ὅτι	ὅτι	
Matt 5:45	τὸν	T-ASM	T-ASM	3588	ὁ	τόν	
Matt 5:45	ἥλιον	N-ASM	N-ASM	2246	ἥλιος	ἥλιον	
Matt 5:45	αὐτοῦ	P-GSM	P-GSM	846	αὐτός	αὐτοῦ	
Matt 5:45	ἀνατέλλει	V-PAI-3S	V-PAI-3S	393&5719	ἀνατέλλω	ἀνατέλλει	
Matt 5:45	ἐπὶ	PREP	PREP	1909	ἐπί	ἐπί	
Matt 5:45	πονηροὺς	A-APM	A-APM	4190	πονηρός	πονηρούς	
Matt 5:45	καὶ	CONJ	CONJ	2532	καί	καί	
Matt 5:45	ἀγαθοὺς	A-APM	A-APM	18	ἀγαθός	ἀγαθούς	
Matt 5:45	καὶ	CONJ	CONJ	2532	καί	καί	
Matt 5:45	βρέχει	V-PAI-3S	V-PAI-3S	1026&5719	βρέχω	βρέχει	
Matt 5:45	ἐπὶ	PREP	PREP	1909	ἐπί	ἐπί	
Matt 5:45	δικαίους	A-APM	A-APM	1342	δίκαιος	δικαίους	
Matt 5:45	καὶ	CONJ	CONJ	2532	καί	καί	
Matt 5:45	ἀδίκους.	A-APM	A-APM	94	ἄδικος	ἀδίκους	
Matt 5:46	ἐὰν	COND	COND	1437	ἐάν	ἐάν	
Matt 5:46	γὰρ	CONJ	CONJ	1063	γάρ	γάρ	
Matt 5:46	ἀγαπήσητε	V-AAS-2P	V-AAS-2P	25&5661	ἀγαπάω	ἀγαπήσητε	
Matt 5:46	τοὺς	T-APM	T-APM	3588	ὁ	τούς	
Matt 5:46	ἀγαπῶντας	V-PAP-APM	V-PAP-APM	25&5723	ἀγαπάω	ἀγαπῶντας	
Matt 5:46	ὑμᾶς,	P-2AP	P-2AP	4771	σύ	ὑμᾶς	
Matt 5:46	τίνα	I-ASM	I-ASM	5101	τίς	τίνα	
Matt 5:46	μισθὸν	N-ASM	N-ASM	3408	μισθός	μισθόν	
Matt 5:46	ἔχετε;	V-PAI-2P	V-PAI-2P	2192&5719	ἔχω	ἔχετε	
Matt 5:46	οὐχὶ	PRT-I	PRT-I	3780	οὐχί	οὐχί	
Matt 5:46	καὶ	CONJ	CONJ	2532	καί	καί	
Matt 5:46	οἱ	T-NPM	T-NPM	3588	ὁ	οἱ	
Matt 5:46	τελῶναι	N-NPM	N-NPM	5057	τελώνης	τελῶναι	
Matt 5:46	τὸ	T-ASN	T-ASN	3588	ὁ	τό	
Matt 5:46	αὐτὸ	P-ASN	P-ASN	846	αὐτός	αὐτό	
Matt 5:46	ποιοῦσιν;	V-PAI-3P	V-PAI-3P	4160&5719	ποιέω	ποιοῦσιν	
Matt 5:47	καὶ	CONJ	CONJ	2532	καί	καί	
Matt 5:47	ἐὰν	COND	COND	1437	ἐάν	ἐάν	
Matt 5:47	ἀσπάσησθε	V-ADS-2P	V-ADS-2P	782&5667	ἀσπάζομαι	ἀσπάσησθε	
Matt 5:47	τοὺς	T-APM	T-APM	3588	ὁ	τούς	
Matt 5:47	ἀδελφοὺς	N-APM	N-APM	80	ἀδελφός	ἀδελφούς	
Matt 5:47	ὑμῶν	P-2GP	P-2GP	4771	σύ	ὑμῶν	
Matt 5:47	μόνον,	ADV	ADV	3440	μόνος	μόνον	
Matt 5:47	τί	I-ASN	I-ASN	5101	τίς	τί	
Matt 5:47	περισσὸν	A-ASN	A-ASN	4053	περισσός	περισσόν	
Matt 5:47	ποιεῖτε;	V-PAI-2P	V-PAI-2P	4160&5719	ποιέω	ποιεῖτε	
Matt 5:47	οὐχὶ	PRT-I	PRT-I	3780	οὐχί	οὐχί	
Matt 5:47	καὶ	CONJ	CONJ	2532	καί	καί	
Matt 5:47	οἱ	T-NPM	T-NPM	3588	ὁ	οἱ	
Matt 5:47	ἐθνικοὶ	A-NPM	A-NPM	1482	ἐθνικός	ἐθνικοί	
Matt 5:47	τὸ	T-ASN	T-ASN	3588	ὁ	τό	
Matt 5:47	αὐτὸ	P-ASN	P-ASN	846	αὐτός	αὐτό	
Matt 5:47	ποιοῦσιν;	V-PAI-3P	V-PAI-3P	4160&5719	ποιέω	ποιοῦσιν	
Matt 5:48	Ἔσεσθε	V-FDI-2P	V-FDI-2P	1510&5695	εἰμί	Ἔσεσθε	
Matt 5:48	οὖν	CONJ	CONJ	3767	οὖν	οὖν	
Matt 5:48	ὑμεῖς	P-2NP	P-2NP	4771	σύ	ὑμεῖς	
Matt 5:48	τέλειοι	A-NPM	A-NPM	5046	τέλειος	τέλειοι	
Matt 5:48	ὡς	ADV	ADV	5613	ὡς	ὡς	
Matt 5:48	ὁ	T-NSM	T-NSM	3588	ὁ	ὁ	
Matt 5:48	Πατὴρ	N-NSM	N-NSM	3962	πατήρ	Πατήρ	
Matt 5:48	ὑμῶν	P-2GP	P-2GP	4771	σύ	ὑμῶν	
Matt 5:48	ὁ	T-NSM	T-NSM	3588	ὁ	ὁ	
Matt 5:48	οὐράνιος	A-NSM	A-NSM	3770	οὐράνιος	οὐράνιος	
Matt 5:48	τέλειός	A-NSM	A-NSM	5046	τέλειος	τέλειος	
Matt 5:48	ἐστιν.	V-PAI-3S	V-PAI-3S	1510&5719	εἰμί	ἐστιν	
Matt 6:1	Προσέχετε	V-PAM-2P	V-PAM-2P	4337&5720	προσέχω	Προσέχετε	
Matt 6:1	δὲ	CONJ	CONJ	1161	δέ	δέ	
Matt 6:1	τὴν	T-ASF	T-ASF	3588	ὁ	τήν	
Matt 6:1	δικαιοσύνην	N-ASF	N-ASF	1343	δικαιοσύνη	δικαιοσύνην	
Matt 6:1	ὑμῶν	P-2GP	P-2GP	4771	σύ	ὑμῶν	
Matt 6:1	μὴ	PRT-N	PRT-N	3361	μή	μή	
Matt 6:1	ποιεῖν	V-PAN	V-PAN	4160&5721	ποιέω	ποιεῖν	
Matt 6:1	ἔμπροσθεν	PREP	PREP	1715	ἔμπροσθεν	ἔμπροσθεν	
Matt 6:1	τῶν	T-GPM	T-GPM	3588	ὁ	τῶν	
Matt 6:1	ἀνθρώπων	N-GPM	N-GPM	444	ἄνθρωπος	ἀνθρώπων	
Matt 6:1	πρὸς	PREP	PREP	4314	πρός	πρός	
Matt 6:1	τὸ	T-ASN	T-ASN	3588	ὁ	τό	
Matt 6:1	θεαθῆναι	V-APN	V-APN	2300&5683	θεάομαι	θεαθῆναι	
Matt 6:1	αὐτοῖς·	P-DPM	P-DPM	846	αὐτός	αὐτοῖς	
Matt 6:1	εἰ	COND	COND	1487	εἰ	εἰ	
Matt 6:1	δὲ	CONJ	CONJ	1161	δέ	δέ	
Matt 6:1	μήγε,	PRT-N	PRT-N	1490	εἰ δὲ μή	μήγε	
Matt 6:1	μισθὸν	N-ASM	N-ASM	3408	μισθός	μισθόν	
Matt 6:1	οὐκ	PRT-N	PRT-N	3756	οὐ	οὐκ	
Matt 6:1	ἔχετε	V-PAI-2P	V-PAI-2P	2192&5719	ἔχω	ἔχετε	
Matt 6:1	παρὰ	PREP	PREP	3844	παρά	παρά	
Matt 6:1	τῷ	T-DSM	T-DSM	3588	ὁ	τῷ	
Matt 6:1	Πατρὶ	N-DSM	N-DSM	3962	πατήρ	Πατρί	
Matt 6:1	ὑμῶν	P-2GP	P-2GP	4771	σύ	ὑμῶν	
Matt 6:1	τῷ	T-DSM	T-DSM	3588	ὁ	τῷ	
Matt 6:1	ἐν	PREP	PREP	1722	ἐν	ἐν	
Matt 6:1	τοῖς	T-DPM	T-DPM	3588	ὁ	τοῖς	
Matt 6:1	οὐρανοῖς.	N-DPM	N-DPM	3772	οὐρανός	οὐρανοῖς	
Matt 6:2	Ὅταν	CONJ	CONJ	3752	ὅταν	Ὅταν	
Matt 6:2	οὖν	CONJ	CONJ	3767	οὖν	οὖν	
Matt 6:2	ποιῇς	V-PAS-2S	V-PAS-2S	4160&5725	ποιέω	ποιῇς	
Matt 6:2	ἐλεημοσύνην,	N-ASF	N-ASF	1654	ἐλεημοσύνη	ἐλεημοσύνην	
Matt 6:2	μὴ	PRT-N	PRT-N	3361	μή	μή	
Matt 6:2	σαλπίσῃς	V-AAS-2S	V-AAS-2S	4537&5661	σαλπίζω	σαλπίσῃς	
Matt 6:2	ἔμπροσθέν	PREP	PREP	1715	ἔμπροσθεν	ἔμπροσθεν	
Matt 6:2	σου,	P-2GS	P-2GS	4771	σύ	σου	
Matt 6:2	ὥσπερ	ADV	ADV	5618	ὥσπερ	ὥσπερ	
Matt 6:2	οἱ	T-NPM	T-NPM	3588	ὁ	οἱ	
Matt 6:2	ὑποκριταὶ	N-NPM	N-NPM	5273	ὑποκριτής	ὑποκριταί	
Matt 6:2	ποιοῦσιν	V-PAI-3P	V-PAI-3P	4160&5719	ποιέω	ποιοῦσιν	
Matt 6:2	ἐν	PREP	PREP	1722	ἐν	ἐν	
Matt 6:2	ταῖς	T-DPF	T-DPF	3588	ὁ	ταῖς	
Matt 6:2	συναγωγαῖς	N-DPF	N-DPF	4864	συναγωγή	συναγωγαῖς	
Matt 6:2	καὶ	CONJ	CONJ	2532	καί	καί	
Matt 6:2	ἐν	PREP	PREP	1722	ἐν	ἐν	
Matt 6:2	ταῖς	T-DPF	T-DPF	3588	ὁ	ταῖς	
Matt 6:2	ῥύμαις,	N-DPF	N-DPF	4505	ῥύμη	ῥύμαις	
Matt 6:2	ὅπως	ADV	ADV	3704	ὅπως	ὅπως	
Matt 6:2	δοξασθῶσιν	V-APS-3P	V-APS-3P	1392&5686	δοξάζω	δοξασθῶσιν	
Matt 6:2	ὑπὸ	PREP	PREP	5259	ὑπό	ὑπό	
Matt 6:2	τῶν	T-GPM	T-GPM	3588	ὁ	τῶν	
Matt 6:2	ἀνθρώπων·	N-GPM	N-GPM	444	ἄνθρωπος	ἀνθρώπων	
Matt 6:2	ἀμὴν	HEB	HEB	281	ἀμήν	ἀμήν	
Matt 6:2	λέγω	V-PAI-1S	V-PAI-1S	3004&5719	λέγω	λέγω	
Matt 6:2	ὑμῖν,	P-2DP	P-2DP	4771	σύ	ὑμῖν	
Matt 6:2	ἀπέχουσιν	V-PAI-3P	V-PAI-3P	568&5719	ἀπέχω	ἀπέχουσιν	
Matt 6:2	τὸν	T-ASM	T-ASM	3588	ὁ	τόν	
Matt 6:2	μισθὸν	N-ASM	N-ASM	3408	μισθός	μισθόν	
Matt 6:2	αὐτῶν.	P-GPM	P-GPM	846	αὐτός	αὐτῶν	
Matt 6:3	σοῦ	P-2GS	P-2GS	4771	σύ	σοῦ	
Matt 6:3	δὲ	CONJ	CONJ	1161	δέ	δέ	
Matt 6:3	ποιοῦντος	V-PAP-GSM	V-PAP-GSM	4160&5723	ποιέω	ποιοῦντος	
Matt 6:3	ἐλεημοσύνην	N-ASF	N-ASF	1654	ἐλεημοσύνη	ἐλεημοσύνην	
Matt 6:3	μὴ	PRT-N	PRT-N	3361	μή	μή	
Matt 6:3	γνώτω	V-2AAM-3S	V-2AAM-3S	1097&5628	γινώσκω	γνώτω	
Matt 6:3	ἡ	T-NSF	T-NSF	3588	ὁ	ἡ	
Matt 6:3	ἀριστερά	A-NSF	A-NSF	710	ἀριστερός	ἀριστερά	
Matt 6:3	σου	P-2GS	P-2GS	4771	σύ	σου	
Matt 6:3	τί	I-ASN	I-ASN	5101	τίς	τί	
Matt 6:3	ποιεῖ	V-PAI-3S	V-PAI-3S	4160&5719	ποιέω	ποιεῖ	
Matt 6:3	ἡ	T-NSF	T-NSF	3588	ὁ	ἡ	
Matt 6:3	δεξιά	A-NSF	A-NSF	1188	δεξιός	δεξιά	
Matt 6:3	σου,	P-2GS	P-2GS	4771	σύ	σου	
Matt 6:4	ὅπως	ADV	ADV	3704	ὅπως	ὅπως	
Matt 6:4	ᾖ	V-PAS-3S	V-PAS-3S	1510&5725	εἰμί	ᾖ	
Matt 6:4	σου	P-2GS	P-2GS	4771	σύ	σου	
Matt 6:4	ἡ	T-NSF	T-NSF	3588	ὁ	ἡ	
Matt 6:4	ἐλεημοσύνη	N-NSF	N-NSF	1654	ἐλεημοσύνη	ἐλεημοσύνη	
Matt 6:4	ἐν	PREP	PREP	1722	ἐν	ἐν	
Matt 6:4	τῷ	T-DSN	T-DSN	3588	ὁ	τῷ	
Matt 6:4	κρυπτῷ·	A-DSN	A-DSN	2927	κρυπτός	κρυπτῷ	
Matt 6:4	καὶ	CONJ	CONJ	2532	καί	καί	
Matt 6:4	ὁ	T-NSM	T-NSM	3588	ὁ	ὁ	
Matt 6:4	Πατήρ	N-NSM	N-NSM	3962	πατήρ	Πατήρ	
Matt 6:4	σου	P-2GS	P-2GS	4771	σύ	σου	
Matt 6:4	ὁ	T-NSM	T-NSM	3588	ὁ	ὁ	
Matt 6:4	βλέπων	V-PAP-NSM	V-PAP-NSM	991&5723	βλέπω	βλέπων	
Matt 6:4	ἐν	PREP	PREP	1722	ἐν	ἐν	
Matt 6:4	τῷ	T-DSN	T-DSN	3588	ὁ	τῷ	
Matt 6:4	κρυπτῷ	A-DSN	A-DSN	2927	κρυπτός	κρυπτῷ	
Matt 6:4	ἀποδώσει	V-FAI-3S	V-FAI-3S	591&5692	ἀποδίδωμι	ἀποδώσει	
Matt 6:4	σοι.	P-2DS	P-2DS	4771	σύ	σοι	
Matt 6:5	Καὶ	CONJ	CONJ	2532	καί	Καί	
Matt 6:5	ὅταν	CONJ	CONJ	3752	ὅταν	ὅταν	
Matt 6:5	προσεύχησθε,	V-PNS-2P	V-PNS-2P	4336&5741	προσεύχομαι	προσεύχησθε	
Matt 6:5	οὐκ	PRT-N	PRT-N	3756	οὐ	οὐκ	
Matt 6:5	ἔσεσθε	V-FDI-2P	V-FDI-2P	1510&5695	εἰμί	ἔσεσθε	
Matt 6:5	ὡς	ADV	ADV	5613	ὡς	ὡς	
Matt 6:5	οἱ	T-NPM	T-NPM	3588	ὁ	οἱ	
Matt 6:5	ὑποκριταί·	N-NPM	N-NPM	5273	ὑποκριτής	ὑποκριταί	
Matt 6:5	ὅτι	CONJ	CONJ	3754	ὅτι	ὅτι	
Matt 6:5	φιλοῦσιν	V-PAI-3P	V-PAI-3P	5368&5719	φιλέω	φιλοῦσιν	
Matt 6:5	ἐν	PREP	PREP	1722	ἐν	ἐν	
Matt 6:5	ταῖς	T-DPF	T-DPF	3588	ὁ	ταῖς	
Matt 6:5	συναγωγαῖς	N-DPF	N-DPF	4864	συναγωγή	συναγωγαῖς	
Matt 6:5	καὶ	CONJ	CONJ	2532	καί	καί	
Matt 6:5	ἐν	PREP	PREP	1722	ἐν	ἐν	
Matt 6:5	ταῖς	T-DPF	T-DPF	3588	ὁ	ταῖς	
Matt 6:5	γωνίαις	N-DPF	N-DPF	1137	γωνία	γωνίαις	
Matt 6:5	τῶν	T-GPF	T-GPF	3588	ὁ	τῶν	
Matt 6:5	πλατειῶν	N-GPF	N-GPF	4113	πλατύς	πλατειῶν	
Matt 6:5	ἑστῶτες	V-RAP-NPM	V-RAP-NPM	2476&5761	ἵστημι	ἑστῶτες	
Matt 6:5	προσεύχεσθαι,	V-PNN	V-PNN	4336&5738	προσεύχομαι	προσεύχεσθαι	
Matt 6:5	ὅπως	ADV	ADV	3704	ὅπως	ὅπως	
Matt 6:5	φανῶσιν	V-2APS-3P	V-2APS-3P	5316&5652	φαίνω	φανῶσιν	
Matt 6:5	τοῖς	T-DPM	T-DPM	3588	ὁ	τοῖς	
Matt 6:5	ἀνθρώποις·	N-DPM	N-DPM	444	ἄνθρωπος	ἀνθρώποις	
Matt 6:5	ἀμὴν	HEB	HEB	281	ἀμήν	ἀμήν	
Matt 6:5	λέγω	V-PAI-1S	V-PAI-1S	3004&5719	λέγω	λέγω	
Matt 6:5	ὑμῖν,	P-2DP	P-2DP	4771	σύ	ὑμῖν	
Matt 6:5	ἀπέχουσιν	V-PAI-3P	V-PAI-3P	568&5719	ἀπέχω	ἀπέχουσιν	
Matt 6:5	τὸν	T-ASM	T-ASM	3588	ὁ	τόν	
Matt 6:5	μισθὸν	N-ASM	N-ASM	3408	μισθός	μισθόν	
Matt 6:5	αὐτῶν.	P-GPM	P-GPM	846	αὐτός	αὐτῶν	
Matt 6:6	σὺ	P-2NS	P-2NS	4771	σύ	σύ	
Matt 6:6	δὲ	CONJ	CONJ	1161	δέ	δέ	
Matt 6:6	ὅταν	CONJ	CONJ	3752	ὅταν	ὅταν	
Matt 6:6	προσεύχῃ,	V-PNS-2S	V-PNS-2S	4336&5741	προσεύχομαι	προσεύχῃ	
Matt 6:6	εἴσελθε	V-2AAM-2S	V-2AAM-2S	1525&5628	εἰσέρχομαι	εἴσελθε	
Matt 6:6	εἰς	PREP	PREP	1519	εἰς	εἰς	
Matt 6:6	τὸ	T-ASN	T-ASN	3588	ὁ	τό	
Matt 6:6	ταμεῖόν	N-ASN	N-ASN	5009	ταμεῖον	ταμεῖον	
Matt 6:6	σου	P-2GS	P-2GS	4771	σύ	σου	
Matt 6:6	καὶ	CONJ	CONJ	2532	καί	καί	
Matt 6:6	κλείσας	V-AAP-NSM	V-AAP-NSM	2808&5660	κλείω	κλείσας	
Matt 6:6	τὴν	T-ASF	T-ASF	3588	ὁ	τήν	
Matt 6:6	θύραν	N-ASF	N-ASF	2374	θύρα	θύραν	
Matt 6:6	σου	P-2GS	P-2GS	4771	σύ	σου	
Matt 6:6	πρόσευξαι	V-ADM-2S	V-ADM-2S	4336&5663	προσεύχομαι	πρόσευξαι	
Matt 6:6	τῷ	T-DSM	T-DSM	3588	ὁ	τῷ	
Matt 6:6	Πατρί	N-DSM	N-DSM	3962	πατήρ	Πατρί	
Matt 6:6	σου	P-2GS	P-2GS	4771	σύ	σου	
Matt 6:6	τῷ	T-DSM	T-DSM	3588	ὁ	τῷ	
Matt 6:6	ἐν	PREP	PREP	1722	ἐν	ἐν	
Matt 6:6	τῷ	T-DSN	T-DSN	3588	ὁ	τῷ	
Matt 6:6	κρυπτῷ·	A-DSN	A-DSN	2927	κρυπτός	κρυπτῷ	
Matt 6:6	καὶ	CONJ	CONJ	2532	καί	καί	
Matt 6:6	ὁ	T-NSM	T-NSM	3588	ὁ	ὁ	
Matt 6:6	Πατήρ	N-NSM	N-NSM	3962	πατήρ	Πατήρ	
Matt 6:6	σου	P-2GS	P-2GS	4771	σύ	σου	
Matt 6:6	ὁ	T-NSM	T-NSM	3588	ὁ	ὁ	
Matt 6:6	βλέπων	V-PAP-NSM	V-PAP-NSM	991&5723	βλέπω	βλέπων	
Matt 6:6	ἐν	PREP	PREP	1722	ἐν	ἐν	
Matt 6:6	τῷ	T-DSN	T-DSN	3588	ὁ	τῷ	
Matt 6:6	κρυπτῷ	A-DSN	A-DSN	2927	κρυπτός	κρυπτῷ	
Matt 6:6	ἀποδώσει	V-FAI-3S	V-FAI-3S	591&5692	ἀποδίδωμι	ἀποδώσει	
Matt 6:6	σοι.	P-2DS	P-2DS	4771	σύ	σοι	
Matt 6:7	Προσευχόμενοι	V-PNP-NPM	V-PNP-NPM	4336&5740	προσεύχομαι	Προσευχόμενοι	
Matt 6:7	δὲ	CONJ	CONJ	1161	δέ	δέ	
Matt 6:7	μὴ	PRT-N	PRT-N	3361	μή	μή	
Matt 6:7	βατταλογήσητε	V-AAS-2P	V-AAS-2P	945&5661	βατταλογέω	βατταλογήσητε	
Matt 6:7	ὥσπερ	ADV	ADV	5618	ὥσπερ	ὥσπερ	
Matt 6:7	οἱ	T-NPM	T-NPM	3588	ὁ	οἱ	
Matt 6:7	ἐθνικοί·	A-NPM	A-NPM	1482	ἐθνικός	ἐθνικοί	
Matt 6:7	δοκοῦσιν	V-PAI-3P	V-PAI-3P	1380&5719	δοκέω	δοκοῦσιν	
Matt 6:7	γὰρ	CONJ	CONJ	1063	γάρ	γάρ	
Matt 6:7	ὅτι	CONJ	CONJ	3754	ὅτι	ὅτι	
Matt 6:7	ἐν	PREP	PREP	1722	ἐν	ἐν	
Matt 6:7	τῇ	T-DSF	T-DSF	3588	ὁ	τῇ	
Matt 6:7	πολυλογίᾳ	N-DSF	N-DSF	4180	πολυλογία	πολυλογίᾳ	
Matt 6:7	αὐτῶν	P-GPM	P-GPM	846	αὐτός	αὐτῶν	
Matt 6:7	εἰσακουσθήσονται.	V-FPI-3P	V-FPI-3P	1522&5701	εἰσακούω	εἰσακουσθήσονται	
Matt 6:8	μὴ	PRT-N	PRT-N	3361	μή	μή	
Matt 6:8	οὖν	CONJ	CONJ	3767	οὖν	οὖν	
Matt 6:8	ὁμοιωθῆτε	V-APS-2P	V-APS-2P	3666&5686	ὁμοιόω	ὁμοιωθῆτε	
Matt 6:8	αὐτοῖς·	P-DPM	P-DPM	846	αὐτός	αὐτοῖς	
Matt 6:8	οἶδεν	V-RAI-3S	V-RAI-3S	1492&5758	οἶδα	οἶδεν	
Matt 6:8	γὰρ	CONJ	CONJ	1063	γάρ	γάρ	
Matt 6:8	ὁ	T-NSM	T-NSM	3588	ὁ	ὁ	
Matt 6:8	Πατὴρ	N-NSM	N-NSM	3962	πατήρ	Πατήρ	
Matt 6:8	ὑμῶν	P-2GP	P-2GP	4771	σύ	ὑμῶν	
Matt 6:8	ὧν	R-GPN	R-GPN	3739	ὅς	ὧν	
Matt 6:8	χρείαν	N-ASF	N-ASF	5532	χρεία	χρείαν	
Matt 6:8	ἔχετε	V-PAI-2P	V-PAI-2P	2192&5719	ἔχω	ἔχετε	
Matt 6:8	πρὸ	PREP	PREP	4253	πρό	πρό	
Matt 6:8	τοῦ	T-GSN	T-GSN	3588	ὁ	τοῦ	
Matt 6:8	ὑμᾶς	P-2AP	P-2AP	4771	σύ	ὑμᾶς	
Matt 6:8	αἰτῆσαι	V-AAN	V-AAN	154&5658	αἰτέω	αἰτῆσαι	
Matt 6:8	αὐτόν.	P-ASM	P-ASM	846	αὐτός	αὐτόν	
Matt 6:9	οὕτως	ADV	ADV	3779	οὕτω	οὕτως	
Matt 6:9	οὖν	CONJ	CONJ	3767	οὖν	οὖν	
Matt 6:9	προσεύχεσθε	V-PNM-2P	V-PNM-2P	4336&5737	προσεύχομαι	προσεύχεσθε	
Matt 6:9	ὑμεῖς	P-2NP	P-2NP	4771	σύ	ὑμεῖς	
Matt 6:9	Πάτερ	N-VSM	N-VSM	3962	πατήρ	Πάτερ	
Matt 6:9	ἡμῶν	P-1GP	P-1GP	1473	ἐγώ	ἡμῶν	
Matt 6:9	ὁ	T-NSM	T-NSM	3588	ὁ	ὁ	
Matt 6:9	ἐν	PREP	PREP	1722	ἐν	ἐν	
Matt 6:9	τοῖς	T-DPM	T-DPM	3588	ὁ	τοῖς	
Matt 6:9	οὐρανοῖς·	N-DPM	N-DPM	3772	οὐρανός	οὐρανοῖς	
Matt 6:9	Ἁγιασθήτω	V-APM-3S	V-APM-3S	37&5682	ἁγιάζω	Ἁγιασθήτω	
Matt 6:9	τὸ	T-NSN	T-NSN	3588	ὁ	τό	
Matt 6:9	ὄνομά	N-NSN	N-NSN	3686	ὄνομα	ὄνομα	
Matt 6:9	σου·	P-2GS	P-2GS	4771	σύ	σου	
Matt 6:10	ἐλθάτω	V-2AAM-3S	V-2AAM-3S	2064&5628	ἔρχομαι	ἐλθάτω	
Matt 6:10	ἡ	T-NSF	T-NSF	3588	ὁ	ἡ	
Matt 6:10	βασιλεία	N-NSF	N-NSF	932	βασιλεία	βασιλεία	
Matt 6:10	σου·	P-2GS	P-2GS	4771	σύ	σου	
Matt 6:10	γενηθήτω	V-AOM-3S	V-AOM-3S	1096&5676	γίνομαι	γενηθήτω	
Matt 6:10	τὸ	T-NSN	T-NSN	3588	ὁ	τό	
Matt 6:10	θέλημά	N-NSN	N-NSN	2307	θέλημα	θέλημα	
Matt 6:10	σου,	P-2GS	P-2GS	4771	σύ	σου	
Matt 6:10	ὡς	ADV	ADV	5613	ὡς	ὡς	
Matt 6:10	ἐν	PREP	PREP	1722	ἐν	ἐν	
Matt 6:10	οὐρανῷ	N-DSM	N-DSM	3772	οὐρανός	οὐρανῷ	
Matt 6:10	καὶ	CONJ	CONJ	2532	καί	καί	
Matt 6:10	ἐπὶ	PREP	PREP	1909	ἐπί	ἐπί	
Matt 6:10	γῆς·	N-GSF	N-GSF	1093	γῆ	γῆς	
Matt 6:11	Τὸν	T-ASM	T-ASM	3588	ὁ	Τόν	
Matt 6:11	ἄρτον	N-ASM	N-ASM	740	ἄρτος	ἄρτον	
Matt 6:11	ἡμῶν	P-1GP	P-1GP	1473	ἐγώ	ἡμῶν	
Matt 6:11	τὸν	T-ASM	T-ASM	3588	ὁ	τόν	
Matt 6:11	ἐπιούσιον	A-ASM	A-ASM	1967	ἐπιούσιος	ἐπιούσιον	
Matt 6:11	δὸς	V-2AAM-2S	V-2AAM-2S	1325&5628	δίδωμι	δός	
Matt 6:11	ἡμῖν	P-1DP	P-1DP	1473	ἐγώ	ἡμῖν	
Matt 6:11	σήμερον·	ADV	ADV	4594	σήμερον	σήμερον	
Matt 6:12	καὶ	CONJ	CONJ	2532	καί	καί	
Matt 6:12	ἄφες	V-2AAM-2S	V-2AAM-2S	863&5628	ἀφίημι	ἄφες	
Matt 6:12	ἡμῖν	P-1DP	P-1DP	1473	ἐγώ	ἡμῖν	
Matt 6:12	τὰ	T-APN	T-APN	3588	ὁ	τά	
Matt 6:12	ὀφειλήματα	N-APN	N-APN	3783	ὀφείλημα	ὀφειλήματα	
Matt 6:12	ἡμῶν,	P-1GP	P-1GP	1473	ἐγώ	ἡμῶν	
Matt 6:12	ὡς	ADV	ADV	5613	ὡς	ὡς	
Matt 6:12	καὶ	CONJ	CONJ	2532	καί	καί	
Matt 6:12	ἡμεῖς	P-1NP	P-1NP	1473	ἐγώ	ἡμεῖς	
Matt 6:12	ἀφήκαμεν	V-AAI-1P	V-AAI-1P	863&5656	ἀφίημι	ἀφήκαμεν	
Matt 6:12	τοῖς	T-DPM	T-DPM	3588	ὁ	τοῖς	
Matt 6:12	ὀφειλέταις	N-DPM	N-DPM	3781	ὀφειλέτης	ὀφειλέταις	
Matt 6:12	ἡμῶν·	P-1GP	P-1GP	1473	ἐγώ	ἡμῶν	
Matt 6:13	καὶ	CONJ	CONJ	2532	καί	καί	
Matt 6:13	μὴ	PRT-N	PRT-N	3361	μή	μή	
Matt 6:13	εἰσενέγκῃς	V-AAS-2S	V-AAS-2S	1533&5661	εἰσφέρω	εἰσενέγκῃς	
Matt 6:13	ἡμᾶς	P-1AP	P-1AP	1473	ἐγώ	ἡμᾶς	
Matt 6:13	εἰς	PREP	PREP	1519	εἰς	εἰς	
Matt 6:13	πειρασμόν,	N-ASM	N-ASM	3986	πειρασμός	πειρασμόν	
Matt 6:13	ἀλλὰ	CONJ	CONJ	235	ἀλλά	ἀλλά	
Matt 6:13	ῥῦσαι	V-ADM-2S	V-ADM-2S	4506&5663	ῥύομαι	ῥῦσαι	
Matt 6:13	ἡμᾶς	P-1AP	P-1AP	1473	ἐγώ	ἡμᾶς	
Matt 6:13	ἀπὸ	PREP	PREP	575	ἀπό	ἀπό	
Matt 6:13	τοῦ	T-GSM	T-GSM	3588	ὁ	τοῦ	
Matt 6:13	πονηροῦ.	A-GSM	A-GSM	4190	πονηρός	πονηροῦ	
Matt 6:14	Ἐὰν	COND	COND	1437	ἐάν	Ἐάν	
Matt 6:14	γὰρ	CONJ	CONJ	1063	γάρ	γάρ	
Matt 6:14	ἀφῆτε	V-2AAS-2P	V-2AAS-2P	863&5632	ἀφίημι	ἀφῆτε	
Matt 6:14	τοῖς	T-DPM	T-DPM	3588	ὁ	τοῖς	
Matt 6:14	ἀνθρώποις	N-DPM	N-DPM	444	ἄνθρωπος	ἀνθρώποις	
Matt 6:14	τὰ	T-APN	T-APN	3588	ὁ	τά	
Matt 6:14	παραπτώματα	N-APN	N-APN	3900	παράπτωμα	παραπτώματα	
Matt 6:14	αὐτῶν,	P-GPM	P-GPM	846	αὐτός	αὐτῶν	
Matt 6:14	ἀφήσει	V-FAI-3S	V-FAI-3S	863&5692	ἀφίημι	ἀφήσει	
Matt 6:14	καὶ	CONJ	CONJ	2532	καί	καί	
Matt 6:14	ὑμῖν	P-2DP	P-2DP	4771	σύ	ὑμῖν	
Matt 6:14	ὁ	T-NSM	T-NSM	3588	ὁ	ὁ	
Matt 6:14	Πατὴρ	N-NSM	N-NSM	3962	πατήρ	Πατήρ	
Matt 6:14	ὑμῶν	P-2GP	P-2GP	4771	σύ	ὑμῶν	
Matt 6:14	ὁ	T-NSM	T-NSM	3588	ὁ	ὁ	
Matt 6:14	οὐράνιος·	A-NSM	A-NSM	3770	οὐράνιος	οὐράνιος	
Matt 6:15	ἐὰν	COND	COND	1437	ἐάν	ἐάν	
Matt 6:15	δὲ	CONJ	CONJ	1161	δέ	δέ	
Matt 6:15	μὴ	PRT-N	PRT-N	3361	μή	μή	
Matt 6:15	ἀφῆτε	V-2AAS-2P	V-2AAS-2P	863&5632	ἀφίημι	ἀφῆτε	
Matt 6:15	τοῖς	T-DPM	T-DPM	3588	ὁ	τοῖς	
Matt 6:15	ἀνθρώποις,	N-DPM	N-DPM	444	ἄνθρωπος	ἀνθρώποις	
Matt 6:15	οὐδὲ	CONJ-N	CONJ-N	3761	οὐδέ	οὐδέ	
Matt 6:15	ὁ	T-NSM	T-NSM	3588	ὁ	ὁ	
Matt 6:15	Πατὴρ	N-NSM	N-NSM	3962	πατήρ	Πατήρ	
Matt 6:15	ὑμῶν	P-2GP	P-2GP	4771	σύ	ὑμῶν	
Matt 6:15	ἀφήσει	V-FAI-3S	V-FAI-3S	863&5692	ἀφίημι	ἀφήσει	
Matt 6:15	τὰ	T-APN	T-APN	3588	ὁ	τά	
Matt 6:15	παραπτώματα	N-APN	N-APN	3900	παράπτωμα	παραπτώματα	
Matt 6:15	ὑμῶν.	P-2GP	P-2GP	4771	σύ	ὑμῶν	
Matt 6:16	Ὅταν	CONJ	CONJ	3752	ὅταν	Ὅταν	
Matt 6:16	δὲ	CONJ	CONJ	1161	δέ	δέ	
Matt 6:16	νηστεύητε,	V-PAS-2P	V-PAS-2P	3522&5725	νηστεύω	νηστεύητε	
Matt 6:16	μὴ	PRT-N	PRT-N	3361	μή	μή	
Matt 6:16	γίνεσθε	V-PNM-2P	V-PNM-2P	1096&5737	γίνομαι	γίνεσθε	
Matt 6:16	ὡς	ADV	ADV	5613	ὡς	ὡς	
Matt 6:16	οἱ	T-NPM	T-NPM	3588	ὁ	οἱ	
Matt 6:16	ὑποκριταὶ	N-NPM	N-NPM	5273	ὑποκριτής	ὑποκριταί	
Matt 6:16	σκυθρωποί·	A-NPM	A-NPM	4659	σκυθρωπός	σκυθρωποί	
Matt 6:16	ἀφανίζουσιν	V-PAI-3P	V-PAI-3P	853&5719	ἀφανίζω	ἀφανίζουσιν	
Matt 6:16	γὰρ	CONJ	CONJ	1063	γάρ	γάρ	
Matt 6:16	τὰ	T-APN	T-APN	3588	ὁ	τά	
Matt 6:16	πρόσωπα	N-APN	N-APN	4383	πρόσωπον	πρόσωπα	
Matt 6:16	αὐτῶν	P-GPM	P-GPM	846	αὐτός	αὐτῶν	
Matt 6:16	ὅπως	ADV	ADV	3704	ὅπως	ὅπως	
Matt 6:16	φανῶσιν	V-2APS-3P	V-2APS-3P	5316&5652	φαίνω	φανῶσιν	
Matt 6:16	τοῖς	T-DPM	T-DPM	3588	ὁ	τοῖς	
Matt 6:16	ἀνθρώποις	N-DPM	N-DPM	444	ἄνθρωπος	ἀνθρώποις	
Matt 6:16	νηστεύοντες·	V-PAP-NPM	V-PAP-NPM	3522&5723	νηστεύω	νηστεύοντες	
Matt 6:16	ἀμὴν	HEB	HEB	281	ἀμήν	ἀμήν	
Matt 6:16	λέγω	V-PAI-1S	V-PAI-1S	3004&5719	λέγω	λέγω	
Matt 6:16	ὑμῖν,	P-2DP	P-2DP	4771	σύ	ὑμῖν	
Matt 6:16	ἀπέχουσιν	V-PAI-3P	V-PAI-3P	568&5719	ἀπέχω	ἀπέχουσιν	
Matt 6:16	τὸν	T-ASM	T-ASM	3588	ὁ	τόν	
Matt 6:16	μισθὸν	N-ASM	N-ASM	3408	μισθός	μισθόν	
Matt 6:16	αὐτῶν.	P-GPM	P-GPM	846	αὐτός	αὐτῶν	
Matt 6:17	σὺ	P-2NS	P-2NS	4771	σύ	σύ	
Matt 6:17	δὲ	CONJ	CONJ	1161	δέ	δέ	
Matt 6:17	νηστεύων	V-PAP-NSM	V-PAP-NSM	3522&5723	νηστεύω	νηστεύων	
Matt 6:17	ἄλειψαί	V-AMM-2S	V-AMM-2S	218&5669	ἀλείφω	ἄλειψαι	
Matt 6:17	σου	P-2GS	P-2GS	4771	σύ	σου	
Matt 6:17	τὴν	T-ASF	T-ASF	3588	ὁ	τήν	
Matt 6:17	κεφαλὴν	N-ASF	N-ASF	2776	κεφαλή	κεφαλήν	
Matt 6:17	καὶ	CONJ	CONJ	2532	καί	καί	
Matt 6:17	τὸ	T-ASN	T-ASN	3588	ὁ	τό	
Matt 6:17	πρόσωπόν	N-ASN	N-ASN	4383	πρόσωπον	πρόσωπον	
Matt 6:17	σου	P-2GS	P-2GS	4771	σύ	σου	
Matt 6:17	νίψαι,	V-AMM-2S	V-AMM-2S	3538&5669	νίπτω	νίψαι	
Matt 6:18	ὅπως	ADV	ADV	3704	ὅπως	ὅπως	
Matt 6:18	μὴ	PRT-N	PRT-N	3361	μή	μή	
Matt 6:18	φανῇς	V-2APS-2S	V-2APS-2S	5316&5652	φαίνω	φανῇς	
Matt 6:18	τοῖς	T-DPM	T-DPM	3588	ὁ	τοῖς	
Matt 6:18	ἀνθρώποις	N-DPM	N-DPM	444	ἄνθρωπος	ἀνθρώποις	
Matt 6:18	νηστεύων	V-PAP-NSM	V-PAP-NSM	3522&5723	νηστεύω	νηστεύων	
Matt 6:18	ἀλλὰ	CONJ	CONJ	235	ἀλλά	ἀλλά	
Matt 6:18	τῷ	T-DSM	T-DSM	3588	ὁ	τῷ	
Matt 6:18	Πατρί	N-DSM	N-DSM	3962	πατήρ	Πατρί	
Matt 6:18	σου	P-2GS	P-2GS	4771	σύ	σου	
Matt 6:18	τῷ	T-DSM	T-DSM	3588	ὁ	τῷ	
Matt 6:18	ἐν	PREP	PREP	1722	ἐν	ἐν	
Matt 6:18	τῷ	T-DSN	T-DSN	3588	ὁ	τῷ	
Matt 6:18	κρυφαίῳ·	A-DSN	A-DSN	02927	κρυφαῖος	κρυφαίῳ	
Matt 6:18	καὶ	CONJ	CONJ	2532	καί	καί	
Matt 6:18	ὁ	T-NSM	T-NSM	3588	ὁ	ὁ	
Matt 6:18	Πατήρ	N-NSM	N-NSM	3962	πατήρ	Πατήρ	
Matt 6:18	σου	P-2GS	P-2GS	4771	σύ	σου	
Matt 6:18	ὁ	T-NSM	T-NSM	3588	ὁ	ὁ	
Matt 6:18	βλέπων	V-PAP-NSM	V-PAP-NSM	991&5723	βλέπω	βλέπων	
Matt 6:18	ἐν	PREP	PREP	1722	ἐν	ἐν	
Matt 6:18	τῷ	T-DSN	T-DSN	3588	ὁ	τῷ	
Matt 6:18	κρυφαίῳ	A-DSN	A-DSN	02927	κρυφαῖος	κρυφαίῳ	
Matt 6:18	ἀποδώσει	V-FAI-3S	V-FAI-3S	591&5692	ἀποδίδωμι	ἀποδώσει	
Matt 6:18	σοι.	P-2DS	P-2DS	4771	σύ	σοι	
Matt 6:19	Μὴ	PRT-N	PRT-N	3361	μή	Μή	
Matt 6:19	θησαυρίζετε	V-PAM-2P	V-PAM-2P	2343&5720	θησαυρίζω	θησαυρίζετε	
Matt 6:19	ὑμῖν	P-2DP	P-2DP	4771	σύ	ὑμῖν	
Matt 6:19	θησαυροὺς	N-APM	N-APM	2344	θησαυρός	θησαυρούς	
Matt 6:19	ἐπὶ	PREP	PREP	1909	ἐπί	ἐπί	
Matt 6:19	τῆς	T-GSF	T-GSF	3588	ὁ	τῆς	
Matt 6:19	γῆς,	N-GSF	N-GSF	1093	γῆ	γῆς	
Matt 6:19	ὅπου	ADV	ADV	3699	ὅπου	ὅπου	
Matt 6:19	σὴς	N-NSM	N-NSM	4597	σής	σής	
Matt 6:19	καὶ	CONJ	CONJ	2532	καί	καί	
Matt 6:19	βρῶσις	N-NSF	N-NSF	1035	βρῶσις	βρῶσις	
Matt 6:19	ἀφανίζει,	V-PAI-3S	V-PAI-3S	853&5719	ἀφανίζω	ἀφανίζει	
Matt 6:19	καὶ	CONJ	CONJ	2532	καί	καί	
Matt 6:19	ὅπου	ADV	ADV	3699	ὅπου	ὅπου	
Matt 6:19	κλέπται	N-NPM	N-NPM	2812	κλέπτης	κλέπται	
Matt 6:19	διορύσσουσιν	V-PAI-3P	V-PAI-3P	1358&5719	διορύσσω	διορύσσουσιν	
Matt 6:19	καὶ	CONJ	CONJ	2532	καί	καί	
Matt 6:19	κλέπτουσιν·	V-PAI-3P	V-PAI-3P	2813&5719	κλέπτω	κλέπτουσιν	
Matt 6:20	θησαυρίζετε	V-PAM-2P	V-PAM-2P	2343&5720	θησαυρίζω	θησαυρίζετε	
Matt 6:20	δὲ	CONJ	CONJ	1161	δέ	δέ	
Matt 6:20	ὑμῖν	P-2DP	P-2DP	4771	σύ	ὑμῖν	
Matt 6:20	θησαυροὺς	N-APM	N-APM	2344	θησαυρός	θησαυρούς	
Matt 6:20	ἐν	PREP	PREP	1722	ἐν	ἐν	
Matt 6:20	οὐρανῷ,	N-DSM	N-DSM	3772	οὐρανός	οὐρανῷ	
Matt 6:20	ὅπου	ADV	ADV	3699	ὅπου	ὅπου	
Matt 6:20	οὔτε	CONJ-N	CONJ-N	3777	οὔτε	οὔτε	
Matt 6:20	σὴς	N-NSM	N-NSM	4597	σής	σής	
Matt 6:20	οὔτε	CONJ-N	CONJ-N	3777	οὔτε	οὔτε	
Matt 6:20	βρῶσις	N-NSF	N-NSF	1035	βρῶσις	βρῶσις	
Matt 6:20	ἀφανίζει,	V-PAI-3S	V-PAI-3S	853&5719	ἀφανίζω	ἀφανίζει	
Matt 6:20	καὶ	CONJ	CONJ	2532	καί	καί	
Matt 6:20	ὅπου	ADV	ADV	3699	ὅπου	ὅπου	
Matt 6:20	κλέπται	N-NPM	N-NPM	2812	κλέπτης	κλέπται	
Matt 6:20	οὐ	PRT-N	PRT-N	3756	οὐ	οὐ	
Matt 6:20	διορύσσουσιν	V-PAI-3P	V-PAI-3P	1358&5719	διορύσσω	διορύσσουσιν	
Matt 6:20	οὐδὲ	CONJ-N	CONJ-N	3761	οὐδέ	οὐδέ	
Matt 6:20	κλέπτουσιν·	V-PAI-3P	V-PAI-3P	2813&5719	κλέπτω	κλέπτουσιν	
Matt 6:21	ὅπου	ADV	ADV	3699	ὅπου	ὅπου	
Matt 6:21	γάρ	CONJ	CONJ	1063	γάρ	γάρ	
Matt 6:21	ἐστιν	V-PAI-3S	V-PAI-3S	1510&5719	εἰμί	ἐστιν	
Matt 6:21	ὁ	T-NSM	T-NSM	3588	ὁ	ὁ	
Matt 6:21	θησαυρός	N-NSM	N-NSM	2344	θησαυρός	θησαυρός	
Matt 6:21	σου,	P-2GS	P-2GS	4771	σύ	σου	
Matt 6:21	ἐκεῖ	ADV	ADV	1563	ἐκεῖ	ἐκεῖ	
Matt 6:21	ἔσται	V-FDI-3S	V-FDI-3S	1510&5695	εἰμί	ἔσται	
Matt 6:21	καὶ	CONJ	CONJ	2532	καί	καί	
Matt 6:21	ἡ	T-NSF	T-NSF	3588	ὁ	ἡ	
Matt 6:21	καρδία	N-NSF	N-NSF	2588	καρδία	καρδία	
Matt 6:21	σου.	P-2GS	P-2GS	4771	σύ	σου	
Matt 6:22	Ὁ	T-NSM	T-NSM	3588	ὁ	Ὁ	
Matt 6:22	λύχνος	N-NSM	N-NSM	3088	λύχνος	λύχνος	
Matt 6:22	τοῦ	T-GSN	T-GSN	3588	ὁ	τοῦ	
Matt 6:22	σώματός	N-GSN	N-GSN	4983	σῶμα	σώματος	
Matt 6:22	ἐστιν	V-PAI-3S	V-PAI-3S	1510&5719	εἰμί	ἐστιν	
Matt 6:22	ὁ	T-NSM	T-NSM	3588	ὁ	ὁ	
Matt 6:22	ὀφθαλμός.	N-NSM	N-NSM	3788	ὀφθαλμός	ὀφθαλμός	
Matt 6:22	ἐὰν	COND	COND	1437	ἐάν	ἐάν	
Matt 6:22	οὖν	CONJ	CONJ	3767	οὖν	οὖν	
Matt 6:22	ᾖ	V-PAS-3S	V-PAS-3S	1510&5725	εἰμί	ᾖ	
Matt 6:22	ὁ	T-NSM	T-NSM	3588	ὁ	ὁ	
Matt 6:22	ὀφθαλμός	N-NSM	N-NSM	3788	ὀφθαλμός	ὀφθαλμός	
Matt 6:22	σου	P-2GS	P-2GS	4771	σύ	σου	
Matt 6:22	ἁπλοῦς,	A-NSM	A-NSM	573	ἁπλοῦς	ἁπλοῦς	
Matt 6:22	ὅλον	A-NSN	A-NSN	3650	ὅλος	ὅλον	
Matt 6:22	τὸ	T-NSN	T-NSN	3588	ὁ	τό	
Matt 6:22	σῶμά	N-NSN	N-NSN	4983	σῶμα	σῶμα	
Matt 6:22	σου	P-2GS	P-2GS	4771	σύ	σου	
Matt 6:22	φωτεινὸν	A-NSN	A-NSN	5460	φωτεινός	φωτεινόν	
Matt 6:22	ἔσται·	V-FDI-3S	V-FDI-3S	1510&5695	εἰμί	ἔσται	
Matt 6:23	ἐὰν	COND	COND	1437	ἐάν	ἐάν	
Matt 6:23	δὲ	CONJ	CONJ	1161	δέ	δέ	
Matt 6:23	ὁ	T-NSM	T-NSM	3588	ὁ	ὁ	
Matt 6:23	ὀφθαλμός	N-NSM	N-NSM	3788	ὀφθαλμός	ὀφθαλμός	
Matt 6:23	σου	P-2GS	P-2GS	4771	σύ	σου	
Matt 6:23	πονηρὸς	A-NSM	A-NSM	4190	πονηρός	πονηρός	
Matt 6:23	ᾖ,	V-PAS-3S	V-PAS-3S	1510&5725	εἰμί	ᾖ	
Matt 6:23	ὅλον	A-NSN	A-NSN	3650	ὅλος	ὅλον	
Matt 6:23	τὸ	T-NSN	T-NSN	3588	ὁ	τό	
Matt 6:23	σῶμά	N-NSN	N-NSN	4983	σῶμα	σῶμα	
Matt 6:23	σου	P-2GS	P-2GS	4771	σύ	σου	
Matt 6:23	σκοτεινὸν	A-NSN	A-NSN	4652	σκοτεινός	σκοτεινόν	
Matt 6:23	ἔσται.	V-FDI-3S	V-FDI-3S	1510&5695	εἰμί	ἔσται	
Matt 6:23	εἰ	COND	COND	1487	εἰ	εἰ	
Matt 6:23	οὖν	CONJ	CONJ	3767	οὖν	οὖν	
Matt 6:23	τὸ	T-NSN	T-NSN	3588	ὁ	τό	
Matt 6:23	φῶς	N-NSN	N-NSN	5457	φῶς	φῶς	
Matt 6:23	τὸ	T-NSN	T-NSN	3588	ὁ	τό	
Matt 6:23	ἐν	PREP	PREP	1722	ἐν	ἐν	
Matt 6:23	σοὶ	P-2DS	P-2DS	4771	σύ	σοί	
Matt 6:23	σκότος	N-NSN	N-NSN	4655	σκότος	σκότος	
Matt 6:23	ἐστίν,	V-PAI-3S	V-PAI-3S	1510&5719	εἰμί	ἐστίν	
Matt 6:23	τὸ	T-NSN	T-NSN	3588	ὁ	τό	
Matt 6:23	σκότος	N-NSN	N-NSN	4655	σκότος	σκότος	
Matt 6:23	πόσον.	Q-NSN	Q-NSN	4214	πόσος	πόσον	
Matt 6:24	Οὐδεὶς	A-NSM-N	A-NSM-N	3762	οὐδείς	Οὐδείς	
Matt 6:24	δύναται	V-PNI-3S	V-PNI-3S	1410&5736	δύναμαι	δύναται	
Matt 6:24	δυσὶ	A-DPM	A-DPM	1417	δύο	δυσί	
Matt 6:24	κυρίοις	N-DPM	N-DPM	2962	κύριος	κυρίοις	
Matt 6:24	δουλεύειν·	V-PAN	V-PAN	1398&5721	δουλεύω	δουλεύειν	
Matt 6:24	ἢ	PRT	PRT	2228	ἤ	ἤ	
Matt 6:24	γὰρ	CONJ	CONJ	1063	γάρ	γάρ	
Matt 6:24	τὸν	T-ASM	T-ASM	3588	ὁ	τόν	
Matt 6:24	ἕνα	A-ASM	A-ASM	1520	εἷς	ἕνα	
Matt 6:24	μισήσει	V-FAI-3S	V-FAI-3S	3404&5692	μισέω	μισήσει	
Matt 6:24	καὶ	CONJ	CONJ	2532	καί	καί	
Matt 6:24	τὸν	T-ASM	T-ASM	3588	ὁ	τόν	
Matt 6:24	ἕτερον	A-ASM	A-ASM	2087	ἕτερος	ἕτερον	
Matt 6:24	ἀγαπήσει,	V-FAI-3S	V-FAI-3S	25&5692	ἀγαπάω	ἀγαπήσει	
Matt 6:24	ἢ	PRT	PRT	2228	ἤ	ἤ	
Matt 6:24	ἑνὸς	A-GSM	A-GSM	1520	εἷς	ἑνός	
Matt 6:24	ἀνθέξεται	V-FDI-3S	V-FDI-3S	472&5695	ἀντέχω	ἀνθέξεται	
Matt 6:24	καὶ	CONJ	CONJ	2532	καί	καί	
Matt 6:24	τοῦ	T-GSM	T-GSM	3588	ὁ	τοῦ	
Matt 6:24	ἑτέρου	A-GSM	A-GSM	2087	ἕτερος	ἑτέρου	
Matt 6:24	καταφρονήσει·	V-FAI-3S	V-FAI-3S	2706&5692	καταφρονέω	καταφρονήσει	
Matt 6:24	οὐ	PRT-N	PRT-N	3756	οὐ	οὐ	
Matt 6:24	δύνασθε	V-PNI-2P	V-PNI-2P	1410&5736	δύναμαι	δύνασθε	
Matt 6:24	Θεῷ	N-DSM	N-DSM	2316	θεός	Θεῷ	
Matt 6:24	δουλεύειν	V-PAN	V-PAN	1398&5721	δουλεύω	δουλεύειν	
Matt 6:24	καὶ	CONJ	CONJ	2532	καί	καί	
Matt 6:24	μαμωνᾷ.	N-DSM	N-DSM	3126	μαμωνᾶς	μαμωνᾷ	
Matt 6:25	Διὰ	PREP	PREP	1223	διά	Διά	
Matt 6:25	τοῦτο	D-ASN	D-ASN	3778	οὗτος	τοῦτο	
Matt 6:25	λέγω	V-PAI-1S	V-PAI-1S	3004&5719	λέγω	λέγω	
Matt 6:25	ὑμῖν,	P-2DP	P-2DP	4771	σύ	ὑμῖν	
Matt 6:25	μὴ	PRT-N	PRT-N	3361	μή	μή	
Matt 6:25	μεριμνᾶτε	V-PAM-2P	V-PAM-2P	3309&5720	μεριμνάω	μεριμνᾶτε	
Matt 6:25	τῇ	T-DSF	T-DSF	3588	ὁ	τῇ	
Matt 6:25	ψυχῇ	N-DSF	N-DSF	5590	ψυχή	ψυχῇ	
Matt 6:25	ὑμῶν	P-2GP	P-2GP	4771	σύ	ὑμῶν	
Matt 6:25	τί	I-ASN	I-ASN	5101	τίς	τί	
Matt 6:25	φάγητε	V-2AAS-2P	V-2AAS-2P	5315&5632	ἐσθίω	φάγητε	
Matt 6:25	ἢ	PRT	PRT	2228	ἤ	ἤ	
Matt 6:25	τί	I-ASN	I-ASN	5101	τίς	τί	
Matt 6:25	πίητε,	V-2AAS-2P	V-2AAS-2P	4095&5632	πίνω	πίητε	
Matt 6:25	μηδὲ	CONJ-N	CONJ-N	3366	μηδέ	μηδέ	
Matt 6:25	τῷ	T-DSN	T-DSN	3588	ὁ	τῷ	
Matt 6:25	σώματι	N-DSN	N-DSN	4983	σῶμα	σώματι	
Matt 6:25	ὑμῶν	P-2GP	P-2GP	4771	σύ	ὑμῶν	
Matt 6:25	τί	I-ASN	I-ASN	5101	τίς	τί	
Matt 6:25	ἐνδύσησθε·	V-AMS-2P	V-AMS-2P	1746&5672	ἐνδύω	ἐνδύσησθε	
Matt 6:25	οὐχὶ	PRT-I	PRT-I	3780	οὐχί	οὐχί	
Matt 6:25	ἡ	T-NSF	T-NSF	3588	ὁ	ἡ	
Matt 6:25	ψυχὴ	N-NSF	N-NSF	5590	ψυχή	ψυχή	
Matt 6:25	πλεῖόν	A-NSN-C	A-NSN-C	4183	πολύς	πλεῖον	
Matt 6:25	ἐστιν	V-PAI-3S	V-PAI-3S	1510	εἰμί	ἐστιν	
Matt 6:25	τῆς	T-GSF	T-GSF	3588	ὁ	τῆς	
Matt 6:25	τροφῆς	N-GSF	N-GSF	5160	τροφή	τροφῆς	
Matt 6:25	καὶ	CONJ	CONJ	2532	καί	καί	
Matt 6:25	τὸ	T-NSN	T-NSN	3588	ὁ	τό	
Matt 6:25	σῶμα	N-NSN	N-NSN	4983	σῶμα	σῶμα	
Matt 6:25	τοῦ	T-GSN	T-GSN	3588	ὁ	τοῦ	
Matt 6:25	ἐνδύματος;	N-GSN	N-GSN	1742	ἔνδυμα	ἐνδύματος	
Matt 6:26	ἐμβλέψατε	V-AAM-2P	V-AAM-2P	1689&5657	ἐμβλέπω	ἐμβλέψατε	
Matt 6:26	εἰς	PREP	PREP	1519	εἰς	εἰς	
Matt 6:26	τὰ	T-APN	T-APN	3588	ὁ	τά	
Matt 6:26	πετεινὰ	N-APN	N-APN	4071	πετεινός	πετεινά	
Matt 6:26	τοῦ	T-GSM	T-GSM	3588	ὁ	τοῦ	
Matt 6:26	οὐρανοῦ,	N-GSM	N-GSM	3772	οὐρανός	οὐρανοῦ	
Matt 6:26	ὅτι	CONJ	CONJ	3754	ὅτι	ὅτι	
Matt 6:26	οὐ	PRT-N	PRT-N	3756	οὐ	οὐ	
Matt 6:26	σπείρουσιν	V-PAI-3P	V-PAI-3P	4687&5719	σπείρω	σπείρουσιν	
Matt 6:26	οὐδὲ	CONJ-N	CONJ-N	3761	οὐδέ	οὐδέ	
Matt 6:26	θερίζουσιν	V-PAI-3P	V-PAI-3P	2325&5719	θερίζω	θερίζουσιν	
Matt 6:26	οὐδὲ	CONJ-N	CONJ-N	3761	οὐδέ	οὐδέ	
Matt 6:26	συνάγουσιν	V-PAI-3P	V-PAI-3P	4863&5719	συνάγω	συνάγουσιν	
Matt 6:26	εἰς	PREP	PREP	1519	εἰς	εἰς	
Matt 6:26	ἀποθήκας,	N-APF	N-APF	596	ἀποθήκη	ἀποθήκας	
Matt 6:26	καὶ	CONJ	CONJ	2532	καί	καί	
Matt 6:26	ὁ	T-NSM	T-NSM	3588	ὁ	ὁ	
Matt 6:26	Πατὴρ	N-NSM	N-NSM	3962	πατήρ	Πατήρ	
Matt 6:26	ὑμῶν	P-2GP	P-2GP	4771	σύ	ὑμῶν	
Matt 6:26	ὁ	T-NSM	T-NSM	3588	ὁ	ὁ	
Matt 6:26	οὐράνιος	A-NSM	A-NSM	3770	οὐράνιος	οὐράνιος	
Matt 6:26	τρέφει	V-PAI-3S	V-PAI-3S	5142&5719	τρέφω	τρέφει	
Matt 6:26	αὐτά·	P-APN	P-APN	846	αὐτός	αὐτά	
Matt 6:26	οὐχ	PRT-N	PRT-N	3756	οὐ	οὐχ	
Matt 6:26	ὑμεῖς	P-2NP	P-2NP	4771	σύ	ὑμεῖς	
Matt 6:26	μᾶλλον	ADV	ADV	3123	μᾶλλον	μᾶλλον	
Matt 6:26	διαφέρετε	V-PAI-2P	V-PAI-2P	1308&5719	διαφέρω	διαφέρετε	
Matt 6:26	αὐτῶν;	P-GPN	P-GPN	846	αὐτός	αὐτῶν	
Matt 6:27	τίς	I-NSM	I-NSM	5101	τίς	τίς	
Matt 6:27	δὲ	CONJ	CONJ	1161	δέ	δέ	
Matt 6:27	ἐξ	PREP	PREP	1537	ἐκ	ἐξ	
Matt 6:27	ὑμῶν	P-2GP	P-2GP	4771	σύ	ὑμῶν	
Matt 6:27	μεριμνῶν	V-PAP-NSM	V-PAP-NSM	3309&5723	μεριμνάω	μεριμνῶν	
Matt 6:27	δύναται	V-PNI-3S	V-PNI-3S	1410&5736	δύναμαι	δύναται	
Matt 6:27	προσθεῖναι	V-2AAN	V-2AAN	4369&5629	προστίθημι	προσθεῖναι	
Matt 6:27	ἐπὶ	PREP	PREP	1909	ἐπί	ἐπί	
Matt 6:27	τὴν	T-ASF	T-ASF	3588	ὁ	τήν	
Matt 6:27	ἡλικίαν	N-ASF	N-ASF	2244	ἡλικία	ἡλικίαν	
Matt 6:27	αὐτοῦ	P-GSM	P-GSM	846	αὐτός	αὐτοῦ	
Matt 6:27	πῆχυν	N-ASM	N-ASM	4083	πῆχυς	πῆχυν	
Matt 6:27	ἕνα;	A-ASM	A-ASM	1520	εἷς	ἕνα	
Matt 6:28	καὶ	CONJ	CONJ	2532	καί	καί	
Matt 6:28	περὶ	PREP	PREP	4012	περί	περί	
Matt 6:28	ἐνδύματος	N-GSN	N-GSN	1742	ἔνδυμα	ἐνδύματος	
Matt 6:28	τί	I-ASN	I-ASN	5101	τίς	τί	
Matt 6:28	μεριμνᾶτε;	V-PAI-2P	V-PAI-2P	3309&5719	μεριμνάω	μεριμνᾶτε	
Matt 6:28	καταμάθετε	V-2AAM-2P	V-2AAM-2P	2648&5628	καταμανθάνω	καταμάθετε	
Matt 6:28	τὰ	T-APN	T-APN	3588	ὁ	τά	
Matt 6:28	κρίνα	N-APN	N-APN	2918	κρίνον	κρίνα	
Matt 6:28	τοῦ	T-GSM	T-GSM	3588	ὁ	τοῦ	
Matt 6:28	ἀγροῦ	N-GSM	N-GSM	68	ἀγρός	ἀγροῦ	
Matt 6:28	πῶς	ADV	ADV	4459	πῶς	πῶς	
Matt 6:28	αὐξάνουσιν·	V-PAI-3P	V-PAI-3P	837&5719	αὐξάνω	αὐξάνουσιν	
Matt 6:28	οὐ	PRT-N	PRT-N	3756	οὐ	οὐ	
Matt 6:28	κοπιῶσιν	V-PAI-3P	V-PAI-3P	2872&5719	κοπιάω	κοπιῶσιν	
Matt 6:28	οὐδὲ	CONJ-N	CONJ-N	3761	οὐδέ	οὐδέ	
Matt 6:28	νήθουσιν·	V-PAI-3P	V-PAI-3P	3514&5719	νήθω	νήθουσιν	
Matt 6:29	λέγω	V-PAI-1S	V-PAI-1S	3004&5719	λέγω	λέγω	
Matt 6:29	δὲ	CONJ	CONJ	1161	δέ	δέ	
Matt 6:29	ὑμῖν	P-2DP	P-2DP	4771	σύ	ὑμῖν	
Matt 6:29	ὅτι	CONJ	CONJ	3754	ὅτι	ὅτι	
Matt 6:29	οὐδὲ	CONJ-N	CONJ-N	3761	οὐδέ	οὐδέ	
Matt 6:29	Σολομὼν	N-NSM	N-NSM	4672	Σολομών	Σολομών	
Matt 6:29	ἐν	PREP	PREP	1722	ἐν	ἐν	
Matt 6:29	πάσῃ	A-DSF	A-DSF	3956	πᾶς	πάσῃ	
Matt 6:29	τῇ	T-DSF	T-DSF	3588	ὁ	τῇ	
Matt 6:29	δόξῃ	N-DSF	N-DSF	1391	δόξα	δόξῃ	
Matt 6:29	αὐτοῦ	P-GSM	P-GSM	846	αὐτός	αὐτοῦ	
Matt 6:29	περιεβάλετο	V-2AMI-3S	V-2AMI-3S	4016&5639	περιβάλλω	περιεβάλετο	
Matt 6:29	ὡς	ADV	ADV	5613	ὡς	ὡς	
Matt 6:29	ἓν	A-ASN	A-ASN	1520	εἷς	ἕν	
Matt 6:29	τούτων.	D-GPN	D-GPN	3778	οὗτος	τούτων	
Matt 6:30	εἰ	COND	COND	1487	εἰ	εἰ	
Matt 6:30	δὲ	CONJ	CONJ	1161	δέ	δέ	
Matt 6:30	τὸν	T-ASM	T-ASM	3588	ὁ	τόν	
Matt 6:30	χόρτον	N-ASM	N-ASM	5528	χόρτος	χόρτον	
Matt 6:30	τοῦ	T-GSM	T-GSM	3588	ὁ	τοῦ	
Matt 6:30	ἀγροῦ	N-GSM	N-GSM	68	ἀγρός	ἀγροῦ	
Matt 6:30	σήμερον	ADV	ADV	4594	σήμερον	σήμερον	
Matt 6:30	ὄντα	V-PAP-ASM	V-PAP-ASM	1510&5723	εἰμί	ὄντα	
Matt 6:30	καὶ	CONJ	CONJ	2532	καί	καί	
Matt 6:30	αὔριον	ADV	ADV	839	αὔριον	αὔριον	
Matt 6:30	εἰς	PREP	PREP	1519	εἰς	εἰς	
Matt 6:30	κλίβανον	N-ASM	N-ASM	2823	κλίβανος	κλίβανον	
Matt 6:30	βαλλόμενον	V-PPP-ASM	V-PEP-ASM	906&5746	βάλλω	βαλλόμενον	
Matt 6:30	ὁ	T-NSM	T-NSM	3588	ὁ	ὁ	
Matt 6:30	Θεὸς	N-NSM	N-NSM	2316	θεός	Θεός	
Matt 6:30	οὕτως	ADV	ADV	3779	οὕτω	οὕτως	
Matt 6:30	ἀμφιέννυσιν,	V-PAI-3S	V-PAI-3S	294&5719	ἀμφιέννυμι	ἀμφιέννυσιν	
Matt 6:30	οὐ	PRT-N	PRT-N	3756	οὐ	οὐ	
Matt 6:30	πολλῷ	A-DSN	A-DSN	4183	πολύς	πολλῷ	
Matt 6:30	μᾶλλον	ADV	ADV	3123	μᾶλλον	μᾶλλον	
Matt 6:30	ὑμᾶς,	P-2AP	P-2AP	4771	σύ	ὑμᾶς	
Matt 6:30	ὀλιγόπιστοι;	A-VPM	A-VPM	3640	ὀλιγόπιστος	ὀλιγόπιστοι	
Matt 6:31	μὴ	PRT-N	PRT-N	3361	μή	μή	
Matt 6:31	οὖν	CONJ	CONJ	3767	οὖν	οὖν	
Matt 6:31	μεριμνήσητε	V-AAS-2P	V-AAS-2P	3309&5661	μεριμνάω	μεριμνήσητε	
Matt 6:31	λέγοντες·	V-PAP-NPM	V-PAP-NPM	3004&5723	λέγω	λέγοντες	
Matt 6:31	Τί	I-ASN	I-ASN	5101	τίς	Τί	
Matt 6:31	φάγωμεν;	V-2AAS-1P	V-2AAS-1P	5315&5632	ἐσθίω	φάγωμεν	
Matt 6:31	ἤ·	PRT	PRT	2228	ἤ	ἤ	
Matt 6:31	Τί	I-ASN	I-ASN	5101	τίς	Τί	
Matt 6:31	πίωμεν;	V-2AAS-1P	V-2AAS-1P	4095&5632	πίνω	πίωμεν	
Matt 6:31	ἤ·	PRT	PRT	2228	ἤ	ἤ	
Matt 6:31	Τί	I-ASN	I-ASN	5101	τίς	Τί	
Matt 6:31	περιβαλώμεθα;	V-2AMS-1P	V-2AMS-1P	4016&5643	περιβάλλω	περιβαλώμεθα	
Matt 6:32	πάντα	A-APN	A-APN	3956	πᾶς	πάντα	
Matt 6:32	γὰρ	CONJ	CONJ	1063	γάρ	γάρ	
Matt 6:32	ταῦτα	D-APN	D-APN	3778	οὗτος	ταῦτα	
Matt 6:32	τὰ	T-NPN	T-NPN	3588	ὁ	τά	
Matt 6:32	ἔθνη	N-NPN	N-NPN	1484	ἔθνος	ἔθνη	
Matt 6:32	ἐπιζητοῦσιν·	V-PAI-3P	V-PAI-3P	1934&5719	ἐπιζητέω	ἐπιζητοῦσιν	
Matt 6:32	οἶδεν	V-RAI-3S	V-RAI-3S	1492&5758	οἶδα	οἶδεν	
Matt 6:32	γὰρ	CONJ	CONJ	1063	γάρ	γάρ	
Matt 6:32	ὁ	T-NSM	T-NSM	3588	ὁ	ὁ	
Matt 6:32	Πατὴρ	N-NSM	N-NSM	3962	πατήρ	Πατήρ	
Matt 6:32	ὑμῶν	P-2GP	P-2GP	4771	σύ	ὑμῶν	
Matt 6:32	ὁ	T-NSM	T-NSM	3588	ὁ	ὁ	
Matt 6:32	οὐράνιος	A-NSM	A-NSM	3770	οὐράνιος	οὐράνιος	
Matt 6:32	ὅτι	CONJ	CONJ	3754	ὅτι	ὅτι	
Matt 6:32	χρῄζετε	V-PAI-2P	V-PAI-2P	5535&5719	χρῄζω	χρῄζετε	
Matt 6:32	τούτων	D-GPN	D-GPN	3778	οὗτος	τούτων	
Matt 6:32	ἁπάντων.	A-GPN	A-GPN	537	ἅπας	ἁπάντων	
Matt 6:33	ζητεῖτε	V-PAM-2P	V-PAM-2P	2212&5720	ζητέω	ζητεῖτε	
Matt 6:33	δὲ	CONJ	CONJ	1161	δέ	δέ	
Matt 6:33	πρῶτον	ADV-S	ADV-S	4412	πρῶτος	πρῶτον	
Matt 6:33	τὴν	T-ASF	T-ASF	3588	ὁ	τήν	
Matt 6:33	βασιλείαν	N-ASF	N-ASF	932	βασιλεία	βασιλείαν	
Matt 6:33	καὶ	CONJ	CONJ	2532	καί	καί	
Matt 6:33	τὴν	T-ASF	T-ASF	3588	ὁ	τήν	
Matt 6:33	δικαιοσύνην	N-ASF	N-ASF	1343	δικαιοσύνη	δικαιοσύνην	
Matt 6:33	αὐτοῦ,	P-GSM	P-GSM	846	αὐτός	αὐτοῦ	
Matt 6:33	καὶ	CONJ	CONJ	2532	καί	καί	
Matt 6:33	ταῦτα	D-NPN	D-NPN	3778	οὗτος	ταῦτα	
Matt 6:33	πάντα	A-NPN	A-NPN	3956	πᾶς	πάντα	
Matt 6:33	προστεθήσεται	V-FPI-3S	V-FPI-3S	4369&5701	προστίθημι	προστεθήσεται	
Matt 6:33	ὑμῖν.	P-2DP	P-2DP	4771	σύ	ὑμῖν	
Matt 6:34	μὴ	PRT-N	PRT-N	3361	μή	μή	
Matt 6:34	οὖν	CONJ	CONJ	3767	οὖν	οὖν	
Matt 6:34	μεριμνήσητε	V-AAS-2P	V-AAS-2P	3309&5661	μεριμνάω	μεριμνήσητε	
Matt 6:34	εἰς	PREP	PREP	1519	εἰς	εἰς	
Matt 6:34	τὴν	T-ASF	T-ASF	3588	ὁ	τήν	
Matt 6:34	αὔριον,	ADV	ADV	839	αὔριον	αὔριον	
Matt 6:34	ἡ	T-NSF	T-NSF	3588	ὁ	ἡ	
Matt 6:34	γὰρ	CONJ	CONJ	1063	γάρ	γάρ	
Matt 6:34	αὔριον	ADV	ADV	839	αὔριον	αὔριον	
Matt 6:34	μεριμνήσει	V-FAI-3S	V-FAI-3S	3309&5692	μεριμνάω	μεριμνήσει	
Matt 6:34	ἑαυτῆς·	F-3GSF	F-3GSF	1438	ἑαυτοῦ	ἑαυτῆς	
Matt 6:34	ἀρκετὸν	A-NSN	A-NSN	713	ἀρκετός	ἀρκετόν	
Matt 6:34	τῇ	T-DSF	T-DSF	3588	ὁ	τῇ	
Matt 6:34	ἡμέρᾳ	N-DSF	N-DSF	2250	ἡμέρα	ἡμέρᾳ	
Matt 6:34	ἡ	T-NSF	T-NSF	3588	ὁ	ἡ	
Matt 6:34	κακία	N-NSF	N-NSF	2549	κακία	κακία	
Matt 6:34	αὐτῆς.	P-GSF	P-GSF	846	αὐτός	αὐτῆς	
Matt 7:1	Μὴ	PRT-N	PRT-N	3361	μή	Μή	
Matt 7:1	κρίνετε,	V-PAM-2P	V-PAM-2P	2919&5720	κρίνω	κρίνετε	
Matt 7:1	ἵνα	CONJ	CONJ	2443	ἵνα	ἵνα	
Matt 7:1	μὴ	PRT-N	PRT-N	3361	μή	μή	
Matt 7:1	κριθῆτε·	V-APS-2P	V-APS-2P	2919&5686	κρίνω	κριθῆτε	
Matt 7:2	ἐν	PREP	PREP	1722	ἐν	ἐν	
Matt 7:2	ᾧ	R-DSN	R-DSN	3739	ὅς	ᾧ	
Matt 7:2	γὰρ	CONJ	CONJ	1063	γάρ	γάρ	
Matt 7:2	κρίματι	N-DSN	N-DSN	2917	κρίμα	κρίματι	
Matt 7:2	κρίνετε	V-PAI-2P	V-PAI-2P	2919&5719	κρίνω	κρίνετε	
Matt 7:2	κριθήσεσθε,	V-FPI-2P	V-FPI-2P	2919&5701	κρίνω	κριθήσεσθε	
Matt 7:2	καὶ	CONJ	CONJ	2532	καί	καί	
Matt 7:2	ἐν	PREP	PREP	1722	ἐν	ἐν	
Matt 7:2	ᾧ	R-DSN	R-DSN	3739	ὅς	ᾧ	
Matt 7:2	μέτρῳ	N-DSN	N-DSN	3358	μέτρον	μέτρῳ	
Matt 7:2	μετρεῖτε	V-PAI-2P	V-PAI-2P	3354&5719	μετρέω	μετρεῖτε	
Matt 7:2	μετρηθήσεται	V-FPI-3S	V-FPI-3S	3354&5701	μετρέω	μετρηθήσεται	
Matt 7:2	ὑμῖν.	P-2DP	P-2DP	4771	σύ	ὑμῖν	
Matt 7:3	τί	I-ASN	I-ASN	5101	τίς	τί	
Matt 7:3	δὲ	CONJ	CONJ	1161	δέ	δέ	
Matt 7:3	βλέπεις	V-PAI-2S	V-PAI-2S	991&5719	βλέπω	βλέπεις	
Matt 7:3	τὸ	T-ASN	T-ASN	3588	ὁ	τό	
Matt 7:3	κάρφος	N-ASN	N-ASN	2595	κάρφος	κάρφος	
Matt 7:3	τὸ	T-ASN	T-ASN	3588	ὁ	τό	
Matt 7:3	ἐν	PREP	PREP	1722	ἐν	ἐν	
Matt 7:3	τῷ	T-DSM	T-DSM	3588	ὁ	τῷ	
Matt 7:3	ὀφθαλμῷ	N-DSM	N-DSM	3788	ὀφθαλμός	ὀφθαλμῷ	
Matt 7:3	τοῦ	T-GSM	T-GSM	3588	ὁ	τοῦ	
Matt 7:3	ἀδελφοῦ	N-GSM	N-GSM	80	ἀδελφός	ἀδελφοῦ	
Matt 7:3	σου,	P-2GS	P-2GS	4771	σύ	σου	
Matt 7:3	τὴν	T-ASF	T-ASF	3588	ὁ	τήν	
Matt 7:3	δὲ	CONJ	CONJ	1161	δέ	δέ	
Matt 7:3	ἐν	PREP	PREP	1722	ἐν	ἐν	
Matt 7:3	τῷ	T-DSM	T-DSM	3588	ὁ	τῷ	
Matt 7:3	σῷ	S-2SDSM	S-2SDSM	4674	σός	σῷ	
Matt 7:3	ὀφθαλμῷ	N-DSM	N-DSM	3788	ὀφθαλμός	ὀφθαλμῷ	
Matt 7:3	δοκὸν	N-ASF	N-ASF	1385	δοκός	δοκόν	
Matt 7:3	οὐ	PRT-N	PRT-N	3756	οὐ	οὐ	
Matt 7:3	κατανοεῖς;	V-PAI-2S	V-PAI-2S	2657&5719	κατανοέω	κατανοεῖς	
Matt 7:4	ἢ	PRT	PRT	2228	ἤ	ἤ	
Matt 7:4	πῶς	ADV-I	ADV-I	4459	πῶς	πῶς	
Matt 7:4	ἐρεῖς	V-FAI-2S	V-FAI-2S	2046&5692	εἶπον	ἐρεῖς	
Matt 7:4	τῷ	T-DSM	T-DSM	3588	ὁ	τῷ	
Matt 7:4	ἀδελφῷ	N-DSM	N-DSM	80	ἀδελφός	ἀδελφῷ	
Matt 7:4	σου·	P-2GS	P-2GS	4771	σύ	σου	
Matt 7:4	Ἄφες	V-2AAM-2S	V-2AAM-2S	863&5628	ἀφίημι	Ἄφες	
Matt 7:4	ἐκβάλω	V-2AAS-1S	V-2AAS-1S	1544&5632	ἐκβάλλω	ἐκβάλω	
Matt 7:4	τὸ	T-ASN	T-ASN	3588	ὁ	τό	
Matt 7:4	κάρφος	N-ASN	N-ASN	2595	κάρφος	κάρφος	
Matt 7:4	ἐκ	PREP	PREP	1537	ἐκ	ἐκ	
Matt 7:4	τοῦ	T-GSM	T-GSM	3588	ὁ	τοῦ	
Matt 7:4	ὀφθαλμοῦ	N-GSM	N-GSM	3788	ὀφθαλμός	ὀφθαλμοῦ	
Matt 7:4	σου,	P-2GS	P-2GS	4771	σύ	σου	
Matt 7:4	καὶ	CONJ	CONJ	2532	καί	καί	
Matt 7:4	ἰδοὺ	V-2AMM-2S	V-2AMM-2S	3708&5640	ὁράω	ἰδού	
Matt 7:4	ἡ	T-NSF	T-NSF	3588	ὁ	ἡ	
Matt 7:4	δοκὸς	N-NSF	N-NSF	1385	δοκός	δοκός	
Matt 7:4	ἐν	PREP	PREP	1722	ἐν	ἐν	
Matt 7:4	τῷ	T-DSM	T-DSM	3588	ὁ	τῷ	
Matt 7:4	ὀφθαλμῷ	N-DSM	N-DSM	3788	ὀφθαλμός	ὀφθαλμῷ	
Matt 7:4	σοῦ;	P-2GS	P-2GS	4771	σύ	σοῦ	
Matt 7:5	ὑποκριτά,	N-VSM	N-VSM	5273	ὑποκριτής	ὑποκριτά	
Matt 7:5	ἔκβαλε	V-2AAM-2S	V-2AAM-2S	1544&5628	ἐκβάλλω	ἔκβαλε	
Matt 7:5	πρῶτον	ADV-S	ADV-S	4412	πρῶτος	πρῶτον	
Matt 7:5	ἐκ	PREP	PREP	1537	ἐκ	ἐκ	
Matt 7:5	τοῦ	T-GSM	T-GSM	3588	ὁ	τοῦ	
Matt 7:5	ὀφθαλμοῦ	N-GSM	N-GSM	3788	ὀφθαλμός	ὀφθαλμοῦ	
Matt 7:5	σοῦ	P-2GS	P-2GS	4771	σύ	σοῦ	
Matt 7:5	τὴν	T-ASF	T-ASF	3588	ὁ	τήν	
Matt 7:5	δοκόν,	N-ASF	N-ASF	1385	δοκός	δοκόν	
Matt 7:5	καὶ	CONJ	CONJ	2532	καί	καί	
Matt 7:5	τότε	ADV	ADV	5119	τότε	τότε	
Matt 7:5	διαβλέψεις	V-FAI-2S	V-FAI-2S	1227&5692	διαβλέπω	διαβλέψεις	
Matt 7:5	ἐκβαλεῖν	V-2AAN	V-2AAN	1544&5629	ἐκβάλλω	ἐκβαλεῖν	
Matt 7:5	τὸ	T-ASN	T-ASN	3588	ὁ	τό	
Matt 7:5	κάρφος	N-ASN	N-ASN	2595	κάρφος	κάρφος	
Matt 7:5	ἐκ	PREP	PREP	1537	ἐκ	ἐκ	
Matt 7:5	τοῦ	T-GSM	T-GSM	3588	ὁ	τοῦ	
Matt 7:5	ὀφθαλμοῦ	N-GSM	N-GSM	3788	ὀφθαλμός	ὀφθαλμοῦ	
Matt 7:5	τοῦ	T-GSM	T-GSM	3588	ὁ	τοῦ	
Matt 7:5	ἀδελφοῦ	N-GSM	N-GSM	80	ἀδελφός	ἀδελφοῦ	
Matt 7:5	σου.	P-2GS	P-2GS	4771	σύ	σου	
Matt 7:6	Μὴ	PRT-N	PRT-N	3361	μή	Μή	
Matt 7:6	δῶτε	V-2AAS-2P	V-2AAS-2P	1325&5632	δίδωμι	δῶτε	
Matt 7:6	τὸ	T-ASN	T-ASN	3588	ὁ	τό	
Matt 7:6	ἅγιον	A-ASN	A-ASN	40	ἅγιος	ἅγιον	
Matt 7:6	τοῖς	T-DPM	T-DPM	3588	ὁ	τοῖς	
Matt 7:6	κυσίν,	N-DPM	N-DPM	2965	κύων	κυσίν	
Matt 7:6	μηδὲ	CONJ-N	CONJ-N	3366	μηδέ	μηδέ	
Matt 7:6	βάλητε	V-2AAS-2P	V-2AAS-2P	906&5632	βάλλω	βάλητε	
Matt 7:6	τοὺς	T-APM	T-APM	3588	ὁ	τούς	
Matt 7:6	μαργαρίτας	N-APM	N-APM	3135	μαργαρίτης	μαργαρίτας	
Matt 7:6	ὑμῶν	P-2GP	P-2GP	4771	σύ	ὑμῶν	
Matt 7:6	ἔμπροσθεν	PREP	PREP	1715	ἔμπροσθεν	ἔμπροσθεν	
Matt 7:6	τῶν	T-GPM	T-GPM	3588	ὁ	τῶν	
Matt 7:6	χοίρων,	N-GPM	N-GPM	5519	χοῖρος	χοίρων	
Matt 7:6	μή	PRT-N	PRT-N	3361	μή	μή	
Matt 7:6	ποτε	ADV	ADV	4219	πότε	ποτε	
Matt 7:6	καταπατήσουσιν	V-FAI-3P	V-FAI-3P	2662&5692	καταπατέω	καταπατήσουσιν	
Matt 7:6	αὐτοὺς	P-APM	P-APM	846	αὐτός	αὐτούς	
Matt 7:6	ἐν	PREP	PREP	1722	ἐν	ἐν	
Matt 7:6	τοῖς	T-DPM	T-DPM	3588	ὁ	τοῖς	
Matt 7:6	ποσὶν	N-DPM	N-DPM	4228	πούς	ποσίν	
Matt 7:6	αὐτῶν	P-GPM	P-GPM	846	αὐτός	αὐτῶν	
Matt 7:6	καὶ	CONJ	CONJ	2532	καί	καί	
Matt 7:6	στραφέντες	V-2APP-NPM	V-2APP-NPM	4762&5651	στρέφω	στραφέντες	
Matt 7:6	ῥήξωσιν	V-AAS-3P	V-AAS-3P	4486&5661	ῥήγνυμι	ῥήξωσιν	
Matt 7:6	ὑμᾶς.	P-2AP	P-2AP	4771	σύ	ὑμᾶς	
Matt 7:7	Αἰτεῖτε,	V-PAM-2P	V-PAM-2P	154&5720	αἰτέω	Αἰτεῖτε	
Matt 7:7	καὶ	CONJ	CONJ	2532	καί	καί	
Matt 7:7	δοθήσεται	V-FPI-3S	V-FPI-3S	1325&5701	δίδωμι	δοθήσεται	
Matt 7:7	ὑμῖν·	P-2DP	P-2DP	4771	σύ	ὑμῖν	
Matt 7:7	ζητεῖτε,	V-PAM-2P	V-PAM-2P	2212&5720	ζητέω	ζητεῖτε	
Matt 7:7	καὶ	CONJ	CONJ	2532	καί	καί	
Matt 7:7	εὑρήσετε·	V-FAI-2P	V-FAI-2P	2147&5692	εὑρίσκω	εὑρήσετε	
Matt 7:7	κρούετε,	V-PAM-2P	V-PAM-2P	2925&5720	κρούω	κρούετε	
Matt 7:7	καὶ	CONJ	CONJ	2532	καί	καί	
Matt 7:7	ἀνοιγήσεται	V-2FPI-3S	V-2FPI-3S	455&5691	ἀνοίγω	ἀνοιγήσεται	
Matt 7:7	ὑμῖν.	P-2DP	P-2DP	4771	σύ	ὑμῖν	
Matt 7:8	πᾶς	A-NSM	A-NSM	3956	πᾶς	πᾶς	
Matt 7:8	γὰρ	CONJ	CONJ	1063	γάρ	γάρ	
Matt 7:8	ὁ	T-NSM	T-NSM	3588	ὁ	ὁ	
Matt 7:8	αἰτῶν	V-PAP-NSM	V-PAP-NSM	154&5723	αἰτέω	αἰτῶν	
Matt 7:8	λαμβάνει	V-PAI-3S	V-PAI-3S	2983&5719	λαμβάνω	λαμβάνει	
Matt 7:8	καὶ	CONJ	CONJ	2532	καί	καί	
Matt 7:8	ὁ	T-NSM	T-NSM	3588	ὁ	ὁ	
Matt 7:8	ζητῶν	V-PAP-NSM	V-PAP-NSM	2212&5723	ζητέω	ζητῶν	
Matt 7:8	εὑρίσκει	V-PAI-3S	V-PAI-3S	2147&5719	εὑρίσκω	εὑρίσκει	
Matt 7:8	καὶ	CONJ	CONJ	2532	καί	καί	
Matt 7:8	τῷ	T-DSM	T-DSM	3588	ὁ	τῷ	
Matt 7:8	κρούοντι	V-PAP-DSM	V-PAP-DSM	2925&5723	κρούω	κρούοντι	
Matt 7:8	ἀνοιγήσεται.	V-2FPI-3S	V-2FPI-3S	455&5691	ἀνοίγω	ἀνοιγήσεται	
Matt 7:9	ἢ	PRT	PRT	2228	ἤ	ἤ	
Matt 7:9	τίς	I-NSM	I-NSM	5101	τίς	τίς	
Matt 7:9	ἐστιν	V-PAI-3S	V-PAI-3S	1510	εἰμί	ἐστιν	
Matt 7:9	ἐξ	PREP	PREP	1537	ἐκ	ἐξ	
Matt 7:9	ὑμῶν	P-2GP	P-2GP	4771	σύ	ὑμῶν	
Matt 7:9	ἄνθρωπος,	N-NSM	N-NSM	444	ἄνθρωπος	ἄνθρωπος	
Matt 7:9	ὃν	R-ASM	R-ASM	3739	ὅς	ὅν	
Matt 7:9	αἰτήσει	V-FAI-3S	V-FAI-3S	154&5692	αἰτέω	αἰτήσει	
Matt 7:9	ὁ	T-NSM	T-NSM	3588	ὁ	ὁ	
Matt 7:9	υἱὸς	N-NSM	N-NSM	5207	υἱός	υἱός	
Matt 7:9	αὐτοῦ	P-GSM	P-GSM	846	αὐτός	αὐτοῦ	
Matt 7:9	ἄρτον,	N-ASM	N-ASM	740	ἄρτος	ἄρτον	
Matt 7:9	μὴ	PRT-N	PRT-N	3361	μή	μή	
Matt 7:9	λίθον	N-ASM	N-ASM	3037	λίθος	λίθον	
Matt 7:9	ἐπιδώσει	V-FAI-3S	V-FAI-3S	1929&5692	ἐπιδίδωμι	ἐπιδώσει	
Matt 7:9	αὐτῷ;	P-DSM	P-DSM	846	αὐτός	αὐτῷ	
Matt 7:10	ἢ	PRT	PRT	2228	ἤ	ἤ	
Matt 7:10	καὶ	CONJ	CONJ	2532	καί	καί	
Matt 7:10	ἰχθὺν	N-ASM	N-ASM	2486	ἰχθύς	ἰχθύν	
Matt 7:10	αἰτήσει,	V-FAI-3S	V-FAI-3S	154&5692	αἰτέω	αἰτήσει	
Matt 7:10	μὴ	PRT-N	PRT-N	3361	μή	μή	
Matt 7:10	ὄφιν	N-ASM	N-ASM	3789	ὄφις	ὄφιν	
Matt 7:10	ἐπιδώσει	V-FAI-3S	V-FAI-3S	1929&5692	ἐπιδίδωμι	ἐπιδώσει	
Matt 7:10	αὐτῷ;	P-DSM	P-DSM	846	αὐτός	αὐτῷ	
Matt 7:11	εἰ	COND	COND	1487	εἰ	εἰ	
Matt 7:11	οὖν	CONJ	CONJ	3767	οὖν	οὖν	
Matt 7:11	ὑμεῖς	P-2NP	P-2NP	4771	σύ	ὑμεῖς	
Matt 7:11	πονηροὶ	A-NPM	A-NPM	4190	πονηρός	πονηροί	
Matt 7:11	ὄντες	V-PAP-NPM	V-PAP-NPM	1510&5723	εἰμί	ὄντες	
Matt 7:11	οἴδατε	V-RAI-2P	V-RAI-2P	1492&5758	οἶδα	οἴδατε	
Matt 7:11	δόματα	N-APN	N-APN	1390	δόμα	δόματα	
Matt 7:11	ἀγαθὰ	A-APN	A-APN	18	ἀγαθός	ἀγαθά	
Matt 7:11	διδόναι	V-PAN	V-PAN	1325&5721	δίδωμι	διδόναι	
Matt 7:11	τοῖς	T-DPN	T-DPN	3588	ὁ	τοῖς	
Matt 7:11	τέκνοις	N-DPN	N-DPN	5043	τέκνον	τέκνοις	
Matt 7:11	ὑμῶν,	P-2GP	P-2GP	4771	σύ	ὑμῶν	
Matt 7:11	πόσῳ	Q-DSN	Q-DSN	4214	πόσος	πόσῳ	
Matt 7:11	μᾶλλον	ADV	ADV	3123	μᾶλλον	μᾶλλον	
Matt 7:11	ὁ	T-NSM	T-NSM	3588	ὁ	ὁ	
Matt 7:11	Πατὴρ	N-NSM	N-NSM	3962	πατήρ	Πατήρ	
Matt 7:11	ὑμῶν	P-2GP	P-2GP	4771	σύ	ὑμῶν	
Matt 7:11	ὁ	T-NSM	T-NSM	3588	ὁ	ὁ	
Matt 7:11	ἐν	PREP	PREP	1722	ἐν	ἐν	
Matt 7:11	τοῖς	T-DPM	T-DPM	3588	ὁ	τοῖς	
Matt 7:11	οὐρανοῖς	N-DPM	N-DPM	3772	οὐρανός	οὐρανοῖς	
Matt 7:11	δώσει	V-FAI-3S	V-FAI-3S	1325&5692	δίδωμι	δώσει	
Matt 7:11	ἀγαθὰ	A-APN	A-APN	18	ἀγαθός	ἀγαθά	
Matt 7:11	τοῖς	T-DPM	T-DPM	3588	ὁ	τοῖς	
Matt 7:11	αἰτοῦσιν	V-PAP-DPM	V-PAP-DPM	154&5723	αἰτέω	αἰτοῦσιν	
Matt 7:11	αὐτόν.	P-ASM	P-ASM	846	αὐτός	αὐτόν	
Matt 7:12	Πάντα	A-APN	A-APN	3956	πᾶς	Πάντα	
Matt 7:12	οὖν	CONJ	CONJ	3767	οὖν	οὖν	
Matt 7:12	ὅσα	K-APN	K-APN	3745	ὅσος	ὅσα	
Matt 7:12	ἐὰν	COND	COND	1437	ἐάν	ἐάν	
Matt 7:12	θέλητε	V-PAS-2P	V-PAS-2P	2309&5725	θέλω	θέλητε	
Matt 7:12	ἵνα	CONJ	CONJ	2443	ἵνα	ἵνα	
Matt 7:12	ποιῶσιν	V-PAS-3P	V-PAS-3P	4160&5725	ποιέω	ποιῶσιν	
Matt 7:12	ὑμῖν	P-2DP	P-2DP	4771	σύ	ὑμῖν	
Matt 7:12	οἱ	T-NPM	T-NPM	3588	ὁ	οἱ	
Matt 7:12	ἄνθρωποι,	N-NPM	N-NPM	444	ἄνθρωπος	ἄνθρωποι	
Matt 7:12	οὕτως	ADV	ADV	3779	οὕτω	οὕτως	
Matt 7:12	καὶ	CONJ	CONJ	2532	καί	καί	
Matt 7:12	ὑμεῖς	P-2NP	P-2NP	4771	σύ	ὑμεῖς	
Matt 7:12	ποιεῖτε	V-PAM-2P	V-PAM-2P	4160&5720	ποιέω	ποιεῖτε	
Matt 7:12	αὐτοῖς·	P-DPM	P-DPM	846	αὐτός	αὐτοῖς	
Matt 7:12	οὗτος	D-NSM	D-NSM	3778	οὗτος	οὗτος	
Matt 7:12	γάρ	CONJ	CONJ	1063	γάρ	γάρ	
Matt 7:12	ἐστιν	V-PAI-3S	V-PAI-3S	1510&5719	εἰμί	ἐστιν	
Matt 7:12	ὁ	T-NSM	T-NSM	3588	ὁ	ὁ	
Matt 7:12	νόμος	N-NSM	N-NSM	3551	νόμος	νόμος	
Matt 7:12	καὶ	CONJ	CONJ	2532	καί	καί	
Matt 7:12	οἱ	T-NPM	T-NPM	3588	ὁ	οἱ	
Matt 7:12	προφῆται.	N-NPM	N-NPM	4396	προφήτης	προφῆται	
Matt 7:13	Εἰσέλθατε	V-2AAM-2P	V-2AAM-2P	1525&5628	εἰσέρχομαι	Εἰσέλθατε	
Matt 7:13	διὰ	PREP	PREP	1223	διά	διά	
Matt 7:13	τῆς	T-GSF	T-GSF	3588	ὁ	τῆς	
Matt 7:13	στενῆς	A-GSF	A-GSF	4728	στενός	στενῆς	
Matt 7:13	πύλης·	N-GSF	N-GSF	4439	πύλη	πύλης	
Matt 7:13	ὅτι	CONJ	CONJ	3754	ὅτι	ὅτι	
Matt 7:13	πλατεῖα	A-NSF	A-NSF	4116	πλατύς	πλατεῖα	
Matt 7:13	ἡ	T-NSF	T-NSF	3588	ὁ	ἡ	
Matt 7:13	πύλη	N-NSF	N-NSF	4439	πύλη	πύλη	
Matt 7:13	καὶ	CONJ	CONJ	2532	καί	καί	
Matt 7:13	εὐρύχωρος	A-NSF	A-NSF	2149	εὐρύχωρος	εὐρύχωρος	
Matt 7:13	ἡ	T-NSF	T-NSF	3588	ὁ	ἡ	
Matt 7:13	ὁδὸς	N-NSF	N-NSF	3598	ὁδός	ὁδός	
Matt 7:13	ἡ	T-NSF	T-NSF	3588	ὁ	ἡ	
Matt 7:13	ἀπάγουσα	V-PAP-NSF	V-PAP-NSF	520&5723	ἀπάγω	ἀπάγουσα	
Matt 7:13	εἰς	PREP	PREP	1519	εἰς	εἰς	
Matt 7:13	τὴν	T-ASF	T-ASF	3588	ὁ	τήν	
Matt 7:13	ἀπώλειαν,	N-ASF	N-ASF	684	ἀπώλεια	ἀπώλειαν	
Matt 7:13	καὶ	CONJ	CONJ	2532	καί	καί	
Matt 7:13	πολλοί	A-NPM	A-NPM	4183	πολύς	πολλοί	
Matt 7:13	εἰσιν	V-PAI-3P	V-PAI-3P	1510&5719	εἰμί	εἰσιν	
Matt 7:13	οἱ	T-NPM	T-NPM	3588	ὁ	οἱ	
Matt 7:13	εἰσερχόμενοι	V-PNP-NPM	V-PNP-NPM	1525&5740	εἰσέρχομαι	εἰσερχόμενοι	
Matt 7:13	δι’	PREP	PREP	1223	διά	δι’	
Matt 7:13	αὐτῆς·	P-GSF	P-GSF	846	αὐτός	αὐτῆς	
Matt 7:14	ὅτι	CONJ	CONJ	3754	ὅτι	ὅτι	
Matt 7:14	στενὴ	A-NSF	A-NSF	4728	στενός	στενή	
Matt 7:14	ἡ	T-NSF	T-NSF	3588	ὁ	ἡ	
Matt 7:14	πύλη	N-NSF	N-NSF	4439	πύλη	πύλη	
Matt 7:14	καὶ	CONJ	CONJ	2532	καί	καί	
Matt 7:14	τεθλιμμένη	V-RPP-NSF	V-RPP-NSF	2346&5772	θλίβω	τεθλιμμένη	
Matt 7:14	ἡ	T-NSF	T-NSF	3588	ὁ	ἡ	
Matt 7:14	ὁδὸς	N-NSF	N-NSF	3598	ὁδός	ὁδός	
Matt 7:14	ἡ	T-NSF	T-NSF	3588	ὁ	ἡ	
Matt 7:14	ἀπάγουσα	V-PAP-NSF	V-PAP-NSF	520&5723	ἀπάγω	ἀπάγουσα	
Matt 7:14	εἰς	PREP	PREP	1519	εἰς	εἰς	
Matt 7:14	τὴν	T-ASF	T-ASF	3588	ὁ	τήν	
Matt 7:14	ζωήν,	N-ASF	N-ASF	2222	ζωή	ζωήν	
Matt 7:14	καὶ	CONJ	CONJ	2532	καί	καί	
Matt 7:14	ὀλίγοι	A-NPM	A-NPM	3641	ὀλίγος	ὀλίγοι	
Matt 7:14	εἰσὶν	V-PAI-3P	V-PAI-3P	1510&5719	εἰμί	εἰσίν	
Matt 7:14	οἱ	T-NPM	T-NPM	3588	ὁ	οἱ	
Matt 7:14	εὑρίσκοντες	V-PAP-NPM	V-PAP-NPM	2147&5723	εὑρίσκω	εὑρίσκοντες	
Matt 7:14	αὐτήν.	P-ASF	P-ASF	846	αὐτός	αὐτήν	
Matt 7:15	Προσέχετε	V-PAM-2P	V-PAM-2P	4337&5720	προσέχω	Προσέχετε	
Matt 7:15	ἀπὸ	PREP	PREP	575	ἀπό	ἀπό	
Matt 7:15	τῶν	T-GPM	T-GPM	3588	ὁ	τῶν	
Matt 7:15	ψευδοπροφητῶν,	N-GPM	N-GPM	5578	ψευδοπροφήτης	ψευδοπροφητῶν	
Matt 7:15	οἵτινες	R-NPM	R-NPM	3748	ὅστις	οἵτινες	
Matt 7:15	ἔρχονται	V-PNI-3P	V-PNI-3P	2064&5736	ἔρχομαι	ἔρχονται	
Matt 7:15	πρὸς	PREP	PREP	4314	πρός	πρός	
Matt 7:15	ὑμᾶς	P-2AP	P-2AP	4771	σύ	ὑμᾶς	
Matt 7:15	ἐν	PREP	PREP	1722	ἐν	ἐν	
Matt 7:15	ἐνδύμασιν	N-DPN	N-DPN	1742	ἔνδυμα	ἐνδύμασιν	
Matt 7:15	προβάτων	N-GPN	N-GPN	4263	πρόβατον	προβάτων	
Matt 7:15	ἔσωθεν	ADV	ADV	2081	ἔσωθεν	ἔσωθεν	
Matt 7:15	δέ	CONJ	CONJ	1161	δέ	δέ	
Matt 7:15	εἰσιν	V-PAI-3P	V-PAI-3P	1510&5719	εἰμί	εἰσιν	
Matt 7:15	λύκοι	N-NPM	N-NPM	3074	λύκος	λύκοι	
Matt 7:15	ἅρπαγες.	A-NPM	A-NPM	727	ἅρπαξ	ἅρπαγες	
Matt 7:16	ἀπὸ	PREP	PREP	575	ἀπό	ἀπό	
Matt 7:16	τῶν	T-GPM	T-GPM	3588	ὁ	τῶν	
Matt 7:16	καρπῶν	N-GPM	N-GPM	2590	καρπός	καρπῶν	
Matt 7:16	αὐτῶν	P-GPM	P-GPM	846	αὐτός	αὐτῶν	
Matt 7:16	ἐπιγνώσεσθε	V-FDI-2P	V-FDI-2P	1921&5695	ἐπιγινώσκω	ἐπιγνώσεσθε	
Matt 7:16	αὐτούς.	P-APM	P-APM	846	αὐτός	αὐτούς	
Matt 7:16	μήτι	PRT-I	PRT-I	3385	μήτι	μήτι	
Matt 7:16	συλλέγουσιν	V-PAI-3P	V-PAI-3P	4816&5719	συλλέγω	συλλέγουσιν	
Matt 7:16	ἀπὸ	PREP	PREP	575	ἀπό	ἀπό	
Matt 7:16	ἀκανθῶν	N-GPF	N-GPF	173	ἄκανθα	ἀκανθῶν	
Matt 7:16	σταφυλὰς	N-APF	N-APF	4718	σταφυλή	σταφυλάς	
Matt 7:16	ἢ	PRT	PRT	2228	ἤ	ἤ	
Matt 7:16	ἀπὸ	PREP	PREP	575	ἀπό	ἀπό	
Matt 7:16	τριβόλων	N-GPM	N-GPM	5146	τρίβολος	τριβόλων	
Matt 7:16	σῦκα;	N-APN	N-APN	4810	σῦκον	σῦκα	
Matt 7:17	οὕτως	ADV	ADV	3779	οὕτω	οὕτως	
Matt 7:17	πᾶν	A-NSN	A-NSN	3956	πᾶς	πᾶν	
Matt 7:17	δένδρον	N-NSN	N-NSN	1186	δένδρον	δένδρον	
Matt 7:17	ἀγαθὸν	A-NSN	A-NSN	18	ἀγαθός	ἀγαθόν	
Matt 7:17	καρποὺς	N-APM	N-APM	2590	καρπός	καρπούς	
Matt 7:17	καλοὺς	A-APM	A-APM	2570	καλός	καλούς	
Matt 7:17	ποιεῖ,	V-PAI-3S	V-PAI-3S	4160&5719	ποιέω	ποιεῖ	
Matt 7:17	τὸ	T-NSN	T-NSN	3588	ὁ	τό	
Matt 7:17	δὲ	CONJ	CONJ	1161	δέ	δέ	
Matt 7:17	σαπρὸν	A-NSN	A-NSN	4550	σαπρός	σαπρόν	
Matt 7:17	δένδρον	N-NSN	N-NSN	1186	δένδρον	δένδρον	
Matt 7:17	καρποὺς	N-APM	N-APM	2590	καρπός	καρπούς	
Matt 7:17	πονηροὺς	A-APM	A-APM	4190	πονηρός	πονηρούς	
Matt 7:17	ποιεῖ·	V-PAI-3S	V-PAI-3S	4160&5719	ποιέω	ποιεῖ	
Matt 7:18	οὐ	PRT-N	PRT-N	3756	οὐ	οὐ	
Matt 7:18	δύναται	V-PNI-3S	V-PNI-3S	1410&5736	δύναμαι	δύναται	
Matt 7:18	δένδρον	N-NSN	N-NSN	1186	δένδρον	δένδρον	
Matt 7:18	ἀγαθὸν	A-NSN	A-NSN	18	ἀγαθός	ἀγαθόν	
Matt 7:18	καρποὺς	N-APM	N-APM	2590	καρπός	καρπούς	
Matt 7:18	πονηροὺς	A-APM	A-APM	4190	πονηρός	πονηρούς	
Matt 7:18	ἐνεγκεῖν,	V-2AAN	V-2AAN	5342&5629	φέρω	ἐνεγκεῖν	
Matt 7:18	οὐδὲ	CONJ-N	CONJ-N	3761	οὐδέ	οὐδέ	
Matt 7:18	δένδρον	N-NSN	N-NSN	1186	δένδρον	δένδρον	
Matt 7:18	σαπρὸν	A-NSN	A-NSN	4550	σαπρός	σαπρόν	
Matt 7:18	καρποὺς	N-APM	N-APM	2590	καρπός	καρπούς	
Matt 7:18	καλοὺς	A-APM	A-APM	2570	καλός	καλούς	
Matt 7:18	ἐνεγκεῖν.	V-2AAN	V-2AAN	5342	φέρω	ἐνεγκεῖν	
Matt 7:19	πᾶν	A-NSN	A-NSN	3956	πᾶς	πᾶν	
Matt 7:19	δένδρον	N-NSN	N-NSN	1186	δένδρον	δένδρον	
Matt 7:19	μὴ	PRT-N	PRT-N	3361	μή	μή	
Matt 7:19	ποιοῦν	V-PAP-NSN	V-PAP-NSN	4160&5723	ποιέω	ποιοῦν	
Matt 7:19	καρπὸν	N-ASM	N-ASM	2590	καρπός	καρπόν	
Matt 7:19	καλὸν	A-ASM	A-ASM	2570	καλός	καλόν	
Matt 7:19	ἐκκόπτεται	V-PPI-3S	V-PEI-3S	1581&5743	ἐκκόπτω	ἐκκόπτεται	
Matt 7:19	καὶ	CONJ	CONJ	2532	καί	καί	
Matt 7:19	εἰς	PREP	PREP	1519	εἰς	εἰς	
Matt 7:19	πῦρ	N-ASN	N-ASN	4442	πῦρ	πῦρ	
Matt 7:19	βάλλεται.	V-PPI-3S	V-PEI-3S	906&5743	βάλλω	βάλλεται	
Matt 7:20	ἄραγε	PRT	PRT	686&1065	ἄρα	ἄραγε	
Matt 7:20	ἀπὸ	PREP	PREP	575	ἀπό	ἀπό	
Matt 7:20	τῶν	T-GPM	T-GPM	3588	ὁ	τῶν	
Matt 7:20	καρπῶν	N-GPM	N-GPM	2590	καρπός	καρπῶν	
Matt 7:20	αὐτῶν	P-GPM	P-GPM	846	αὐτός	αὐτῶν	
Matt 7:20	ἐπιγνώσεσθε	V-FDI-2P	V-FDI-2P	1921&5695	ἐπιγινώσκω	ἐπιγνώσεσθε	
Matt 7:20	αὐτούς.	P-APM	P-APM	846	αὐτός	αὐτούς	
Matt 7:21	Οὐ	PRT-N	PRT-N	3756	οὐ	Οὐ	
Matt 7:21	πᾶς	A-NSM	A-NSM	3956	πᾶς	πᾶς	
Matt 7:21	ὁ	T-NSM	T-NSM	3588	ὁ	ὁ	
Matt 7:21	λέγων	V-PAP-NSM	V-PAP-NSM	3004&5723	λέγω	λέγων	
Matt 7:21	μοι	P-1DS	P-1DS	1473	ἐγώ	μοι	
Matt 7:21	Κύριε	N-VSM	N-VSM	2962	κύριος	Κύριε	
Matt 7:21	Κύριε,	N-VSM	N-VSM	2962	κύριος	Κύριε	
Matt 7:21	εἰσελεύσεται	V-FDI-3S	V-FDI-3S	1525&5695	εἰσέρχομαι	εἰσελεύσεται	
Matt 7:21	εἰς	PREP	PREP	1519	εἰς	εἰς	
Matt 7:21	τὴν	T-ASF	T-ASF	3588	ὁ	τήν	
Matt 7:21	βασιλείαν	N-ASF	N-ASF	932	βασιλεία	βασιλείαν	
Matt 7:21	τῶν	T-GPM	T-GPM	3588	ὁ	τῶν	
Matt 7:21	οὐρανῶν,	N-GPM	N-GPM	3772	οὐρανός	οὐρανῶν	
Matt 7:21	ἀλλ’	CONJ	CONJ	235	ἀλλά	ἀλλ’	
Matt 7:21	ὁ	T-NSM	T-NSM	3588	ὁ	ὁ	
Matt 7:21	ποιῶν	V-PAP-NSM	V-PAP-NSM	4160&5723	ποιέω	ποιῶν	
Matt 7:21	τὸ	T-ASN	T-ASN	3588	ὁ	τό	
Matt 7:21	θέλημα	N-ASN	N-ASN	2307	θέλημα	θέλημα	
Matt 7:21	τοῦ	T-GSM	T-GSM	3588	ὁ	τοῦ	
Matt 7:21	Πατρός	N-GSM	N-GSM	3962	πατήρ	Πατρός	
Matt 7:21	μου	P-1GS	P-1GS	1473	ἐγώ	μου	
Matt 7:21	τοῦ	T-GSM	T-GSM	3588	ὁ	τοῦ	
Matt 7:21	ἐν	PREP	PREP	1722	ἐν	ἐν	
Matt 7:21	τοῖς	T-DPM	T-DPM	3588	ὁ	τοῖς	
Matt 7:21	οὐρανοῖς.	N-DPM	N-DPM	3772	οὐρανός	οὐρανοῖς	
Matt 7:22	πολλοὶ	A-NPM	A-NPM	4183	πολύς	πολλοί	
Matt 7:22	ἐροῦσίν	V-FAI-3P	V-FAI-3P	2046&5692	εἶπον	ἐροῦσιν	
Matt 7:22	μοι	P-1DS	P-1DS	1473	ἐγώ	μοι	
Matt 7:22	ἐν	PREP	PREP	1722	ἐν	ἐν	
Matt 7:22	ἐκείνῃ	D-DSF	D-DSF	1565	ἐκεῖνος	ἐκείνῃ	
Matt 7:22	τῇ	T-DSF	T-DSF	3588	ὁ	τῇ	
Matt 7:22	ἡμέρᾳ	N-DSF	N-DSF	2250	ἡμέρα	ἡμέρᾳ	
Matt 7:22	Κύριε	N-VSM	N-VSM	2962	κύριος	Κύριε	
Matt 7:22	Κύριε,	N-VSM	N-VSM	2962	κύριος	Κύριε	
Matt 7:22	οὐ	PRT-N	PRT-N	3756	οὐ	οὐ	
Matt 7:22	τῷ	T-DSN	T-DSN	3588	ὁ	τῷ	
Matt 7:22	σῷ	S-2SDSN	S-2SDSN	4674	σός	σῷ	
Matt 7:22	ὀνόματι	N-DSN	N-DSN	3686	ὄνομα	ὀνόματι	
Matt 7:22	ἐπροφητεύσαμεν,	V-AAI-1P	V-AAI-1P	4395&5656	προφητεύω	ἐπροφητεύσαμεν	
Matt 7:22	καὶ	CONJ	CONJ	2532	καί	καί	
Matt 7:22	τῷ	T-DSN	T-DSN	3588	ὁ	τῷ	
Matt 7:22	σῷ	S-2SDSN	S-2SDSN	4674	σός	σῷ	
Matt 7:22	ὀνόματι	N-DSN	N-DSN	3686	ὄνομα	ὀνόματι	
Matt 7:22	δαιμόνια	N-APN	N-APN	1140	δαιμόνιον	δαιμόνια	
Matt 7:22	ἐξεβάλομεν,	V-2AAI-1P	V-2AAI-1P	1544&5627	ἐκβάλλω	ἐξεβάλομεν	
Matt 7:22	καὶ	CONJ	CONJ	2532	καί	καί	
Matt 7:22	τῷ	T-DSN	T-DSN	3588	ὁ	τῷ	
Matt 7:22	σῷ	S-2SDSN	S-2SDSN	4674	σός	σῷ	
Matt 7:22	ὀνόματι	N-DSN	N-DSN	3686	ὄνομα	ὀνόματι	
Matt 7:22	δυνάμεις	N-APF	N-APF	1411	δύναμις	δυνάμεις	
Matt 7:22	πολλὰς	A-APF	A-APF	4183	πολύς	πολλάς	
Matt 7:22	ἐποιήσαμεν;	V-AAI-1P	V-AAI-1P	4160&5656	ποιέω	ἐποιήσαμεν	
Matt 7:23	καὶ	CONJ	CONJ	2532	καί	καί	
Matt 7:23	τότε	ADV	ADV	5119	τότε	τότε	
Matt 7:23	ὁμολογήσω	V-FAI-1S	V-FAI-1S	3670&5692	ὁμολογέω	ὁμολογήσω	
Matt 7:23	αὐτοῖς	P-DPM	P-DPM	846	αὐτός	αὐτοῖς	
Matt 7:23	ὅτι	CONJ	CONJ	3754	ὅτι	ὅτι	
Matt 7:23	Οὐδέποτε	ADV-N	ADV-N	3763	οὐδέποτε	Οὐδέποτε	
Matt 7:23	ἔγνων	V-2AAI-1S	V-2AAI-1S	1097&5627	γινώσκω	ἔγνων	
Matt 7:23	ὑμᾶς·	P-2AP	P-2AP	4771	σύ	ὑμᾶς	
Matt 7:23	ἀποχωρεῖτε	V-PAM-2P	V-PAM-2P	672&5720	ἀποχωρέω	ἀποχωρεῖτε	
Matt 7:23	ἀπ’	PREP	PREP	575	ἀπό	ἀπ’	
Matt 7:23	ἐμοῦ	P-1GS	P-1GS	1473	ἐγώ	ἐμοῦ	
Matt 7:23	οἱ	T-NPM	T-NPM	3588	ὁ	οἱ	
Matt 7:23	ἐργαζόμενοι	V-PNP-NPM	V-PNP-NPM	2038&5740	ἐργάζομαι	ἐργαζόμενοι	
Matt 7:23	τὴν	T-ASF	T-ASF	3588	ὁ	τήν	
Matt 7:23	ἀνομίαν.	N-ASF	N-ASF	458	ἀνομία	ἀνομίαν	
Matt 7:24	Πᾶς	A-NSM	A-NSM	3956	πᾶς	Πᾶς	
Matt 7:24	οὖν	CONJ	CONJ	3767	οὖν	οὖν	
Matt 7:24	ὅστις	R-NSM	R-NSM	3748	ὅστις	ὅστις	
Matt 7:24	ἀκούει	V-PAI-3S	V-PAI-3S	191&5719	ἀκούω	ἀκούει	
Matt 7:24	μου	P-1GS	P-1GS	1473	ἐγώ	μου	
Matt 7:24	τοὺς	T-APM	T-APM	3588	ὁ	τούς	
Matt 7:24	λόγους	N-APM	N-APM	3056	λόγος	λόγους	
Matt 7:24	τούτους	D-APM	D-APM	3778	οὗτος	τούτους	
Matt 7:24	καὶ	CONJ	CONJ	2532	καί	καί	
Matt 7:24	ποιεῖ	V-PAI-3S	V-PAI-3S	4160&5719	ποιέω	ποιεῖ	
Matt 7:24	αὐτούς,	P-APM	P-APM	846	αὐτός	αὐτούς	
Matt 7:24	ὁμοιωθήσεται	V-FPI-3S	V-FPI-3S	3666&5701	ὁμοιόω	ὁμοιωθήσεται	
Matt 7:24	ἀνδρὶ	N-DSM	N-DSM	435	ἀνήρ	ἀνδρί	
Matt 7:24	φρονίμῳ,	A-DSM	A-DSM	5429	φρόνιμος	φρονίμῳ	
Matt 7:24	ὅστις	R-NSM	R-NSM	3748	ὅστις	ὅστις	
Matt 7:24	ᾠκοδόμησεν	V-AAI-3S	V-AAI-3S	3618&5656	οἰκοδομέω	ᾠκοδόμησεν	
Matt 7:24	αὐτοῦ	P-GSM	P-GSM	846	αὐτός	αὐτοῦ	
Matt 7:24	τὴν	T-ASF	T-ASF	3588	ὁ	τήν	
Matt 7:24	οἰκίαν	N-ASF	N-ASF	3614	οἰκία	οἰκίαν	
Matt 7:24	ἐπὶ	PREP	PREP	1909	ἐπί	ἐπί	
Matt 7:24	τὴν	T-ASF	T-ASF	3588	ὁ	τήν	
Matt 7:24	πέτραν.	N-ASF	N-ASF	4073	πέτρα	πέτραν	
Matt 7:25	καὶ	CONJ	CONJ	2532	καί	καί	
Matt 7:25	κατέβη	V-2AAI-3S	V-2AAI-3S	2597&5627	καταβαίνω	κατέβη	
Matt 7:25	ἡ	T-NSF	T-NSF	3588	ὁ	ἡ	
Matt 7:25	βροχὴ	N-NSF	N-NSF	1028	βροχή	βροχή	
Matt 7:25	καὶ	CONJ	CONJ	2532	καί	καί	
Matt 7:25	ἦλθον	V-2AAI-3P	V-2AAI-3P	2064	ἔρχομαι	ἦλθον	
Matt 7:25	οἱ	T-NPM	T-NPM	3588	ὁ	οἱ	
Matt 7:25	ποταμοὶ	N-NPM	N-NPM	4215	ποταμός	ποταμοί	
Matt 7:25	καὶ	CONJ	CONJ	2532	καί	καί	
Matt 7:25	ἔπνευσαν	V-AAI-3P	V-AAI-3P	4154&5656	πνέω	ἔπνευσαν	
Matt 7:25	οἱ	T-NPM	T-NPM	3588	ὁ	οἱ	
Matt 7:25	ἄνεμοι	N-NPM	N-NPM	417	ἄνεμος	ἄνεμοι	
Matt 7:25	καὶ	CONJ	CONJ	2532	καί	καί	
Matt 7:25	προσέπεσαν	V-AAI-3P	V-AAI-3P	4363&5656	προσπίπτω	προσέπεσαν	
Matt 7:25	τῇ	T-DSF	T-DSF	3588	ὁ	τῇ	
Matt 7:25	οἰκίᾳ	N-DSF	N-DSF	3614	οἰκία	οἰκίᾳ	
Matt 7:25	ἐκείνῃ,	D-DSF	D-DSF	1565	ἐκεῖνος	ἐκείνῃ	
Matt 7:25	καὶ	CONJ	CONJ	2532	καί	καί	
Matt 7:25	οὐκ	PRT-N	PRT-N	3756	οὐ	οὐκ	
Matt 7:25	ἔπεσεν·	V-2AAI-3S	V-2AAI-3S	4098&5627	πίπτω	ἔπεσεν	
Matt 7:25	τεθεμελίωτο	V-LPI-3S	V-LPI-3S	2311&5718	θεμελιόω	τεθεμελίωτο	
Matt 7:25	γὰρ	CONJ	CONJ	1063	γάρ	γάρ	
Matt 7:25	ἐπὶ	PREP	PREP	1909	ἐπί	ἐπί	
Matt 7:25	τὴν	T-ASF	T-ASF	3588	ὁ	τήν	
Matt 7:25	πέτραν.	N-ASF	N-ASF	4073	πέτρα	πέτραν	
Matt 7:26	καὶ	CONJ	CONJ	2532	καί	καί	
Matt 7:26	πᾶς	A-NSM	A-NSM	3956	πᾶς	πᾶς	
Matt 7:26	ὁ	T-NSM	T-NSM	3588	ὁ	ὁ	
Matt 7:26	ἀκούων	V-PAP-NSM	V-PAP-NSM	191&5723	ἀκούω	ἀκούων	
Matt 7:26	μου	P-1GS	P-1GS	1473	ἐγώ	μου	
Matt 7:26	τοὺς	T-APM	T-APM	3588	ὁ	τούς	
Matt 7:26	λόγους	N-APM	N-APM	3056	λόγος	λόγους	
Matt 7:26	τούτους	D-APM	D-APM	3778	οὗτος	τούτους	
Matt 7:26	καὶ	CONJ	CONJ	2532	καί	καί	
Matt 7:26	μὴ	PRT-N	PRT-N	3361	μή	μή	
Matt 7:26	ποιῶν	V-PAP-NSM	V-PAP-NSM	4160&5723	ποιέω	ποιῶν	
Matt 7:26	αὐτοὺς	P-APM	P-APM	846	αὐτός	αὐτούς	
Matt 7:26	ὁμοιωθήσεται	V-FPI-3S	V-FPI-3S	3666&5701	ὁμοιόω	ὁμοιωθήσεται	
Matt 7:26	ἀνδρὶ	N-DSM	N-DSM	435	ἀνήρ	ἀνδρί	
Matt 7:26	μωρῷ,	A-DSM	A-DSM	3474	μωρός	μωρῷ	
Matt 7:26	ὅστις	R-NSM	R-NSM	3748	ὅστις	ὅστις	
Matt 7:26	ᾠκοδόμησεν	V-AAI-3S	V-AAI-3S	3618&5656	οἰκοδομέω	ᾠκοδόμησεν	
Matt 7:26	αὐτοῦ	P-GSM	P-GSM	846	αὐτός	αὐτοῦ	
Matt 7:26	τὴν	T-ASF	T-ASF	3588	ὁ	τήν	
Matt 7:26	οἰκίαν	N-ASF	N-ASF	3614	οἰκία	οἰκίαν	
Matt 7:26	ἐπὶ	PREP	PREP	1909	ἐπί	ἐπί	
Matt 7:26	τὴν	T-ASF	T-ASF	3588	ὁ	τήν	
Matt 7:26	ἄμμον.	N-ASF	N-ASF	285	ἄμμος	ἄμμον	
Matt 7:27	καὶ	CONJ	CONJ	2532	καί	καί	
Matt 7:27	κατέβη	V-2AAI-3S	V-2AAI-3S	2597&5627	καταβαίνω	κατέβη	
Matt 7:27	ἡ	T-NSF	T-NSF	3588	ὁ	ἡ	
Matt 7:27	βροχὴ	N-NSF	N-NSF	1028	βροχή	βροχή	
Matt 7:27	καὶ	CONJ	CONJ	2532	καί	καί	
Matt 7:27	ἦλθον	V-2AAI-3P	V-2AAI-3P	2064	ἔρχομαι	ἦλθον	
Matt 7:27	οἱ	T-NPM	T-NPM	3588	ὁ	οἱ	
Matt 7:27	ποταμοὶ	N-NPM	N-NPM	4215	ποταμός	ποταμοί	
Matt 7:27	καὶ	CONJ	CONJ	2532	καί	καί	
Matt 7:27	ἔπνευσαν	V-AAI-3P	V-AAI-3P	4154&5656	πνέω	ἔπνευσαν	
Matt 7:27	οἱ	T-NPM	T-NPM	3588	ὁ	οἱ	
Matt 7:27	ἄνεμοι	N-NPM	N-NPM	417	ἄνεμος	ἄνεμοι	
Matt 7:27	καὶ	CONJ	CONJ	2532	καί	καί	
Matt 7:27	προσέκοψαν	V-AAI-3P	V-AAI-3P	4350&5656	προσκόπτω	προσέκοψαν	
Matt 7:27	τῇ	T-DSF	T-DSF	3588	ὁ	τῇ	
Matt 7:27	οἰκίᾳ	N-DSF	N-DSF	3614	οἰκία	οἰκίᾳ	
Matt 7:27	ἐκείνῃ,	D-DSF	D-DSF	1565	ἐκεῖνος	ἐκείνῃ	
Matt 7:27	καὶ	CONJ	CONJ	2532	καί	καί	
Matt 7:27	ἔπεσεν,	V-2AAI-3S	V-2AAI-3S	4098&5627	πίπτω	ἔπεσεν	
Matt 7:27	καὶ	CONJ	CONJ	2532	καί	καί	
Matt 7:27	ἦν	V-IAI-3S	V-IAI-3S	1510&5707	εἰμί	ἦν	
Matt 7:27	ἡ	T-NSF	T-NSF	3588	ὁ	ἡ	
Matt 7:27	πτῶσις	N-NSF	N-NSF	4431	πτῶσις	πτῶσις	
Matt 7:27	αὐτῆς	P-GSF	P-GSF	846	αὐτός	αὐτῆς	
Matt 7:27	μεγάλη.	A-NSF	A-NSF	3173	μέγας	μεγάλη	
Matt 7:28	Καὶ	CONJ	CONJ	2532	καί	Καί	
Matt 7:28	ἐγένετο	V-2ADI-3S	V-2ADI-3S	1096&5633	γίνομαι	ἐγένετο	
Matt 7:28	ὅτε	ADV	ADV	3753	ὅτε	ὅτε	
Matt 7:28	ἐτέλεσεν	V-AAI-3S	V-AAI-3S	5055&5656	τελέω	ἐτέλεσεν	
Matt 7:28	ὁ	T-NSM	T-NSM	3588	ὁ	ὁ	
Matt 7:28	Ἰησοῦς	N-NSM	N-NSM	2424	Ἰησοῦς	Ἰησοῦς	
Matt 7:28	τοὺς	T-APM	T-APM	3588	ὁ	τούς	
Matt 7:28	λόγους	N-APM	N-APM	3056	λόγος	λόγους	
Matt 7:28	τούτους,	D-APM	D-APM	3778	οὗτος	τούτους	
Matt 7:28	ἐξεπλήσσοντο	V-IPI-3P	V-IEI-3P	1605&5712	ἐκπλήσσω	ἐξεπλήσσοντο	
Matt 7:28	οἱ	T-NPM	T-NPM	3588	ὁ	οἱ	
Matt 7:28	ὄχλοι	N-NPM	N-NPM	3793	ὄχλος	ὄχλοι	
Matt 7:28	ἐπὶ	PREP	PREP	1909	ἐπί	ἐπί	
Matt 7:28	τῇ	T-DSF	T-DSF	3588	ὁ	τῇ	
Matt 7:28	διδαχῇ	N-DSF	N-DSF	1322	διδαχή	διδαχῇ	
Matt 7:28	αὐτοῦ·	P-GSM	P-GSM	846	αὐτός	αὐτοῦ	
Matt 7:29	ἦν	V-IAI-3S	V-IAI-3S	1510&5707	εἰμί	ἦν	
Matt 7:29	γὰρ	CONJ	CONJ	1063	γάρ	γάρ	
Matt 7:29	διδάσκων	V-PAP-NSM	V-PAP-NSM	1321&5723	διδάσκω	διδάσκων	
Matt 7:29	αὐτοὺς	P-APM	P-APM	846	αὐτός	αὐτούς	
Matt 7:29	ὡς	ADV	ADV	5613	ὡς	ὡς	
Matt 7:29	ἐξουσίαν	N-ASF	N-ASF	1849	ἐξουσία	ἐξουσίαν	
Matt 7:29	ἔχων,	V-PAP-NSM	V-PAP-NSM	2192&5723	ἔχω	ἔχων	
Matt 7:29	καὶ	CONJ	CONJ	2532	καί	καί	
Matt 7:29	οὐχ	PRT-N	PRT-N	3756	οὐ	οὐχ	
Matt 7:29	ὡς	ADV	ADV	5613	ὡς	ὡς	
Matt 7:29	οἱ	T-NPM	T-NPM	3588	ὁ	οἱ	
Matt 7:29	γραμματεῖς	N-NPM	N-NPM	1122	γραμματεύς	γραμματεῖς	
Matt 7:29	αὐτῶν.	P-GPM	P-GPM	846	αὐτός	αὐτῶν	
Matt 8:1	Καταβάντος	V-2AAP-GSM	V-2AAP-GSM	2597&5631	καταβαίνω	Καταβάντος	
Matt 8:1	δὲ	CONJ	CONJ	1161	δέ	δέ	
Matt 8:1	αὐτοῦ	P-GSM	P-GSM	846	αὐτός	αὐτοῦ	
Matt 8:1	ἀπὸ	PREP	PREP	575	ἀπό	ἀπό	
Matt 8:1	τοῦ	T-GSN	T-GSN	3588	ὁ	τοῦ	
Matt 8:1	ὄρους	N-GSN	N-GSN	3735	ὄρος	ὄρους	
Matt 8:1	ἠκολούθησαν	V-AAI-3P	V-AAI-3P	190&5656	ἀκολουθέω	ἠκολούθησαν	
Matt 8:1	αὐτῷ	P-DSM	P-DSM	846	αὐτός	αὐτῷ	
Matt 8:1	ὄχλοι	N-NPM	N-NPM	3793	ὄχλος	ὄχλοι	
Matt 8:1	πολλοί.	A-NPM	A-NPM	4183	πολύς	πολλοί	
Matt 8:2	καὶ	CONJ	CONJ	2532	καί	καί	
Matt 8:2	ἰδοὺ	V-2AMM-2S	V-2AMM-2S	3708&5640	ὁράω	ἰδού	
Matt 8:2	λεπρὸς	A-NSM	A-NSM	3015	λεπρός	λεπρός	
Matt 8:2	προσελθὼν	V-2AAP-NSM	V-2AAP-NSM	4334&5631	προσέρχομαι	προσελθών	
Matt 8:2	προσεκύνει	V-IAI-3S	V-IAI-3S	4352&5707	προσκυνέω	προσεκύνει	
Matt 8:2	αὐτῷ	P-DSM	P-DSM	846	αὐτός	αὐτῷ	
Matt 8:2	λέγων	V-PAP-NSM	V-PAP-NSM	3004&5723	λέγω	λέγων	
Matt 8:2	Κύριε,	N-VSM	N-VSM	2962	κύριος	Κύριε	
Matt 8:2	ἐὰν	COND	COND	1437	ἐάν	ἐάν	
Matt 8:2	θέλῃς	V-PAS-2S	V-PAS-2S	2309&5725	θέλω	θέλῃς	
Matt 8:2	δύνασαί	V-PNI-2S	V-PNI-2S	1410&5736	δύναμαι	δύνασαι	
Matt 8:2	με	P-1AS	P-1AS	1473	ἐγώ	με	
Matt 8:2	καθαρίσαι.	V-AAN	V-AAN	2511&5658	καθαρίζω	καθαρίσαι	
Matt 8:3	καὶ	CONJ	CONJ	2532	καί	καί	
Matt 8:3	ἐκτείνας	V-AAP-NSM	V-AAP-NSM	1614&5660	ἐκτείνω	ἐκτείνας	
Matt 8:3	τὴν	T-ASF	T-ASF	3588	ὁ	τήν	
Matt 8:3	χεῖρα	N-ASF	N-ASF	5495	χείρ	χεῖρα	
Matt 8:3	ἥψατο	V-ADI-3S	V-ADI-3S	680&5662	ἅπτω	ἥψατο	
Matt 8:3	αὐτοῦ	P-GSM	P-GSM	846	αὐτός	αὐτοῦ	
Matt 8:3	λέγων	V-PAP-NSM	V-PAP-NSM	3004&5723	λέγω	λέγων	
Matt 8:3	Θέλω,	V-PAI-1S	V-PAI-1S	2309&5719	θέλω	Θέλω	
Matt 8:3	καθαρίσθητι.	V-APM-2S	V-APM-2S	2511&5682	καθαρίζω	καθαρίσθητι	
Matt 8:3	καὶ	CONJ	CONJ	2532	καί	καί	
Matt 8:3	εὐθέως	ADV	ADV	2112	εὐθέως	εὐθέως	
Matt 8:3	ἐκαθερίσθη	V-API-3S	V-API-3S	2511&5681	καθαρίζω	ἐκαθερίσθη	
Matt 8:3	αὐτοῦ	P-GSM	P-GSM	846	αὐτός	αὐτοῦ	
Matt 8:3	ἡ	T-NSF	T-NSF	3588	ὁ	ἡ	
Matt 8:3	λέπρα.	N-NSF	N-NSF	3014	λέπρα	λέπρα	
Matt 8:4	καὶ	CONJ	CONJ	2532	καί	καί	
Matt 8:4	λέγει	V-PAI-3S	V-PAI-3S	3004&5719	λέγω	λέγει	
Matt 8:4	αὐτῷ	P-DSM	P-DSM	846	αὐτός	αὐτῷ	
Matt 8:4	ὁ	T-NSM	T-NSM	3588	ὁ	ὁ	
Matt 8:4	Ἰησοῦς	N-NSM	N-NSM	2424	Ἰησοῦς	Ἰησοῦς	
Matt 8:4	Ὅρα	V-PAM-2S	V-PAM-2S	3708&5720	ὁράω	Ὅρα	
Matt 8:4	μηδενὶ	A-DSM-N	A-DSM-N	3367	μηδείς	μηδενί	
Matt 8:4	εἴπῃς,	V-2AAS-2S	V-2AAS-2S	3004&5632	λέγω	εἴπῃς	
Matt 8:4	ἀλλὰ	CONJ	CONJ	235	ἀλλά	ἀλλά	
Matt 8:4	ὕπαγε	V-PAM-2S	V-PAM-2S	5217&5720	ὑπάγω	ὕπαγε	
Matt 8:4	σεαυτὸν	F-2ASM	F-2ASM	4572	σεαυτοῦ	σεαυτόν	
Matt 8:4	δεῖξον	V-AAM-2S	V-AAM-2S	1166&5657	δείκνυμι	δεῖξον	
Matt 8:4	τῷ	T-DSM	T-DSM	3588	ὁ	τῷ	
Matt 8:4	ἱερεῖ,	N-DSM	N-DSM	2409	ἱερεύς	ἱερεῖ	
Matt 8:4	καὶ	CONJ	CONJ	2532	καί	καί	
Matt 8:4	προσένεγκον	V-2AAM-2S	V-2AAM-2S	4374&5628	προσφέρω	προσένεγκον	
Matt 8:4	τὸ	T-ASN	T-ASN	3588	ὁ	τό	
Matt 8:4	δῶρον	N-ASN	N-ASN	1435	δῶρον	δῶρον	
Matt 8:4	ὃ	R-ASN	R-ASN	3739	ὅς	ὅ	
Matt 8:4	προσέταξεν	V-AAI-3S	V-AAI-3S	4367&5656	προστάσσω	προσέταξεν	
Matt 8:4	Μωϋσῆς	N-NSM	N-NSM	3475	Μωϋσῆς	Μωϋσῆς	
Matt 8:4	εἰς	PREP	PREP	1519	εἰς	εἰς	
Matt 8:4	μαρτύριον	N-ASN	N-ASN	3142	μαρτύριον	μαρτύριον	
Matt 8:4	αὐτοῖς.	P-DPM	P-DPM	846	αὐτός	αὐτοῖς	
Matt 8:5	Εἰσελθόντος	V-2AAP-GSM	V-2AAP-GSM	1525&5631	εἰσέρχομαι	Εἰσελθόντος	
Matt 8:5	δὲ	CONJ	CONJ	1161	δέ	δέ	
Matt 8:5	αὐτοῦ	P-GSM	P-GSM	846	αὐτός	αὐτοῦ	
Matt 8:5	εἰς	PREP	PREP	1519	εἰς	εἰς	
Matt 8:5	Καφαρναοὺμ	N-PRI	N-PRI	2584	Καφαρναούμ	Καφαρναούμ	
Matt 8:5	προσῆλθεν	V-2AAI-3S	V-2AAI-3S	4334&5627	προσέρχομαι	προσῆλθεν	
Matt 8:5	αὐτῷ	P-DSM	P-DSM	846	αὐτός	αὐτῷ	
Matt 8:5	ἑκατόνταρχος	N-NSM	N-NSM	1543	ἑκατοντάρχης	ἑκατόνταρχος	
Matt 8:5	παρακαλῶν	V-PAP-NSM	V-PAP-NSM	3870&5723	παρακαλέω	παρακαλῶν	
Matt 8:5	αὐτὸν	P-ASM	P-ASM	846	αὐτός	αὐτόν	
Matt 8:6	καὶ	CONJ	CONJ	2532	καί	καί	
Matt 8:6	λέγων	V-PAP-NSM	V-PAP-NSM	3004&5723	λέγω	λέγων	
Matt 8:6	Κύριε,	N-VSM	N-VSM	2962	κύριος	Κύριε	
Matt 8:6	ὁ	T-NSM	T-NSM	3588	ὁ	ὁ	
Matt 8:6	παῖς	N-NSM	N-NSM	3816	παῖς	παῖς	
Matt 8:6	μου	P-1GS	P-1GS	1473	ἐγώ	μου	
Matt 8:6	βέβληται	V-RPI-3S	V-RPI-3S	906&5769	βάλλω	βέβληται	
Matt 8:6	ἐν	PREP	PREP	1722	ἐν	ἐν	
Matt 8:6	τῇ	T-DSF	T-DSF	3588	ὁ	τῇ	
Matt 8:6	οἰκίᾳ	N-DSF	N-DSF	3614	οἰκία	οἰκίᾳ	
Matt 8:6	παραλυτικός,	A-NSM	A-NSM	3885	παραλυτικός	παραλυτικός	
Matt 8:6	δεινῶς	ADV	ADV	1171	δεινῶς	δεινῶς	
Matt 8:6	βασανιζόμενος.	V-PPP-NSM	V-PEP-NSM	928&5746	βασανίζω	βασανιζόμενος	
Matt 8:7	λέγει	V-PAI-3S	V-PAI-3S	3004&5719	λέγω	λέγει	
Matt 8:7	αὐτῷ	P-DSM	P-DSM	846	αὐτός	αὐτῷ	
Matt 8:7	Ἐγὼ	P-1NS	P-1NS	1473	ἐγώ	Ἐγώ	
Matt 8:7	ἐλθὼν	V-2AAP-NSM	V-2AAP-NSM	2064&5631	ἔρχομαι	ἐλθών	
Matt 8:7	θεραπεύσω	V-FAI-1S	V-FAI-1S	2323&5692	θεραπεύω	θεραπεύσω	
Matt 8:7	αὐτόν.	P-ASM	P-ASM	846	αὐτός	αὐτόν	
Matt 8:8	ἀποκριθεὶς	V-AOP-NSM	V-AOP-NSM	611&5679	ἀποκρίνομαι	ἀποκριθείς	
Matt 8:8	δὲ	CONJ	CONJ	1161	δέ	δέ	
Matt 8:8	ὁ	T-NSM	T-NSM	3588	ὁ	ὁ	
Matt 8:8	ἑκατόνταρχος	N-NSM	N-NSM	1543	ἑκατοντάρχης	ἑκατόνταρχος	
Matt 8:8	ἔφη	V-IAI-3S	V-IAI-3S	5346&5707	φημί	ἔφη	
Matt 8:8	Κύριε,	N-VSM	N-VSM	2962	κύριος	Κύριε	
Matt 8:8	οὐκ	PRT-N	PRT-N	3756	οὐ	οὐκ	
Matt 8:8	εἰμὶ	V-PAI-1S	V-PAI-1S	1510&5719	εἰμί	εἰμί	
Matt 8:8	ἱκανὸς	A-NSM	A-NSM	2425	ἱκανός	ἱκανός	
Matt 8:8	ἵνα	CONJ	CONJ	2443	ἵνα	ἵνα	
Matt 8:8	μου	P-1GS	P-1GS	1473	ἐγώ	μου	
Matt 8:8	ὑπὸ	PREP	PREP	5259	ὑπό	ὑπό	
Matt 8:8	τὴν	T-ASF	T-ASF	3588	ὁ	τήν	
Matt 8:8	στέγην	N-ASF	N-ASF	4721	στέγη	στέγην	
Matt 8:8	εἰσέλθῃς·	V-2AAS-2S	V-2AAS-2S	1525&5632	εἰσέρχομαι	εἰσέλθῃς	
Matt 8:8	ἀλλὰ	CONJ	CONJ	235	ἀλλά	ἀλλά	
Matt 8:8	μόνον	ADV	ADV	3440	μόνος	μόνον	
Matt 8:8	εἰπὲ	V-2AAM-2S	V-2AAM-2S	3004&5628	λέγω	εἰπέ	
Matt 8:8	λόγῳ,	N-DSM	N-DSM	3056	λόγος	λόγῳ	
Matt 8:8	καὶ	CONJ	CONJ	2532	καί	καί	
Matt 8:8	ἰαθήσεται	V-FPI-3S	V-FPI-3S	2390&5701	ἰάομαι	ἰαθήσεται	
Matt 8:8	ὁ	T-NSM	T-NSM	3588	ὁ	ὁ	
Matt 8:8	παῖς	N-NSM	N-NSM	3816	παῖς	παῖς	
Matt 8:8	μου.	P-1GS	P-1GS	1473	ἐγώ	μου	
Matt 8:9	καὶ	CONJ	CONJ	2532	καί	καί	
Matt 8:9	γὰρ	CONJ	CONJ	1063	γάρ	γάρ	
Matt 8:9	ἐγὼ	P-1NS	P-1NS	1473	ἐγώ	ἐγώ	
Matt 8:9	ἄνθρωπός	N-NSM	N-NSM	444	ἄνθρωπος	ἄνθρωπος	
Matt 8:9	εἰμι	V-PAI-1S	V-PAI-1S	1510&5719	εἰμί	εἰμι	
Matt 8:9	ὑπὸ	PREP	PREP	5259	ὑπό	ὑπό	
Matt 8:9	ἐξουσίαν,	N-ASF	N-ASF	1849	ἐξουσία	ἐξουσίαν	
Matt 8:9	ἔχων	V-PAP-NSM	V-PAP-NSM	2192&5723	ἔχω	ἔχων	
Matt 8:9	ὑπ’	PREP	PREP	5259	ὑπό	ὑπ’	
Matt 8:9	ἐμαυτὸν	F-1ASM	F-1ASM	1683	ἐμαυτοῦ	ἐμαυτόν	
Matt 8:9	στρατιώτας,	N-APM	N-APM	4757	στρατιώτης	στρατιώτας	
Matt 8:9	καὶ	CONJ	CONJ	2532	καί	καί	
Matt 8:9	λέγω	V-PAI-1S	V-PAI-1S	3004&5719	λέγω	λέγω	
Matt 8:9	τούτῳ	D-DSM	D-DSM	3778	οὗτος	τούτῳ	
Matt 8:9	Πορεύθητι,	V-AOM-2S	V-AOM-2S	4198&5676	πορεύομαι	Πορεύθητι	
Matt 8:9	καὶ	CONJ	CONJ	2532	καί	καί	
Matt 8:9	πορεύεται,	V-PNI-3S	V-PNI-3S	4198&5736	πορεύομαι	πορεύεται	
Matt 8:9	καὶ	CONJ	CONJ	2532	καί	καί	
Matt 8:9	ἄλλῳ	A-DSM	A-DSM	243	ἄλλος	ἄλλῳ	
Matt 8:9	Ἔρχου,	V-PNM-2S	V-PNM-2S	2064&5737	ἔρχομαι	Ἔρχου	
Matt 8:9	καὶ	CONJ	CONJ	2532	καί	καί	
Matt 8:9	ἔρχεται,	V-PNI-3S	V-PNI-3S	2064&5736	ἔρχομαι	ἔρχεται	
Matt 8:9	καὶ	CONJ	CONJ	2532	καί	καί	
Matt 8:9	τῷ	T-DSM	T-DSM	3588	ὁ	τῷ	
Matt 8:9	δούλῳ	N-DSM	N-DSM	1401	δοῦλος (II)	δούλῳ	
Matt 8:9	μου	P-1GS	P-1GS	1473	ἐγώ	μου	
Matt 8:9	Ποίησον	V-AAM-2S	V-AAM-2S	4160&5657	ποιέω	Ποίησον	
Matt 8:9	τοῦτο,	D-ASN	D-ASN	3778	οὗτος	τοῦτο	
Matt 8:9	καὶ	CONJ	CONJ	2532	καί	καί	
Matt 8:9	ποιεῖ.	V-PAI-3S	V-PAI-3S	4160&5719	ποιέω	ποιεῖ	
Matt 8:10	ἀκούσας	V-AAP-NSM	V-AAP-NSM	191&5660	ἀκούω	ἀκούσας	
Matt 8:10	δὲ	CONJ	CONJ	1161	δέ	δέ	
Matt 8:10	ὁ	T-NSM	T-NSM	3588	ὁ	ὁ	
Matt 8:10	Ἰησοῦς	N-NSM	N-NSM	2424	Ἰησοῦς	Ἰησοῦς	
Matt 8:10	ἐθαύμασεν	V-AAI-3S	V-AAI-3S	2296&5656	θαυμάζω	ἐθαύμασεν	
Matt 8:10	καὶ	CONJ	CONJ	2532	καί	καί	
Matt 8:10	εἶπεν	V-2AAI-3S	V-2AAI-3S	3004&5627	λέγω	εἶπεν	
Matt 8:10	τοῖς	T-DPM	T-DPM	3588	ὁ	τοῖς	
Matt 8:10	ἀκολουθοῦσιν	V-PAP-DPM	V-PAP-DPM	190&5723	ἀκολουθέω	ἀκολουθοῦσιν	
Matt 8:10	Ἀμὴν	HEB	HEB	281	ἀμήν	Ἀμήν	
Matt 8:10	λέγω	V-PAI-1S	V-PAI-1S	3004&5719	λέγω	λέγω	
Matt 8:10	ὑμῖν,	P-2DP	P-2DP	4771	σύ	ὑμῖν	
Matt 8:10	παρ’	PREP	PREP	3844	παρά	παρ’	
Matt 8:10	οὐδενὶ	A-DSM-N	A-DSM-N	3762	οὐδείς	οὐδενί	
Matt 8:10	τοσαύτην	D-ASF	D-ASF	5118	τοσοῦτος	τοσαύτην	
Matt 8:10	πίστιν	N-ASF	N-ASF	4102	πίστις	πίστιν	
Matt 8:10	ἐν	PREP	PREP	1722	ἐν	ἐν	
Matt 8:10	τῷ	T-DSM	T-DSM	3588	ὁ	τῷ	
Matt 8:10	Ἰσραὴλ	N-PRI	N-PRI	2474	Ἰσραήλ	Ἰσραήλ	
Matt 8:10	εὗρον.	V-2AAI-1S	V-2AAI-1S	2147&5627	εὑρίσκω	εὗρον	
Matt 8:11	λέγω	V-PAI-1S	V-PAI-1S	3004&5719	λέγω	λέγω	
Matt 8:11	δὲ	CONJ	CONJ	1161	δέ	δέ	
Matt 8:11	ὑμῖν	P-2DP	P-2DP	4771	σύ	ὑμῖν	
Matt 8:11	ὅτι	CONJ	CONJ	3754	ὅτι	ὅτι	
Matt 8:11	πολλοὶ	A-NPM	A-NPM	4183	πολύς	πολλοί	
Matt 8:11	ἀπὸ	PREP	PREP	575	ἀπό	ἀπό	
Matt 8:11	ἀνατολῶν	N-GPF	N-GPF	395	ἀνατολή	ἀνατολῶν	
Matt 8:11	καὶ	CONJ	CONJ	2532	καί	καί	
Matt 8:11	δυσμῶν	N-GPF	N-GPF	1424	δυσμή	δυσμῶν	
Matt 8:11	ἥξουσιν	V-FAI-3P	V-FAI-3P	2240&5692	ἥκω	ἥξουσιν	
Matt 8:11	καὶ	CONJ	CONJ	2532	καί	καί	
Matt 8:11	ἀνακλιθήσονται	V-FPI-3P	V-FPI-3P	347&5701	ἀνακλίνω	ἀνακλιθήσονται	
Matt 8:11	μετὰ	PREP	PREP	3326	μετά	μετά	
Matt 8:11	Ἀβραὰμ	N-PRI	N-PRI	11	Ἀβραάμ	Ἀβραάμ	
Matt 8:11	καὶ	CONJ	CONJ	2532	καί	καί	
Matt 8:11	Ἰσαὰκ	N-PRI	N-PRI	2464	Ἰσαάκ	Ἰσαάκ	
Matt 8:11	καὶ	CONJ	CONJ	2532	καί	καί	
Matt 8:11	Ἰακὼβ	N-PRI	N-PRI	2384	Ἰακώβ	Ἰακώβ	
Matt 8:11	ἐν	PREP	PREP	1722	ἐν	ἐν	
Matt 8:11	τῇ	T-DSF	T-DSF	3588	ὁ	τῇ	
Matt 8:11	βασιλείᾳ	N-DSF	N-DSF	932	βασιλεία	βασιλείᾳ	
Matt 8:11	τῶν	T-GPM	T-GPM	3588	ὁ	τῶν	
Matt 8:11	οὐρανῶν·	N-GPM	N-GPM	3772	οὐρανός	οὐρανῶν	
Matt 8:12	οἱ	T-NPM	T-NPM	3588	ὁ	οἱ	
Matt 8:12	δὲ	CONJ	CONJ	1161	δέ	δέ	
Matt 8:12	υἱοὶ	N-NPM	N-NPM	5207	υἱός	υἱοί	
Matt 8:12	τῆς	T-GSF	T-GSF	3588	ὁ	τῆς	
Matt 8:12	βασιλείας	N-GSF	N-GSF	932	βασιλεία	βασιλείας	
Matt 8:12	ἐκβληθήσονται	V-FPI-3P	V-FPI-3P	1544&5701	ἐκβάλλω	ἐκβληθήσονται	
Matt 8:12	εἰς	PREP	PREP	1519	εἰς	εἰς	
Matt 8:12	τὸ	T-ASN	T-ASN	3588	ὁ	τό	
Matt 8:12	σκότος	N-ASN	N-ASN	4655	σκότος	σκότος	
Matt 8:12	τὸ	T-ASN	T-ASN	3588	ὁ	τό	
Matt 8:12	ἐξώτερον·	A-ASN-C	A-ASN-C	1857	ἐξώτερος	ἐξώτερον	
Matt 8:12	ἐκεῖ	ADV	ADV	1563	ἐκεῖ	ἐκεῖ	
Matt 8:12	ἔσται	V-FDI-3S	V-FDI-3S	1510&5695	εἰμί	ἔσται	
Matt 8:12	ὁ	T-NSM	T-NSM	3588	ὁ	ὁ	
Matt 8:12	κλαυθμὸς	N-NSM	N-NSM	2805	κλαυθμός	κλαυθμός	
Matt 8:12	καὶ	CONJ	CONJ	2532	καί	καί	
Matt 8:12	ὁ	T-NSM	T-NSM	3588	ὁ	ὁ	
Matt 8:12	βρυγμὸς	N-NSM	N-NSM	1030	βρυγμός	βρυγμός	
Matt 8:12	τῶν	T-GPM	T-GPM	3588	ὁ	τῶν	
Matt 8:12	ὀδόντων.	N-GPM	N-GPM	3599	ὀδούς	ὀδόντων	
Matt 8:13	καὶ	CONJ	CONJ	2532	καί	καί	
Matt 8:13	εἶπεν	V-2AAI-3S	V-2AAI-3S	3004&5627	λέγω	εἶπεν	
Matt 8:13	ὁ	T-NSM	T-NSM	3588	ὁ	ὁ	
Matt 8:13	Ἰησοῦς	N-NSM	N-NSM	2424	Ἰησοῦς	Ἰησοῦς	
Matt 8:13	τῷ	T-DSM	T-DSM	3588	ὁ	τῷ	
Matt 8:13	ἑκατοντάρχῃ	N-DSM	N-DSM	1543	ἑκατοντάρχης	ἑκατοντάρχῃ	
Matt 8:13	Ὕπαγε,	V-PAM-2S	V-PAM-2S	5217&5720	ὑπάγω	Ὕπαγε	
Matt 8:13	ὡς	ADV	ADV	5613	ὡς	ὡς	
Matt 8:13	ἐπίστευσας	V-AAI-2S	V-AAI-2S	4100&5656	πιστεύω	ἐπίστευσας	
Matt 8:13	γενηθήτω	V-AOM-3S	V-AOM-3S	1096&5676	γίνομαι	γενηθήτω	
Matt 8:13	σοι.	P-2DS	P-2DS	4771	σύ	σοι	
Matt 8:13	καὶ	CONJ	CONJ	2532	καί	καί	
Matt 8:13	ἰάθη	V-API-3S	V-API-3S	2390&5681	ἰάομαι	ἰάθη	
Matt 8:13	ὁ	T-NSM	T-NSM	3588	ὁ	ὁ	
Matt 8:13	παῖς	N-NSM	N-NSM	3816	παῖς	παῖς	
Matt 8:13	ἐν	PREP	PREP	1722	ἐν	ἐν	
Matt 8:13	τῇ	T-DSF	T-DSF	3588	ὁ	τῇ	
Matt 8:13	ὥρᾳ	N-DSF	N-DSF	5610	ὥρα	ὥρᾳ	
Matt 8:13	ἐκείνῃ.	D-DSF	D-DSF	1565	ἐκεῖνος	ἐκείνῃ	
Matt 8:14	Καὶ	CONJ	CONJ	2532	καί	Καί	
Matt 8:14	ἐλθὼν	V-2AAP-NSM	V-2AAP-NSM	2064&5631	ἔρχομαι	ἐλθών	
Matt 8:14	ὁ	T-NSM	T-NSM	3588	ὁ	ὁ	
Matt 8:14	Ἰησοῦς	N-NSM	N-NSM	2424	Ἰησοῦς	Ἰησοῦς	
Matt 8:14	εἰς	PREP	PREP	1519	εἰς	εἰς	
Matt 8:14	τὴν	T-ASF	T-ASF	3588	ὁ	τήν	
Matt 8:14	οἰκίαν	N-ASF	N-ASF	3614	οἰκία	οἰκίαν	
Matt 8:14	Πέτρου	N-GSM	N-GSM	4074	Πέτρος	Πέτρου	
Matt 8:14	εἶδεν	V-2AAI-3S	V-2AAI-3S	3708&5627	ὁράω	εἶδεν	
Matt 8:14	τὴν	T-ASF	T-ASF	3588	ὁ	τήν	
Matt 8:14	πενθερὰν	N-ASF	N-ASF	3994	πενθερά	πενθεράν	
Matt 8:14	αὐτοῦ	P-GSM	P-GSM	846	αὐτός	αὐτοῦ	
Matt 8:14	βεβλημένην	V-RPP-ASF	V-RPP-ASF	906&5772	βάλλω	βεβλημένην	
Matt 8:14	καὶ	CONJ	CONJ	2532	καί	καί	
Matt 8:14	πυρέσσουσαν·	V-PAP-ASF	V-PAP-ASF	4445&5723	πυρέσσω	πυρέσσουσαν	
Matt 8:15	καὶ	CONJ	CONJ	2532	καί	καί	
Matt 8:15	ἥψατο	V-ADI-3S	V-ADI-3S	680&5662	ἅπτω	ἥψατο	
Matt 8:15	τῆς	T-GSF	T-GSF	3588	ὁ	τῆς	
Matt 8:15	χειρὸς	N-GSF	N-GSF	5495	χείρ	χειρός	
Matt 8:15	αὐτῆς,	P-GSF	P-GSF	846	αὐτός	αὐτῆς	
Matt 8:15	καὶ	CONJ	CONJ	2532	καί	καί	
Matt 8:15	ἀφῆκεν	V-AAI-3S	V-AAI-3S	863&5656	ἀφίημι	ἀφῆκεν	
Matt 8:15	αὐτὴν	P-ASF	P-ASF	846	αὐτός	αὐτήν	
Matt 8:15	ὁ	T-NSM	T-NSM	3588	ὁ	ὁ	
Matt 8:15	πυρετός·	N-NSM	N-NSM	4446	πυρετός	πυρετός	
Matt 8:15	καὶ	CONJ	CONJ	2532	καί	καί	
Matt 8:15	ἠγέρθη,	V-API-3S	V-API-3S	1453&5681	ἐγείρω	ἠγέρθη	
Matt 8:15	καὶ	CONJ	CONJ	2532	καί	καί	
Matt 8:15	διηκόνει	V-IAI-3S	V-IAI-3S	1247&5707	διακονέω	διηκόνει	
Matt 8:15	αὐτῷ.	P-DSM	P-DSM	846	αὐτός	αὐτῷ	
Matt 8:16	Ὀψίας	A-GSF	A-GSF	3798	ὄψιος	Ὀψίας	
Matt 8:16	δὲ	CONJ	CONJ	1161	δέ	δέ	
Matt 8:16	γενομένης	V-2ADP-GSF	V-2ADP-GSF	1096&5637	γίνομαι	γενομένης	
Matt 8:16	προσήνεγκαν	V-AAI-3P	V-AAI-3P	4374&5656	προσφέρω	προσήνεγκαν	
Matt 8:16	αὐτῷ	P-DSM	P-DSM	846	αὐτός	αὐτῷ	
Matt 8:16	δαιμονιζομένους	V-PNP-APM	V-PNP-APM	1139&5740	δαιμονίζομαι	δαιμονιζομένους	
Matt 8:16	πολλούς·	A-APM	A-APM	4183	πολύς	πολλούς	
Matt 8:16	καὶ	CONJ	CONJ	2532	καί	καί	
Matt 8:16	ἐξέβαλεν	V-2AAI-3S	V-2AAI-3S	1544&5627	ἐκβάλλω	ἐξέβαλεν	
Matt 8:16	τὰ	T-APN	T-APN	3588	ὁ	τά	
Matt 8:16	πνεύματα	N-APN	N-APN	4151	πνεῦμα	πνεύματα	
Matt 8:16	λόγῳ,	N-DSM	N-DSM	3056	λόγος	λόγῳ	
Matt 8:16	καὶ	CONJ	CONJ	2532	καί	καί	
Matt 8:16	πάντας	A-APM	A-APM	3956	πᾶς	πάντας	
Matt 8:16	τοὺς	T-APM	T-APM	3588	ὁ	τούς	
Matt 8:16	κακῶς	ADV	ADV	2560	κακῶς	κακῶς	
Matt 8:16	ἔχοντας	V-PAP-APM	V-PAP-APM	2192&5723	ἔχω	ἔχοντας	
Matt 8:16	ἐθεράπευσεν·	V-AAI-3S	V-AAI-3S	2323&5656	θεραπεύω	ἐθεράπευσεν	
Matt 8:17	ὅπως	ADV	ADV	3704	ὅπως	ὅπως	
Matt 8:17	πληρωθῇ	V-APS-3S	V-APS-3S	4137&5686	πληρόω	πληρωθῇ	
Matt 8:17	τὸ	T-NSN	T-NSN	3588	ὁ	τό	
Matt 8:17	ῥηθὲν	V-APP-NSN	V-APP-NSN	2046&5685	εἶπον	ῥηθέν	
Matt 8:17	διὰ	PREP	PREP	1223	διά	διά	
Matt 8:17	Ἠσαΐου	N-GSM	N-GSM	2268	Ἠσαΐας	Ἠσαΐου	
Matt 8:17	τοῦ	T-GSM	T-GSM	3588	ὁ	τοῦ	
Matt 8:17	προφήτου	N-GSM	N-GSM	4396	προφήτης	προφήτου	
Matt 8:17	λέγοντος	V-PAP-GSM	V-PAP-GSM	3004&5723	λέγω	λέγοντος	
Matt 8:17	Αὐτὸς	P-NSM	P-NSM	846	αὐτός	Αὐτός	
Matt 8:17	τὰς	T-APF	T-APF	3588	ὁ	τάς	
Matt 8:17	ἀσθενείας	N-APF	N-APF	769	ἀσθένεια	ἀσθενείας	
Matt 8:17	ἡμῶν	P-1GP	P-1GP	1473	ἐγώ	ἡμῶν	
Matt 8:17	ἔλαβεν	V-2AAI-3S	V-2AAI-3S	2983&5627	λαμβάνω	ἔλαβεν	
Matt 8:17	καὶ	CONJ	CONJ	2532	καί	καί	
Matt 8:17	τὰς	T-APF	T-APF	3588	ὁ	τάς	
Matt 8:17	νόσους	N-APF	N-APF	3554	νόσος	νόσους	
Matt 8:17	ἐβάστασεν.	V-AAI-3S	V-AAI-3S	941&5656	βαστάζω	ἐβάστασεν	
Matt 8:18	Ἰδὼν	V-2AAP-NSM	V-2AAP-NSM	3708&5631	ὁράω	Ἰδών	
Matt 8:18	δὲ	CONJ	CONJ	1161	δέ	δέ	
Matt 8:18	ὁ	T-NSM	T-NSM	3588	ὁ	ὁ	
Matt 8:18	Ἰησοῦς	N-NSM	N-NSM	2424	Ἰησοῦς	Ἰησοῦς	
Matt 8:18	ὄχλον	N-ASM	N-ASM	3793	ὄχλος	ὄχλον	
Matt 8:18	περὶ	PREP	PREP	4012	περί	περί	
Matt 8:18	αὐτὸν	P-ASM	P-ASM	846	αὐτός	αὐτόν	
Matt 8:18	ἐκέλευσεν	V-AAI-3S	V-AAI-3S	2753&5656	κελεύω	ἐκέλευσεν	
Matt 8:18	ἀπελθεῖν	V-2AAN	V-2AAN	565&5629	ἀπέρχομαι	ἀπελθεῖν	
Matt 8:18	εἰς	PREP	PREP	1519	εἰς	εἰς	
Matt 8:18	τὸ	T-ASN	T-ASN	3588	ὁ	τό	
Matt 8:18	πέραν.	ADV	ADV	4008	πέραν	πέραν	
Matt 8:19	Καὶ	CONJ	CONJ	2532	καί	Καί	
Matt 8:19	προσελθὼν	V-2AAP-NSM	V-2AAP-NSM	4334&5631	προσέρχομαι	προσελθών	
Matt 8:19	εἷς	A-NSM	A-NSM	1520	εἷς	εἷς	
Matt 8:19	γραμματεὺς	N-NSM	N-NSM	1122	γραμματεύς	γραμματεύς	
Matt 8:19	εἶπεν	V-2AAI-3S	V-2AAI-3S	3004&5627	λέγω	εἶπεν	
Matt 8:19	αὐτῷ	P-DSM	P-DSM	846	αὐτός	αὐτῷ	
Matt 8:19	Διδάσκαλε,	N-VSM	N-VSM	1320	διδάσκαλος	Διδάσκαλε	
Matt 8:19	ἀκολουθήσω	V-FAI-1S	V-FAI-1S	190&5692	ἀκολουθέω	ἀκολουθήσω	
Matt 8:19	σοι	P-2DS	P-2DS	4771	σύ	σοι	
Matt 8:19	ὅπου	ADV	ADV	3699	ὅπου	ὅπου	
Matt 8:19	ἐὰν	COND	COND	1437	ἐάν	ἐάν	
Matt 8:19	ἀπέρχῃ.	V-PNS-2S	V-PNS-2S	565&5741	ἀπέρχομαι	ἀπέρχῃ	
Matt 8:20	καὶ	CONJ	CONJ	2532	καί	καί	
Matt 8:20	λέγει	V-PAI-3S	V-PAI-3S	3004&5719	λέγω	λέγει	
Matt 8:20	αὐτῷ	P-DSM	P-DSM	846	αὐτός	αὐτῷ	
Matt 8:20	ὁ	T-NSM	T-NSM	3588	ὁ	ὁ	
Matt 8:20	Ἰησοῦς	N-NSM	N-NSM	2424	Ἰησοῦς	Ἰησοῦς	
Matt 8:20	Αἱ	T-NPF	T-NPF	3588	ὁ	Αἱ	
Matt 8:20	ἀλώπεκες	N-NPF	N-NPF	258	ἀλώπηξ	ἀλώπεκες	
Matt 8:20	φωλεοὺς	N-APM	N-APM	5454	φωλεός	φωλεούς	
Matt 8:20	ἔχουσιν	V-PAI-3P	V-PAI-3P	2192&5719	ἔχω	ἔχουσιν	
Matt 8:20	καὶ	CONJ	CONJ	2532	καί	καί	
Matt 8:20	τὰ	T-NPN	T-NPN	3588	ὁ	τά	
Matt 8:20	πετεινὰ	N-NPN	N-NPN	4071	πετεινός	πετεινά	
Matt 8:20	τοῦ	T-GSM	T-GSM	3588	ὁ	τοῦ	
Matt 8:20	οὐρανοῦ	N-GSM	N-GSM	3772	οὐρανός	οὐρανοῦ	
Matt 8:20	κατασκηνώσεις,	N-APF	N-APF	2682	κατασκήνωσις	κατασκηνώσεις	
Matt 8:20	ὁ	T-NSM	T-NSM	3588	ὁ	ὁ	
Matt 8:20	δὲ	CONJ	CONJ	1161	δέ	δέ	
Matt 8:20	Υἱὸς	N-NSM	N-NSM	5207	υἱός	Υἱός	
Matt 8:20	τοῦ	T-GSM	T-GSM	3588	ὁ	τοῦ	
Matt 8:20	ἀνθρώπου	N-GSM	N-GSM	444	ἄνθρωπος	ἀνθρώπου	
Matt 8:20	οὐκ	PRT-N	PRT-N	3756	οὐ	οὐκ	
Matt 8:20	ἔχει	V-PAI-3S	V-PAI-3S	2192&5719	ἔχω	ἔχει	
Matt 8:20	ποῦ	ADV-I	ADV-I	4226	ποῦ	ποῦ	
Matt 8:20	τὴν	T-ASF	T-ASF	3588	ὁ	τήν	
Matt 8:20	κεφαλὴν	N-ASF	N-ASF	2776	κεφαλή	κεφαλήν	
Matt 8:20	κλίνῃ.	V-PAS-3S	V-PAS-3S	2827&5725	κλίνω	κλίνῃ	
Matt 8:21	ἕτερος	A-NSM	A-NSM	2087	ἕτερος	ἕτερος	
Matt 8:21	δὲ	CONJ	CONJ	1161	δέ	δέ	
Matt 8:21	τῶν	T-GPM	T-GPM	3588	ὁ	τῶν	
Matt 8:21	μαθητῶν	N-GPM	N-GPM	3101	μαθητής	μαθητῶν	
Matt 8:21	εἶπεν	V-2AAI-3S	V-2AAI-3S	3004&5627	λέγω	εἶπεν	
Matt 8:21	αὐτῷ	P-DSM	P-DSM	846	αὐτός	αὐτῷ	
Matt 8:21	Κύριε,	N-VSM	N-VSM	2962	κύριος	Κύριε	
Matt 8:21	ἐπίτρεψόν	V-AAM-2S	V-AAM-2S	2010&5657	ἐπιτρέπω	ἐπίτρεψον	
Matt 8:21	μοι	P-1DS	P-1DS	1473	ἐγώ	μοι	
Matt 8:21	πρῶτον	ADV-S	ADV-S	4412	πρῶτος	πρῶτον	
Matt 8:21	ἀπελθεῖν	V-2AAN	V-2AAN	565&5629	ἀπέρχομαι	ἀπελθεῖν	
Matt 8:21	καὶ	CONJ	CONJ	2532	καί	καί	
Matt 8:21	θάψαι	V-AAN	V-AAN	2290&5658	θάπτω	θάψαι	
Matt 8:21	τὸν	T-ASM	T-ASM	3588	ὁ	τόν	
Matt 8:21	πατέρα	N-ASM	N-ASM	3962	πατήρ	πατέρα	
Matt 8:21	μου.	P-1GS	P-1GS	1473	ἐγώ	μου	
Matt 8:22	ὁ	T-NSM	T-NSM	3588	ὁ	ὁ	
Matt 8:22	δὲ	CONJ	CONJ	1161	δέ	δέ	
Matt 8:22	Ἰησοῦς	N-NSM	N-NSM	2424	Ἰησοῦς	Ἰησοῦς	
Matt 8:22	λέγει	V-PAI-3S	V-PAI-3S	3004&5719	λέγω	λέγει	
Matt 8:22	αὐτῷ	P-DSM	P-DSM	846	αὐτός	αὐτῷ	
Matt 8:22	Ἀκολούθει	V-PAM-2S	V-PAM-2S	190&5720	ἀκολουθέω	Ἀκολούθει	
Matt 8:22	μοι,	P-1DS	P-1DS	1473	ἐγώ	μοι	
Matt 8:22	καὶ	CONJ	CONJ	2532	καί	καί	
Matt 8:22	ἄφες	V-2AAM-2S	V-2AAM-2S	863&5628	ἀφίημι	ἄφες	
Matt 8:22	τοὺς	T-APM	T-APM	3588	ὁ	τούς	
Matt 8:22	νεκροὺς	A-APM	A-APM	3498	νεκρός	νεκρούς	
Matt 8:22	θάψαι	V-AAN	V-AAN	2290&5658	θάπτω	θάψαι	
Matt 8:22	τοὺς	T-APM	T-APM	3588	ὁ	τούς	
Matt 8:22	ἑαυτῶν	F-3GPM	F-3GPM	1438	ἑαυτοῦ	ἑαυτῶν	
Matt 8:22	νεκρούς.	A-APM	A-APM	3498	νεκρός	νεκρούς	
Matt 8:23	Καὶ	CONJ	CONJ	2532	καί	Καί	
Matt 8:23	ἐμβάντι	V-2AAP-DSM	V-2AAP-DSM	1684&5631	ἐμβαίνω	ἐμβάντι	
Matt 8:23	αὐτῷ	P-DSM	P-DSM	846	αὐτός	αὐτῷ	
Matt 8:23	εἰς	PREP	PREP	1519	εἰς	εἰς	
Matt 8:23	τὸ	T-ASN	T-ASN	3588	ὁ	τό	
Matt 8:23	πλοῖον	N-ASN	N-ASN	4143	πλοῖον	πλοῖον	
Matt 8:23	ἠκολούθησαν	V-AAI-3P	V-AAI-3P	190&5656	ἀκολουθέω	ἠκολούθησαν	
Matt 8:23	αὐτῷ	P-DSM	P-DSM	846	αὐτός	αὐτῷ	
Matt 8:23	οἱ	T-NPM	T-NPM	3588	ὁ	οἱ	
Matt 8:23	μαθηταὶ	N-NPM	N-NPM	3101	μαθητής	μαθηταί	
Matt 8:23	αὐτοῦ.	P-GSM	P-GSM	846	αὐτός	αὐτοῦ	
Matt 8:24	καὶ	CONJ	CONJ	2532	καί	καί	
Matt 8:24	ἰδοὺ	V-2AMM-2S	V-2AMM-2S	3708&5640	ὁράω	ἰδού	
Matt 8:24	σεισμὸς	N-NSM	N-NSM	4578	σεισμός	σεισμός	
Matt 8:24	μέγας	A-NSM	A-NSM	3173	μέγας	μέγας	
Matt 8:24	ἐγένετο	V-2ADI-3S	V-2ADI-3S	1096&5633	γίνομαι	ἐγένετο	
Matt 8:24	ἐν	PREP	PREP	1722	ἐν	ἐν	
Matt 8:24	τῇ	T-DSF	T-DSF	3588	ὁ	τῇ	
Matt 8:24	θαλάσσῃ,	N-DSF	N-DSF	2281	θάλασσα	θαλάσσῃ	
Matt 8:24	ὥστε	CONJ	CONJ	5620	ὥστε	ὥστε	
Matt 8:24	τὸ	T-ASN	T-ASN	3588	ὁ	τό	
Matt 8:24	πλοῖον	N-ASN	N-ASN	4143	πλοῖον	πλοῖον	
Matt 8:24	καλύπτεσθαι	V-PPN	V-PEN	2572&5745	καλύπτω	καλύπτεσθαι	
Matt 8:24	ὑπὸ	PREP	PREP	5259	ὑπό	ὑπό	
Matt 8:24	τῶν	T-GPN	T-GPN	3588	ὁ	τῶν	
Matt 8:24	κυμάτων·	N-GPN	N-GPN	2949	κῦμα	κυμάτων	
Matt 8:24	αὐτὸς	P-NSM	P-NSM	846	αὐτός	αὐτός	
Matt 8:24	δὲ	CONJ	CONJ	1161	δέ	δέ	
Matt 8:24	ἐκάθευδεν.	V-IAI-3S	V-IAI-3S	2518&5707	καθεύδω	ἐκάθευδεν	
Matt 8:25	καὶ	CONJ	CONJ	2532	καί	καί	
Matt 8:25	προσελθόντες	V-2AAP-NPM	V-2AAP-NPM	4334&5631	προσέρχομαι	προσελθόντες	
Matt 8:25	ἤγειραν	V-AAI-3P	V-AAI-3P	1453&5656	ἐγείρω	ἤγειραν	
Matt 8:25	αὐτὸν	P-ASM	P-ASM	846	αὐτός	αὐτόν	
Matt 8:25	λέγοντες	V-PAP-NPM	V-PAP-NPM	3004&5723	λέγω	λέγοντες	
Matt 8:25	Κύριε,	N-VSM	N-VSM	2962	κύριος	Κύριε	
Matt 8:25	σῶσον,	V-AAM-2S	V-AAM-2S	4982&5657	σῴζω	σῶσον	
Matt 8:25	ἀπολλύμεθα.	V-PMI-1P	V-PEI-1P	622&5731	ἀπόλλυμι	ἀπολλύμεθα	
Matt 8:26	καὶ	CONJ	CONJ	2532	καί	καί	
Matt 8:26	λέγει	V-PAI-3S	V-PAI-3S	3004&5719	λέγω	λέγει	
Matt 8:26	αὐτοῖς	P-DPM	P-DPM	846	αὐτός	αὐτοῖς	
Matt 8:26	Τί	I-NSN	I-NSN	5101	τίς	Τί	
Matt 8:26	δειλοί	A-NPM	A-NPM	1169	δειλός	δειλοί	
Matt 8:26	ἐστε,	V-PAI-2P	V-PAI-2P	1510&5719	εἰμί	ἐστε	
Matt 8:26	ὀλιγόπιστοι;	A-VPM	A-VPM	3640	ὀλιγόπιστος	ὀλιγόπιστοι	
Matt 8:26	τότε	ADV	ADV	5119	τότε	τότε	
Matt 8:26	ἐγερθεὶς	V-APP-NSM	V-APP-NSM	1453&5685	ἐγείρω	ἐγερθείς	
Matt 8:26	ἐπετίμησεν	V-AAI-3S	V-AAI-3S	2008&5656	ἐπιτιμάω	ἐπετίμησεν	
Matt 8:26	τοῖς	T-DPM	T-DPM	3588	ὁ	τοῖς	
Matt 8:26	ἀνέμοις	N-DPM	N-DPM	417	ἄνεμος	ἀνέμοις	
Matt 8:26	καὶ	CONJ	CONJ	2532	καί	καί	
Matt 8:26	τῇ	T-DSF	T-DSF	3588	ὁ	τῇ	
Matt 8:26	θαλάσσῃ,	N-DSF	N-DSF	2281	θάλασσα	θαλάσσῃ	
Matt 8:26	καὶ	CONJ	CONJ	2532	καί	καί	
Matt 8:26	ἐγένετο	V-2ADI-3S	V-2ADI-3S	1096&5633	γίνομαι	ἐγένετο	
Matt 8:26	γαλήνη	N-NSF	N-NSF	1055	γαλήνη	γαλήνη	
Matt 8:26	μεγάλη.	A-NSF	A-NSF	3173	μέγας	μεγάλη	
Matt 8:27	οἱ	T-NPM	T-NPM	3588	ὁ	οἱ	
Matt 8:27	δὲ	CONJ	CONJ	1161	δέ	δέ	
Matt 8:27	ἄνθρωποι	N-NPM	N-NPM	444	ἄνθρωπος	ἄνθρωποι	
Matt 8:27	ἐθαύμασαν	V-AAI-3P	V-AAI-3P	2296&5656	θαυμάζω	ἐθαύμασαν	
Matt 8:27	λέγοντες	V-PAP-NPM	V-PAP-NPM	3004&5723	λέγω	λέγοντες	
Matt 8:27	Ποταπός	A-NSM	A-NSM	4217	ποταπός	Ποταπός	
Matt 8:27	ἐστιν	V-PAI-3S	V-PAI-3S	1510&5719	εἰμί	ἐστιν	
Matt 8:27	οὗτος	D-NSM	D-NSM	3778	οὗτος	οὗτος	
Matt 8:27	ὅτι	CONJ	CONJ	3754	ὅτι	ὅτι	
Matt 8:27	καὶ	CONJ	CONJ	2532	καί	καί	
Matt 8:27	οἱ	T-NPM	T-NPM	3588	ὁ	οἱ	
Matt 8:27	ἄνεμοι	N-NPM	N-NPM	417	ἄνεμος	ἄνεμοι	
Matt 8:27	καὶ	CONJ	CONJ	2532	καί	καί	
Matt 8:27	ἡ	T-NSF	T-NSF	3588	ὁ	ἡ	
Matt 8:27	θάλασσα	N-NSF	N-NSF	2281	θάλασσα	θάλασσα	
Matt 8:27	αὐτῷ	P-DSM	P-DSM	846	αὐτός	αὐτῷ	
Matt 8:27	ὑπακούουσιν;	V-PAI-3P	V-PAI-3P	5219&5719	ὑπακούω	ὑπακούουσιν	
Matt 8:28	Καὶ	CONJ	CONJ	2532	καί	Καί	
Matt 8:28	ἐλθόντος	V-2AAP-GSM	V-2AAP-GSM	2064&5631	ἔρχομαι	ἐλθόντος	
Matt 8:28	αὐτοῦ	P-GSM	P-GSM	846	αὐτός	αὐτοῦ	
Matt 8:28	εἰς	PREP	PREP	1519	εἰς	εἰς	
Matt 8:28	τὸ	T-ASN	T-ASN	3588	ὁ	τό	
Matt 8:28	πέραν	ADV	ADV	4008	πέραν	πέραν	
Matt 8:28	εἰς	PREP	PREP	1519	εἰς	εἰς	
Matt 8:28	τὴν	T-ASF	T-ASF	3588	ὁ	τήν	
Matt 8:28	χώραν	N-ASF	N-ASF	5561	χώρα	χώραν	
Matt 8:28	τῶν	T-GPM	T-GPM	3588	ὁ	τῶν	
Matt 8:28	Γαδαρηνῶν	A-GPM	A-GPM	1046	Γαδαρηνός	Γαδαρηνῶν	
Matt 8:28	ὑπήντησαν	V-AAI-3P	V-AAI-3P	5221&5656	ὑπαντάω	ὑπήντησαν	
Matt 8:28	αὐτῷ	P-DSM	P-DSM	846	αὐτός	αὐτῷ	
Matt 8:28	δύο	A-NUI	A-NUI	1417	δύο	δύο	
Matt 8:28	δαιμονιζόμενοι	V-PNP-NPM	V-PNP-NPM	1139&5740	δαιμονίζομαι	δαιμονιζόμενοι	
Matt 8:28	ἐκ	PREP	PREP	1537	ἐκ	ἐκ	
Matt 8:28	τῶν	T-GPN	T-GPN	3588	ὁ	τῶν	
Matt 8:28	μνημείων	N-GPN	N-GPN	3419	μνημεῖον	μνημείων	
Matt 8:28	ἐξερχόμενοι,	V-PNP-NPM	V-PNP-NPM	1831&5740	ἐξέρχομαι	ἐξερχόμενοι	
Matt 8:28	χαλεποὶ	A-NPM	A-NPM	5467	χαλεπός	χαλεποί	
Matt 8:28	λίαν	ADV	ADV	3029	λίαν	λίαν	
Matt 8:28	ὥστε	CONJ	CONJ	5620	ὥστε	ὥστε	
Matt 8:28	μὴ	PRT-N	PRT-N	3361	μή	μή	
Matt 8:28	ἰσχύειν	V-PAN	V-PAN	2480&5721	ἰσχύω	ἰσχύειν	
Matt 8:28	τινὰ	X-ASM	X-ASM	5100	τὶς	τινά	
Matt 8:28	παρελθεῖν	V-2AAN	V-2AAN	3928&5629	παρέρχομαι	παρελθεῖν	
Matt 8:28	διὰ	PREP	PREP	1223	διά	διά	
Matt 8:28	τῆς	T-GSF	T-GSF	3588	ὁ	τῆς	
Matt 8:28	ὁδοῦ	N-GSF	N-GSF	3598	ὁδός	ὁδοῦ	
Matt 8:28	ἐκείνης.	D-GSF	D-GSF	1565	ἐκεῖνος	ἐκείνης	
Matt 8:29	καὶ	CONJ	CONJ	2532	καί	καί	
Matt 8:29	ἰδοὺ	V-2AMM-2S	V-2AMM-2S	3708&5640	ὁράω	ἰδού	
Matt 8:29	ἔκραξαν	V-AAI-3P	V-AAI-3P	2896&5656	κράζω	ἔκραξαν	
Matt 8:29	λέγοντες	V-PAP-NPM	V-PAP-NPM	3004&5723	λέγω	λέγοντες	
Matt 8:29	Τί	I-NSN	I-NSN	5101	τίς	Τί	
Matt 8:29	ἡμῖν	P-1DP	P-1DP	1473	ἐγώ	ἡμῖν	
Matt 8:29	καὶ	CONJ	CONJ	2532	καί	καί	
Matt 8:29	σοί,	P-2DS	P-2DS	4771	σύ	σοί	
Matt 8:29	Υἱὲ	N-VSM	N-VSM	5207	υἱός	Υἱέ	
Matt 8:29	τοῦ	T-GSM	T-GSM	3588	ὁ	τοῦ	
Matt 8:29	Θεοῦ;	N-GSM	N-GSM	2316	θεός	Θεοῦ	
Matt 8:29	ἦλθες	V-2AAI-2S	V-2AAI-2S	2064&5627	ἔρχομαι	ἦλθες	
Matt 8:29	ὧδε	ADV	ADV	5602	ὧδε	ὧδε	
Matt 8:29	πρὸ	PREP	PREP	4253	πρό	πρό	
Matt 8:29	καιροῦ	N-GSM	N-GSM	2540	καιρός	καιροῦ	
Matt 8:29	βασανίσαι	V-AAN	V-AAN	928&5658	βασανίζω	βασανίσαι	
Matt 8:29	ἡμᾶς;	P-1AP	P-1AP	1473	ἐγώ	ἡμᾶς	
Matt 8:30	ἦν	V-IAI-3S	V-IAI-3S	1510&5707	εἰμί	ἦν	
Matt 8:30	δὲ	CONJ	CONJ	1161	δέ	δέ	
Matt 8:30	μακρὰν	ADV	ADV	3112	μακράν	μακράν	
Matt 8:30	ἀπ’	PREP	PREP	575	ἀπό	ἀπ’	
Matt 8:30	αὐτῶν	P-GPM	P-GPM	846	αὐτός	αὐτῶν	
Matt 8:30	ἀγέλη	N-NSF	N-NSF	34	ἀγέλη	ἀγέλη	
Matt 8:30	χοίρων	N-GPM	N-GPM	5519	χοῖρος	χοίρων	
Matt 8:30	πολλῶν	A-GPM	A-GPM	4183	πολύς	πολλῶν	
Matt 8:30	βοσκομένη.	V-PPP-NSF	V-PEP-NSF	1006&5746	βόσκω	βοσκομένη	
Matt 8:31	οἱ	T-NPM	T-NPM	3588	ὁ	οἱ	
Matt 8:31	δὲ	CONJ	CONJ	1161	δέ	δέ	
Matt 8:31	δαίμονες	N-NPM	N-NPM	1142	δαίμων	δαίμονες	
Matt 8:31	παρεκάλουν	V-IAI-3P	V-IAI-3P	3870&5707	παρακαλέω	παρεκάλουν	
Matt 8:31	αὐτὸν	P-ASM	P-ASM	846	αὐτός	αὐτόν	
Matt 8:31	λέγοντες	V-PAP-NPM	V-PAP-NPM	3004&5723	λέγω	λέγοντες	
Matt 8:31	Εἰ	COND	COND	1487	εἰ	Εἰ	
Matt 8:31	ἐκβάλλεις	V-PAI-2S	V-PAI-2S	1544&5719	ἐκβάλλω	ἐκβάλλεις	
Matt 8:31	ἡμᾶς,	P-1AP	P-1AP	1473	ἐγώ	ἡμᾶς	
Matt 8:31	ἀπόστειλον	V-AAM-2S	V-AAM-2S	649&5657	ἀποστέλλω	ἀπόστειλον	
Matt 8:31	ἡμᾶς	P-1AP	P-1AP	1473	ἐγώ	ἡμᾶς	
Matt 8:31	εἰς	PREP	PREP	1519	εἰς	εἰς	
Matt 8:31	τὴν	T-ASF	T-ASF	3588	ὁ	τήν	
Matt 8:31	ἀγέλην	N-ASF	N-ASF	34	ἀγέλη	ἀγέλην	
Matt 8:31	τῶν	T-GPM	T-GPM	3588	ὁ	τῶν	
Matt 8:31	χοίρων.	N-GPM	N-GPM	5519	χοῖρος	χοίρων	
Matt 8:32	καὶ	CONJ	CONJ	2532	καί	καί	
Matt 8:32	εἶπεν	V-2AAI-3S	V-2AAI-3S	3004&5627	λέγω	εἶπεν	
Matt 8:32	αὐτοῖς	P-DPM	P-DPM	846	αὐτός	αὐτοῖς	
Matt 8:32	Ὑπάγετε.	V-PAM-2P	V-PAM-2P	5217&5720	ὑπάγω	Ὑπάγετε	
Matt 8:32	οἱ	T-NPM	T-NPM	3588	ὁ	οἱ	
Matt 8:32	δὲ	CONJ	CONJ	1161	δέ	δέ	
Matt 8:32	ἐξελθόντες	V-2AAP-NPM	V-2AAP-NPM	1831&5631	ἐξέρχομαι	ἐξελθόντες	
Matt 8:32	ἀπῆλθον	V-2AAI-3P	V-2AAI-3P	565	ἀπέρχομαι	ἀπῆλθον	
Matt 8:32	εἰς	PREP	PREP	1519	εἰς	εἰς	
Matt 8:32	τοὺς	T-APM	T-APM	3588	ὁ	τούς	
Matt 8:32	χοίρους·	N-APM	N-APM	5519	χοῖρος	χοίρους	
Matt 8:32	καὶ	CONJ	CONJ	2532	καί	καί	
Matt 8:32	ἰδοὺ	V-2AMM-2S	V-2AMM-2S	3708&5640	ὁράω	ἰδού	
Matt 8:32	ὥρμησεν	V-AAI-3S	V-AAI-3S	3729&5656	ὁρμάω	ὥρμησεν	
Matt 8:32	πᾶσα	A-NSF	A-NSF	3956	πᾶς	πᾶσα	
Matt 8:32	ἡ	T-NSF	T-NSF	3588	ὁ	ἡ	
Matt 8:32	ἀγέλη	N-NSF	N-NSF	34	ἀγέλη	ἀγέλη	
Matt 8:32	κατὰ	PREP	PREP	2596	κατά	κατά	
Matt 8:32	τοῦ	T-GSM	T-GSM	3588	ὁ	τοῦ	
Matt 8:32	κρημνοῦ	N-GSM	N-GSM	2911	κρημνός	κρημνοῦ	
Matt 8:32	εἰς	PREP	PREP	1519	εἰς	εἰς	
Matt 8:32	τὴν	T-ASF	T-ASF	3588	ὁ	τήν	
Matt 8:32	θάλασσαν,	N-ASF	N-ASF	2281	θάλασσα	θάλασσαν	
Matt 8:32	καὶ	CONJ	CONJ	2532	καί	καί	
Matt 8:32	ἀπέθανον	V-2AAI-3P	V-2AAI-3P	599&5627	ἀποθνῄσκω	ἀπέθανον	
Matt 8:32	ἐν	PREP	PREP	1722	ἐν	ἐν	
Matt 8:32	τοῖς	T-DPN	T-DPN	3588	ὁ	τοῖς	
Matt 8:32	ὕδασιν.	N-DPN	N-DPN	5204	ὕδωρ	ὕδασιν	
Matt 8:33	οἱ	T-NPM	T-NPM	3588	ὁ	οἱ	
Matt 8:33	δὲ	CONJ	CONJ	1161	δέ	δέ	
Matt 8:33	βόσκοντες	V-PAP-NPM	V-PAP-NPM	1006&5723	βόσκω	βόσκοντες	
Matt 8:33	ἔφυγον,	V-2AAI-3P	V-2AAI-3P	5343&5627	φεύγω	ἔφυγον	
Matt 8:33	καὶ	CONJ	CONJ	2532	καί	καί	
Matt 8:33	ἀπελθόντες	V-2AAP-NPM	V-2AAP-NPM	565&5631	ἀπέρχομαι	ἀπελθόντες	
Matt 8:33	εἰς	PREP	PREP	1519	εἰς	εἰς	
Matt 8:33	τὴν	T-ASF	T-ASF	3588	ὁ	τήν	
Matt 8:33	πόλιν	N-ASF	N-ASF	4172	πόλις	πόλιν	
Matt 8:33	ἀπήγγειλαν	V-AAI-3P	V-AAI-3P	518&5656	ἀπαγγέλλω	ἀπήγγειλαν	
Matt 8:33	πάντα	A-APN	A-APN	3956	πᾶς	πάντα	
Matt 8:33	καὶ	CONJ	CONJ	2532	καί	καί	
Matt 8:33	τὰ	T-APN	T-APN	3588	ὁ	τά	
Matt 8:33	τῶν	T-GPM	T-GPM	3588	ὁ	τῶν	
Matt 8:33	δαιμονιζομένων.	V-PNP-GPM	V-PNP-GPM	1139&5740	δαιμονίζομαι	δαιμονιζομένων	
Matt 8:34	καὶ	CONJ	CONJ	2532	καί	καί	
Matt 8:34	ἰδοὺ	V-2AMM-2S	V-2AMM-2S	3708&5640	ὁράω	ἰδού	
Matt 8:34	πᾶσα	A-NSF	A-NSF	3956	πᾶς	πᾶσα	
Matt 8:34	ἡ	T-NSF	T-NSF	3588	ὁ	ἡ	
Matt 8:34	πόλις	N-NSF	N-NSF	4172	πόλις	πόλις	
Matt 8:34	ἐξῆλθεν	V-2AAI-3S	V-2AAI-3S	1831&5627	ἐξέρχομαι	ἐξῆλθεν	
Matt 8:34	εἰς	PREP	PREP	1519	εἰς	εἰς	
Matt 8:34	ὑπάντησιν	N-ASF	N-ASF	5222	ὑπάντησις	ὑπάντησιν	
Matt 8:34	τῷ	T-DSM	T-DSM	3588	ὁ	τῷ	
Matt 8:34	Ἰησοῦ,	N-DSM	N-DSM	2424	Ἰησοῦς	Ἰησοῦ	
Matt 8:34	καὶ	CONJ	CONJ	2532	καί	καί	
Matt 8:34	ἰδόντες	V-2AAP-NPM	V-2AAP-NPM	3708&5631	ὁράω	ἰδόντες	
Matt 8:34	αὐτὸν	P-ASM	P-ASM	846	αὐτός	αὐτόν	
Matt 8:34	παρεκάλεσαν	V-AAI-3P	V-AAI-3P	3870&5656	παρακαλέω	παρεκάλεσαν	
Matt 8:34	ὅπως	ADV	ADV	3704	ὅπως	ὅπως	
Matt 8:34	μεταβῇ	V-2AAS-3S	V-2AAS-3S	3327&5632	μεταβαίνω	μεταβῇ	
Matt 8:34	ἀπὸ	PREP	PREP	575	ἀπό	ἀπό	
Matt 8:34	τῶν	T-GPN	T-GPN	3588	ὁ	τῶν	
Matt 8:34	ὁρίων	N-GPN	N-GPN	3725	ὅριον	ὁρίων	
Matt 8:34	αὐτῶν.	P-GPM	P-GPM	846	αὐτός	αὐτῶν	
Matt 9:1	Καὶ	CONJ	CONJ	2532	καί	Καί	
Matt 9:1	ἐμβὰς	V-2AAP-NSM	V-2AAP-NSM	1684&5631	ἐμβαίνω	ἐμβάς	
Matt 9:1	εἰς	PREP	PREP	1519	εἰς	εἰς	
Matt 9:1	πλοῖον	N-ASN	N-ASN	4143	πλοῖον	πλοῖον	
Matt 9:1	διεπέρασεν,	V-AAI-3S	V-AAI-3S	1276&5656	διαπεράω	διεπέρασεν	
Matt 9:1	καὶ	CONJ	CONJ	2532	καί	καί	
Matt 9:1	ἦλθεν	V-2AAI-3S	V-2AAI-3S	2064&5627	ἔρχομαι	ἦλθεν	
Matt 9:1	εἰς	PREP	PREP	1519	εἰς	εἰς	
Matt 9:1	τὴν	T-ASF	T-ASF	3588	ὁ	τήν	
Matt 9:1	ἰδίαν	A-ASF	A-ASF	2398	ἴδιος	ἰδίαν	
Matt 9:1	πόλιν.	N-ASF	N-ASF	4172	πόλις	πόλιν	
Matt 9:2	Καὶ	CONJ	CONJ	2532	καί	Καί	
Matt 9:2	ἰδοὺ	V-2AMM-2S	V-2AMM-2S	3708&5640	ὁράω	ἰδού	
Matt 9:2	προσέφερον	V-IAI-3P	V-IAI-3P	4374&5707	προσφέρω	προσέφερον	
Matt 9:2	αὐτῷ	P-DSM	P-DSM	846	αὐτός	αὐτῷ	
Matt 9:2	παραλυτικὸν	A-ASM	A-ASM	3885	παραλυτικός	παραλυτικόν	
Matt 9:2	ἐπὶ	PREP	PREP	1909	ἐπί	ἐπί	
Matt 9:2	κλίνης	N-GSF	N-GSF	2825	κλίνη	κλίνης	
Matt 9:2	βεβλημένον.	V-RPP-ASM	V-RPP-ASM	906&5772	βάλλω	βεβλημένον	
Matt 9:2	καὶ	CONJ	CONJ	2532	καί	καί	
Matt 9:2	ἰδὼν	V-2AAP-NSM	V-2AAP-NSM	3708&5631	ὁράω	ἰδών	
Matt 9:2	ὁ	T-NSM	T-NSM	3588	ὁ	ὁ	
Matt 9:2	Ἰησοῦς	N-NSM	N-NSM	2424	Ἰησοῦς	Ἰησοῦς	
Matt 9:2	τὴν	T-ASF	T-ASF	3588	ὁ	τήν	
Matt 9:2	πίστιν	N-ASF	N-ASF	4102	πίστις	πίστιν	
Matt 9:2	αὐτῶν	P-GPM	P-GPM	846	αὐτός	αὐτῶν	
Matt 9:2	εἶπεν	V-2AAI-3S	V-2AAI-3S	3004&5627	λέγω	εἶπεν	
Matt 9:2	τῷ	T-DSM	T-DSM	3588	ὁ	τῷ	
Matt 9:2	παραλυτικῷ	A-DSM	A-DSM	3885	παραλυτικός	παραλυτικῷ	
Matt 9:2	Θάρσει,	V-PAM-2S	V-PAM-2S	2293&5720	θαρσέω	Θάρσει	
Matt 9:2	τέκνον,	N-VSN	N-VSN	5043	τέκνον	τέκνον	
Matt 9:2	ἀφίενταί	V-PPI-3P	V-PEI-3P	863&5743	ἀφίημι	ἀφίενται	
Matt 9:2	σου	P-2GS	P-2GS	4771	σύ	σου	
Matt 9:2	αἱ	T-NPF	T-NPF	3588	ὁ	αἱ	
Matt 9:2	ἁμαρτίαι.	N-NPF	N-NPF	266	ἁμαρτία	ἁμαρτίαι	
Matt 9:3	καὶ	CONJ	CONJ	2532	καί	καί	
Matt 9:3	ἰδού	V-2AMM-2S	V-2AMM-2S	3708&5640	ὁράω	ἰδού	
Matt 9:3	τινες	X-NPM	X-NPM	5100	τὶς	τινες	
Matt 9:3	τῶν	T-GPM	T-GPM	3588	ὁ	τῶν	
Matt 9:3	γραμματέων	N-GPM	N-GPM	1122	γραμματεύς	γραμματέων	
Matt 9:3	εἶπαν	V-2AAI-3P	V-2AAI-3P	3004&5627	λέγω	εἶπαν	
Matt 9:3	ἐν	PREP	PREP	1722	ἐν	ἐν	
Matt 9:3	ἑαυτοῖς	F-3DPM	F-3DPM	1438	ἑαυτοῦ	ἑαυτοῖς	
Matt 9:3	Οὗτος	D-NSM	D-NSM	3778	οὗτος	Οὗτος	
Matt 9:3	βλασφημεῖ.	V-PAI-3S	V-PAI-3S	987&5719	βλασφημέω	βλασφημεῖ	
Matt 9:4	καὶ	CONJ	CONJ	2532	καί	καί	
Matt 9:4	εἰδὼς	V-RAP-NSM	V-RAP-NSM	1492&5761	οἶδα	εἰδώς	
Matt 9:4	ὁ	T-NSM	T-NSM	3588	ὁ	ὁ	
Matt 9:4	Ἰησοῦς	N-NSM	N-NSM	2424	Ἰησοῦς	Ἰησοῦς	
Matt 9:4	τὰς	T-APF	T-APF	3588	ὁ	τάς	
Matt 9:4	ἐνθυμήσεις	N-APF	N-APF	1761	ἐνθύμησις	ἐνθυμήσεις	
Matt 9:4	αὐτῶν	P-GPM	P-GPM	846	αὐτός	αὐτῶν	
Matt 9:4	εἶπεν	V-2AAI-3S	V-2AAI-3S	3004&5627	λέγω	εἶπεν	
Matt 9:4	Ἵνα	CONJ	CONJ	2443	ἵνα	Ἵνα	
Matt 9:4	τί	I-NSN	I-NSN	5101	τίς	τί	
Matt 9:4	ἐνθυμεῖσθε	V-PNI-2P	V-PNI-2P	1760&5736	ἐνθυμέομαι	ἐνθυμεῖσθε	
Matt 9:4	πονηρὰ	A-APN	A-APN	4190	πονηρός	πονηρά	
Matt 9:4	ἐν	PREP	PREP	1722	ἐν	ἐν	
Matt 9:4	ταῖς	T-DPF	T-DPF	3588	ὁ	ταῖς	
Matt 9:4	καρδίαις	N-DPF	N-DPF	2588	καρδία	καρδίαις	
Matt 9:4	ὑμῶν;	P-2GP	P-2GP	4771	σύ	ὑμῶν	
Matt 9:5	τί	I-NSN	I-NSN	5101	τίς	τί	
Matt 9:5	γάρ	CONJ	CONJ	1063	γάρ	γάρ	
Matt 9:5	ἐστιν	V-PAI-3S	V-PAI-3S	1510&5719	εἰμί	ἐστιν	
Matt 9:5	εὐκοπώτερον,	A-NSN-C	A-NSN-C	2123	εὔκοπος	εὐκοπώτερον	
Matt 9:5	εἰπεῖν	V-2AAN	V-2AAN	3004&5629	λέγω	εἰπεῖν	
Matt 9:5	Ἀφίενταί	V-PPI-3P	V-PEI-3P	863&5743	ἀφίημι	Ἀφίενται	
Matt 9:5	σου	P-2GS	P-2GS	4771	σύ	σου	
Matt 9:5	αἱ	T-NPF	T-NPF	3588	ὁ	αἱ	
Matt 9:5	ἁμαρτίαι,	N-NPF	N-NPF	266	ἁμαρτία	ἁμαρτίαι	
Matt 9:5	ἢ	PRT	PRT	2228	ἤ	ἤ	
Matt 9:5	εἰπεῖν	V-2AAN	V-2AAN	3004&5629	λέγω	εἰπεῖν	
Matt 9:5	Ἔγειρε	V-PAM-2S	V-PAM-2S	1453&5720	ἐγείρω	Ἔγειρε	
Matt 9:5	καὶ	CONJ	CONJ	2532	καί	καί	
Matt 9:5	περιπάτει;	V-PAM-2S	V-PAM-2S	4043&5720	περιπατέω	περιπάτει	
Matt 9:6	ἵνα	CONJ	CONJ	2443	ἵνα	ἵνα	
Matt 9:6	δὲ	CONJ	CONJ	1161	δέ	δέ	
Matt 9:6	εἰδῆτε	V-RAS-2P	V-RAS-2P	1492&5762	οἶδα	εἰδῆτε	
Matt 9:6	ὅτι	CONJ	CONJ	3754	ὅτι	ὅτι	
Matt 9:6	ἐξουσίαν	N-ASF	N-ASF	1849	ἐξουσία	ἐξουσίαν	
Matt 9:6	ἔχει	V-PAI-3S	V-PAI-3S	2192&5719	ἔχω	ἔχει	
Matt 9:6	ὁ	T-NSM	T-NSM	3588	ὁ	ὁ	
Matt 9:6	Υἱὸς	N-NSM	N-NSM	5207	υἱός	Υἱός	
Matt 9:6	τοῦ	T-GSM	T-GSM	3588	ὁ	τοῦ	
Matt 9:6	ἀνθρώπου	N-GSM	N-GSM	444	ἄνθρωπος	ἀνθρώπου	
Matt 9:6	ἐπὶ	PREP	PREP	1909	ἐπί	ἐπί	
Matt 9:6	τῆς	T-GSF	T-GSF	3588	ὁ	τῆς	
Matt 9:6	γῆς	N-GSF	N-GSF	1093	γῆ	γῆς	
Matt 9:6	ἀφιέναι	V-PAN	V-PAN	863&5721	ἀφίημι	ἀφιέναι	
Matt 9:6	ἁμαρτίας—	N-APF	N-APF	266	ἁμαρτία	ἁμαρτίας	
Matt 9:6	τότε	ADV	ADV	5119	τότε	τότε	
Matt 9:6	λέγει	V-PAI-3S	V-PAI-3S	3004&5719	λέγω	λέγει	
Matt 9:6	τῷ	T-DSM	T-DSM	3588	ὁ	τῷ	
Matt 9:6	παραλυτικῷ	A-DSM	A-DSM	3885	παραλυτικός	παραλυτικῷ	
Matt 9:6	Ἔγειρε	V-PAM-2S	V-PAM-2S	1453&5720	ἐγείρω	Ἔγειρε	
Matt 9:6	ἆρόν	V-AAM-2S	V-AAM-2S	142&5657	αἴρω	ἆρον	
Matt 9:6	σου	P-2GS	P-2GS	4771	σύ	σου	
Matt 9:6	τὴν	T-ASF	T-ASF	3588	ὁ	τήν	
Matt 9:6	κλίνην	N-ASF	N-ASF	2825	κλίνη	κλίνην	
Matt 9:6	καὶ	CONJ	CONJ	2532	καί	καί	
Matt 9:6	ὕπαγε	V-PAM-2S	V-PAM-2S	5217&5720	ὑπάγω	ὕπαγε	
Matt 9:6	εἰς	PREP	PREP	1519	εἰς	εἰς	
Matt 9:6	τὸν	T-ASM	T-ASM	3588	ὁ	τόν	
Matt 9:6	οἶκόν	N-ASM	N-ASM	3624	οἶκος	οἶκον	
Matt 9:6	σου.	P-2GS	P-2GS	4771	σύ	σου	
Matt 9:7	καὶ	CONJ	CONJ	2532	καί	καί	
Matt 9:7	ἐγερθεὶς	V-APP-NSM	V-APP-NSM	1453&5685	ἐγείρω	ἐγερθείς	
Matt 9:7	ἀπῆλθεν	V-2AAI-3S	V-2AAI-3S	565&5627	ἀπέρχομαι	ἀπῆλθεν	
Matt 9:7	εἰς	PREP	PREP	1519	εἰς	εἰς	
Matt 9:7	τὸν	T-ASM	T-ASM	3588	ὁ	τόν	
Matt 9:7	οἶκον	N-ASM	N-ASM	3624	οἶκος	οἶκον	
Matt 9:7	αὐτοῦ.	P-GSM	P-GSM	846	αὐτός	αὐτοῦ	
Matt 9:8	ἰδόντες	V-2AAP-NPM	V-2AAP-NPM	3708&5631	ὁράω	ἰδόντες	
Matt 9:8	δὲ	CONJ	CONJ	1161	δέ	δέ	
Matt 9:8	οἱ	T-NPM	T-NPM	3588	ὁ	οἱ	
Matt 9:8	ὄχλοι	N-NPM	N-NPM	3793	ὄχλος	ὄχλοι	
Matt 9:8	ἐφοβήθησαν	V-AOI-3P	V-AOI-3P	5399&5675	φοβέω	ἐφοβήθησαν	
Matt 9:8	καὶ	CONJ	CONJ	2532	καί	καί	
Matt 9:8	ἐδόξασαν	V-AAI-3P	V-AAI-3P	1392&5656	δοξάζω	ἐδόξασαν	
Matt 9:8	τὸν	T-ASM	T-ASM	3588	ὁ	τόν	
Matt 9:8	Θεὸν	N-ASM	N-ASM	2316	θεός	Θεόν	
Matt 9:8	τὸν	T-ASM	T-ASM	3588	ὁ	τόν	
Matt 9:8	δόντα	V-2AAP-ASM	V-2AAP-ASM	1325&5631	δίδωμι	δόντα	
Matt 9:8	ἐξουσίαν	N-ASF	N-ASF	1849	ἐξουσία	ἐξουσίαν	
Matt 9:8	τοιαύτην	D-ASF	D-ASF	5108	τοιοῦτος	τοιαύτην	
Matt 9:8	τοῖς	T-DPM	T-DPM	3588	ὁ	τοῖς	
Matt 9:8	ἀνθρώποις.	N-DPM	N-DPM	444	ἄνθρωπος	ἀνθρώποις	
Matt 9:9	Καὶ	CONJ	CONJ	2532	καί	Καί	
Matt 9:9	παράγων	V-PAP-NSM	V-PAP-NSM	3855&5723	παράγω	παράγων	
Matt 9:9	ὁ	T-NSM	T-NSM	3588	ὁ	ὁ	
Matt 9:9	Ἰησοῦς	N-NSM	N-NSM	2424	Ἰησοῦς	Ἰησοῦς	
Matt 9:9	ἐκεῖθεν	ADV	ADV	1564	ἐκεῖθεν	ἐκεῖθεν	
Matt 9:9	εἶδεν	V-2AAI-3S	V-2AAI-3S	3708&5627	ὁράω	εἶδεν	
Matt 9:9	ἄνθρωπον	N-ASM	N-ASM	444	ἄνθρωπος	ἄνθρωπον	
Matt 9:9	καθήμενον	V-PNP-ASM	V-PNP-ASM	2521&5740	κάθημαι	καθήμενον	
Matt 9:9	ἐπὶ	PREP	PREP	1909	ἐπί	ἐπί	
Matt 9:9	τὸ	T-ASN	T-ASN	3588	ὁ	τό	
Matt 9:9	τελώνιον,	N-ASN	N-ASN	5058	τελώνιον	τελώνιον	
Matt 9:9	Μαθθαῖον	N-ASM	N-ASM	3156	Μαθθαῖος	Μαθθαῖον	
Matt 9:9	λεγόμενον,	V-PPP-ASM	V-PEP-ASM	3004&5746	λέγω	λεγόμενον	
Matt 9:9	καὶ	CONJ	CONJ	2532	καί	καί	
Matt 9:9	λέγει	V-PAI-3S	V-PAI-3S	3004&5719	λέγω	λέγει	
Matt 9:9	αὐτῷ	P-DSM	P-DSM	846	αὐτός	αὐτῷ	
Matt 9:9	Ἀκολούθει	V-PAM-2S	V-PAM-2S	190&5720	ἀκολουθέω	Ἀκολούθει	
Matt 9:9	μοι.	P-1DS	P-1DS	1473	ἐγώ	μοι	
Matt 9:9	καὶ	CONJ	CONJ	2532	καί	καί	
Matt 9:9	ἀναστὰς	V-2AAP-NSM	V-2AAP-NSM	450&5631	ἀνίστημι	ἀναστάς	
Matt 9:9	ἠκολούθησεν	V-AAI-3S	V-AAI-3S	190&5656	ἀκολουθέω	ἠκολούθησεν	
Matt 9:9	αὐτῷ.	P-DSM	P-DSM	846	αὐτός	αὐτῷ	
Matt 9:10	Καὶ	CONJ	CONJ	2532	καί	Καί	
Matt 9:10	ἐγένετο	V-2ADI-3S	V-2ADI-3S	1096&5633	γίνομαι	ἐγένετο	
Matt 9:10	αὐτοῦ	P-GSM	P-GSM	846	αὐτός	αὐτοῦ	
Matt 9:10	ἀνακειμένου	V-PNP-GSM	V-PNP-GSM	345&5740	ἀνάκειμαι	ἀνακειμένου	
Matt 9:10	ἐν	PREP	PREP	1722	ἐν	ἐν	
Matt 9:10	τῇ	T-DSF	T-DSF	3588	ὁ	τῇ	
Matt 9:10	οἰκίᾳ,	N-DSF	N-DSF	3614	οἰκία	οἰκίᾳ	
Matt 9:10	καὶ	CONJ	CONJ	2532	καί	καί	
Matt 9:10	ἰδοὺ	V-2AMM-2S	V-2AMM-2S	3708&5640	ὁράω	ἰδού	
Matt 9:10	πολλοὶ	A-NPM	A-NPM	4183	πολύς	πολλοί	
Matt 9:10	τελῶναι	N-NPM	N-NPM	5057	τελώνης	τελῶναι	
Matt 9:10	καὶ	CONJ	CONJ	2532	καί	καί	
Matt 9:10	ἁμαρτωλοὶ	A-NPM	A-NPM	268	ἁμαρτωλός	ἁμαρτωλοί	
Matt 9:10	ἐλθόντες	V-2AAP-NPM	V-2AAP-NPM	2064&5631	ἔρχομαι	ἐλθόντες	
Matt 9:10	συνανέκειντο	V-INI-3P	V-INI-3P	4873&5711	συνανάκειμαι	συνανέκειντο	
Matt 9:10	τῷ	T-DSM	T-DSM	3588	ὁ	τῷ	
Matt 9:10	Ἰησοῦ	N-DSM	N-DSM	2424	Ἰησοῦς	Ἰησοῦ	
Matt 9:10	καὶ	CONJ	CONJ	2532	καί	καί	
Matt 9:10	τοῖς	T-DPM	T-DPM	3588	ὁ	τοῖς	
Matt 9:10	μαθηταῖς	N-DPM	N-DPM	3101	μαθητής	μαθηταῖς	
Matt 9:10	αὐτοῦ.	P-GSM	P-GSM	846	αὐτός	αὐτοῦ	
Matt 9:11	καὶ	CONJ	CONJ	2532	καί	καί	
Matt 9:11	ἰδόντες	V-2AAP-NPM	V-2AAP-NPM	3708&5631	ὁράω	ἰδόντες	
Matt 9:11	οἱ	T-NPM	T-NPM	3588	ὁ	οἱ	
Matt 9:11	Φαρισαῖοι	N-NPM	N-NPM	5330	Φαρισαῖος	Φαρισαῖοι	
Matt 9:11	ἔλεγον	V-IAI-3P	V-IAI-3P	3004&5707	λέγω	ἔλεγον	
Matt 9:11	τοῖς	T-DPM	T-DPM	3588	ὁ	τοῖς	
Matt 9:11	μαθηταῖς	N-DPM	N-DPM	3101	μαθητής	μαθηταῖς	
Matt 9:11	αὐτοῦ	P-GSM	P-GSM	846	αὐτός	αὐτοῦ	
Matt 9:11	Διὰ	PREP	PREP	1223	διά	Διά	
Matt 9:11	τί	I-ASN	I-ASN	5101	τίς	τί	
Matt 9:11	μετὰ	PREP	PREP	3326	μετά	μετά	
Matt 9:11	τῶν	T-GPM	T-GPM	3588	ὁ	τῶν	
Matt 9:11	τελωνῶν	N-GPM	N-GPM	5057	τελώνης	τελωνῶν	
Matt 9:11	καὶ	CONJ	CONJ	2532	καί	καί	
Matt 9:11	ἁμαρτωλῶν	A-GPM	A-GPM	268	ἁμαρτωλός	ἁμαρτωλῶν	
Matt 9:11	ἐσθίει	V-PAI-3S	V-PAI-3S	2068&5719	ἐσθίω	ἐσθίει	
Matt 9:11	ὁ	T-NSM	T-NSM	3588	ὁ	ὁ	
Matt 9:11	διδάσκαλος	N-NSM	N-NSM	1320	διδάσκαλος	διδάσκαλος	
Matt 9:11	ὑμῶν;	P-2GP	P-2GP	4771	σύ	ὑμῶν	
Matt 9:12	ὁ	T-NSM	T-NSM	3588	ὁ	ὁ	
Matt 9:12	δὲ	CONJ	CONJ	1161	δέ	δέ	
Matt 9:12	ἀκούσας	V-AAP-NSM	V-AAP-NSM	191&5660	ἀκούω	ἀκούσας	
Matt 9:12	εἶπεν	V-2AAI-3S	V-2AAI-3S	3004&5627	λέγω	εἶπεν	
Matt 9:12	Οὐ	PRT-N	PRT-N	3756	οὐ	Οὐ	
Matt 9:12	χρείαν	N-ASF	N-ASF	5532	χρεία	χρείαν	
Matt 9:12	ἔχουσιν	V-PAI-3P	V-PAI-3P	2192&5719	ἔχω	ἔχουσιν	
Matt 9:12	οἱ	T-NPM	T-NPM	3588	ὁ	οἱ	
Matt 9:12	ἰσχύοντες	V-PAP-NPM	V-PAP-NPM	2480&5723	ἰσχύω	ἰσχύοντες	
Matt 9:12	ἰατροῦ	N-GSM	N-GSM	2395	ἰατρός	ἰατροῦ	
Matt 9:12	ἀλλ’	CONJ	CONJ	235	ἀλλά	ἀλλ’	
Matt 9:12	οἱ	T-NPM	T-NPM	3588	ὁ	οἱ	
Matt 9:12	κακῶς	ADV	ADV	2560	κακῶς	κακῶς	
Matt 9:12	ἔχοντες.	V-PAP-NPM	V-PAP-NPM	2192&5723	ἔχω	ἔχοντες	
Matt 9:13	πορευθέντες	V-AOP-NPM	V-AOP-NPM	4198&5679	πορεύομαι	πορευθέντες	
Matt 9:13	δὲ	CONJ	CONJ	1161	δέ	δέ	
Matt 9:13	μάθετε	V-2AAM-2P	V-2AAM-2P	3129&5628	μανθάνω	μάθετε	
Matt 9:13	τί	I-NSN	I-NSN	5101	τίς	τί	
Matt 9:13	ἐστιν	V-PAI-3S	V-PAI-3S	1510&5719	εἰμί	ἐστιν	
Matt 9:13	Ἔλεος	N-ASN	N-ASN	1656	ἔλεος	Ἔλεος	
Matt 9:13	θέλω	V-PAI-1S	V-PAI-1S	2309&5719	θέλω	θέλω	
Matt 9:13	καὶ	CONJ	CONJ	2532	καί	καί	
Matt 9:13	οὐ	PRT-N	PRT-N	3756	οὐ	οὐ	
Matt 9:13	θυσίαν·	N-ASF	N-ASF	2378	θυσία	θυσίαν	
Matt 9:13	οὐ	PRT-N	PRT-N	3756	οὐ	οὐ	
Matt 9:13	γὰρ	CONJ	CONJ	1063	γάρ	γάρ	
Matt 9:13	ἦλθον	V-2AAI-1S	V-2AAI-1S	2064&5627	ἔρχομαι	ἦλθον	
Matt 9:13	καλέσαι	V-AAN	V-AAN	2564&5658	καλέω	καλέσαι	
Matt 9:13	δικαίους	A-APM	A-APM	1342	δίκαιος	δικαίους	
Matt 9:13	ἀλλὰ	CONJ	CONJ	235	ἀλλά	ἀλλά	
Matt 9:13	ἁμαρτωλούς.	A-APM	A-APM	268	ἁμαρτωλός	ἁμαρτωλούς	
Matt 9:14	Τότε	ADV	ADV	5119	τότε	Τότε	
Matt 9:14	προσέρχονται	V-PNI-3P	V-PNI-3P	4334&5736	προσέρχομαι	προσέρχονται	
Matt 9:14	αὐτῷ	P-DSM	P-DSM	846	αὐτός	αὐτῷ	
Matt 9:14	οἱ	T-NPM	T-NPM	3588	ὁ	οἱ	
Matt 9:14	μαθηταὶ	N-NPM	N-NPM	3101	μαθητής	μαθηταί	
Matt 9:14	Ἰωάνου	N-GSM	N-GSM	2491	Ἰωάννης	Ἰωάνου	
Matt 9:14	λέγοντες	V-PAP-NPM	V-PAP-NPM	3004&5723	λέγω	λέγοντες	
Matt 9:14	Διὰ	PREP	PREP	1223	διά	Διά	
Matt 9:14	τί	I-ASN	I-ASN	5101	τίς	τί	
Matt 9:14	ἡμεῖς	P-1NP	P-1NP	1473	ἐγώ	ἡμεῖς	
Matt 9:14	καὶ	CONJ	CONJ	2532	καί	καί	
Matt 9:14	οἱ	T-NPM	T-NPM	3588	ὁ	οἱ	
Matt 9:14	Φαρισαῖοι	N-NPM	N-NPM	5330	Φαρισαῖος	Φαρισαῖοι	
Matt 9:14	νηστεύομεν,	V-PAI-1P	V-PAI-1P	3522&5719	νηστεύω	νηστεύομεν	
Matt 9:14	οἱ	T-NPM	T-NPM	3588	ὁ	οἱ	
Matt 9:14	δὲ	CONJ	CONJ	1161	δέ	δέ	
Matt 9:14	μαθηταί	N-NPM	N-NPM	3101	μαθητής	μαθηταί	
Matt 9:14	σου	P-2GS	P-2GS	4771	σύ	σου	
Matt 9:14	οὐ	PRT-N	PRT-N	3756	οὐ	οὐ	
Matt 9:14	νηστεύουσιν;	V-PAI-3P	V-PAI-3P	3522&5719	νηστεύω	νηστεύουσιν	
Matt 9:15	καὶ	CONJ	CONJ	2532	καί	καί	
Matt 9:15	εἶπεν	V-2AAI-3S	V-2AAI-3S	3004&5627	λέγω	εἶπεν	
Matt 9:15	αὐτοῖς	P-DPM	P-DPM	846	αὐτός	αὐτοῖς	
Matt 9:15	ὁ	T-NSM	T-NSM	3588	ὁ	ὁ	
Matt 9:15	Ἰησοῦς	N-NSM	N-NSM	2424	Ἰησοῦς	Ἰησοῦς	
Matt 9:15	Μὴ	PRT-N	PRT-N	3361	μή	Μή	
Matt 9:15	δύνανται	V-PNI-3P	V-PNI-3P	1410&5736	δύναμαι	δύνανται	
Matt 9:15	οἱ	T-NPM	T-NPM	3588	ὁ	οἱ	
Matt 9:15	υἱοὶ	N-NPM	N-NPM	5207	υἱός	υἱοί	
Matt 9:15	τοῦ	T-GSM	T-GSM	3588	ὁ	τοῦ	
Matt 9:15	νυμφῶνος	N-GSM	N-GSM	3567	νυμφών	νυμφῶνος	
Matt 9:15	πενθεῖν	V-PAN	V-PAN	3996&5721	πενθέω	πενθεῖν	
Matt 9:15	ἐφ’	PREP	PREP	1909	ἐπί	ἐφ’	
Matt 9:15	ὅσον	K-ASM	K-ASM	3745	ὅσος	ὅσον	
Matt 9:15	μετ’	PREP	PREP	3326	μετά	μετ’	
Matt 9:15	αὐτῶν	P-GPM	P-GPM	846	αὐτός	αὐτῶν	
Matt 9:15	ἐστιν	V-PAI-3S	V-PAI-3S	1510	εἰμί	ἐστιν	
Matt 9:15	ὁ	T-NSM	T-NSM	3588	ὁ	ὁ	
Matt 9:15	νυμφίος;	N-NSM	N-NSM	3566	νυμφίος	νυμφίος	
Matt 9:15	ἐλεύσονται	V-FDI-3P	V-FDI-3P	2064&5695	ἔρχομαι	ἐλεύσονται	
Matt 9:15	δὲ	CONJ	CONJ	1161	δέ	δέ	
Matt 9:15	ἡμέραι	N-NPF	N-NPF	2250	ἡμέρα	ἡμέραι	
Matt 9:15	ὅταν	CONJ	CONJ	3752	ὅταν	ὅταν	
Matt 9:15	ἀπαρθῇ	V-APS-3S	V-APS-3S	522&5686	ἀπαίρω	ἀπαρθῇ	
Matt 9:15	ἀπ’	PREP	PREP	575	ἀπό	ἀπ’	
Matt 9:15	αὐτῶν	P-GPM	P-GPM	846	αὐτός	αὐτῶν	
Matt 9:15	ὁ	T-NSM	T-NSM	3588	ὁ	ὁ	
Matt 9:15	νυμφίος,	N-NSM	N-NSM	3566	νυμφίος	νυμφίος	
Matt 9:15	καὶ	CONJ	CONJ	2532	καί	καί	
Matt 9:15	τότε	ADV	ADV	5119	τότε	τότε	
Matt 9:15	νηστεύσουσιν.	V-FAI-3P	V-FAI-3P	3522&5692	νηστεύω	νηστεύσουσιν	
Matt 9:16	οὐδεὶς	A-NSM-N	A-NSM-N	3762	οὐδείς	οὐδείς	
Matt 9:16	δὲ	CONJ	CONJ	1161	δέ	δέ	
Matt 9:16	ἐπιβάλλει	V-PAI-3S	V-PAI-3S	1911&5719	ἐπιβάλλω	ἐπιβάλλει	
Matt 9:16	ἐπίβλημα	N-ASN	N-ASN	1915	ἐπίβλημα	ἐπίβλημα	
Matt 9:16	ῥάκους	N-GSN	N-GSN	4470	ῥάκος	ῥάκους	
Matt 9:16	ἀγνάφου	A-GSN	A-GSN	46	ἄγναφος	ἀγνάφου	
Matt 9:16	ἐπὶ	PREP	PREP	1909	ἐπί	ἐπί	
Matt 9:16	ἱματίῳ	N-DSN	N-DSN	2440	ἱμάτιον	ἱματίῳ	
Matt 9:16	παλαιῷ·	A-DSN	A-DSN	3820	παλαιός	παλαιῷ	
Matt 9:16	αἴρει	V-PAI-3S	V-PAI-3S	142&5719	αἴρω	αἴρει	
Matt 9:16	γὰρ	CONJ	CONJ	1063	γάρ	γάρ	
Matt 9:16	τὸ	T-NSN	T-NSN	3588	ὁ	τό	
Matt 9:16	πλήρωμα	N-NSN	N-NSN	4138	πλήρωμα	πλήρωμα	
Matt 9:16	αὐτοῦ	P-GSN	P-GSN	846	αὐτός	αὐτοῦ	
Matt 9:16	ἀπὸ	PREP	PREP	575	ἀπό	ἀπό	
Matt 9:16	τοῦ	T-GSN	T-GSN	3588	ὁ	τοῦ	
Matt 9:16	ἱματίου,	N-GSN	N-GSN	2440	ἱμάτιον	ἱματίου	
Matt 9:16	καὶ	CONJ	CONJ	2532	καί	καί	
Matt 9:16	χεῖρον	A-NSN	A-NSN	5501	χείρων	χεῖρον	
Matt 9:16	σχίσμα	N-NSN	N-NSN	4978	σχίσμα	σχίσμα	
Matt 9:16	γίνεται.	V-PNI-3S	V-PNI-3S	1096&5736	γίνομαι	γίνεται	
Matt 9:17	οὐδὲ	CONJ-N	CONJ-N	3761	οὐδέ	οὐδέ	
Matt 9:17	βάλλουσιν	V-PAI-3P	V-PAI-3P	906&5719	βάλλω	βάλλουσιν	
Matt 9:17	οἶνον	N-ASM	N-ASM	3631	οἶνος	οἶνον	
Matt 9:17	νέον	A-ASM	A-ASM	3501	νέος	νέον	
Matt 9:17	εἰς	PREP	PREP	1519	εἰς	εἰς	
Matt 9:17	ἀσκοὺς	N-APM	N-APM	779	ἀσκός	ἀσκούς	
Matt 9:17	παλαιούς·	A-APM	A-APM	3820	παλαιός	παλαιούς	
Matt 9:17	εἰ	COND	COND	1487	εἰ	εἰ	
Matt 9:17	δὲ	CONJ	CONJ	1161	δέ	δέ	
Matt 9:17	μήγε,	PRT-N	PRT-N	1490	εἰ δὲ μή	μήγε	
Matt 9:17	ῥήγνυνται	V-PPI-3P	V-PEI-3P	4486&5743	ῥήγνυμι	ῥήγνυνται	
Matt 9:17	οἱ	T-NPM	T-NPM	3588	ὁ	οἱ	
Matt 9:17	ἀσκοί,	N-NPM	N-NPM	779	ἀσκός	ἀσκοί	
Matt 9:17	καὶ	CONJ	CONJ	2532	καί	καί	
Matt 9:17	ὁ	T-NSM	T-NSM	3588	ὁ	ὁ	
Matt 9:17	οἶνος	N-NSM	N-NSM	3631	οἶνος	οἶνος	
Matt 9:17	ἐκχεῖται	V-PPI-3S	V-PEI-3S	1632&5743	ἐκχέω	ἐκχεῖται	
Matt 9:17	καὶ	CONJ	CONJ	2532	καί	καί	
Matt 9:17	οἱ	T-NPM	T-NPM	3588	ὁ	οἱ	
Matt 9:17	ἀσκοὶ	N-NPM	N-NPM	779	ἀσκός	ἀσκοί	
Matt 9:17	ἀπόλλυνται·	V-PPI-3P	V-PEI-3P	622&5743	ἀπόλλυμι	ἀπόλλυνται	
Matt 9:17	ἀλλὰ	CONJ	CONJ	235	ἀλλά	ἀλλά	
Matt 9:17	βάλλουσιν	V-PAI-3P	V-PAI-3P	906&5719	βάλλω	βάλλουσιν	
Matt 9:17	οἶνον	N-ASM	N-ASM	3631	οἶνος	οἶνον	
Matt 9:17	νέον	A-ASM	A-ASM	3501	νέος	νέον	
Matt 9:17	εἰς	PREP	PREP	1519	εἰς	εἰς	
Matt 9:17	ἀσκοὺς	N-APM	N-APM	779	ἀσκός	ἀσκούς	
Matt 9:17	καινούς,	A-APM	A-APM	2537	καινός	καινούς	
Matt 9:17	καὶ	CONJ	CONJ	2532	καί	καί	
Matt 9:17	ἀμφότεροι	A-NPM	A-NPM	297	ἀμφότεροι	ἀμφότεροι	
Matt 9:17	συντηροῦνται.	V-PPI-3P	V-PEI-3P	4933&5743	συντηρέω	συντηροῦνται	
Matt 9:18	Ταῦτα	D-APN	D-APN	3778	οὗτος	Ταῦτα	
Matt 9:18	αὐτοῦ	P-GSM	P-GSM	846	αὐτός	αὐτοῦ	
Matt 9:18	λαλοῦντος	V-PAP-GSM	V-PAP-GSM	2980&5723	λαλέω	λαλοῦντος	
Matt 9:18	αὐτοῖς	P-DPM	P-DPM	846	αὐτός	αὐτοῖς	
Matt 9:18	ἰδοὺ	V-2AMM-2S	V-2AMM-2S	3708&5640	ὁράω	ἰδού	
Matt 9:18	ἄρχων	N-NSM	N-NSM	758	ἄρχων	ἄρχων	
Matt 9:18	εἷς	A-NSM	A-NSM	1520	εἷς	εἷς	
Matt 9:18	προσελθὼν	V-2AAP-NSM	V-2AAP-NSM	4334&5631	προσέρχομαι	προσελθών	
Matt 9:18	προσεκύνει	V-IAI-3S	V-IAI-3S	4352&5707	προσκυνέω	προσεκύνει	
Matt 9:18	αὐτῷ	P-DSM	P-DSM	846	αὐτός	αὐτῷ	
Matt 9:18	λέγων	V-PAP-NSM	V-PAP-NSM	3004&5723	λέγω	λέγων	
Matt 9:18	ὅτι	CONJ	CONJ	3754	ὅτι	ὅτι	
Matt 9:18	Ἡ	T-NSF	T-NSF	3588	ὁ	Ἡ	
Matt 9:18	θυγάτηρ	N-NSF	N-NSF	2364	θυγάτηρ	θυγάτηρ	
Matt 9:18	μου	P-1GS	P-1GS	1473	ἐγώ	μου	
Matt 9:18	ἄρτι	ADV	ADV	737	ἄρτι	ἄρτι	
Matt 9:18	ἐτελεύτησεν·	V-AAI-3S	V-AAI-3S	5053&5656	τελευτάω	ἐτελεύτησεν	
Matt 9:18	ἀλλὰ	CONJ	CONJ	235	ἀλλά	ἀλλά	
Matt 9:18	ἐλθὼν	V-2AAP-NSM	V-2AAP-NSM	2064&5631	ἔρχομαι	ἐλθών	
Matt 9:18	ἐπίθες	V-2AAM-2S	V-2AAM-2S	2007&5628	ἐπιτίθημι	ἐπίθες	
Matt 9:18	τὴν	T-ASF	T-ASF	3588	ὁ	τήν	
Matt 9:18	χεῖρά	N-ASF	N-ASF	5495	χείρ	χεῖρα	
Matt 9:18	σου	P-2GS	P-2GS	4771	σύ	σου	
Matt 9:18	ἐπ’	PREP	PREP	1909	ἐπί	ἐπ’	
Matt 9:18	αὐτήν,	P-ASF	P-ASF	846	αὐτός	αὐτήν	
Matt 9:18	καὶ	CONJ	CONJ	2532	καί	καί	
Matt 9:18	ζήσεται.	V-FDI-3S	V-FDI-3S	2198&5695	ζάω	ζήσεται	
Matt 9:19	καὶ	CONJ	CONJ	2532	καί	καί	
Matt 9:19	ἐγερθεὶς	V-APP-NSM	V-APP-NSM	1453&5685	ἐγείρω	ἐγερθείς	
Matt 9:19	ὁ	T-NSM	T-NSM	3588	ὁ	ὁ	
Matt 9:19	Ἰησοῦς	N-NSM	N-NSM	2424	Ἰησοῦς	Ἰησοῦς	
Matt 9:19	ἠκολούθει	V-IAI-3S	V-IAI-3S	190&5707	ἀκολουθέω	ἠκολούθει	
Matt 9:19	αὐτῷ	P-DSM	P-DSM	846	αὐτός	αὐτῷ	
Matt 9:19	καὶ	CONJ	CONJ	2532	καί	καί	
Matt 9:19	οἱ	T-NPM	T-NPM	3588	ὁ	οἱ	
Matt 9:19	μαθηταὶ	N-NPM	N-NPM	3101	μαθητής	μαθηταί	
Matt 9:19	αὐτοῦ.	P-GSM	P-GSM	846	αὐτός	αὐτοῦ	
Matt 9:20	Καὶ	CONJ	CONJ	2532	καί	Καί	
Matt 9:20	ἰδοὺ	V-2AMM-2S	V-2AMM-2S	3708&5640	ὁράω	ἰδού	
Matt 9:20	γυνὴ	N-NSF	N-NSF	1135	γυνή	γυνή	
Matt 9:20	αἱμορροοῦσα	V-PAP-NSF	V-PAP-NSF	131&5723	αἱμορροέω	αἱμορροοῦσα	
Matt 9:20	δώδεκα	A-NUI	A-NUI	1427	δώδεκα	δώδεκα	
Matt 9:20	ἔτη	N-APN	N-APN	2094	ἔτος	ἔτη	
Matt 9:20	προσελθοῦσα	V-2AAP-NSF	V-2AAP-NSF	4334&5631	προσέρχομαι	προσελθοῦσα	
Matt 9:20	ὄπισθεν	ADV	ADV	3693	ὄπισθεν	ὄπισθεν	
Matt 9:20	ἥψατο	V-ADI-3S	V-ADI-3S	680&5662	ἅπτω	ἥψατο	
Matt 9:20	τοῦ	T-GSN	T-GSN	3588	ὁ	τοῦ	
Matt 9:20	κρασπέδου	N-GSN	N-GSN	2899	κράσπεδον	κρασπέδου	
Matt 9:20	τοῦ	T-GSN	T-GSN	3588	ὁ	τοῦ	
Matt 9:20	ἱματίου	N-GSN	N-GSN	2440	ἱμάτιον	ἱματίου	
Matt 9:20	αὐτοῦ·	P-GSM	P-GSM	846	αὐτός	αὐτοῦ	
Matt 9:21	ἔλεγεν	V-IAI-3S	V-IAI-3S	3004&5707	λέγω	ἔλεγεν	
Matt 9:21	γὰρ	CONJ	CONJ	1063	γάρ	γάρ	
Matt 9:21	ἐν	PREP	PREP	1722	ἐν	ἐν	
Matt 9:21	ἑαυτῇ	F-3DSF	F-3DSF	1438	ἑαυτοῦ	ἑαυτῇ	
Matt 9:21	Ἐὰν	COND	COND	1437	ἐάν	Ἐάν	
Matt 9:21	μόνον	ADV	ADV	3440	μόνος	μόνον	
Matt 9:21	ἅψωμαι	V-AMS-1S	V-AMS-1S	680&5672	ἅπτω	ἅψωμαι	
Matt 9:21	τοῦ	T-GSN	T-GSN	3588	ὁ	τοῦ	
Matt 9:21	ἱματίου	N-GSN	N-GSN	2440	ἱμάτιον	ἱματίου	
Matt 9:21	αὐτοῦ	P-GSM	P-GSM	846	αὐτός	αὐτοῦ	
Matt 9:21	σωθήσομαι.	V-FPI-1S	V-FPI-1S	4982&5701	σῴζω	σωθήσομαι	
Matt 9:22	ὁ	T-NSM	T-NSM	3588	ὁ	ὁ	
Matt 9:22	δὲ	CONJ	CONJ	1161	δέ	δέ	
Matt 9:22	Ἰησοῦς	N-NSM	N-NSM	2424	Ἰησοῦς	Ἰησοῦς	
Matt 9:22	στραφεὶς	V-2APP-NSM	V-2APP-NSM	4762&5651	στρέφω	στραφείς	
Matt 9:22	καὶ	CONJ	CONJ	2532	καί	καί	
Matt 9:22	ἰδὼν	V-2AAP-NSM	V-2AAP-NSM	3708&5631	ὁράω	ἰδών	
Matt 9:22	αὐτὴν	P-ASF	P-ASF	846	αὐτός	αὐτήν	
Matt 9:22	εἶπεν	V-2AAI-3S	V-2AAI-3S	3004&5627	λέγω	εἶπεν	
Matt 9:22	Θάρσει,	V-PAM-2S	V-PAM-2S	2293&5720	θαρσέω	Θάρσει	
Matt 9:22	θύγατερ·	N-VSF	N-VSF	2364	θυγάτηρ	θύγατερ	
Matt 9:22	ἡ	T-NSF	T-NSF	3588	ὁ	ἡ	
Matt 9:22	πίστις	N-NSF	N-NSF	4102	πίστις	πίστις	
Matt 9:22	σου	P-2GS	P-2GS	4771	σύ	σου	
Matt 9:22	σέσωκέν	V-RAI-3S	V-RAI-3S	4982&5758	σῴζω	σέσωκεν	
Matt 9:22	σε.	P-2AS	P-2AS	4771	σύ	σε	
Matt 9:22	καὶ	CONJ	CONJ	2532	καί	καί	
Matt 9:22	ἐσώθη	V-API-3S	V-API-3S	4982&5681	σῴζω	ἐσώθη	
Matt 9:22	ἡ	T-NSF	T-NSF	3588	ὁ	ἡ	
Matt 9:22	γυνὴ	N-NSF	N-NSF	1135	γυνή	γυνή	
Matt 9:22	ἀπὸ	PREP	PREP	575	ἀπό	ἀπό	
Matt 9:22	τῆς	T-GSF	T-GSF	3588	ὁ	τῆς	
Matt 9:22	ὥρας	N-GSF	N-GSF	5610	ὥρα	ὥρας	
Matt 9:22	ἐκείνης.	D-GSF	D-GSF	1565	ἐκεῖνος	ἐκείνης	
Matt 9:23	καὶ	CONJ	CONJ	2532	καί	καί	
Matt 9:23	ἐλθὼν	V-2AAP-NSM	V-2AAP-NSM	2064&5631	ἔρχομαι	ἐλθών	
Matt 9:23	ὁ	T-NSM	T-NSM	3588	ὁ	ὁ	
Matt 9:23	Ἰησοῦς	N-NSM	N-NSM	2424	Ἰησοῦς	Ἰησοῦς	
Matt 9:23	εἰς	PREP	PREP	1519	εἰς	εἰς	
Matt 9:23	τὴν	T-ASF	T-ASF	3588	ὁ	τήν	
Matt 9:23	οἰκίαν	N-ASF	N-ASF	3614	οἰκία	οἰκίαν	
Matt 9:23	τοῦ	T-GSM	T-GSM	3588	ὁ	τοῦ	
Matt 9:23	ἄρχοντος	N-GSM	N-GSM	758	ἄρχων	ἄρχοντος	
Matt 9:23	καὶ	CONJ	CONJ	2532	καί	καί	
Matt 9:23	ἰδὼν	V-2AAP-NSM	V-2AAP-NSM	3708&5631	ὁράω	ἰδών	
Matt 9:23	τοὺς	T-APM	T-APM	3588	ὁ	τούς	
Matt 9:23	αὐλητὰς	N-APM	N-APM	834	αὐλητής	αὐλητάς	
Matt 9:23	καὶ	CONJ	CONJ	2532	καί	καί	
Matt 9:23	τὸν	T-ASM	T-ASM	3588	ὁ	τόν	
Matt 9:23	ὄχλον	N-ASM	N-ASM	3793	ὄχλος	ὄχλον	
Matt 9:23	θορυβούμενον	V-PPP-ASM	V-PEP-ASM	2350&5746	θορυβέω	θορυβούμενον	
Matt 9:24	ἔλεγεν·	V-IAI-3S	V-IAI-3S	3004&5707	λέγω	ἔλεγεν	
Matt 9:24	Ἀναχωρεῖτε·	V-PAM-2P	V-PAM-2P	402&5720	ἀναχωρέω	Ἀναχωρεῖτε	
Matt 9:24	οὐ	PRT-N	PRT-N	3756	οὐ	οὐ	
Matt 9:24	γὰρ	CONJ	CONJ	1063	γάρ	γάρ	
Matt 9:24	ἀπέθανεν	V-2AAI-3S	V-2AAI-3S	599&5627	ἀποθνῄσκω	ἀπέθανεν	
Matt 9:24	τὸ	T-NSN	T-NSN	3588	ὁ	τό	
Matt 9:24	κοράσιον	N-NSN	N-NSN	2877	κοράσιον	κοράσιον	
Matt 9:24	ἀλλὰ	CONJ	CONJ	235	ἀλλά	ἀλλά	
Matt 9:24	καθεύδει.	V-PAI-3S	V-PAI-3S	2518&5719	καθεύδω	καθεύδει	
Matt 9:24	καὶ	CONJ	CONJ	2532	καί	καί	
Matt 9:24	κατεγέλων	V-IAI-3P	V-IAI-3P	2606&5707	καταγελάω	κατεγέλων	
Matt 9:24	αὐτοῦ.	P-GSM	P-GSM	846	αὐτός	αὐτοῦ	
Matt 9:25	ὅτε	ADV	ADV	3753	ὅτε	ὅτε	
Matt 9:25	δὲ	CONJ	CONJ	1161	δέ	δέ	
Matt 9:25	ἐξεβλήθη	V-API-3S	V-API-3S	1544&5681	ἐκβάλλω	ἐξεβλήθη	
Matt 9:25	ὁ	T-NSM	T-NSM	3588	ὁ	ὁ	
Matt 9:25	ὄχλος,	N-NSM	N-NSM	3793	ὄχλος	ὄχλος	
Matt 9:25	εἰσελθὼν	V-2AAP-NSM	V-2AAP-NSM	1525&5631	εἰσέρχομαι	εἰσελθών	
Matt 9:25	ἐκράτησεν	V-AAI-3S	V-AAI-3S	2902&5656	κρατέω	ἐκράτησεν	
Matt 9:25	τῆς	T-GSF	T-GSF	3588	ὁ	τῆς	
Matt 9:25	χειρὸς	N-GSF	N-GSF	5495	χείρ	χειρός	
Matt 9:25	αὐτῆς,	P-GSF	P-GSF	846	αὐτός	αὐτῆς	
Matt 9:25	καὶ	CONJ	CONJ	2532	καί	καί	
Matt 9:25	ἠγέρθη	V-API-3S	V-API-3S	1453&5681	ἐγείρω	ἠγέρθη	
Matt 9:25	τὸ	T-NSN	T-NSN	3588	ὁ	τό	
Matt 9:25	κοράσιον.	N-NSN	N-NSN	2877	κοράσιον	κοράσιον	
Matt 9:26	καὶ	CONJ	CONJ	2532	καί	καί	
Matt 9:26	ἐξῆλθεν	V-2AAI-3S	V-2AAI-3S	1831&5627	ἐξέρχομαι	ἐξῆλθεν	
Matt 9:26	ἡ	T-NSF	T-NSF	3588	ὁ	ἡ	
Matt 9:26	φήμη	N-NSF	N-NSF	5345	φήμη	φήμη	
Matt 9:26	αὕτη	D-NSF	D-NSF	3778	οὗτος	αὕτη	
Matt 9:26	εἰς	PREP	PREP	1519	εἰς	εἰς	
Matt 9:26	ὅλην	A-ASF	A-ASF	3650	ὅλος	ὅλην	
Matt 9:26	τὴν	T-ASF	T-ASF	3588	ὁ	τήν	
Matt 9:26	γῆν	N-ASF	N-ASF	1093	γῆ	γῆν	
Matt 9:26	ἐκείνην.	D-ASF	D-ASF	1565	ἐκεῖνος	ἐκείνην	
Matt 9:27	Καὶ	CONJ	CONJ	2532	καί	Καί	
Matt 9:27	παράγοντι	V-PAP-DSM	V-PAP-DSM	3855&5723	παράγω	παράγοντι	
Matt 9:27	ἐκεῖθεν	ADV	ADV	1564	ἐκεῖθεν	ἐκεῖθεν	
Matt 9:27	τῷ	T-DSM	T-DSM	3588	ὁ	τῷ	
Matt 9:27	Ἰησοῦ	N-DSM	N-DSM	2424	Ἰησοῦς	Ἰησοῦ	
Matt 9:27	ἠκολούθησαν	V-AAI-3P	V-AAI-3P	190&5656	ἀκολουθέω	ἠκολούθησαν	
Matt 9:27	δύο	A-NUI	A-NUI	1417	δύο	δύο	
Matt 9:27	τυφλοὶ	A-NPM	A-NPM	5185	τυφλός	τυφλοί	
Matt 9:27	κράζοντες	V-PAP-NPM	V-PAP-NPM	2896&5723	κράζω	κράζοντες	
Matt 9:27	καὶ	CONJ	CONJ	2532	καί	καί	
Matt 9:27	λέγοντες	V-PAP-NPM	V-PAP-NPM	3004&5723	λέγω	λέγοντες	
Matt 9:27	Ἐλέησον	V-AAM-2S	V-AAM-2S	1653&5657	ἐλεέω	Ἐλέησον	
Matt 9:27	ἡμᾶς,	P-1AP	P-1AP	1473	ἐγώ	ἡμᾶς	
Matt 9:27	υἱὸς	N-NSM	N-NSM	5207	υἱός	υἱός	
Matt 9:27	Δαυείδ.	N-PRI	N-PRI	1138	Δαυίδ	Δαυείδ	
Matt 9:28	ἐλθόντι	V-2AAP-DSM	V-2AAP-DSM	2064&5631	ἔρχομαι	ἐλθόντι	
Matt 9:28	δὲ	CONJ	CONJ	1161	δέ	δέ	
Matt 9:28	εἰς	PREP	PREP	1519	εἰς	εἰς	
Matt 9:28	τὴν	T-ASF	T-ASF	3588	ὁ	τήν	
Matt 9:28	οἰκίαν	N-ASF	N-ASF	3614	οἰκία	οἰκίαν	
Matt 9:28	προσῆλθον	V-2AAI-3P	V-2AAI-3P	4334	προσέρχομαι	προσῆλθον	
Matt 9:28	αὐτῷ	P-DSM	P-DSM	846	αὐτός	αὐτῷ	
Matt 9:28	οἱ	T-NPM	T-NPM	3588	ὁ	οἱ	
Matt 9:28	τυφλοί,	A-NPM	A-NPM	5185	τυφλός	τυφλοί	
Matt 9:28	καὶ	CONJ	CONJ	2532	καί	καί	
Matt 9:28	λέγει	V-PAI-3S	V-PAI-3S	3004&5719	λέγω	λέγει	
Matt 9:28	αὐτοῖς	P-DPM	P-DPM	846	αὐτός	αὐτοῖς	
Matt 9:28	ὁ	T-NSM	T-NSM	3588	ὁ	ὁ	
Matt 9:28	Ἰησοῦς	N-NSM	N-NSM	2424	Ἰησοῦς	Ἰησοῦς	
Matt 9:28	Πιστεύετε	V-PAI-2P	V-PAI-2P	4100&5719	πιστεύω	Πιστεύετε	
Matt 9:28	ὅτι	CONJ	CONJ	3754	ὅτι	ὅτι	
Matt 9:28	δύναμαι	V-PNI-1S	V-PNI-1S	1410&5736	δύναμαι	δύναμαι	
Matt 9:28	τοῦτο	D-ASN	D-ASN	3778	οὗτος	τοῦτο	
Matt 9:28	ποιῆσαι;	V-AAN	V-AAN	4160&5658	ποιέω	ποιῆσαι	
Matt 9:28	λέγουσιν	V-PAI-3P	V-PAI-3P	3004&5719	λέγω	λέγουσιν	
Matt 9:28	αὐτῷ	P-DSM	P-DSM	846	αὐτός	αὐτῷ	
Matt 9:28	Ναί,	PRT	PRT	3483	ναί	Ναί	
Matt 9:28	Κύριε.	N-VSM	N-VSM	2962	κύριος	Κύριε	
Matt 9:29	τότε	ADV	ADV	5119	τότε	τότε	
Matt 9:29	ἥψατο	V-ADI-3S	V-ADI-3S	680&5662	ἅπτω	ἥψατο	
Matt 9:29	τῶν	T-GPM	T-GPM	3588	ὁ	τῶν	
Matt 9:29	ὀφθαλμῶν	N-GPM	N-GPM	3788	ὀφθαλμός	ὀφθαλμῶν	
Matt 9:29	αὐτῶν	P-GPM	P-GPM	846	αὐτός	αὐτῶν	
Matt 9:29	λέγων	V-PAP-NSM	V-PAP-NSM	3004&5723	λέγω	λέγων	
Matt 9:29	Κατὰ	PREP	PREP	2596	κατά	Κατά	
Matt 9:29	τὴν	T-ASF	T-ASF	3588	ὁ	τήν	
Matt 9:29	πίστιν	N-ASF	N-ASF	4102	πίστις	πίστιν	
Matt 9:29	ὑμῶν	P-2GP	P-2GP	4771	σύ	ὑμῶν	
Matt 9:29	γενηθήτω	V-AOM-3S	V-AOM-3S	1096&5676	γίνομαι	γενηθήτω	
Matt 9:29	ὑμῖν.	P-2DP	P-2DP	4771	σύ	ὑμῖν	
Matt 9:30	καὶ	CONJ	CONJ	2532	καί	καί	
Matt 9:30	ἠνεῴχθησαν	V-API-3P	V-API-3P	455&5681	ἀνοίγω	ἠνεῴχθησαν	
Matt 9:30	αὐτῶν	P-GPM	P-GPM	846	αὐτός	αὐτῶν	
Matt 9:30	οἱ	T-NPM	T-NPM	3588	ὁ	οἱ	
Matt 9:30	ὀφθαλμοί.	N-NPM	N-NPM	3788	ὀφθαλμός	ὀφθαλμοί	
Matt 9:30	καὶ	CONJ	CONJ	2532	καί	καί	
Matt 9:30	ἐνεβριμήθη	V-AOI-3S	V-AOI-3S	1690&5675	ἐμβριμάομαι	ἐνεβριμήθη	
Matt 9:30	αὐτοῖς	P-DPM	P-DPM	846	αὐτός	αὐτοῖς	
Matt 9:30	ὁ	T-NSM	T-NSM	3588	ὁ	ὁ	
Matt 9:30	Ἰησοῦς	N-NSM	N-NSM	2424	Ἰησοῦς	Ἰησοῦς	
Matt 9:30	λέγων	V-PAP-NSM	V-PAP-NSM	3004&5723	λέγω	λέγων	
Matt 9:30	Ὁρᾶτε,	V-PAM-2P	V-PAM-2P	3708&5720	ὁράω	Ὁρᾶτε	
Matt 9:30	μηδεὶς	A-NSM-N	A-NSM-N	3367	μηδείς	μηδείς	
Matt 9:30	γινωσκέτω.	V-PAM-3S	V-PAM-3S	1097&5720	γινώσκω	γινωσκέτω	
Matt 9:31	οἱ	T-NPM	T-NPM	3588	ὁ	οἱ	
Matt 9:31	δὲ	CONJ	CONJ	1161	δέ	δέ	
Matt 9:31	ἐξελθόντες	V-2AAP-NPM	V-2AAP-NPM	1831&5631	ἐξέρχομαι	ἐξελθόντες	
Matt 9:31	διεφήμισαν	V-AAI-3P	V-AAI-3P	1310&5656	διαφημίζω	διεφήμισαν	
Matt 9:31	αὐτὸν	P-ASM	P-ASM	846	αὐτός	αὐτόν	
Matt 9:31	ἐν	PREP	PREP	1722	ἐν	ἐν	
Matt 9:31	ὅλῃ	A-DSF	A-DSF	3650	ὅλος	ὅλῃ	
Matt 9:31	τῇ	T-DSF	T-DSF	3588	ὁ	τῇ	
Matt 9:31	γῇ	N-DSF	N-DSF	1093	γῆ	γῇ	
Matt 9:31	ἐκείνῃ.	D-DSF	D-DSF	1565	ἐκεῖνος	ἐκείνῃ	
Matt 9:32	Αὐτῶν	P-GPM	P-GPM	846	αὐτός	Αὐτῶν	
Matt 9:32	δὲ	CONJ	CONJ	1161	δέ	δέ	
Matt 9:32	ἐξερχομένων,	V-PNP-GPM	V-PNP-GPM	1831&5740	ἐξέρχομαι	ἐξερχομένων	
Matt 9:32	ἰδοὺ	V-2AMM-2S	V-2AMM-2S	3708&5640	ὁράω	ἰδού	
Matt 9:32	προσήνεγκαν	V-AAI-3P	V-AAI-3P	4374&5656	προσφέρω	προσήνεγκαν	
Matt 9:32	αὐτῷ	P-DSM	P-DSM	846	αὐτός	αὐτῷ	
Matt 9:32	κωφὸν	A-ASM	A-ASM	2974	κωφός	κωφόν	
Matt 9:32	δαιμονιζόμενον.	V-PNP-ASM	V-PNP-ASM	1139&5740	δαιμονίζομαι	δαιμονιζόμενον	
Matt 9:33	καὶ	CONJ	CONJ	2532	καί	καί	
Matt 9:33	ἐκβληθέντος	V-APP-GSN	V-APP-GSN	1544&5685	ἐκβάλλω	ἐκβληθέντος	
Matt 9:33	τοῦ	T-GSN	T-GSN	3588	ὁ	τοῦ	
Matt 9:33	δαιμονίου	N-GSN	N-GSN	1140	δαιμόνιον	δαιμονίου	
Matt 9:33	ἐλάλησεν	V-AAI-3S	V-AAI-3S	2980&5656	λαλέω	ἐλάλησεν	
Matt 9:33	ὁ	T-NSM	T-NSM	3588	ὁ	ὁ	
Matt 9:33	κωφός.	A-NSM	A-NSM	2974	κωφός	κωφός	
Matt 9:33	καὶ	CONJ	CONJ	2532	καί	καί	
Matt 9:33	ἐθαύμασαν	V-AAI-3P	V-AAI-3P	2296&5656	θαυμάζω	ἐθαύμασαν	
Matt 9:33	οἱ	T-NPM	T-NPM	3588	ὁ	οἱ	
Matt 9:33	ὄχλοι	N-NPM	N-NPM	3793	ὄχλος	ὄχλοι	
Matt 9:33	λέγοντες	V-PAP-NPM	V-PAP-NPM	3004&5723	λέγω	λέγοντες	
Matt 9:33	Οὐδέποτε	ADV-N	ADV-N	3763	οὐδέποτε	Οὐδέποτε	
Matt 9:33	ἐφάνη	V-2API-3S	V-2API-3S	5316&5648	φαίνω	ἐφάνη	
Matt 9:33	οὕτως	ADV	ADV	3779	οὕτω	οὕτως	
Matt 9:33	ἐν	PREP	PREP	1722	ἐν	ἐν	
Matt 9:33	τῷ	T-DSM	T-DSM	3588	ὁ	τῷ	
Matt 9:33	Ἰσραήλ.	N-PRI	N-PRI	2474	Ἰσραήλ	Ἰσραήλ	
Matt 9:34	οἱ	T-NPM	T-NPM	3588	ὁ	οἱ	
Matt 9:34	δὲ	CONJ	CONJ	1161	δέ	δέ	
Matt 9:34	Φαρισαῖοι	N-NPM	N-NPM	5330	Φαρισαῖος	Φαρισαῖοι	
Matt 9:34	ἔλεγον	V-IAI-3P	V-IAI-3P	3004&5707	λέγω	ἔλεγον	
Matt 9:34	Ἐν	PREP	PREP	1722	ἐν	Ἐν	
Matt 9:34	τῷ	T-DSM	T-DSM	3588	ὁ	τῷ	
Matt 9:34	ἄρχοντι	N-DSM	N-DSM	758	ἄρχων	ἄρχοντι	
Matt 9:34	τῶν	T-GPN	T-GPN	3588	ὁ	τῶν	
Matt 9:34	δαιμονίων	N-GPN	N-GPN	1140	δαιμόνιον	δαιμονίων	
Matt 9:34	ἐκβάλλει	V-PAI-3S	V-PAI-3S	1544&5719	ἐκβάλλω	ἐκβάλλει	
Matt 9:34	τὰ	T-APN	T-APN	3588	ὁ	τά	
Matt 9:34	δαιμόνια.	N-APN	N-APN	1140	δαιμόνιον	δαιμόνια	
Matt 9:35	Καὶ	CONJ	CONJ	2532	καί	Καί	
Matt 9:35	περιῆγεν	V-IAI-3S	V-IAI-3S	4013&5707	περιάγω	περιῆγεν	
Matt 9:35	ὁ	T-NSM	T-NSM	3588	ὁ	ὁ	
Matt 9:35	Ἰησοῦς	N-NSM	N-NSM	2424	Ἰησοῦς	Ἰησοῦς	
Matt 9:35	τὰς	T-APF	T-APF	3588	ὁ	τάς	
Matt 9:35	πόλεις	N-APF	N-APF	4172	πόλις	πόλεις	
Matt 9:35	πάσας	A-APF	A-APF	3956	πᾶς	πάσας	
Matt 9:35	καὶ	CONJ	CONJ	2532	καί	καί	
Matt 9:35	τὰς	T-APF	T-APF	3588	ὁ	τάς	
Matt 9:35	κώμας,	N-APF	N-APF	2968	κώμη	κώμας	
Matt 9:35	διδάσκων	V-PAP-NSM	V-PAP-NSM	1321&5723	διδάσκω	διδάσκων	
Matt 9:35	ἐν	PREP	PREP	1722	ἐν	ἐν	
Matt 9:35	ταῖς	T-DPF	T-DPF	3588	ὁ	ταῖς	
Matt 9:35	συναγωγαῖς	N-DPF	N-DPF	4864	συναγωγή	συναγωγαῖς	
Matt 9:35	αὐτῶν	P-GPM	P-GPM	846	αὐτός	αὐτῶν	
Matt 9:35	καὶ	CONJ	CONJ	2532	καί	καί	
Matt 9:35	κηρύσσων	V-PAP-NSM	V-PAP-NSM	2784&5723	κηρύσσω	κηρύσσων	
Matt 9:35	τὸ	T-ASN	T-ASN	3588	ὁ	τό	
Matt 9:35	εὐαγγέλιον	N-ASN	N-ASN	2098	εὐαγγέλιον	εὐαγγέλιον	
Matt 9:35	τῆς	T-GSF	T-GSF	3588	ὁ	τῆς	
Matt 9:35	βασιλείας	N-GSF	N-GSF	932	βασιλεία	βασιλείας	
Matt 9:35	καὶ	CONJ	CONJ	2532	καί	καί	
Matt 9:35	θεραπεύων	V-PAP-NSM	V-PAP-NSM	2323&5723	θεραπεύω	θεραπεύων	
Matt 9:35	πᾶσαν	A-ASF	A-ASF	3956	πᾶς	πᾶσαν	
Matt 9:35	νόσον	N-ASF	N-ASF	3554	νόσος	νόσον	
Matt 9:35	καὶ	CONJ	CONJ	2532	καί	καί	
Matt 9:35	πᾶσαν	A-ASF	A-ASF	3956	πᾶς	πᾶσαν	
Matt 9:35	μαλακίαν.	N-ASF	N-ASF	3119	μαλακία	μαλακίαν	
Matt 9:36	Ἰδὼν	V-2AAP-NSM	V-2AAP-NSM	3708&5631	ὁράω	Ἰδών	
Matt 9:36	δὲ	CONJ	CONJ	1161	δέ	δέ	
Matt 9:36	τοὺς	T-APM	T-APM	3588	ὁ	τούς	
Matt 9:36	ὄχλους	N-APM	N-APM	3793	ὄχλος	ὄχλους	
Matt 9:36	ἐσπλαγχνίσθη	V-AOI-3S	V-AOI-3S	4697&5675	σπλαγχνίζομαι	ἐσπλαγχνίσθη	
Matt 9:36	περὶ	PREP	PREP	4012	περί	περί	
Matt 9:36	αὐτῶν,	P-GPM	P-GPM	846	αὐτός	αὐτῶν	
Matt 9:36	ὅτι	CONJ	CONJ	3754	ὅτι	ὅτι	
Matt 9:36	ἦσαν	V-IAI-3P	V-IAI-3P	1510&5707	εἰμί	ἦσαν	
Matt 9:36	ἐσκυλμένοι	V-RPP-NPM	V-RPP-NPM	4660&5772	σκύλλω	ἐσκυλμένοι	
Matt 9:36	καὶ	CONJ	CONJ	2532	καί	καί	
Matt 9:36	ἐρριμμένοι	V-RPP-NPM	V-RPP-NPM	4496&5772	ῥίπτω	ἐρριμμένοι	
Matt 9:36	ὡσεὶ	ADV	ADV	5616	ὡσεί	ὡσεί	
Matt 9:36	πρόβατα	N-NPN	N-NPN	4263	πρόβατον	πρόβατα	
Matt 9:36	μὴ	PRT-N	PRT-N	3361	μή	μή	
Matt 9:36	ἔχοντα	V-PAP-NPN	V-PAP-NPN	2192&5723	ἔχω	ἔχοντα	
Matt 9:36	ποιμένα.	N-ASM	N-ASM	4166	ποιμήν	ποιμένα	
Matt 9:37	τότε	ADV	ADV	5119	τότε	τότε	
Matt 9:37	λέγει	V-PAI-3S	V-PAI-3S	3004&5719	λέγω	λέγει	
Matt 9:37	τοῖς	T-DPM	T-DPM	3588	ὁ	τοῖς	
Matt 9:37	μαθηταῖς	N-DPM	N-DPM	3101	μαθητής	μαθηταῖς	
Matt 9:37	αὐτοῦ	P-GSM	P-GSM	846	αὐτός	αὐτοῦ	
Matt 9:37	Ὁ	T-NSM	T-NSM	3588	ὁ	Ὁ	
Matt 9:37	μὲν	PRT	PRT	3303	μέν	μέν	
Matt 9:37	θερισμὸς	N-NSM	N-NSM	2326	θερισμός	θερισμός	
Matt 9:37	πολύς,	A-NSM	A-NSM	4183	πολύς	πολύς	
Matt 9:37	οἱ	T-NPM	T-NPM	3588	ὁ	οἱ	
Matt 9:37	δὲ	CONJ	CONJ	1161	δέ	δέ	
Matt 9:37	ἐργάται	N-NPM	N-NPM	2040	ἐργάτης	ἐργάται	
Matt 9:37	ὀλίγοι·	A-NPM	A-NPM	3641	ὀλίγος	ὀλίγοι	
Matt 9:38	δεήθητε	V-AOM-2P	V-AOM-2P	1189&5676	δέομαι	δεήθητε	
Matt 9:38	οὖν	CONJ	CONJ	3767	οὖν	οὖν	
Matt 9:38	τοῦ	T-GSM	T-GSM	3588	ὁ	τοῦ	
Matt 9:38	Κυρίου	N-GSM	N-GSM	2962	κύριος	Κυρίου	
Matt 9:38	τοῦ	T-GSM	T-GSM	3588	ὁ	τοῦ	
Matt 9:38	θερισμοῦ	N-GSM	N-GSM	2326	θερισμός	θερισμοῦ	
Matt 9:38	ὅπως	ADV	ADV	3704	ὅπως	ὅπως	
Matt 9:38	ἐκβάλῃ	V-2AAS-3S	V-2AAS-3S	1544&5632	ἐκβάλλω	ἐκβάλῃ	
Matt 9:38	ἐργάτας	N-APM	N-APM	2040	ἐργάτης	ἐργάτας	
Matt 9:38	εἰς	PREP	PREP	1519	εἰς	εἰς	
Matt 9:38	τὸν	T-ASM	T-ASM	3588	ὁ	τόν	
Matt 9:38	θερισμὸν	N-ASM	N-ASM	2326	θερισμός	θερισμόν	
Matt 9:38	αὐτοῦ.	P-GSM	P-GSM	846	αὐτός	αὐτοῦ	
Matt 10:1	Καὶ	CONJ	CONJ	2532	καί	Καί	
Matt 10:1	προσκαλεσάμενος	V-ADP-NSM	V-ADP-NSM	4341&5666	προσκαλέω	προσκαλεσάμενος	
Matt 10:1	τοὺς	T-APM	T-APM	3588	ὁ	τούς	
Matt 10:1	δώδεκα	A-NUI	A-NUI	1427	δώδεκα	δώδεκα	
Matt 10:1	μαθητὰς	N-APM	N-APM	3101	μαθητής	μαθητάς	
Matt 10:1	αὐτοῦ	P-GSM	P-GSM	846	αὐτός	αὐτοῦ	
Matt 10:1	ἔδωκεν	V-AAI-3S	V-AAI-3S	1325&5656	δίδωμι	ἔδωκεν	
Matt 10:1	αὐτοῖς	P-DPM	P-DPM	846	αὐτός	αὐτοῖς	
Matt 10:1	ἐξουσίαν	N-ASF	N-ASF	1849	ἐξουσία	ἐξουσίαν	
Matt 10:1	πνευμάτων	N-GPN	N-GPN	4151	πνεῦμα	πνευμάτων	
Matt 10:1	ἀκαθάρτων	A-GPN	A-GPN	169	ἀκάθαρτος	ἀκαθάρτων	
Matt 10:1	ὥστε	CONJ	CONJ	5620	ὥστε	ὥστε	
Matt 10:1	ἐκβάλλειν	V-PAN	V-PAN	1544&5721	ἐκβάλλω	ἐκβάλλειν	
Matt 10:1	αὐτὰ	P-APN	P-APN	846	αὐτός	αὐτά	
Matt 10:1	καὶ	CONJ	CONJ	2532	καί	καί	
Matt 10:1	θεραπεύειν	V-PAN	V-PAN	2323&5721	θεραπεύω	θεραπεύειν	
Matt 10:1	πᾶσαν	A-ASF	A-ASF	3956	πᾶς	πᾶσαν	
Matt 10:1	νόσον	N-ASF	N-ASF	3554	νόσος	νόσον	
Matt 10:1	καὶ	CONJ	CONJ	2532	καί	καί	
Matt 10:1	πᾶσαν	A-ASF	A-ASF	3956	πᾶς	πᾶσαν	
Matt 10:1	μαλακίαν.	N-ASF	N-ASF	3119	μαλακία	μαλακίαν	
Matt 10:2	Τῶν	T-GPM	T-GPM	3588	ὁ	Τῶν	
Matt 10:2	δὲ	CONJ	CONJ	1161	δέ	δέ	
Matt 10:2	δώδεκα	A-NUI	A-NUI	1427	δώδεκα	δώδεκα	
Matt 10:2	ἀποστόλων	N-GPM	N-GPM	652	ἀπόστολος	ἀποστόλων	
Matt 10:2	τὰ	T-NPN	T-NPN	3588	ὁ	τά	
Matt 10:2	ὀνόματά	N-NPN	N-NPN	3686	ὄνομα	ὀνόματα	
Matt 10:2	ἐστιν	V-PAI-3S	V-PAI-3S	1510&5719	εἰμί	ἐστιν	
Matt 10:2	ταῦτα·	D-NPN	D-NPN	3778	οὗτος	ταῦτα	
Matt 10:2	πρῶτος	A-NSM-S	A-NSM-S	4413	πρῶτος	πρῶτος	
Matt 10:2	Σίμων	N-NSM	N-NSM	4613	Σίμων	Σίμων	
Matt 10:2	ὁ	T-NSM	T-NSM	3588	ὁ	ὁ	
Matt 10:2	λεγόμενος	V-PPP-NSM	V-PEP-NSM	3004&5746	λέγω	λεγόμενος	
Matt 10:2	Πέτρος	N-NSM	N-NSM	4074	Πέτρος	Πέτρος	
Matt 10:2	καὶ	CONJ	CONJ	2532	καί	καί	
Matt 10:2	Ἀνδρέας	N-NSM	N-NSM	406	Ἀνδρέας	Ἀνδρέας	
Matt 10:2	ὁ	T-NSM	T-NSM	3588	ὁ	ὁ	
Matt 10:2	ἀδελφὸς	N-NSM	N-NSM	80	ἀδελφός	ἀδελφός	
Matt 10:2	αὐτοῦ,	P-GSM	P-GSM	846	αὐτός	αὐτοῦ	
Matt 10:2	καὶ	CONJ	CONJ	2532	καί	καί	
Matt 10:2	Ἰάκωβος	N-NSM	N-NSM	2385	Ἰάκωβος	Ἰάκωβος	
Matt 10:2	ὁ	T-NSM	T-NSM	3588	ὁ	ὁ	
Matt 10:2	τοῦ	T-GSM	T-GSM	3588	ὁ	τοῦ	
Matt 10:2	Ζεβεδαίου	N-GSM	N-GSM	2199	Ζεβεδαῖος	Ζεβεδαίου	
Matt 10:2	καὶ	CONJ	CONJ	2532	καί	καί	
Matt 10:2	Ἰωάνης	N-NSM	N-NSM	2491	Ἰωάννης	Ἰωάνης	
Matt 10:2	ὁ	T-NSM	T-NSM	3588	ὁ	ὁ	
Matt 10:2	ἀδελφὸς	N-NSM	N-NSM	80	ἀδελφός	ἀδελφός	
Matt 10:2	αὐτοῦ,	P-GSM	P-GSM	846	αὐτός	αὐτοῦ	
Matt 10:3	Φίλιππος	N-NSM	N-NSM	5376	Φίλιππος	Φίλιππος	
Matt 10:3	καὶ	CONJ	CONJ	2532	καί	καί	
Matt 10:3	Βαρθολομαῖος,	N-NSM	N-NSM	918	Βαρθολομαῖος	Βαρθολομαῖος	
Matt 10:3	Θωμᾶς	N-NSM	N-NSM	2381	Θωμᾶς	Θωμᾶς	
Matt 10:3	καὶ	CONJ	CONJ	2532	καί	καί	
Matt 10:3	Μαθθαῖος	N-NSM	N-NSM	3156	Μαθθαῖος	Μαθθαῖος	
Matt 10:3	ὁ	T-NSM	T-NSM	3588	ὁ	ὁ	
Matt 10:3	τελώνης,	N-NSM	N-NSM	5057	τελώνης	τελώνης	
Matt 10:3	Ἰάκωβος	N-NSM	N-NSM	2385	Ἰάκωβος	Ἰάκωβος	
Matt 10:3	ὁ	T-NSM	T-NSM	3588	ὁ	ὁ	
Matt 10:3	τοῦ	T-GSM	T-GSM	3588	ὁ	τοῦ	
Matt 10:3	Ἁλφαίου	N-GSM	N-GSM	256	Ἁλφαῖος	Ἁλφαίου	
Matt 10:3	καὶ	CONJ	CONJ	2532	καί	καί	
Matt 10:3	Θαδδαῖος,	N-NSM	N-NSM	2280	Θαδδαῖος	Θαδδαῖος	
Matt 10:4	Σίμων	N-NSM	N-NSM	4613	Σίμων	Σίμων	
Matt 10:4	ὁ	T-NSM	T-NSM	3588	ὁ	ὁ	
Matt 10:4	Καναναῖος	N-NSM	N-NSM	2581	Καναναῖος	Καναναῖος	
Matt 10:4	καὶ	CONJ	CONJ	2532	καί	καί	
Matt 10:4	Ἰούδας	N-NSM	N-NSM	2455	Ἰούδας	Ἰούδας	
Matt 10:4	ὁ	T-NSM	T-NSM	3588	ὁ	ὁ	
Matt 10:4	Ἰσκαριώτης	N-NSM	N-NSM	2469	Ἰσκαριώθ	Ἰσκαριώτης	
Matt 10:4	ὁ	T-NSM	T-NSM	3588	ὁ	ὁ	
Matt 10:4	καὶ	CONJ	CONJ	2532	καί	καί	
Matt 10:4	παραδοὺς	V-2AAP-NSM	V-2AAP-NSM	3860&5631	παραδίδωμι	παραδούς	
Matt 10:4	αὐτόν.	P-ASM	P-ASM	846	αὐτός	αὐτόν	
Matt 10:5	Τούτους	D-APM	D-APM	3778	οὗτος	Τούτους	
Matt 10:5	τοὺς	T-APM	T-APM	3588	ὁ	τούς	
Matt 10:5	δώδεκα	A-NUI	A-NUI	1427	δώδεκα	δώδεκα	
Matt 10:5	ἀπέστειλεν	V-AAI-3S	V-AAI-3S	649&5656	ἀποστέλλω	ἀπέστειλεν	
Matt 10:5	ὁ	T-NSM	T-NSM	3588	ὁ	ὁ	
Matt 10:5	Ἰησοῦς	N-NSM	N-NSM	2424	Ἰησοῦς	Ἰησοῦς	
Matt 10:5	παραγγείλας	V-AAP-NSM	V-AAP-NSM	3853&5660	παραγγέλλω	παραγγείλας	
Matt 10:5	αὐτοῖς	P-DPM	P-DPM	846	αὐτός	αὐτοῖς	
Matt 10:5	λέγων	V-PAP-NSM	V-PAP-NSM	3004&5723	λέγω	λέγων	
Matt 10:5	Εἰς	PREP	PREP	1519	εἰς	Εἰς	
Matt 10:5	ὁδὸν	N-ASF	N-ASF	3598	ὁδός	ὁδόν	
Matt 10:5	ἐθνῶν	N-GPN	N-GPN	1484	ἔθνος	ἐθνῶν	
Matt 10:5	μὴ	PRT-N	PRT-N	3361	μή	μή	
Matt 10:5	ἀπέλθητε	V-2AAS-2P	V-2AAS-2P	565&5632	ἀπέρχομαι	ἀπέλθητε	
Matt 10:5	καὶ	CONJ	CONJ	2532	καί	καί	
Matt 10:5	εἰς	PREP	PREP	1519	εἰς	εἰς	
Matt 10:5	πόλιν	N-ASF	N-ASF	4172	πόλις	πόλιν	
Matt 10:5	Σαμαρειτῶν	N-GPM	N-GPM	4541	Σαμαρίτης	Σαμαρειτῶν	
Matt 10:5	μὴ	PRT-N	PRT-N	3361	μή	μή	
Matt 10:5	εἰσέλθητε·	V-2AAS-2P	V-2AAS-2P	1525&5632	εἰσέρχομαι	εἰσέλθητε	
Matt 10:6	πορεύεσθε	V-PNM-2P	V-PNM-2P	4198&5737	πορεύομαι	πορεύεσθε	
Matt 10:6	δὲ	CONJ	CONJ	1161	δέ	δέ	
Matt 10:6	μᾶλλον	ADV	ADV	3123	μᾶλλον	μᾶλλον	
Matt 10:6	πρὸς	PREP	PREP	4314	πρός	πρός	
Matt 10:6	τὰ	T-APN	T-APN	3588	ὁ	τά	
Matt 10:6	πρόβατα	N-APN	N-APN	4263	πρόβατον	πρόβατα	
Matt 10:6	τὰ	T-APN	T-APN	3588	ὁ	τά	
Matt 10:6	ἀπολωλότα	V-2RAP-APN	V-2RAP-APN	622&5756	ἀπόλλυμι	ἀπολωλότα	
Matt 10:6	οἴκου	N-GSM	N-GSM	3624	οἶκος	οἴκου	
Matt 10:6	Ἰσραήλ.	N-PRI	N-PRI	2474	Ἰσραήλ	Ἰσραήλ	
Matt 10:7	πορευόμενοι	V-PNP-NPM	V-PNP-NPM	4198&5740	πορεύομαι	πορευόμενοι	
Matt 10:7	δὲ	CONJ	CONJ	1161	δέ	δέ	
Matt 10:7	κηρύσσετε	V-PAM-2P	V-PAM-2P	2784&5720	κηρύσσω	κηρύσσετε	
Matt 10:7	λέγοντες	V-PAP-NPM	V-PAP-NPM	3004&5723	λέγω	λέγοντες	
Matt 10:7	ὅτι	CONJ	CONJ	3754	ὅτι	ὅτι	
Matt 10:7	Ἤγγικεν	V-RAI-3S	V-RAI-3S	1448&5758	ἐγγίζω	Ἤγγικεν	
Matt 10:7	ἡ	T-NSF	T-NSF	3588	ὁ	ἡ	
Matt 10:7	βασιλεία	N-NSF	N-NSF	932	βασιλεία	βασιλεία	
Matt 10:7	τῶν	T-GPM	T-GPM	3588	ὁ	τῶν	
Matt 10:7	οὐρανῶν.	N-GPM	N-GPM	3772	οὐρανός	οὐρανῶν	
Matt 10:8	ἀσθενοῦντας	V-PAP-APM	V-PAP-APM	770&5723	ἀσθενέω	ἀσθενοῦντας	
Matt 10:8	θεραπεύετε,	V-PAM-2P	V-PAM-2P	2323&5720	θεραπεύω	θεραπεύετε	
Matt 10:8	νεκροὺς	A-APM	A-APM	3498	νεκρός	νεκρούς	
Matt 10:8	ἐγείρετε,	V-PAM-2P	V-PAM-2P	1453&5720	ἐγείρω	ἐγείρετε	
Matt 10:8	λεπροὺς	A-APM	A-APM	3015	λεπρός	λεπρούς	
Matt 10:8	καθαρίζετε,	V-PAM-2P	V-PAM-2P	2511&5720	καθαρίζω	καθαρίζετε	
Matt 10:8	δαιμόνια	N-APN	N-APN	1140	δαιμόνιον	δαιμόνια	
Matt 10:8	ἐκβάλλετε·	V-PAM-2P	V-PAM-2P	1544&5720	ἐκβάλλω	ἐκβάλλετε	
Matt 10:8	δωρεὰν	ADV	ADV	1432	δωρεάν	δωρεάν	
Matt 10:8	ἐλάβετε,	V-2AAI-2P	V-2AAI-2P	2983&5627	λαμβάνω	ἐλάβετε	
Matt 10:8	δωρεὰν	ADV	ADV	1432	δωρεάν	δωρεάν	
Matt 10:8	δότε.	V-2AAM-2P	V-2AAM-2P	1325&5628	δίδωμι	δότε	
Matt 10:9	Μὴ	PRT-N	PRT-N	3361	μή	Μή	
Matt 10:9	κτήσησθε	V-ADS-2P	V-ADS-2P	2932&5667	κτάομαι	κτήσησθε	
Matt 10:9	χρυσὸν	N-ASM	N-ASM	5557	χρυσός	χρυσόν	
Matt 10:9	μηδὲ	CONJ-N	CONJ-N	3366	μηδέ	μηδέ	
Matt 10:9	ἄργυρον	N-ASM	N-ASM	696	ἄργυρος	ἄργυρον	
Matt 10:9	μηδὲ	CONJ-N	CONJ-N	3366	μηδέ	μηδέ	
Matt 10:9	χαλκὸν	N-ASM	N-ASM	5475	χαλκός	χαλκόν	
Matt 10:9	εἰς	PREP	PREP	1519	εἰς	εἰς	
Matt 10:9	τὰς	T-APF	T-APF	3588	ὁ	τάς	
Matt 10:9	ζώνας	N-APF	N-APF	2223	ζώνη	ζώνας	
Matt 10:9	ὑμῶν,	P-2GP	P-2GP	4771	σύ	ὑμῶν	
Matt 10:10	μὴ	PRT-N	PRT-N	3361	μή	μή	
Matt 10:10	πήραν	N-ASF	N-ASF	4082	πήρα	πήραν	
Matt 10:10	εἰς	PREP	PREP	1519	εἰς	εἰς	
Matt 10:10	ὁδὸν	N-ASF	N-ASF	3598	ὁδός	ὁδόν	
Matt 10:10	μηδὲ	CONJ-N	CONJ-N	3366	μηδέ	μηδέ	
Matt 10:10	δύο	A-NUI	A-NUI	1417	δύο	δύο	
Matt 10:10	χιτῶνας	N-APM	N-APM	5509	χιτών	χιτῶνας	
Matt 10:10	μηδὲ	CONJ-N	CONJ-N	3366	μηδέ	μηδέ	
Matt 10:10	ὑποδήματα	N-APN	N-APN	5266	ὑπόδημα	ὑποδήματα	
Matt 10:10	μηδὲ	CONJ-N	CONJ-N	3366	μηδέ	μηδέ	
Matt 10:10	ῥάβδον·	N-ASF	N-ASF	4464	ῥάβδος	ῥάβδον	
Matt 10:10	ἄξιος	A-NSM	A-NSM	514	ἄξιος	ἄξιος	
Matt 10:10	γὰρ	CONJ	CONJ	1063	γάρ	γάρ	
Matt 10:10	ὁ	T-NSM	T-NSM	3588	ὁ	ὁ	
Matt 10:10	ἐργάτης	N-NSM	N-NSM	2040	ἐργάτης	ἐργάτης	
Matt 10:10	τῆς	T-GSF	T-GSF	3588	ὁ	τῆς	
Matt 10:10	τροφῆς	N-GSF	N-GSF	5160	τροφή	τροφῆς	
Matt 10:10	αὐτοῦ.	P-GSM	P-GSM	846	αὐτός	αὐτοῦ	
Matt 10:11	εἰς	PREP	PREP	1519	εἰς	εἰς	
Matt 10:11	ἣν	R-ASF	R-ASF	3739	ὅς	ἥν	
Matt 10:11	δ’	CONJ	CONJ	1161	δέ	δ’	
Matt 10:11	ἂν	PRT	PRT	302	ἄν	ἄν	
Matt 10:11	πόλιν	N-ASF	N-ASF	4172	πόλις	πόλιν	
Matt 10:11	ἢ	PRT	PRT	2228	ἤ	ἤ	
Matt 10:11	κώμην	N-ASF	N-ASF	2968	κώμη	κώμην	
Matt 10:11	εἰσέλθητε,	V-2AAS-2P	V-2AAS-2P	1525&5632	εἰσέρχομαι	εἰσέλθητε	
Matt 10:11	ἐξετάσατε	V-AAM-2P	V-AAM-2P	1833&5657	ἐξετάζω	ἐξετάσατε	
Matt 10:11	τίς	I-NSM	I-NSM	5101	τίς	τίς	
Matt 10:11	ἐν	PREP	PREP	1722	ἐν	ἐν	
Matt 10:11	αὐτῇ	P-DSF	P-DSF	846	αὐτός	αὐτῇ	
Matt 10:11	ἄξιός	A-NSM	A-NSM	514	ἄξιος	ἄξιος	
Matt 10:11	ἐστιν·	V-PAI-3S	V-PAI-3S	1510&5719	εἰμί	ἐστιν	
Matt 10:11	κἀκεῖ	ADV-K	ADV-K	2546	κἀκεῖ	κἀκεῖ	
Matt 10:11	μείνατε	V-AAM-2P	V-AAM-2P	3306&5657	μένω	μείνατε	
Matt 10:11	ἕως	ADV	ADV	2193	ἕως	ἕως	
Matt 10:11	ἂν	PRT	PRT	302	ἄν	ἄν	
Matt 10:11	ἐξέλθητε.	V-2AAS-2P	V-2AAS-2P	1831&5632	ἐξέρχομαι	ἐξέλθητε	
Matt 10:12	εἰσερχόμενοι	V-PNP-NPM	V-PNP-NPM	1525&5740	εἰσέρχομαι	εἰσερχόμενοι	
Matt 10:12	δὲ	CONJ	CONJ	1161	δέ	δέ	
Matt 10:12	εἰς	PREP	PREP	1519	εἰς	εἰς	
Matt 10:12	τὴν	T-ASF	T-ASF	3588	ὁ	τήν	
Matt 10:12	οἰκίαν	N-ASF	N-ASF	3614	οἰκία	οἰκίαν	
Matt 10:12	ἀσπάσασθε	V-ADM-2P	V-ADM-2P	782&5663	ἀσπάζομαι	ἀσπάσασθε	
Matt 10:12	αὐτήν·	P-ASF	P-ASF	846	αὐτός	αὐτήν	
Matt 10:13	καὶ	CONJ	CONJ	2532	καί	καί	
Matt 10:13	ἐὰν	COND	COND	1437	ἐάν	ἐάν	
Matt 10:13	μὲν	PRT	PRT	3303	μέν	μέν	
Matt 10:13	ᾖ	V-PAS-3S	V-PAS-3S	1510&5725	εἰμί	ᾖ	
Matt 10:13	ἡ	T-NSF	T-NSF	3588	ὁ	ἡ	
Matt 10:13	οἰκία	N-NSF	N-NSF	3614	οἰκία	οἰκία	
Matt 10:13	ἀξία,	A-NSF	A-NSF	514	ἄξιος	ἀξία	
Matt 10:13	ἐλθάτω	V-2AAM-3S	V-2AAM-3S	2064&5628	ἔρχομαι	ἐλθάτω	
Matt 10:13	ἡ	T-NSF	T-NSF	3588	ὁ	ἡ	
Matt 10:13	εἰρήνη	N-NSF	N-NSF	1515	εἰρήνη	εἰρήνη	
Matt 10:13	ὑμῶν	P-2GP	P-2GP	4771	σύ	ὑμῶν	
Matt 10:13	ἐπ’	PREP	PREP	1909	ἐπί	ἐπ’	
Matt 10:13	αὐτήν·	P-ASF	P-ASF	846	αὐτός	αὐτήν	
Matt 10:13	ἐὰν	COND	COND	1437	ἐάν	ἐάν	
Matt 10:13	δὲ	CONJ	CONJ	1161	δέ	δέ	
Matt 10:13	μὴ	PRT-N	PRT-N	3361	μή	μή	
Matt 10:13	ᾖ	V-PAS-3S	V-PAS-3S	1510&5725	εἰμί	ᾖ	
Matt 10:13	ἀξία,	A-NSF	A-NSF	514	ἄξιος	ἀξία	
Matt 10:13	ἡ	T-NSF	T-NSF	3588	ὁ	ἡ	
Matt 10:13	εἰρήνη	N-NSF	N-NSF	1515	εἰρήνη	εἰρήνη	
Matt 10:13	ὑμῶν	P-2GP	P-2GP	4771	σύ	ὑμῶν	
Matt 10:13	πρὸς	PREP	PREP	4314	πρός	πρός	
Matt 10:13	ὑμᾶς	P-2AP	P-2AP	4771	σύ	ὑμᾶς	
Matt 10:13	ἐπιστραφήτω.	V-2APM-3S	V-2APM-3S	1994&5649	ἐπιστρέφω	ἐπιστραφήτω	
Matt 10:14	καὶ	CONJ	CONJ	2532	καί	καί	
Matt 10:14	ὃς	R-NSM	R-NSM	3739	ὅς	ὅς	
Matt 10:14	ἂν	PRT	PRT	302	ἄν	ἄν	
Matt 10:14	μὴ	PRT-N	PRT-N	3361	μή	μή	
Matt 10:14	δέξηται	V-ADS-3S	V-ADS-3S	1209&5667	δέχομαι	δέξηται	
Matt 10:14	ὑμᾶς	P-2AP	P-2AP	4771	σύ	ὑμᾶς	
Matt 10:14	μηδὲ	CONJ-N	CONJ-N	3366	μηδέ	μηδέ	
Matt 10:14	ἀκούσῃ	V-AAS-3S	V-AAS-3S	191&5661	ἀκούω	ἀκούσῃ	
Matt 10:14	τοὺς	T-APM	T-APM	3588	ὁ	τούς	
Matt 10:14	λόγους	N-APM	N-APM	3056	λόγος	λόγους	
Matt 10:14	ὑμῶν,	P-2GP	P-2GP	4771	σύ	ὑμῶν	
Matt 10:14	ἐξερχόμενοι	V-PNP-NPM	V-PNP-NPM	1831&5740	ἐξέρχομαι	ἐξερχόμενοι	
Matt 10:14	ἔξω	ADV	ADV	1854	ἔξω	ἔξω	
Matt 10:14	τῆς	T-GSF	T-GSF	3588	ὁ	τῆς	
Matt 10:14	οἰκίας	N-GSF	N-GSF	3614	οἰκία	οἰκίας	
Matt 10:14	ἢ	PRT	PRT	2228	ἤ	ἤ	
Matt 10:14	τῆς	T-GSF	T-GSF	3588	ὁ	τῆς	
Matt 10:14	πόλεως	N-GSF	N-GSF	4172	πόλις	πόλεως	
Matt 10:14	ἐκείνης	D-GSF	D-GSF	1565	ἐκεῖνος	ἐκείνης	
Matt 10:14	ἐκτινάξατε	V-AAM-2P	V-AAM-2P	1621&5657	ἐκτινάσσω	ἐκτινάξατε	
Matt 10:14	τὸν	T-ASM	T-ASM	3588	ὁ	τόν	
Matt 10:14	κονιορτὸν	N-ASM	N-ASM	2868	κονιορτός	κονιορτόν	
Matt 10:14	τῶν	T-GPM	T-GPM	3588	ὁ	τῶν	
Matt 10:14	ποδῶν	N-GPM	N-GPM	4228	πούς	ποδῶν	
Matt 10:14	ὑμῶν.	P-2GP	P-2GP	4771	σύ	ὑμῶν	
Matt 10:15	ἀμὴν	HEB	HEB	281	ἀμήν	ἀμήν	
Matt 10:15	λέγω	V-PAI-1S	V-PAI-1S	3004&5719	λέγω	λέγω	
Matt 10:15	ὑμῖν,	P-2DP	P-2DP	4771	σύ	ὑμῖν	
Matt 10:15	ἀνεκτότερον	A-NSN-C	A-NSN-C	414	ἀνεκτός	ἀνεκτότερον	
Matt 10:15	ἔσται	V-FDI-3S	V-FDI-3S	1510&5695	εἰμί	ἔσται	
Matt 10:15	γῇ	N-DSF	N-DSF	1093	γῆ	γῇ	
Matt 10:15	Σοδόμων	N-GPN	N-GPN	4670	Σόδομα	Σοδόμων	
Matt 10:15	καὶ	CONJ	CONJ	2532	καί	καί	
Matt 10:15	Γομόρρων	N-GPN	N-GPN	1116	Γόμορρα	Γομόρρων	
Matt 10:15	ἐν	PREP	PREP	1722	ἐν	ἐν	
Matt 10:15	ἡμέρᾳ	N-DSF	N-DSF	2250	ἡμέρα	ἡμέρᾳ	
Matt 10:15	κρίσεως	N-GSF	N-GSF	2920	κρίσις	κρίσεως	
Matt 10:15	ἢ	PRT	PRT	2228	ἤ	ἤ	
Matt 10:15	τῇ	T-DSF	T-DSF	3588	ὁ	τῇ	
Matt 10:15	πόλει	N-DSF	N-DSF	4172	πόλις	πόλει	
Matt 10:15	ἐκείνῃ.	D-DSF	D-DSF	1565	ἐκεῖνος	ἐκείνῃ	
Matt 10:16	Ἰδοὺ	V-2AMM-2S	V-2AMM-2S	3708&5640	ὁράω	Ἰδού	
Matt 10:16	ἐγὼ	P-1NS	P-1NS	1473	ἐγώ	ἐγώ	
Matt 10:16	ἀποστέλλω	V-PAI-1S	V-PAI-1S	649&5719	ἀποστέλλω	ἀποστέλλω	
Matt 10:16	ὑμᾶς	P-2AP	P-2AP	4771	σύ	ὑμᾶς	
Matt 10:16	ὡς	ADV	ADV	5613	ὡς	ὡς	
Matt 10:16	πρόβατα	N-APN	N-APN	4263	πρόβατον	πρόβατα	
Matt 10:16	ἐν	PREP	PREP	1722	ἐν	ἐν	
Matt 10:16	μέσῳ	A-DSN	A-DSN	3319	μέσος	μέσῳ	
Matt 10:16	λύκων·	N-GPM	N-GPM	3074	λύκος	λύκων	
Matt 10:16	γίνεσθε	V-PNM-2P	V-PNM-2P	1096&5737	γίνομαι	γίνεσθε	
Matt 10:16	οὖν	CONJ	CONJ	3767	οὖν	οὖν	
Matt 10:16	φρόνιμοι	A-NPM	A-NPM	5429	φρόνιμος	φρόνιμοι	
Matt 10:16	ὡς	ADV	ADV	5613	ὡς	ὡς	
Matt 10:16	οἱ	T-NPM	T-NPM	3588	ὁ	οἱ	
Matt 10:16	ὄφεις	N-NPM	N-NPM	3789	ὄφις	ὄφεις	
Matt 10:16	καὶ	CONJ	CONJ	2532	καί	καί	
Matt 10:16	ἀκέραιοι	A-NPM	A-NPM	185	ἀκέραιος	ἀκέραιοι	
Matt 10:16	ὡς	ADV	ADV	5613	ὡς	ὡς	
Matt 10:16	αἱ	T-NPF	T-NPF	3588	ὁ	αἱ	
Matt 10:16	περιστεραί.	N-NPF	N-NPF	4058	περιστερά	περιστεραί	
Matt 10:17	Προσέχετε	V-PAM-2P	V-PAM-2P	4337&5720	προσέχω	Προσέχετε	
Matt 10:17	δὲ	CONJ	CONJ	1161	δέ	δέ	
Matt 10:17	ἀπὸ	PREP	PREP	575	ἀπό	ἀπό	
Matt 10:17	τῶν	T-GPM	T-GPM	3588	ὁ	τῶν	
Matt 10:17	ἀνθρώπων·	N-GPM	N-GPM	444	ἄνθρωπος	ἀνθρώπων	
Matt 10:17	παραδώσουσιν	V-FAI-3P	V-FAI-3P	3860&5692	παραδίδωμι	παραδώσουσιν	
Matt 10:17	γὰρ	CONJ	CONJ	1063	γάρ	γάρ	
Matt 10:17	ὑμᾶς	P-2AP	P-2AP	4771	σύ	ὑμᾶς	
Matt 10:17	εἰς	PREP	PREP	1519	εἰς	εἰς	
Matt 10:17	συνέδρια,	N-APN	N-APN	4892	συνέδριον	συνέδρια	
Matt 10:17	καὶ	CONJ	CONJ	2532	καί	καί	
Matt 10:17	ἐν	PREP	PREP	1722	ἐν	ἐν	
Matt 10:17	ταῖς	T-DPF	T-DPF	3588	ὁ	ταῖς	
Matt 10:17	συναγωγαῖς	N-DPF	N-DPF	4864	συναγωγή	συναγωγαῖς	
Matt 10:17	αὐτῶν	P-GPM	P-GPM	846	αὐτός	αὐτῶν	
Matt 10:17	μαστιγώσουσιν	V-FAI-3P	V-FAI-3P	3146&5692	μαστιγόω	μαστιγώσουσιν	
Matt 10:17	ὑμᾶς·	P-2AP	P-2AP	4771	σύ	ὑμᾶς	
Matt 10:18	καὶ	CONJ	CONJ	2532	καί	καί	
Matt 10:18	ἐπὶ	PREP	PREP	1909	ἐπί	ἐπί	
Matt 10:18	ἡγεμόνας	N-APM	N-APM	2232	ἡγεμών	ἡγεμόνας	
Matt 10:18	δὲ	CONJ	CONJ	1161	δέ	δέ	
Matt 10:18	καὶ	CONJ	CONJ	2532	καί	καί	
Matt 10:18	βασιλεῖς	N-APM	N-APM	935	βασιλεύς	βασιλεῖς	
Matt 10:18	ἀχθήσεσθε	V-FPI-2P	V-FPI-2P	71&5701	ἄγω	ἀχθήσεσθε	
Matt 10:18	ἕνεκεν	PREP	PREP	1752	ἕνεκα	ἕνεκεν	
Matt 10:18	ἐμοῦ,	P-1GS	P-1GS	1473	ἐγώ	ἐμοῦ	
Matt 10:18	εἰς	PREP	PREP	1519	εἰς	εἰς	
Matt 10:18	μαρτύριον	N-ASN	N-ASN	3142	μαρτύριον	μαρτύριον	
Matt 10:18	αὐτοῖς	P-DPM	P-DPM	846	αὐτός	αὐτοῖς	
Matt 10:18	καὶ	CONJ	CONJ	2532	καί	καί	
Matt 10:18	τοῖς	T-DPN	T-DPN	3588	ὁ	τοῖς	
Matt 10:18	ἔθνεσιν.	N-DPN	N-DPN	1484	ἔθνος	ἔθνεσιν	
Matt 10:19	ὅταν	CONJ	CONJ	3752	ὅταν	ὅταν	
Matt 10:19	δὲ	CONJ	CONJ	1161	δέ	δέ	
Matt 10:19	παραδῶσιν	V-2AAS-3P	V-2AAS-3P	3860&5632	παραδίδωμι	παραδῶσιν	
Matt 10:19	ὑμᾶς,	P-2AP	P-2AP	4771	σύ	ὑμᾶς	
Matt 10:19	μὴ	PRT-N	PRT-N	3361	μή	μή	
Matt 10:19	μεριμνήσητε	V-AAS-2P	V-AAS-2P	3309&5661	μεριμνάω	μεριμνήσητε	
Matt 10:19	πῶς	ADV-I	ADV-I	4459	πῶς	πῶς	
Matt 10:19	ἢ	PRT	PRT	2228	ἤ	ἤ	
Matt 10:19	τί	I-ASN	I-ASN	5101	τίς	τί	
Matt 10:19	λαλήσητε·	V-AAS-2P	V-AAS-2P	2980&5661	λαλέω	λαλήσητε	
Matt 10:19	δοθήσεται	V-FPI-3S	V-FPI-3S	1325&5701	δίδωμι	δοθήσεται	
Matt 10:19	γὰρ	CONJ	CONJ	1063	γάρ	γάρ	
Matt 10:19	ὑμῖν	P-2DP	P-2DP	4771	σύ	ὑμῖν	
Matt 10:19	ἐν	PREP	PREP	1722	ἐν	ἐν	
Matt 10:19	ἐκείνῃ	D-DSF	D-DSF	1565	ἐκεῖνος	ἐκείνῃ	
Matt 10:19	τῇ	T-DSF	T-DSF	3588	ὁ	τῇ	
Matt 10:19	ὥρᾳ	N-DSF	N-DSF	5610	ὥρα	ὥρᾳ	
Matt 10:19	τί	I-ASN	I-ASN	5101	τίς	τί	
Matt 10:19	λαλήσητε·	V-AAS-2P	V-AAS-2P	2980&5661	λαλέω	λαλήσητε	
Matt 10:20	οὐ	PRT-N	PRT-N	3756	οὐ	οὐ	
Matt 10:20	γὰρ	CONJ	CONJ	1063	γάρ	γάρ	
Matt 10:20	ὑμεῖς	P-2NP	P-2NP	4771	σύ	ὑμεῖς	
Matt 10:20	ἐστε	V-PAI-2P	V-PAI-2P	1510	εἰμί	ἐστε	
Matt 10:20	οἱ	T-NPM	T-NPM	3588	ὁ	οἱ	
Matt 10:20	λαλοῦντες	V-PAP-NPM	V-PAP-NPM	2980&5723	λαλέω	λαλοῦντες	
Matt 10:20	ἀλλὰ	CONJ	CONJ	235	ἀλλά	ἀλλά	
Matt 10:20	τὸ	T-NSN	T-NSN	3588	ὁ	τό	
Matt 10:20	Πνεῦμα	N-NSN	N-NSN	4151	πνεῦμα	Πνεῦμα	
Matt 10:20	τοῦ	T-GSM	T-GSM	3588	ὁ	τοῦ	
Matt 10:20	Πατρὸς	N-GSM	N-GSM	3962	πατήρ	Πατρός	
Matt 10:20	ὑμῶν	P-2GP	P-2GP	4771	σύ	ὑμῶν	
Matt 10:20	τὸ	T-NSN	T-NSN	3588	ὁ	τό	
Matt 10:20	λαλοῦν	V-PAP-NSN	V-PAP-NSN	2980&5723	λαλέω	λαλοῦν	
Matt 10:20	ἐν	PREP	PREP	1722	ἐν	ἐν	
Matt 10:20	ὑμῖν.	P-2DP	P-2DP	4771	σύ	ὑμῖν	
Matt 10:21	παραδώσει	V-FAI-3S	V-FAI-3S	3860&5692	παραδίδωμι	παραδώσει	
Matt 10:21	δὲ	CONJ	CONJ	1161	δέ	δέ	
Matt 10:21	ἀδελφὸς	N-NSM	N-NSM	80	ἀδελφός	ἀδελφός	
Matt 10:21	ἀδελφὸν	N-ASM	N-ASM	80	ἀδελφός	ἀδελφόν	
Matt 10:21	εἰς	PREP	PREP	1519	εἰς	εἰς	
Matt 10:21	θάνατον	N-ASM	N-ASM	2288	θάνατος	θάνατον	
Matt 10:21	καὶ	CONJ	CONJ	2532	καί	καί	
Matt 10:21	πατὴρ	N-NSM	N-NSM	3962	πατήρ	πατήρ	
Matt 10:21	τέκνον,	N-ASN	N-ASN	5043	τέκνον	τέκνον	
Matt 10:21	καὶ	CONJ	CONJ	2532	καί	καί	
Matt 10:21	ἐπαναστήσονται	V-FDI-3P	V-FDI-3P	1881&5695	ἐπανίστημι	ἐπαναστήσονται	
Matt 10:21	τέκνα	N-NPN	N-NPN	5043	τέκνον	τέκνα	
Matt 10:21	ἐπὶ	PREP	PREP	1909	ἐπί	ἐπί	
Matt 10:21	γονεῖς	N-APM	N-APM	1118	γονεύς	γονεῖς	
Matt 10:21	καὶ	CONJ	CONJ	2532	καί	καί	
Matt 10:21	θανατώσουσιν	V-FAI-3P	V-FAI-3P	2289&5692	θανατόω	θανατώσουσιν	
Matt 10:21	αὐτούς.	P-APM	P-APM	846	αὐτός	αὐτούς	
Matt 10:22	καὶ	CONJ	CONJ	2532	καί	καί	
Matt 10:22	ἔσεσθε	V-FDI-2P	V-FDI-2P	1510&5695	εἰμί	ἔσεσθε	
Matt 10:22	μισούμενοι	V-PPP-NPM	V-PEP-NPM	3404&5746	μισέω	μισούμενοι	
Matt 10:22	ὑπὸ	PREP	PREP	5259	ὑπό	ὑπό	
Matt 10:22	πάντων	A-GPM	A-GPM	3956	πᾶς	πάντων	
Matt 10:22	διὰ	PREP	PREP	1223	διά	διά	
Matt 10:22	τὸ	T-ASN	T-ASN	3588	ὁ	τό	
Matt 10:22	ὄνομά	N-ASN	N-ASN	3686	ὄνομα	ὄνομα	
Matt 10:22	μου·	P-1GS	P-1GS	1473	ἐγώ	μου	
Matt 10:22	ὁ	T-NSM	T-NSM	3588	ὁ	ὁ	
Matt 10:22	δὲ	CONJ	CONJ	1161	δέ	δέ	
Matt 10:22	ὑπομείνας	V-AAP-NSM	V-AAP-NSM	5278&5660	ὑπομένω	ὑπομείνας	
Matt 10:22	εἰς	PREP	PREP	1519	εἰς	εἰς	
Matt 10:22	τέλος,	N-ASN	N-ASN	5056	τέλος	τέλος	
Matt 10:22	οὗτος	D-NSM	D-NSM	3778	οὗτος	οὗτος	
Matt 10:22	σωθήσεται.	V-FPI-3S	V-FPI-3S	4982&5701	σῴζω	σωθήσεται	
Matt 10:23	ὅταν	CONJ	CONJ	3752	ὅταν	ὅταν	
Matt 10:23	δὲ	CONJ	CONJ	1161	δέ	δέ	
Matt 10:23	διώκωσιν	V-PAS-3P	V-PAS-3P	1377&5725	διώκω	διώκωσιν	
Matt 10:23	ὑμᾶς	P-2AP	P-2AP	4771	σύ	ὑμᾶς	
Matt 10:23	ἐν	PREP	PREP	1722	ἐν	ἐν	
Matt 10:23	τῇ	T-DSF	T-DSF	3588	ὁ	τῇ	
Matt 10:23	πόλει	N-DSF	N-DSF	4172	πόλις	πόλει	
Matt 10:23	ταύτῃ,	D-DSF	D-DSF	3778	οὗτος	ταύτῃ	
Matt 10:23	φεύγετε	V-PAM-2P	V-PAM-2P	5343&5720	φεύγω	φεύγετε	
Matt 10:23	εἰς	PREP	PREP	1519	εἰς	εἰς	
Matt 10:23	τὴν	T-ASF	T-ASF	3588	ὁ	τήν	
Matt 10:23	ἑτέραν·	A-ASF	A-ASF	2087	ἕτερος	ἑτέραν	
Matt 10:23	ἀμὴν	HEB	HEB	281	ἀμήν	ἀμήν	
Matt 10:23	γὰρ	CONJ	CONJ	1063	γάρ	γάρ	
Matt 10:23	λέγω	V-PAI-1S	V-PAI-1S	3004&5719	λέγω	λέγω	
Matt 10:23	ὑμῖν,	P-2DP	P-2DP	4771	σύ	ὑμῖν	
Matt 10:23	οὐ	PRT-N	PRT-N	3756	οὐ	οὐ	
Matt 10:23	μὴ	PRT-N	PRT-N	3361	μή	μή	
Matt 10:23	τελέσητε	V-AAS-2P	V-AAS-2P	5055&5661	τελέω	τελέσητε	
Matt 10:23	τὰς	T-APF	T-APF	3588	ὁ	τάς	
Matt 10:23	πόλεις	N-APF	N-APF	4172	πόλις	πόλεις	
Matt 10:23	τοῦ	T-GSM	T-GSM	3588	ὁ	τοῦ	
Matt 10:23	Ἰσραὴλ	N-PRI	N-PRI	2474	Ἰσραήλ	Ἰσραήλ	
Matt 10:23	ἕως	ADV	ADV	2193	ἕως	ἕως	
Matt 10:23	ἔλθῃ	V-2AAS-3S	V-2AAS-3S	2064&5632	ἔρχομαι	ἔλθῃ	
Matt 10:23	ὁ	T-NSM	T-NSM	3588	ὁ	ὁ	
Matt 10:23	Υἱὸς	N-NSM	N-NSM	5207	υἱός	Υἱός	
Matt 10:23	τοῦ	T-GSM	T-GSM	3588	ὁ	τοῦ	
Matt 10:23	ἀνθρώπου.	N-GSM	N-GSM	444	ἄνθρωπος	ἀνθρώπου	
Matt 10:24	Οὐκ	PRT-N	PRT-N	3756	οὐ	Οὐκ	
Matt 10:24	ἔστιν	V-PAI-3S	V-PAI-3S	1510&5719	εἰμί	ἔστιν	
Matt 10:24	μαθητὴς	N-NSM	N-NSM	3101	μαθητής	μαθητής	
Matt 10:24	ὑπὲρ	PREP	PREP	5228	ὑπέρ	ὑπέρ	
Matt 10:24	τὸν	T-ASM	T-ASM	3588	ὁ	τόν	
Matt 10:24	διδάσκαλον	N-ASM	N-ASM	1320	διδάσκαλος	διδάσκαλον	
Matt 10:24	οὐδὲ	CONJ-N	CONJ-N	3761	οὐδέ	οὐδέ	
Matt 10:24	δοῦλος	N-NSM	N-NSM	1401	δοῦλος (II)	δοῦλος	
Matt 10:24	ὑπὲρ	PREP	PREP	5228	ὑπέρ	ὑπέρ	
Matt 10:24	τὸν	T-ASM	T-ASM	3588	ὁ	τόν	
Matt 10:24	κύριον	N-ASM	N-ASM	2962	κύριος	κύριον	
Matt 10:24	αὐτοῦ.	P-GSM	P-GSM	846	αὐτός	αὐτοῦ	
Matt 10:25	ἀρκετὸν	A-NSN	A-NSN	713	ἀρκετός	ἀρκετόν	
Matt 10:25	τῷ	T-DSM	T-DSM	3588	ὁ	τῷ	
Matt 10:25	μαθητῇ	N-DSM	N-DSM	3101	μαθητής	μαθητῇ	
Matt 10:25	ἵνα	CONJ	CONJ	2443	ἵνα	ἵνα	
Matt 10:25	γένηται	V-2ADS-3S	V-2ADS-3S	1096&5638	γίνομαι	γένηται	
Matt 10:25	ὡς	ADV	ADV	5613	ὡς	ὡς	
Matt 10:25	ὁ	T-NSM	T-NSM	3588	ὁ	ὁ	
Matt 10:25	διδάσκαλος	N-NSM	N-NSM	1320	διδάσκαλος	διδάσκαλος	
Matt 10:25	αὐτοῦ,	P-GSM	P-GSM	846	αὐτός	αὐτοῦ	
Matt 10:25	καὶ	CONJ	CONJ	2532	καί	καί	
Matt 10:25	ὁ	T-NSM	T-NSM	3588	ὁ	ὁ	
Matt 10:25	δοῦλος	N-NSM	N-NSM	1401	δοῦλος (II)	δοῦλος	
Matt 10:25	ὡς	ADV	ADV	5613	ὡς	ὡς	
Matt 10:25	ὁ	T-NSM	T-NSM	3588	ὁ	ὁ	
Matt 10:25	κύριος	N-NSM	N-NSM	2962	κύριος	κύριος	
Matt 10:25	αὐτοῦ.	P-GSM	P-GSM	846	αὐτός	αὐτοῦ	
Matt 10:25	εἰ	COND	COND	1487	εἰ	εἰ	
Matt 10:25	τὸν	T-ASM	T-ASM	3588	ὁ	τόν	
Matt 10:25	οἰκοδεσπότην	N-ASM	N-ASM	3617	οἰκοδεσπότης	οἰκοδεσπότην	
Matt 10:25	Βεελζεβοὺλ	N-PRI	N-PRI	954	Βεελζεβούλ	Βεελζεβούλ	
Matt 10:25	ἐπεκάλεσαν,	V-AAI-3P	V-AAI-3P	1941&5656	ἐπικαλέω	ἐπεκάλεσαν	
Matt 10:25	πόσῳ	Q-DSN	Q-DSN	4214	πόσος	πόσῳ	
Matt 10:25	μᾶλλον	ADV	ADV	3123	μᾶλλον	μᾶλλον	
Matt 10:25	τοὺς	T-APM	T-APM	3588	ὁ	τούς	
Matt 10:25	οἰκιακοὺς	N-APM	N-APM	3615	οἰκιακός	οἰκιακούς	
Matt 10:25	αὐτοῦ.	P-GSM	P-GSM	846	αὐτός	αὐτοῦ	
Matt 10:26	μὴ	PRT-N	PRT-N	3361	μή	μή	
Matt 10:26	οὖν	CONJ	CONJ	3767	οὖν	οὖν	
Matt 10:26	φοβηθῆτε	V-APS2P	V-APS2P	5399	φοβέω	φοβηθῆτε	
Matt 10:26	αὐτούς·	P-APM	P-APM	846	αὐτός	αὐτούς	
Matt 10:26	οὐδὲν	A-NSN-N	A-NSN-N	3762	οὐδείς	οὐδέν	
Matt 10:26	γάρ	CONJ	CONJ	1063	γάρ	γάρ	
Matt 10:26	ἐστιν	V-PAI-3S	V-PAI-3S	1510&5719	εἰμί	ἐστιν	
Matt 10:26	κεκαλυμμένον	V-RPP-NSN	V-RPP-NSN	2572&5772	καλύπτω	κεκαλυμμένον	
Matt 10:26	ὃ	R-NSN	R-NSN	3739	ὅς	ὅ	
Matt 10:26	οὐκ	PRT-N	PRT-N	3756	οὐ	οὐκ	
Matt 10:26	ἀποκαλυφθήσεται,	V-FPI-3S	V-FPI-3S	601&5701	ἀποκαλύπτω	ἀποκαλυφθήσεται	
Matt 10:26	καὶ	CONJ	CONJ	2532	καί	καί	
Matt 10:26	κρυπτὸν	A-NSN	A-NSN	2927	κρυπτός	κρυπτόν	
Matt 10:26	ὃ	R-NSN	R-NSN	3739	ὅς	ὅ	
Matt 10:26	οὐ	PRT-N	PRT-N	3756	οὐ	οὐ	
Matt 10:26	γνωσθήσεται.	V-FPI-3S	V-FPI-3S	1097&5701	γινώσκω	γνωσθήσεται	
Matt 10:27	ὃ	R-ASN	R-ASN	3739	ὅς	ὅ	
Matt 10:27	λέγω	V-PAI-1S	V-PAI-1S	3004&5719	λέγω	λέγω	
Matt 10:27	ὑμῖν	P-2DP	P-2DP	4771	σύ	ὑμῖν	
Matt 10:27	ἐν	PREP	PREP	1722	ἐν	ἐν	
Matt 10:27	τῇ	T-DSF	T-DSF	3588	ὁ	τῇ	
Matt 10:27	σκοτίᾳ,	N-DSF	N-DSF	4653	σκοτία	σκοτίᾳ	
Matt 10:27	εἴπατε	V-2AAM-2P	V-2AAM-2P	3004&5628	λέγω	εἴπατε	
Matt 10:27	ἐν	PREP	PREP	1722	ἐν	ἐν	
Matt 10:27	τῷ	T-DSN	T-DSN	3588	ὁ	τῷ	
Matt 10:27	φωτί·	N-DSN	N-DSN	5457	φῶς	φωτί	
Matt 10:27	καὶ	CONJ	CONJ	2532	καί	καί	
Matt 10:27	ὃ	R-ASN	R-ASN	3739	ὅς	ὅ	
Matt 10:27	εἰς	PREP	PREP	1519	εἰς	εἰς	
Matt 10:27	τὸ	T-ASN	T-ASN	3588	ὁ	τό	
Matt 10:27	οὖς	N-ASN	N-ASN	3775	οὖς	οὖς	
Matt 10:27	ἀκούετε,	V-PAI-2P	V-PAI-2P	191&5719	ἀκούω	ἀκούετε	
Matt 10:27	κηρύξατε	V-AAM-2P	V-AAM-2P	2784&5657	κηρύσσω	κηρύξατε	
Matt 10:27	ἐπὶ	PREP	PREP	1909	ἐπί	ἐπί	
Matt 10:27	τῶν	T-GPN	T-GPN	3588	ὁ	τῶν	
Matt 10:27	δωμάτων.	N-GPN	N-GPN	1430	δῶμα	δωμάτων	
Matt 10:28	καὶ	CONJ	CONJ	2532	καί	καί	
Matt 10:28	μὴ	PRT-N	PRT-N	3361	μή	μή	
Matt 10:28	φοβεῖσθε	V-PEM-2P@@V-PNM-2P	V-PEM-2P@@V-PNM-2P	5399	φοβέω	φοβεῖσθε	V-PEM-2P	V-PNM-2P
Matt 10:28	ἀπὸ	PREP	PREP	575	ἀπό	ἀπό	
Matt 10:28	τῶν	T-GPM	T-GPM	3588	ὁ	τῶν	
Matt 10:28	ἀποκτεννόντων	V-PAP-GPM	V-PAP-GPM	615	ἀποκτείνω	ἀποκτεννόντων	
Matt 10:28	τὸ	T-ASN	T-ASN	3588	ὁ	τό	
Matt 10:28	σῶμα,	N-ASN	N-ASN	4983	σῶμα	σῶμα	
Matt 10:28	τὴν	T-ASF	T-ASF	3588	ὁ	τήν	
Matt 10:28	δὲ	CONJ	CONJ	1161	δέ	δέ	
Matt 10:28	ψυχὴν	N-ASF	N-ASF	5590	ψυχή	ψυχήν	
Matt 10:28	μὴ	PRT-N	PRT-N	3361	μή	μή	
Matt 10:28	δυναμένων	V-PNP-GPM	V-PNP-GPM	1410&5740	δύναμαι	δυναμένων	
Matt 10:28	ἀποκτεῖναι·	V-AAN	V-AAN	615&5658	ἀποκτείνω	ἀποκτεῖναι	
Matt 10:28	φοβεῖσθε	V-PNM-2P	V-PNM-2P	5399&5737	φοβέω	φοβεῖσθε	
Matt 10:28	δὲ	CONJ	CONJ	1161	δέ	δέ	
Matt 10:28	μᾶλλον	ADV	ADV	3123	μᾶλλον	μᾶλλον	
Matt 10:28	τὸν	T-ASM	T-ASM	3588	ὁ	τόν	
Matt 10:28	δυνάμενον	V-PNP-ASM	V-PNP-ASM	1410&5740	δύναμαι	δυνάμενον	
Matt 10:28	καὶ	CONJ	CONJ	2532	καί	καί	
Matt 10:28	ψυχὴν	N-ASF	N-ASF	5590	ψυχή	ψυχήν	
Matt 10:28	καὶ	CONJ	CONJ	2532	καί	καί	
Matt 10:28	σῶμα	N-ASN	N-ASN	4983	σῶμα	σῶμα	
Matt 10:28	ἀπολέσαι	V-AAN	V-AAN	622&5658	ἀπόλλυμι	ἀπολέσαι	
Matt 10:28	ἐν	PREP	PREP	1722	ἐν	ἐν	
Matt 10:28	γεέννῃ.	N-DSF	N-DSF	1067	γέεννα	γεέννῃ	
Matt 10:29	οὐχὶ	PRT-I	PRT-I	3780	οὐχί	οὐχί	
Matt 10:29	δύο	A-NUI	A-NUI	1417	δύο	δύο	
Matt 10:29	στρουθία	N-NPN	N-NPN	4765	στρουθίον	στρουθία	
Matt 10:29	ἀσσαρίου	N-GSN	N-GSN	787	ἀσσάριον	ἀσσαρίου	
Matt 10:29	πωλεῖται;	V-PPI-3S	V-PEI-3S	4453&5743	πωλέω	πωλεῖται	
Matt 10:29	καὶ	CONJ	CONJ	2532	καί	καί	
Matt 10:29	ἓν	A-NSN	A-NSN	1520	εἷς	ἕν	
Matt 10:29	ἐξ	PREP	PREP	1537	ἐκ	ἐξ	
Matt 10:29	αὐτῶν	P-GPN	P-GPN	846	αὐτός	αὐτῶν	
Matt 10:29	οὐ	PRT-N	PRT-N	3756	οὐ	οὐ	
Matt 10:29	πεσεῖται	V-FDI-3S	V-FDI-3S	4098&5695	πίπτω	πεσεῖται	
Matt 10:29	ἐπὶ	PREP	PREP	1909	ἐπί	ἐπί	
Matt 10:29	τὴν	T-ASF	T-ASF	3588	ὁ	τήν	
Matt 10:29	γῆν	N-ASF	N-ASF	1093	γῆ	γῆν	
Matt 10:29	ἄνευ	PREP	PREP	427	ἄνευ	ἄνευ	
Matt 10:29	τοῦ	T-GSM	T-GSM	3588	ὁ	τοῦ	
Matt 10:29	Πατρὸς	N-GSM	N-GSM	3962	πατήρ	Πατρός	
Matt 10:29	ὑμῶν.	P-2GP	P-2GP	4771	σύ	ὑμῶν	
Matt 10:30	ὑμῶν	P-2GP	P-2GP	4771	σύ	ὑμῶν	
Matt 10:30	δὲ	CONJ	CONJ	1161	δέ	δέ	
Matt 10:30	καὶ	CONJ	CONJ	2532	καί	καί	
Matt 10:30	αἱ	T-NPF	T-NPF	3588	ὁ	αἱ	
Matt 10:30	τρίχες	N-NPF	N-NPF	2359	θρίξ	τρίχες	
Matt 10:30	τῆς	T-GSF	T-GSF	3588	ὁ	τῆς	
Matt 10:30	κεφαλῆς	N-GSF	N-GSF	2776	κεφαλή	κεφαλῆς	
Matt 10:30	πᾶσαι	A-NPF	A-NPF	3956	πᾶς	πᾶσαι	
Matt 10:30	ἠριθμημέναι	V-RPP-NPF	V-RPP-NPF	705&5772	ἀριθμέω	ἠριθμημέναι	
Matt 10:30	εἰσίν.	V-PAI-3P	V-PAI-3P	1510&5719	εἰμί	εἰσίν	
Matt 10:31	μὴ	PRT-N	PRT-N	3361	μή	μή	
Matt 10:31	οὖν	CONJ	CONJ	3767	οὖν	οὖν	
Matt 10:31	φοβεῖσθε·	V-PNM-2P	V-PNM-2P	5399&5737	φοβέω	φοβεῖσθε	
Matt 10:31	πολλῶν	A-GPN	A-GPN	4183	πολύς	πολλῶν	
Matt 10:31	στρουθίων	N-GPN	N-GPN	4765	στρουθίον	στρουθίων	
Matt 10:31	διαφέρετε	V-PAI-2P	V-PAI-2P	1308&5719	διαφέρω	διαφέρετε	
Matt 10:31	ὑμεῖς.	P-2NP	P-2NP	4771	σύ	ὑμεῖς	
Matt 10:32	Πᾶς	A-NSM	A-NSM	3956	πᾶς	Πᾶς	
Matt 10:32	οὖν	CONJ	CONJ	3767	οὖν	οὖν	
Matt 10:32	ὅστις	R-NSM	R-NSM	3748	ὅστις	ὅστις	
Matt 10:32	ὁμολογήσει	V-FAI-3S	V-FAI-3S	3670&5692	ὁμολογέω	ὁμολογήσει	
Matt 10:32	ἐν	PREP	PREP	1722	ἐν	ἐν	
Matt 10:32	ἐμοὶ	P-1DS	P-1DS	1473	ἐγώ	ἐμοί	
Matt 10:32	ἔμπροσθεν	PREP	PREP	1715	ἔμπροσθεν	ἔμπροσθεν	
Matt 10:32	τῶν	T-GPM	T-GPM	3588	ὁ	τῶν	
Matt 10:32	ἀνθρώπων,	N-GPM	N-GPM	444	ἄνθρωπος	ἀνθρώπων	
Matt 10:32	ὁμολογήσω	V-FAI-1S	V-FAI-1S	3670&5692	ὁμολογέω	ὁμολογήσω	
Matt 10:32	κἀγὼ	P-1NS-K	P-1NS-K	2504	κἀγώ	κἀγώ	
Matt 10:32	ἐν	PREP	PREP	1722	ἐν	ἐν	
Matt 10:32	αὐτῷ	P-DSM	P-DSM	846	αὐτός	αὐτῷ	
Matt 10:32	ἔμπροσθεν	PREP	PREP	1715	ἔμπροσθεν	ἔμπροσθεν	
Matt 10:32	τοῦ	T-GSM	T-GSM	3588	ὁ	τοῦ	
Matt 10:32	Πατρός	N-GSM	N-GSM	3962	πατήρ	Πατρός	
Matt 10:32	μου	P-1GS	P-1GS	1473	ἐγώ	μου	
Matt 10:32	τοῦ	T-GSM	T-GSM	3588	ὁ	τοῦ	
Matt 10:32	ἐν	PREP	PREP	1722	ἐν	ἐν	
Matt 10:32	τοῖς	T-DPM	T-DPM	3588	ὁ	τοῖς	
Matt 10:32	οὐρανοῖς·	N-DPM	N-DPM	3772	οὐρανός	οὐρανοῖς	
Matt 10:33	ὅστις	R-NSM	R-NSM	3748	ὅστις	ὅστις	
Matt 10:33	δ’	CONJ	CONJ	1161	δέ	δ’	
Matt 10:33	ἂν	PRT	PRT	302	ἄν	ἄν	
Matt 10:33	ἀρνήσηταί	V-ADS-3S	V-ADS-3S	720&5667	ἀρνέομαι	ἀρνήσηται	
Matt 10:33	με	P-1AS	P-1AS	1473	ἐγώ	με	
Matt 10:33	ἔμπροσθεν	PREP	PREP	1715	ἔμπροσθεν	ἔμπροσθεν	
Matt 10:33	τῶν	T-GPM	T-GPM	3588	ὁ	τῶν	
Matt 10:33	ἀνθρώπων,	N-GPM	N-GPM	444	ἄνθρωπος	ἀνθρώπων	
Matt 10:33	ἀρνήσομαι	V-FDI-1S	V-FDI-1S	720&5695	ἀρνέομαι	ἀρνήσομαι	
Matt 10:33	κἀγὼ	P-1NS-K	P-1NS-K	2504	κἀγώ	κἀγώ	
Matt 10:33	αὐτὸν	P-ASM	P-ASM	846	αὐτός	αὐτόν	
Matt 10:33	ἔμπροσθεν	PREP	PREP	1715	ἔμπροσθεν	ἔμπροσθεν	
Matt 10:33	τοῦ	T-GSM	T-GSM	3588	ὁ	τοῦ	
Matt 10:33	Πατρός	N-GSM	N-GSM	3962	πατήρ	Πατρός	
Matt 10:33	μου	P-1GS	P-1GS	1473	ἐγώ	μου	
Matt 10:33	τοῦ	T-GSM	T-GSM	3588	ὁ	τοῦ	
Matt 10:33	ἐν	PREP	PREP	1722	ἐν	ἐν	
Matt 10:33	τοῖς	T-DPM	T-DPM	3588	ὁ	τοῖς	
Matt 10:33	οὐρανοῖς.	N-DPM	N-DPM	3772	οὐρανός	οὐρανοῖς	
Matt 10:34	Μὴ	PRT-N	PRT-N	3361	μή	Μή	
Matt 10:34	νομίσητε	V-AAS-2P	V-AAS-2P	3543&5661	νομίζω	νομίσητε	
Matt 10:34	ὅτι	CONJ	CONJ	3754	ὅτι	ὅτι	
Matt 10:34	ἦλθον	V-2AAI-1S	V-2AAI-1S	2064&5627	ἔρχομαι	ἦλθον	
Matt 10:34	βαλεῖν	V-2AAN	V-2AAN	906&5629	βάλλω	βαλεῖν	
Matt 10:34	εἰρήνην	N-ASF	N-ASF	1515	εἰρήνη	εἰρήνην	
Matt 10:34	ἐπὶ	PREP	PREP	1909	ἐπί	ἐπί	
Matt 10:34	τὴν	T-ASF	T-ASF	3588	ὁ	τήν	
Matt 10:34	γῆν·	N-ASF	N-ASF	1093	γῆ	γῆν	
Matt 10:34	οὐκ	PRT-N	PRT-N	3756	οὐ	οὐκ	
Matt 10:34	ἦλθον	V-2AAI-1S	V-2AAI-1S	2064&5627	ἔρχομαι	ἦλθον	
Matt 10:34	βαλεῖν	V-2AAN	V-2AAN	906&5629	βάλλω	βαλεῖν	
Matt 10:34	εἰρήνην	N-ASF	N-ASF	1515	εἰρήνη	εἰρήνην	
Matt 10:34	ἀλλὰ	CONJ	CONJ	235	ἀλλά	ἀλλά	
Matt 10:34	μάχαιραν.	N-ASF	N-ASF	3162	μάχαιρα	μάχαιραν	
Matt 10:35	ἦλθον	V-2AAI-1S	V-2AAI-1S	2064&5627	ἔρχομαι	ἦλθον	
Matt 10:35	γὰρ	CONJ	CONJ	1063	γάρ	γάρ	
Matt 10:35	διχάσαι	V-AAN	V-AAN	1369&5658	διχάζω	διχάσαι	
Matt 10:35	ἄνθρωπον	N-ASM	N-ASM	444	ἄνθρωπος	ἄνθρωπον	
Matt 10:35	κατὰ	PREP	PREP	2596	κατά	κατά	
Matt 10:35	τοῦ	T-GSM	T-GSM	3588	ὁ	τοῦ	
Matt 10:35	πατρὸς	N-GSM	N-GSM	3962	πατήρ	πατρός	
Matt 10:35	αὐτοῦ	P-GSM	P-GSM	846	αὐτός	αὐτοῦ	
Matt 10:35	καὶ	CONJ	CONJ	2532	καί	καί	
Matt 10:35	θυγατέρα	N-ASF	N-ASF	2364	θυγάτηρ	θυγατέρα	
Matt 10:35	κατὰ	PREP	PREP	2596	κατά	κατά	
Matt 10:35	τῆς	T-GSF	T-GSF	3588	ὁ	τῆς	
Matt 10:35	μητρὸς	N-GSF	N-GSF	3384	μήτηρ	μητρός	
Matt 10:35	αὐτῆς	P-GSF	P-GSF	846	αὐτός	αὐτῆς	
Matt 10:35	καὶ	CONJ	CONJ	2532	καί	καί	
Matt 10:35	νύμφην	N-ASF	N-ASF	3565	νύμφη	νύμφην	
Matt 10:35	κατὰ	PREP	PREP	2596	κατά	κατά	
Matt 10:35	τῆς	T-GSF	T-GSF	3588	ὁ	τῆς	
Matt 10:35	πενθερᾶς	N-GSF	N-GSF	3994	πενθερά	πενθερᾶς	
Matt 10:35	αὐτῆς,	P-GSF	P-GSF	846	αὐτός	αὐτῆς	
Matt 10:36	καὶ	CONJ	CONJ	2532	καί	καί	
Matt 10:36	ἐχθροὶ	A-NPM	A-NPM	2190	ἐχθρός	ἐχθροί	
Matt 10:36	τοῦ	T-GSM	T-GSM	3588	ὁ	τοῦ	
Matt 10:36	ἀνθρώπου	N-GSM	N-GSM	444	ἄνθρωπος	ἀνθρώπου	
Matt 10:36	οἱ	T-NPM	T-NPM	3588	ὁ	οἱ	
Matt 10:36	οἰκιακοὶ	N-NPM	N-NPM	3615	οἰκιακός	οἰκιακοί	
Matt 10:36	αὐτοῦ.	P-GSM	P-GSM	846	αὐτός	αὐτοῦ	
Matt 10:37	Ὁ	T-NSM	T-NSM	3588	ὁ	Ὁ	
Matt 10:37	φιλῶν	V-PAP-NSM	V-PAP-NSM	5368&5723	φιλέω	φιλῶν	
Matt 10:37	πατέρα	N-ASM	N-ASM	3962	πατήρ	πατέρα	
Matt 10:37	ἢ	PRT	PRT	2228	ἤ	ἤ	
Matt 10:37	μητέρα	N-ASF	N-ASF	3384	μήτηρ	μητέρα	
Matt 10:37	ὑπὲρ	PREP	PREP	5228	ὑπέρ	ὑπέρ	
Matt 10:37	ἐμὲ	P-1AS	P-1AS	1473	ἐγώ	ἐμέ	
Matt 10:37	οὐκ	PRT-N	PRT-N	3756	οὐ	οὐκ	
Matt 10:37	ἔστιν	V-PAI-3S	V-PAI-3S	1510&5719	εἰμί	ἔστιν	
Matt 10:37	μου	P-1GS	P-1GS	1473	ἐγώ	μου	
Matt 10:37	ἄξιος·	A-NSM	A-NSM	514	ἄξιος	ἄξιος	
Matt 10:37	καὶ	CONJ	CONJ	2532	καί	καί	
Matt 10:37	ὁ	T-NSM	T-NSM	3588	ὁ	ὁ	
Matt 10:37	φιλῶν	V-PAP-NSM	V-PAP-NSM	5368&5723	φιλέω	φιλῶν	
Matt 10:37	υἱὸν	N-ASM	N-ASM	5207	υἱός	υἱόν	
Matt 10:37	ἢ	PRT	PRT	2228	ἤ	ἤ	
Matt 10:37	θυγατέρα	N-ASF	N-ASF	2364	θυγάτηρ	θυγατέρα	
Matt 10:37	ὑπὲρ	PREP	PREP	5228	ὑπέρ	ὑπέρ	
Matt 10:37	ἐμὲ	P-1AS	P-1AS	1473	ἐγώ	ἐμέ	
Matt 10:37	οὐκ	PRT-N	PRT-N	3756	οὐ	οὐκ	
Matt 10:37	ἔστιν	V-PAI-3S	V-PAI-3S	1510&5719	εἰμί	ἔστιν	
Matt 10:37	μου	P-1GS	P-1GS	1473	ἐγώ	μου	
Matt 10:37	ἄξιος·	A-NSM	A-NSM	514	ἄξιος	ἄξιος	
Matt 10:38	καὶ	CONJ	CONJ	2532	καί	καί	
Matt 10:38	ὃς	R-NSM	R-NSM	3739	ὅς	ὅς	
Matt 10:38	οὐ	PRT-N	PRT-N	3756	οὐ	οὐ	
Matt 10:38	λαμβάνει	V-PAI-3S	V-PAI-3S	2983&5719	λαμβάνω	λαμβάνει	
Matt 10:38	τὸν	T-ASM	T-ASM	3588	ὁ	τόν	
Matt 10:38	σταυρὸν	N-ASM	N-ASM	4716	σταυρός	σταυρόν	
Matt 10:38	αὐτοῦ	P-GSM	P-GSM	846	αὐτός	αὐτοῦ	
Matt 10:38	καὶ	CONJ	CONJ	2532	καί	καί	
Matt 10:38	ἀκολουθεῖ	V-PAI-3S	V-PAI-3S	190&5719	ἀκολουθέω	ἀκολουθεῖ	
Matt 10:38	ὀπίσω	ADV	ADV	3694	ὀπίσω	ὀπίσω	
Matt 10:38	μου,	P-1GS	P-1GS	1473	ἐγώ	μου	
Matt 10:38	οὐκ	PRT-N	PRT-N	3756	οὐ	οὐκ	
Matt 10:38	ἔστιν	V-PAI-3S	V-PAI-3S	1510&5719	εἰμί	ἔστιν	
Matt 10:38	μου	P-1GS	P-1GS	1473	ἐγώ	μου	
Matt 10:38	ἄξιος.	A-NSM	A-NSM	514	ἄξιος	ἄξιος	
Matt 10:39	ὁ	T-NSM	T-NSM	3588	ὁ	ὁ	
Matt 10:39	εὑρὼν	V-2AAP-NSM	V-2AAP-NSM	2147&5631	εὑρίσκω	εὑρών	
Matt 10:39	τὴν	T-ASF	T-ASF	3588	ὁ	τήν	
Matt 10:39	ψυχὴν	N-ASF	N-ASF	5590	ψυχή	ψυχήν	
Matt 10:39	αὐτοῦ	P-GSM	P-GSM	846	αὐτός	αὐτοῦ	
Matt 10:39	ἀπολέσει	V-FAI-3S	V-FAI-3S	622&5692	ἀπόλλυμι	ἀπολέσει	
Matt 10:39	αὐτήν,	P-ASF	P-ASF	846	αὐτός	αὐτήν	
Matt 10:39	καὶ	CONJ	CONJ	2532	καί	καί	
Matt 10:39	ὁ	T-NSM	T-NSM	3588	ὁ	ὁ	
Matt 10:39	ἀπολέσας	V-AAP-NSM	V-AAP-NSM	622&5660	ἀπόλλυμι	ἀπολέσας	
Matt 10:39	τὴν	T-ASF	T-ASF	3588	ὁ	τήν	
Matt 10:39	ψυχὴν	N-ASF	N-ASF	5590	ψυχή	ψυχήν	
Matt 10:39	αὐτοῦ	P-GSM	P-GSM	846	αὐτός	αὐτοῦ	
Matt 10:39	ἕνεκεν	PREP	PREP	1752	ἕνεκα	ἕνεκεν	
Matt 10:39	ἐμοῦ	P-1GS	P-1GS	1473	ἐγώ	ἐμοῦ	
Matt 10:39	εὑρήσει	V-FAI-3S	V-FAI-3S	2147&5692	εὑρίσκω	εὑρήσει	
Matt 10:39	αὐτήν.	P-ASF	P-ASF	846	αὐτός	αὐτήν	
Matt 10:40	Ὁ	T-NSM	T-NSM	3588	ὁ	Ὁ	
Matt 10:40	δεχόμενος	V-PNP-NSM	V-PNP-NSM	1209&5740	δέχομαι	δεχόμενος	
Matt 10:40	ὑμᾶς	P-2AP	P-2AP	4771	σύ	ὑμᾶς	
Matt 10:40	ἐμὲ	P-1AS	P-1AS	1473	ἐγώ	ἐμέ	
Matt 10:40	δέχεται,	V-PNI-3S	V-PNI-3S	1209&5736	δέχομαι	δέχεται	
Matt 10:40	καὶ	CONJ	CONJ	2532	καί	καί	
Matt 10:40	ὁ	T-NSM	T-NSM	3588	ὁ	ὁ	
Matt 10:40	ἐμὲ	P-1AS	P-1AS	1473	ἐγώ	ἐμέ	
Matt 10:40	δεχόμενος	V-PNP-NSM	V-PNP-NSM	1209&5740	δέχομαι	δεχόμενος	
Matt 10:40	δέχεται	V-PNI-3S	V-PNI-3S	1209&5736	δέχομαι	δέχεται	
Matt 10:40	τὸν	T-ASM	T-ASM	3588	ὁ	τόν	
Matt 10:40	ἀποστείλαντά	V-AAP-ASM	V-AAP-ASM	649&5660	ἀποστέλλω	ἀποστείλαντα	
Matt 10:40	με.	P-1AS	P-1AS	1473	ἐγώ	με	
Matt 10:41	ὁ	T-NSM	T-NSM	3588	ὁ	ὁ	
Matt 10:41	δεχόμενος	V-PNP-NSM	V-PNP-NSM	1209&5740	δέχομαι	δεχόμενος	
Matt 10:41	προφήτην	N-ASM	N-ASM	4396	προφήτης	προφήτην	
Matt 10:41	εἰς	PREP	PREP	1519	εἰς	εἰς	
Matt 10:41	ὄνομα	N-ASN	N-ASN	3686	ὄνομα	ὄνομα	
Matt 10:41	προφήτου	N-GSM	N-GSM	4396	προφήτης	προφήτου	
Matt 10:41	μισθὸν	N-ASM	N-ASM	3408	μισθός	μισθόν	
Matt 10:41	προφήτου	N-GSM	N-GSM	4396	προφήτης	προφήτου	
Matt 10:41	λήμψεται,	V-FDI-3S	V-FDI-3S	2983&5695	λαμβάνω	λήμψεται	
Matt 10:41	καὶ	CONJ	CONJ	2532	καί	καί	
Matt 10:41	ὁ	T-NSM	T-NSM	3588	ὁ	ὁ	
Matt 10:41	δεχόμενος	V-PNP-NSM	V-PNP-NSM	1209&5740	δέχομαι	δεχόμενος	
Matt 10:41	δίκαιον	A-ASM	A-ASM	1342	δίκαιος	δίκαιον	
Matt 10:41	εἰς	PREP	PREP	1519	εἰς	εἰς	
Matt 10:41	ὄνομα	N-ASN	N-ASN	3686	ὄνομα	ὄνομα	
Matt 10:41	δικαίου	A-GSM	A-GSM	1342	δίκαιος	δικαίου	
Matt 10:41	μισθὸν	N-ASM	N-ASM	3408	μισθός	μισθόν	
Matt 10:41	δικαίου	A-GSM	A-GSM	1342	δίκαιος	δικαίου	
Matt 10:41	λήμψεται.	V-FDI-3S	V-FDI-3S	2983&5695	λαμβάνω	λήμψεται	
Matt 10:42	καὶ	CONJ	CONJ	2532	καί	καί	
Matt 10:42	ὃς	R-NSM	R-NSM	3739	ὅς	ὅς	
Matt 10:42	ἐὰν	COND	COND	1437	ἐάν	ἐάν	
Matt 10:42	ποτίσῃ	V-AAS-3S	V-AAS-3S	4222&5661	ποτίζω	ποτίσῃ	
Matt 10:42	ἕνα	A-ASM	A-ASM	1520	εἷς	ἕνα	
Matt 10:42	τῶν	T-GPM	T-GPM	3588	ὁ	τῶν	
Matt 10:42	μικρῶν	A-GPM	A-GPM	3398	μικρός	μικρῶν	
Matt 10:42	τούτων	D-GPM	D-GPM	3778	οὗτος	τούτων	
Matt 10:42	ποτήριον	N-ASN	N-ASN	4221	ποτήριον	ποτήριον	
Matt 10:42	ψυχροῦ	A-GSN	A-GSN	5593	ψυχρός	ψυχροῦ	
Matt 10:42	μόνον	ADV	ADV	3440	μόνος	μόνον	
Matt 10:42	εἰς	PREP	PREP	1519	εἰς	εἰς	
Matt 10:42	ὄνομα	N-ASN	N-ASN	3686	ὄνομα	ὄνομα	
Matt 10:42	μαθητοῦ,	N-GSM	N-GSM	3101	μαθητής	μαθητοῦ	
Matt 10:42	ἀμὴν	HEB	HEB	281	ἀμήν	ἀμήν	
Matt 10:42	λέγω	V-PAI-1S	V-PAI-1S	3004&5719	λέγω	λέγω	
Matt 10:42	ὑμῖν,	P-2DP	P-2DP	4771	σύ	ὑμῖν	
Matt 10:42	οὐ	PRT-N	PRT-N	3756	οὐ	οὐ	
Matt 10:42	μὴ	PRT-N	PRT-N	3361	μή	μή	
Matt 10:42	ἀπολέσῃ	V-AAS-3S	V-AAS-3S	622&5661	ἀπόλλυμι	ἀπολέσῃ	
Matt 10:42	τὸν	T-ASM	T-ASM	3588	ὁ	τόν	
Matt 10:42	μισθὸν	N-ASM	N-ASM	3408	μισθός	μισθόν	
Matt 10:42	αὐτοῦ.	P-GSM	P-GSM	846	αὐτός	αὐτοῦ	
Matt 11:1	Καὶ	CONJ	CONJ	2532	καί	Καί	
Matt 11:1	ἐγένετο	V-2ADI-3S	V-2ADI-3S	1096&5633	γίνομαι	ἐγένετο	
Matt 11:1	ὅτε	ADV	ADV	3753	ὅτε	ὅτε	
Matt 11:1	ἐτέλεσεν	V-AAI-3S	V-AAI-3S	5055&5656	τελέω	ἐτέλεσεν	
Matt 11:1	ὁ	T-NSM	T-NSM	3588	ὁ	ὁ	
Matt 11:1	Ἰησοῦς	N-NSM	N-NSM	2424	Ἰησοῦς	Ἰησοῦς	
Matt 11:1	διατάσσων	V-PAP-NSM	V-PAP-NSM	1299&5723	διατάσσω	διατάσσων	
Matt 11:1	τοῖς	T-DPM	T-DPM	3588	ὁ	τοῖς	
Matt 11:1	δώδεκα	A-NUI	A-NUI	1427	δώδεκα	δώδεκα	
Matt 11:1	μαθηταῖς	N-DPM	N-DPM	3101	μαθητής	μαθηταῖς	
Matt 11:1	αὐτοῦ,	P-GSM	P-GSM	846	αὐτός	αὐτοῦ	
Matt 11:1	μετέβη	V-2AAI-3S	V-2AAI-3S	3327&5627	μεταβαίνω	μετέβη	
Matt 11:1	ἐκεῖθεν	ADV	ADV	1564	ἐκεῖθεν	ἐκεῖθεν	
Matt 11:1	τοῦ	T-GSN	T-GSN	3588	ὁ	τοῦ	
Matt 11:1	διδάσκειν	V-PAN	V-PAN	1321&5721	διδάσκω	διδάσκειν	
Matt 11:1	καὶ	CONJ	CONJ	2532	καί	καί	
Matt 11:1	κηρύσσειν	V-PAN	V-PAN	2784&5721	κηρύσσω	κηρύσσειν	
Matt 11:1	ἐν	PREP	PREP	1722	ἐν	ἐν	
Matt 11:1	ταῖς	T-DPF	T-DPF	3588	ὁ	ταῖς	
Matt 11:1	πόλεσιν	N-DPF	N-DPF	4172	πόλις	πόλεσιν	
Matt 11:1	αὐτῶν.	P-GPM	P-GPM	846	αὐτός	αὐτῶν	
Matt 11:2	Ὁ	T-NSM	T-NSM	3588	ὁ	Ὁ	
Matt 11:2	δὲ	CONJ	CONJ	1161	δέ	δέ	
Matt 11:2	Ἰωάνης	N-NSM	N-NSM	2491	Ἰωάννης	Ἰωάνης	
Matt 11:2	ἀκούσας	V-AAP-NSM	V-AAP-NSM	191&5660	ἀκούω	ἀκούσας	
Matt 11:2	ἐν	PREP	PREP	1722	ἐν	ἐν	
Matt 11:2	τῷ	T-DSN	T-DSN	3588	ὁ	τῷ	
Matt 11:2	δεσμωτηρίῳ	N-DSN	N-DSN	1201	δεσμωτήριον	δεσμωτηρίῳ	
Matt 11:2	τὰ	T-APN	T-APN	3588	ὁ	τά	
Matt 11:2	ἔργα	N-APN	N-APN	2041	ἔργον	ἔργα	
Matt 11:2	τοῦ	T-GSM	T-GSM	3588	ὁ	τοῦ	
Matt 11:2	Χριστοῦ,	N-GSM	N-GSM	5547	Χριστός	Χριστοῦ	
Matt 11:2	πέμψας	V-AAP-NSM	V-AAP-NSM	3992&5660	πέμπω	πέμψας	
Matt 11:2	διὰ	PREP	PREP	1223	διά	διά	
Matt 11:2	τῶν	T-GPM	T-GPM	3588	ὁ	τῶν	
Matt 11:2	μαθητῶν	N-GPM	N-GPM	3101	μαθητής	μαθητῶν	
Matt 11:2	αὐτοῦ	P-GSM	P-GSM	846	αὐτός	αὐτοῦ	
Matt 11:3	εἶπεν	V-2AAI-3S	V-2AAI-3S	3004&5627	λέγω	εἶπεν	
Matt 11:3	αὐτῷ	P-DSM	P-DSM	846	αὐτός	αὐτῷ	
Matt 11:3	Σὺ	P-2NS	P-2NS	4771	σύ	Σύ	
Matt 11:3	εἶ	V-PAI-2S	V-PAI-2S	1510&5719	εἰμί	εἶ	
Matt 11:3	ὁ	T-NSM	T-NSM	3588	ὁ	ὁ	
Matt 11:3	ἐρχόμενος,	V-PNP-NSM	V-PNP-NSM	2064&5740	ἔρχομαι	ἐρχόμενος	
Matt 11:3	ἢ	PRT	PRT	2228	ἤ	ἤ	
Matt 11:3	ἕτερον	A-ASM	A-ASM	2087	ἕτερος	ἕτερον	
Matt 11:3	προσδοκῶμεν;	V-PAI-1P	V-PAI-1P	4328&5719	προσδοκάω	προσδοκῶμεν	
Matt 11:4	καὶ	CONJ	CONJ	2532	καί	καί	
Matt 11:4	ἀποκριθεὶς	V-AOP-NSM	V-AOP-NSM	611&5679	ἀποκρίνομαι	ἀποκριθείς	
Matt 11:4	ὁ	T-NSM	T-NSM	3588	ὁ	ὁ	
Matt 11:4	Ἰησοῦς	N-NSM	N-NSM	2424	Ἰησοῦς	Ἰησοῦς	
Matt 11:4	εἶπεν	V-2AAI-3S	V-2AAI-3S	3004&5627	λέγω	εἶπεν	
Matt 11:4	αὐτοῖς	P-DPM	P-DPM	846	αὐτός	αὐτοῖς	
Matt 11:4	Πορευθέντες	V-AOP-NPM	V-AOP-NPM	4198&5679	πορεύομαι	Πορευθέντες	
Matt 11:4	ἀπαγγείλατε	V-AAM-2P	V-AAM-2P	518&5657	ἀπαγγέλλω	ἀπαγγείλατε	
Matt 11:4	Ἰωάνει	N-DSM	N-DSM	2491	Ἰωάννης	Ἰωάνει	
Matt 11:4	ἃ	R-APN	R-APN	3739	ὅς	ἅ	
Matt 11:4	ἀκούετε	V-PAI-2P	V-PAI-2P	191&5719	ἀκούω	ἀκούετε	
Matt 11:4	καὶ	CONJ	CONJ	2532	καί	καί	
Matt 11:4	βλέπετε·	V-PAI-2P	V-PAI-2P	991&5719	βλέπω	βλέπετε	
Matt 11:5	τυφλοὶ	A-NPM	A-NPM	5185	τυφλός	τυφλοί	
Matt 11:5	ἀναβλέπουσιν	V-PAI-3P	V-PAI-3P	308&5719	ἀναβλέπω	ἀναβλέπουσιν	
Matt 11:5	καὶ	CONJ	CONJ	2532	καί	καί	
Matt 11:5	χωλοὶ	A-NPM	A-NPM	5560	χωλός	χωλοί	
Matt 11:5	περιπατοῦσιν,	V-PAI-3P	V-PAI-3P	4043&5719	περιπατέω	περιπατοῦσιν	
Matt 11:5	λεπροὶ	A-NPM	A-NPM	3015	λεπρός	λεπροί	
Matt 11:5	καθαρίζονται	V-PPI-3P	V-PEI-3P	2511&5743	καθαρίζω	καθαρίζονται	
Matt 11:5	καὶ	CONJ	CONJ	2532	καί	καί	
Matt 11:5	κωφοὶ	A-NPM	A-NPM	2974	κωφός	κωφοί	
Matt 11:5	ἀκούουσιν,	V-PAI-3P	V-PAI-3P	191&5719	ἀκούω	ἀκούουσιν	
Matt 11:5	καὶ	CONJ	CONJ	2532	καί	καί	
Matt 11:5	νεκροὶ	A-NPM	A-NPM	3498	νεκρός	νεκροί	
Matt 11:5	ἐγείρονται	V-PPI-3P	V-PEI-3P	1453&5743	ἐγείρω	ἐγείρονται	
Matt 11:5	καὶ	CONJ	CONJ	2532	καί	καί	
Matt 11:5	πτωχοὶ	A-NPM	A-NPM	4434	πτωχός	πτωχοί	
Matt 11:5	εὐαγγελίζονται·	V-PPI-3P	V-PEI-3P	2097&5743	εὐαγγελίζω	εὐαγγελίζονται	
Matt 11:6	καὶ	CONJ	CONJ	2532	καί	καί	
Matt 11:6	μακάριός	A-NSM	A-NSM	3107	μακάριος	μακάριος	
Matt 11:6	ἐστιν	V-PAI-3S	V-PAI-3S	1510&5719	εἰμί	ἐστιν	
Matt 11:6	ὃς	R-NSM	R-NSM	3739	ὅς	ὅς	
Matt 11:6	ἐὰν	COND	COND	1437	ἐάν	ἐάν	
Matt 11:6	μὴ	PRT-N	PRT-N	3361	μή	μή	
Matt 11:6	σκανδαλισθῇ	V-APS-3S	V-APS-3S	4624&5686	σκανδαλίζω	σκανδαλισθῇ	
Matt 11:6	ἐν	PREP	PREP	1722	ἐν	ἐν	
Matt 11:6	ἐμοί.	P-1DS	P-1DS	1473	ἐγώ	ἐμοί	
Matt 11:7	Τούτων	D-GPM	D-GPM	3778	οὗτος	Τούτων	
Matt 11:7	δὲ	CONJ	CONJ	1161	δέ	δέ	
Matt 11:7	πορευομένων	V-PNP-GPM	V-PNP-GPM	4198&5740	πορεύομαι	πορευομένων	
Matt 11:7	ἤρξατο	V-AMI-3S	V-AMI-3S	756&5668	ἄρχω	ἤρξατο	
Matt 11:7	ὁ	T-NSM	T-NSM	3588	ὁ	ὁ	
Matt 11:7	Ἰησοῦς	N-NSM	N-NSM	2424	Ἰησοῦς	Ἰησοῦς	
Matt 11:7	λέγειν	V-PAN	V-PAN	3004&5721	λέγω	λέγειν	
Matt 11:7	τοῖς	T-DPM	T-DPM	3588	ὁ	τοῖς	
Matt 11:7	ὄχλοις	N-DPM	N-DPM	3793	ὄχλος	ὄχλοις	
Matt 11:7	περὶ	PREP	PREP	4012	περί	περί	
Matt 11:7	Ἰωάνου	N-GSM	N-GSM	2491	Ἰωάννης	Ἰωάνου	
Matt 11:7	Τί	I-ASN	I-ASN	5101	τίς	Τί	
Matt 11:7	ἐξήλθατε	V-2AAI-2P	V-2AAI-2P	1831&5627	ἐξέρχομαι	ἐξήλθατε	
Matt 11:7	εἰς	PREP	PREP	1519	εἰς	εἰς	
Matt 11:7	τὴν	T-ASF	T-ASF	3588	ὁ	τήν	
Matt 11:7	ἔρημον	A-ASF	A-ASF	2048	ἔρημος	ἔρημον	
Matt 11:7	θεάσασθαι;	V-ADN	V-ADN	2300&5664	θεάομαι	θεάσασθαι	
Matt 11:7	κάλαμον	N-ASM	N-ASM	2563	κάλαμος	κάλαμον	
Matt 11:7	ὑπὸ	PREP	PREP	5259	ὑπό	ὑπό	
Matt 11:7	ἀνέμου	N-GSM	N-GSM	417	ἄνεμος	ἀνέμου	
Matt 11:7	σαλευόμενον;	V-PPP-ASM	V-PEP-ASM	4531&5746	σαλεύω	σαλευόμενον	
Matt 11:8	ἀλλὰ	CONJ	CONJ	235	ἀλλά	ἀλλά	
Matt 11:8	τί	I-ASN	I-ASN	5101	τίς	τί	
Matt 11:8	ἐξήλθατε	V-2AAI-2P	V-2AAI-2P	1831&5627	ἐξέρχομαι	ἐξήλθατε	
Matt 11:8	ἰδεῖν;	V-2AAN	V-2AAN	3708&5629	ὁράω	ἰδεῖν	
Matt 11:8	ἄνθρωπον	N-ASM	N-ASM	444	ἄνθρωπος	ἄνθρωπον	
Matt 11:8	ἐν	PREP	PREP	1722	ἐν	ἐν	
Matt 11:8	μαλακοῖς	A-DPN	A-DPN	3120	μαλακός	μαλακοῖς	
Matt 11:8	ἠμφιεσμένον;	V-RPP-ASM	V-RPP-ASM	294&5772	ἀμφιέννυμι	ἠμφιεσμένον	
Matt 11:8	ἰδοὺ	V-2AMM-2S	V-2AMM-2S	3708&5640	ὁράω	ἰδού	
Matt 11:8	οἱ	T-NPM	T-NPM	3588	ὁ	οἱ	
Matt 11:8	τὰ	T-APN	T-APN	3588	ὁ	τά	
Matt 11:8	μαλακὰ	A-APN	A-APN	3120	μαλακός	μαλακά	
Matt 11:8	φοροῦντες	V-PAP-NPM	V-PAP-NPM	5409&5723	φορέω	φοροῦντες	
Matt 11:8	ἐν	PREP	PREP	1722	ἐν	ἐν	
Matt 11:8	τοῖς	T-DPM	T-DPM	3588	ὁ	τοῖς	
Matt 11:8	οἴκοις	N-DPM	N-DPM	3624	οἶκος	οἴκοις	
Matt 11:8	τῶν	T-GPM	T-GPM	3588	ὁ	τῶν	
Matt 11:8	βασιλέων.	N-GPM	N-GPM	935	βασιλεύς	βασιλέων	
Matt 11:9	ἀλλὰ	CONJ	CONJ	235	ἀλλά	ἀλλά	
Matt 11:9	τί	I-ASN	I-ASN	5101	τίς	τί	
Matt 11:9	ἐξήλθατε;	V-2AAI-2P	V-2AAI-2P	1831&5627	ἐξέρχομαι	ἐξήλθατε	
Matt 11:9	προφήτην	N-ASM	N-ASM	4396	προφήτης	προφήτην	
Matt 11:9	ἰδεῖν;	V-2AAN	V-2AAN	3708&5629	ὁράω	ἰδεῖν	
Matt 11:9	ναί,	PRT	PRT	3483	ναί	ναί	
Matt 11:9	λέγω	V-PAI-1S	V-PAI-1S	3004&5719	λέγω	λέγω	
Matt 11:9	ὑμῖν,	P-2DP	P-2DP	4771	σύ	ὑμῖν	
Matt 11:9	καὶ	CONJ	CONJ	2532	καί	καί	
Matt 11:9	περισσότερον	A-ASN-C	A-ASN-C	4053	περισσός	περισσότερον	
Matt 11:9	προφήτου.	N-GSM	N-GSM	4396	προφήτης	προφήτου	
Matt 11:10	οὗτός	D-NSM	D-NSM	3778	οὗτος	οὗτος	
Matt 11:10	ἐστιν	V-PAI-3S	V-PAI-3S	1510&5719	εἰμί	ἐστιν	
Matt 11:10	περὶ	PREP	PREP	4012	περί	περί	
Matt 11:10	οὗ	R-GSM	R-GSM	3739	ὅς	οὗ	
Matt 11:10	γέγραπται	V-RPI-3S	V-RPI-3S	1125&5769	γράφω	γέγραπται	
Matt 11:10	Ἰδοὺ	V-2AMM-2S	V-2AMM-2S	3708&5640	ὁράω	Ἰδού	
Matt 11:10	ἐγὼ	P-1NS	P-1NS	1473	ἐγώ	ἐγώ	
Matt 11:10	ἀποστέλλω	V-PAI-1S	V-PAI-1S	649&5719	ἀποστέλλω	ἀποστέλλω	
Matt 11:10	τὸν	T-ASM	T-ASM	3588	ὁ	τόν	
Matt 11:10	ἄγγελόν	N-ASM	N-ASM	32	ἄγγελος	ἄγγελον	
Matt 11:10	μου	P-1GS	P-1GS	1473	ἐγώ	μου	
Matt 11:10	πρὸ	PREP	PREP	4253	πρό	πρό	
Matt 11:10	προσώπου	N-GSN	N-GSN	4383	πρόσωπον	προσώπου	
Matt 11:10	σου,	P-2GS	P-2GS	4771	σύ	σου	
Matt 11:10	ὃς	R-NSM	R-NSM	3739	ὅς	ὅς	
Matt 11:10	κατασκευάσει	V-FAI-3S	V-FAI-3S	2680&5692	κατασκευάζω	κατασκευάσει	
Matt 11:10	τὴν	T-ASF	T-ASF	3588	ὁ	τήν	
Matt 11:10	ὁδόν	N-ASF	N-ASF	3598	ὁδός	ὁδόν	
Matt 11:10	σου	P-2GS	P-2GS	4771	σύ	σου	
Matt 11:10	ἔμπροσθέν	PREP	PREP	1715	ἔμπροσθεν	ἔμπροσθεν	
Matt 11:10	σου.	P-2GS	P-2GS	4771	σύ	σου	
Matt 11:11	ἀμὴν	HEB	HEB	281	ἀμήν	ἀμήν	
Matt 11:11	λέγω	V-PAI-1S	V-PAI-1S	3004&5719	λέγω	λέγω	
Matt 11:11	ὑμῖν,	P-2DP	P-2DP	4771	σύ	ὑμῖν	
Matt 11:11	οὐκ	PRT-N	PRT-N	3756	οὐ	οὐκ	
Matt 11:11	ἐγήγερται	V-RPI-3S	V-RPI-3S	1453&5769	ἐγείρω	ἐγήγερται	
Matt 11:11	ἐν	PREP	PREP	1722	ἐν	ἐν	
Matt 11:11	γεννητοῖς	A-DPM	A-DPM	1084	γεννητός	γεννητοῖς	
Matt 11:11	γυναικῶν	N-GPF	N-GPF	1135	γυνή	γυναικῶν	
Matt 11:11	μείζων	A-NSM-C	A-NSM-C	3173	μέγας	μείζων	
Matt 11:11	Ἰωάνου	N-GSM	N-GSM	2491	Ἰωάννης	Ἰωάνου	
Matt 11:11	τοῦ	T-GSM	T-GSM	3588	ὁ	τοῦ	
Matt 11:11	Βαπτιστοῦ·	N-GSM	N-GSM	910	βαπτιστής	Βαπτιστοῦ	
Matt 11:11	ὁ	T-NSM	T-NSM	3588	ὁ	ὁ	
Matt 11:11	δὲ	CONJ	CONJ	1161	δέ	δέ	
Matt 11:11	μικρότερος	A-NSM-C	A-NSM-C	3398	μικρός	μικρότερος	
Matt 11:11	ἐν	PREP	PREP	1722	ἐν	ἐν	
Matt 11:11	τῇ	T-DSF	T-DSF	3588	ὁ	τῇ	
Matt 11:11	βασιλείᾳ	N-DSF	N-DSF	932	βασιλεία	βασιλείᾳ	
Matt 11:11	τῶν	T-GPM	T-GPM	3588	ὁ	τῶν	
Matt 11:11	οὐρανῶν	N-GPM	N-GPM	3772	οὐρανός	οὐρανῶν	
Matt 11:11	μείζων	A-NSM-C	A-NSM-C	3173	μέγας	μείζων	
Matt 11:11	αὐτοῦ	P-GSM	P-GSM	846	αὐτός	αὐτοῦ	
Matt 11:11	ἐστιν.	V-PAI-3S	V-PAI-3S	1510	εἰμί	ἐστιν	
Matt 11:12	ἀπὸ	PREP	PREP	575	ἀπό	ἀπό	
Matt 11:12	δὲ	CONJ	CONJ	1161	δέ	δέ	
Matt 11:12	τῶν	T-GPF	T-GPF	3588	ὁ	τῶν	
Matt 11:12	ἡμερῶν	N-GPF	N-GPF	2250	ἡμέρα	ἡμερῶν	
Matt 11:12	Ἰωάνου	N-GSM	N-GSM	2491	Ἰωάννης	Ἰωάνου	
Matt 11:12	τοῦ	T-GSM	T-GSM	3588	ὁ	τοῦ	
Matt 11:12	Βαπτιστοῦ	N-GSM	N-GSM	910	βαπτιστής	Βαπτιστοῦ	
Matt 11:12	ἕως	ADV	ADV	2193	ἕως	ἕως	
Matt 11:12	ἄρτι	ADV	ADV	737	ἄρτι	ἄρτι	
Matt 11:12	ἡ	T-NSF	T-NSF	3588	ὁ	ἡ	
Matt 11:12	βασιλεία	N-NSF	N-NSF	932	βασιλεία	βασιλεία	
Matt 11:12	τῶν	T-GPM	T-GPM	3588	ὁ	τῶν	
Matt 11:12	οὐρανῶν	N-GPM	N-GPM	3772	οὐρανός	οὐρανῶν	
Matt 11:12	βιάζεται,	V-PPI-3S	V-PEI-3S	971&5743	βιάζω	βιάζεται	
Matt 11:12	καὶ	CONJ	CONJ	2532	καί	καί	
Matt 11:12	βιασταὶ	N-NPM	N-NPM	973	βιαστής	βιασταί	
Matt 11:12	ἁρπάζουσιν	V-PAI-3P	V-PAI-3P	726&5719	ἁρπάζω	ἁρπάζουσιν	
Matt 11:12	αὐτήν.	P-ASF	P-ASF	846	αὐτός	αὐτήν	
Matt 11:13	πάντες	A-NPM	A-NPM	3956	πᾶς	πάντες	
Matt 11:13	γὰρ	CONJ	CONJ	1063	γάρ	γάρ	
Matt 11:13	οἱ	T-NPM	T-NPM	3588	ὁ	οἱ	
Matt 11:13	προφῆται	N-NPM	N-NPM	4396	προφήτης	προφῆται	
Matt 11:13	καὶ	CONJ	CONJ	2532	καί	καί	
Matt 11:13	ὁ	T-NSM	T-NSM	3588	ὁ	ὁ	
Matt 11:13	νόμος	N-NSM	N-NSM	3551	νόμος	νόμος	
Matt 11:13	ἕως	ADV	ADV	2193	ἕως	ἕως	
Matt 11:13	Ἰωάνου	N-GSM	N-GSM	2491	Ἰωάννης	Ἰωάνου	
Matt 11:13	ἐπροφήτευσαν·	V-AAI-3P	V-AAI-3P	4395&5656	προφητεύω	ἐπροφήτευσαν	
Matt 11:14	καὶ	CONJ	CONJ	2532	καί	καί	
Matt 11:14	εἰ	COND	COND	1487	εἰ	εἰ	
Matt 11:14	θέλετε	V-PAI-2P	V-PAI-2P	2309&5719	θέλω	θέλετε	
Matt 11:14	δέξασθαι,	V-ADN	V-ADN	1209&5664	δέχομαι	δέξασθαι	
Matt 11:14	αὐτός	P-NSM	P-NSM	846	αὐτός	αὐτός	
Matt 11:14	ἐστιν	V-PAI-3S	V-PAI-3S	1510&5719	εἰμί	ἐστιν	
Matt 11:14	Ἡλείας	N-NSM	N-NSM	2243	Ἠλίας	Ἡλείας	
Matt 11:14	ὁ	T-NSM	T-NSM	3588	ὁ	ὁ	
Matt 11:14	μέλλων	V-PAP-NSM	V-PAP-NSM	3195&5723	μέλλω	μέλλων	
Matt 11:14	ἔρχεσθαι.	V-PNN	V-PNN	2064&5738	ἔρχομαι	ἔρχεσθαι	
Matt 11:15	ὁ	T-NSM	T-NSM	3588	ὁ	ὁ	
Matt 11:15	ἔχων	V-PAP-NSM	V-PAP-NSM	2192&5723	ἔχω	ἔχων	
Matt 11:15	ὦτα	N-APN	N-APN	3775	οὖς	ὦτα	
Matt 11:15	ἀκουέτω.	V-PAM-3S	V-PAM-3S	191&5720	ἀκούω	ἀκουέτω	
Matt 11:16	Τίνι	I-DSN	I-DSN	5101	τίς	Τίνι	
Matt 11:16	δὲ	CONJ	CONJ	1161	δέ	δέ	
Matt 11:16	ὁμοιώσω	V-FAI-1S	V-FAI-1S	3666&5692	ὁμοιόω	ὁμοιώσω	
Matt 11:16	τὴν	T-ASF	T-ASF	3588	ὁ	τήν	
Matt 11:16	γενεὰν	N-ASF	N-ASF	1074	γενεά	γενεάν	
Matt 11:16	ταύτην;	D-ASF	D-ASF	3778	οὗτος	ταύτην	
Matt 11:16	ὁμοία	A-NSF	A-NSF	3664	ὅμοιος	ὁμοία	
Matt 11:16	ἐστὶν	V-PAI-3S	V-PAI-3S	1510&5719	εἰμί	ἐστίν	
Matt 11:16	παιδίοις	N-DPN	N-DPN	3813	παιδίον	παιδίοις	
Matt 11:16	καθημένοις	V-PNP-DPN	V-PNP-DPN	2521&5740	κάθημαι	καθημένοις	
Matt 11:16	ἐν	PREP	PREP	1722	ἐν	ἐν	
Matt 11:16	ταῖς	T-DPF	T-DPF	3588	ὁ	ταῖς	
Matt 11:16	ἀγοραῖς	N-DPF	N-DPF	58	ἀγορά	ἀγοραῖς	
Matt 11:16	ἃ	R-NPN	R-NPN	3739	ὅς	ἅ	
Matt 11:16	προσφωνοῦντα	V-PAP-NPN	V-PAP-NPN	4377&5723	προσφωνέω	προσφωνοῦντα	
Matt 11:16	τοῖς	T-DPN	T-DPN	3588	ὁ	τοῖς	
Matt 11:16	ἑτέροις	A-DPN	A-DPN	2087	ἕτερος	ἑτέροις	
Matt 11:17	λέγουσιν	V-PAI-3P	V-PAI-3P	3004&5719	λέγω	λέγουσιν	
Matt 11:17	Ηὐλήσαμεν	V-AAI-1P	V-AAI-1P	832&5656	αὐλέω	Ηὐλήσαμεν	
Matt 11:17	ὑμῖν	P-2DP	P-2DP	4771	σύ	ὑμῖν	
Matt 11:17	καὶ	CONJ	CONJ	2532	καί	καί	
Matt 11:17	οὐκ	PRT-N	PRT-N	3756	οὐ	οὐκ	
Matt 11:17	ὠρχήσασθε·	V-ADI-2P	V-ADI-2P	3738&5662	ὀρχέομαι	ὠρχήσασθε	
Matt 11:17	ἐθρηνήσαμεν	V-AAI-1P	V-AAI-1P	2354&5656	θρηνέω	ἐθρηνήσαμεν	
Matt 11:17	καὶ	CONJ	CONJ	2532	καί	καί	
Matt 11:17	οὐκ	PRT-N	PRT-N	3756	οὐ	οὐκ	
Matt 11:17	ἐκόψασθε·	V-AMI-2P	V-AMI-2P	2875&5668	κόπτω	ἐκόψασθε	
Matt 11:18	ἦλθεν	V-2AAI-3S	V-2AAI-3S	2064&5627	ἔρχομαι	ἦλθεν	
Matt 11:18	γὰρ	CONJ	CONJ	1063	γάρ	γάρ	
Matt 11:18	Ἰωάνης	N-NSM	N-NSM	2491	Ἰωάννης	Ἰωάνης	
Matt 11:18	μήτε	CONJ-N	CONJ-N	3383	μήτε	μήτε	
Matt 11:18	ἐσθίων	V-PAP-NSM	V-PAP-NSM	2068&5723	ἐσθίω	ἐσθίων	
Matt 11:18	μήτε	CONJ-N	CONJ-N	3383	μήτε	μήτε	
Matt 11:18	πίνων,	V-PAP-NSM	V-PAP-NSM	4095&5723	πίνω	πίνων	
Matt 11:18	καὶ	CONJ	CONJ	2532	καί	καί	
Matt 11:18	λέγουσιν	V-PAI-3P	V-PAI-3P	3004&5719	λέγω	λέγουσιν	
Matt 11:18	Δαιμόνιον	N-ASN	N-ASN	1140	δαιμόνιον	Δαιμόνιον	
Matt 11:18	ἔχει.	V-PAI-3S	V-PAI-3S	2192&5719	ἔχω	ἔχει	
Matt 11:19	ἦλθεν	V-2AAI-3S	V-2AAI-3S	2064&5627	ἔρχομαι	ἦλθεν	
Matt 11:19	ὁ	T-NSM	T-NSM	3588	ὁ	ὁ	
Matt 11:19	Υἱὸς	N-NSM	N-NSM	5207	υἱός	Υἱός	
Matt 11:19	τοῦ	T-GSM	T-GSM	3588	ὁ	τοῦ	
Matt 11:19	ἀνθρώπου	N-GSM	N-GSM	444	ἄνθρωπος	ἀνθρώπου	
Matt 11:19	ἐσθίων	V-PAP-NSM	V-PAP-NSM	2068&5723	ἐσθίω	ἐσθίων	
Matt 11:19	καὶ	CONJ	CONJ	2532	καί	καί	
Matt 11:19	πίνων,	V-PAP-NSM	V-PAP-NSM	4095&5723	πίνω	πίνων	
Matt 11:19	καὶ	CONJ	CONJ	2532	καί	καί	
Matt 11:19	λέγουσιν	V-PAI-3P	V-PAI-3P	3004&5719	λέγω	λέγουσιν	
Matt 11:19	Ἰδοὺ	V-2AMM-2S	V-2AMM-2S	3708&5640	ὁράω	Ἰδού	
Matt 11:19	ἄνθρωπος	N-NSM	N-NSM	444	ἄνθρωπος	ἄνθρωπος	
Matt 11:19	φάγος	N-NSM	N-NSM	5314	φάγος	φάγος	
Matt 11:19	καὶ	CONJ	CONJ	2532	καί	καί	
Matt 11:19	οἰνοπότης,	N-NSM	N-NSM	3630	οἰνοπότης	οἰνοπότης	
Matt 11:19	τελωνῶν	N-GPM	N-GPM	5057	τελώνης	τελωνῶν	
Matt 11:19	φίλος	A-NSM	A-NSM	5384	φίλος	φίλος	
Matt 11:19	καὶ	CONJ	CONJ	2532	καί	καί	
Matt 11:19	ἁμαρτωλῶν.	A-GPM	A-GPM	268	ἁμαρτωλός	ἁμαρτωλῶν	
Matt 11:19	καὶ	CONJ	CONJ	2532	καί	καί	
Matt 11:19	ἐδικαιώθη	V-API-3S	V-API-3S	1344&5681	δικαιόω	ἐδικαιώθη	
Matt 11:19	ἡ	T-NSF	T-NSF	3588	ὁ	ἡ	
Matt 11:19	σοφία	N-NSF	N-NSF	4678	σοφία	σοφία	
Matt 11:19	ἀπὸ	PREP	PREP	575	ἀπό	ἀπό	
Matt 11:19	τῶν	T-GPN	T-GPN	3588	ὁ	τῶν	
Matt 11:19	ἔργων	N-GPN	N-GPN	2041	ἔργον	ἔργων	
Matt 11:19	αὐτῆς.	P-GSF	P-GSF	846	αὐτός	αὐτῆς	
Matt 11:20	Τότε	ADV	ADV	5119	τότε	Τότε	
Matt 11:20	ἤρξατο	V-AMI-3S	V-AMI-3S	756&5668	ἄρχω	ἤρξατο	
Matt 11:20	ὀνειδίζειν	V-PAN	V-PAN	3679&5721	ὀνειδίζω	ὀνειδίζειν	
Matt 11:20	τὰς	T-APF	T-APF	3588	ὁ	τάς	
Matt 11:20	πόλεις	N-APF	N-APF	4172	πόλις	πόλεις	
Matt 11:20	ἐν	PREP	PREP	1722	ἐν	ἐν	
Matt 11:20	αἷς	R-DPF	R-DPF	3739	ὅς	αἷς	
Matt 11:20	ἐγένοντο	V-2ADI-3P	V-2ADI-3P	1096&5633	γίνομαι	ἐγένοντο	
Matt 11:20	αἱ	T-NPF	T-NPF	3588	ὁ	αἱ	
Matt 11:20	πλεῖσται	A-NPF-S	A-NPF-S	4183	πολύς	πλεῖσται	
Matt 11:20	δυνάμεις	N-NPF	N-NPF	1411	δύναμις	δυνάμεις	
Matt 11:20	αὐτοῦ,	P-GSM	P-GSM	846	αὐτός	αὐτοῦ	
Matt 11:20	ὅτι	CONJ	CONJ	3754	ὅτι	ὅτι	
Matt 11:20	οὐ	PRT-N	PRT-N	3756	οὐ	οὐ	
Matt 11:20	μετενόησαν·	V-AAI-3P	V-AAI-3P	3340&5656	μετανοέω	μετενόησαν	
Matt 11:21	Οὐαί	INJ	INJ	3759	οὐαί	Οὐαί	
Matt 11:21	σοι,	P-2DS	P-2DS	4771	σύ	σοι	
Matt 11:21	Χοραζείν·	N-PRI	N-PRI	5523	Χοραζίν	Χοραζείν	
Matt 11:21	οὐαί	INJ	INJ	3759	οὐαί	οὐαί	
Matt 11:21	σοι,	P-2DS	P-2DS	4771	σύ	σοι	
Matt 11:21	Βηθσαϊδάν·	N-PRI	N-PRI	966	Βηθσαϊδά	Βηθσαϊδάν	
Matt 11:21	ὅτι	CONJ	CONJ	3754	ὅτι	ὅτι	
Matt 11:21	εἰ	COND	COND	1487	εἰ	εἰ	
Matt 11:21	ἐν	PREP	PREP	1722	ἐν	ἐν	
Matt 11:21	Τύρῳ	N-DSF	N-DSF	5184	Τύρος	Τύρῳ	
Matt 11:21	καὶ	CONJ	CONJ	2532	καί	καί	
Matt 11:21	Σιδῶνι	N-DSF	N-DSF	4605	Σιδών	Σιδῶνι	
Matt 11:21	ἐγένοντο	V-2ADI-3P	V-2ADI-3P	1096&5633	γίνομαι	ἐγένοντο	
Matt 11:21	αἱ	T-NPF	T-NPF	3588	ὁ	αἱ	
Matt 11:21	δυνάμεις	N-NPF	N-NPF	1411	δύναμις	δυνάμεις	
Matt 11:21	αἱ	T-NPF	T-NPF	3588	ὁ	αἱ	
Matt 11:21	γενόμεναι	V-2ADP-NPF	V-2ADP-NPF	1096&5637	γίνομαι	γενόμεναι	
Matt 11:21	ἐν	PREP	PREP	1722	ἐν	ἐν	
Matt 11:21	ὑμῖν,	P-2DP	P-2DP	4771	σύ	ὑμῖν	
Matt 11:21	πάλαι	ADV	ADV	3819	πάλαι	πάλαι	
Matt 11:21	ἂν	PRT	PRT	302	ἄν	ἄν	
Matt 11:21	ἐν	PREP	PREP	1722	ἐν	ἐν	
Matt 11:21	σάκκῳ	N-DSM	N-DSM	4526	σάκκος	σάκκῳ	
Matt 11:21	καὶ	CONJ	CONJ	2532	καί	καί	
Matt 11:21	σποδῷ	N-DSF	N-DSF	4700	σποδός	σποδῷ	
Matt 11:21	μετενόησαν.	V-AAI-3P	V-AAI-3P	3340&5656	μετανοέω	μετενόησαν	
Matt 11:22	πλὴν	ADV	ADV	4133	πλήν	πλήν	
Matt 11:22	λέγω	V-PAI-1S	V-PAI-1S	3004&5719	λέγω	λέγω	
Matt 11:22	ὑμῖν,	P-2DP	P-2DP	4771	σύ	ὑμῖν	
Matt 11:22	Τύρῳ	N-DSF	N-DSF	5184	Τύρος	Τύρῳ	
Matt 11:22	καὶ	CONJ	CONJ	2532	καί	καί	
Matt 11:22	Σιδῶνι	N-DSF	N-DSF	4605	Σιδών	Σιδῶνι	
Matt 11:22	ἀνεκτότερον	A-NSN-C	A-NSN-C	414	ἀνεκτός	ἀνεκτότερον	
Matt 11:22	ἔσται	V-FDI-3S	V-FDI-3S	1510&5695	εἰμί	ἔσται	
Matt 11:22	ἐν	PREP	PREP	1722	ἐν	ἐν	
Matt 11:22	ἡμέρᾳ	N-DSF	N-DSF	2250	ἡμέρα	ἡμέρᾳ	
Matt 11:22	κρίσεως	N-GSF	N-GSF	2920	κρίσις	κρίσεως	
Matt 11:22	ἢ	PRT	PRT	2228	ἤ	ἤ	
Matt 11:22	ὑμῖν.	P-2DP	P-2DP	4771	σύ	ὑμῖν	
Matt 11:23	καὶ	CONJ	CONJ	2532	καί	καί	
Matt 11:23	σύ,	P-2NS	P-2NS	4771	σύ	σύ	
Matt 11:23	Καφαρναούμ,	N-PRI	N-PRI	2584	Καφαρναούμ	Καφαρναούμ	
Matt 11:23	μὴ	PRT-N	PRT-N	3361	μή	μή	
Matt 11:23	ἕως	ADV	ADV	2193	ἕως	ἕως	
Matt 11:23	οὐρανοῦ	N-GSM	N-GSM	3772	οὐρανός	οὐρανοῦ	
Matt 11:23	ὑψωθήσῃ;	V-FPI-2S	V-FPI-2S	5312&5701	ὑψόω	ὑψωθήσῃ	
Matt 11:23	ἕως	ADV	ADV	2193	ἕως	ἕως	
Matt 11:23	Ἅιδου	N-GSM	N-GSM	86	ᾅδης	Ἅιδου	
Matt 11:23	καταβήσῃ·	V-FDI-2S	V-FDI-2S	2597&5695	καταβαίνω	καταβήσῃ	
Matt 11:23	ὅτι	CONJ	CONJ	3754	ὅτι	ὅτι	
Matt 11:23	εἰ	COND	COND	1487	εἰ	εἰ	
Matt 11:23	ἐν	PREP	PREP	1722	ἐν	ἐν	
Matt 11:23	Σοδόμοις	N-DPN	N-DPN	4670	Σόδομα	Σοδόμοις	
Matt 11:23	ἐγενήθησαν	V-AOI-3P	V-AOI-3P	1096&5675	γίνομαι	ἐγενήθησαν	
Matt 11:23	αἱ	T-NPF	T-NPF	3588	ὁ	αἱ	
Matt 11:23	δυνάμεις	N-NPF	N-NPF	1411	δύναμις	δυνάμεις	
Matt 11:23	αἱ	T-NPF	T-NPF	3588	ὁ	αἱ	
Matt 11:23	γενόμεναι	V-2ADP-NPF	V-2ADP-NPF	1096&5637	γίνομαι	γενόμεναι	
Matt 11:23	ἐν	PREP	PREP	1722	ἐν	ἐν	
Matt 11:23	σοί,	P-2DS	P-2DS	4771	σύ	σοί	
Matt 11:23	ἔμεινεν	V-AAI-3S	V-AAI-3S	3306&5656	μένω	ἔμεινεν	
Matt 11:23	ἂν	PRT	PRT	302	ἄν	ἄν	
Matt 11:23	μέχρι	ADV	ADV	3360	μέχρι	μέχρι	
Matt 11:23	τῆς	T-GSF	T-GSF	3588	ὁ	τῆς	
Matt 11:23	σήμερον.	ADV	ADV	4594	σήμερον	σήμερον	
Matt 11:24	πλὴν	ADV	ADV	4133	πλήν	πλήν	
Matt 11:24	λέγω	V-PAI-1S	V-PAI-1S	3004&5719	λέγω	λέγω	
Matt 11:24	ὑμῖν	P-2DP	P-2DP	4771	σύ	ὑμῖν	
Matt 11:24	ὅτι	CONJ	CONJ	3754	ὅτι	ὅτι	
Matt 11:24	γῇ	N-DSF	N-DSF	1093	γῆ	γῇ	
Matt 11:24	Σοδόμων	N-GPN	N-GPN	4670	Σόδομα	Σοδόμων	
Matt 11:24	ἀνεκτότερον	A-NSN-C	A-NSN-C	414	ἀνεκτός	ἀνεκτότερον	
Matt 11:24	ἔσται	V-FDI-3S	V-FDI-3S	1510&5695	εἰμί	ἔσται	
Matt 11:24	ἐν	PREP	PREP	1722	ἐν	ἐν	
Matt 11:24	ἡμέρᾳ	N-DSF	N-DSF	2250	ἡμέρα	ἡμέρᾳ	
Matt 11:24	κρίσεως	N-GSF	N-GSF	2920	κρίσις	κρίσεως	
Matt 11:24	ἢ	PRT	PRT	2228	ἤ	ἤ	
Matt 11:24	σοί.	P-2DS	P-2DS	4771	σύ	σοί	
Matt 11:25	Ἐν	PREP	PREP	1722	ἐν	Ἐν	
Matt 11:25	ἐκείνῳ	D-DSM	D-DSM	1565	ἐκεῖνος	ἐκείνῳ	
Matt 11:25	τῷ	T-DSM	T-DSM	3588	ὁ	τῷ	
Matt 11:25	καιρῷ	N-DSM	N-DSM	2540	καιρός	καιρῷ	
Matt 11:25	ἀποκριθεὶς	V-AOP-NSM	V-AOP-NSM	611&5679	ἀποκρίνομαι	ἀποκριθείς	
Matt 11:25	ὁ	T-NSM	T-NSM	3588	ὁ	ὁ	
Matt 11:25	Ἰησοῦς	N-NSM	N-NSM	2424	Ἰησοῦς	Ἰησοῦς	
Matt 11:25	εἶπεν	V-2AAI-3S	V-2AAI-3S	3004&5627	λέγω	εἶπεν	
Matt 11:25	Ἐξομολογοῦμαί	V-PMI-1S	V-PEI-1S	1843&5731	ἐξομολογέω	Ἐξομολογοῦμαι	
Matt 11:25	σοι,	P-2DS	P-2DS	4771	σύ	σοι	
Matt 11:25	Πάτερ,	N-VSM	N-VSM	3962	πατήρ	Πάτερ	
Matt 11:25	Κύριε	N-VSM	N-VSM	2962	κύριος	Κύριε	
Matt 11:25	τοῦ	T-GSM	T-GSM	3588	ὁ	τοῦ	
Matt 11:25	οὐρανοῦ	N-GSM	N-GSM	3772	οὐρανός	οὐρανοῦ	
Matt 11:25	καὶ	CONJ	CONJ	2532	καί	καί	
Matt 11:25	τῆς	T-GSF	T-GSF	3588	ὁ	τῆς	
Matt 11:25	γῆς,	N-GSF	N-GSF	1093	γῆ	γῆς	
Matt 11:25	ὅτι	CONJ	CONJ	3754	ὅτι	ὅτι	
Matt 11:25	ἔκρυψας	V-AAI-2S	V-AAI-2S	2928&5656	κρύπτω	ἔκρυψας	
Matt 11:25	ταῦτα	D-APN	D-APN	3778	οὗτος	ταῦτα	
Matt 11:25	ἀπὸ	PREP	PREP	575	ἀπό	ἀπό	
Matt 11:25	σοφῶν	A-GPM	A-GPM	4680	σοφός	σοφῶν	
Matt 11:25	καὶ	CONJ	CONJ	2532	καί	καί	
Matt 11:25	συνετῶν,	A-GPM	A-GPM	4908	συνετός	συνετῶν	
Matt 11:25	καὶ	CONJ	CONJ	2532	καί	καί	
Matt 11:25	ἀπεκάλυψας	V-AAI-2S	V-AAI-2S	601&5656	ἀποκαλύπτω	ἀπεκάλυψας	
Matt 11:25	αὐτὰ	P-APN	P-APN	846	αὐτός	αὐτά	
Matt 11:25	νηπίοις·	A-DPM	A-DPM	3516	νήπιος	νηπίοις	
Matt 11:26	ναί,	PRT	PRT	3483	ναί	ναί	
Matt 11:26	ὁ	T-NSM	T-NSM	3588	ὁ	ὁ	
Matt 11:26	Πατήρ,	N-NSM	N-NSM	3962	πατήρ	Πατήρ	
Matt 11:26	ὅτι	CONJ	CONJ	3754	ὅτι	ὅτι	
Matt 11:26	οὕτως	ADV	ADV	3779	οὕτω	οὕτως	
Matt 11:26	εὐδοκία	N-NSF	N-NSF	2107	εὐδοκία	εὐδοκία	
Matt 11:26	ἐγένετο	V-2ADI-3S	V-2ADI-3S	1096&5633	γίνομαι	ἐγένετο	
Matt 11:26	ἔμπροσθέν	PREP	PREP	1715	ἔμπροσθεν	ἔμπροσθεν	
Matt 11:26	σου.	P-2GS	P-2GS	4771	σύ	σου	
Matt 11:27	Πάντα	A-NPN	A-NPN	3956	πᾶς	Πάντα	
Matt 11:27	μοι	P-1DS	P-1DS	1473	ἐγώ	μοι	
Matt 11:27	παρεδόθη	V-API-3S	V-API-3S	3860&5681	παραδίδωμι	παρεδόθη	
Matt 11:27	ὑπὸ	PREP	PREP	5259	ὑπό	ὑπό	
Matt 11:27	τοῦ	T-GSM	T-GSM	3588	ὁ	τοῦ	
Matt 11:27	Πατρός	N-GSM	N-GSM	3962	πατήρ	Πατρός	
Matt 11:27	μου,	P-1GS	P-1GS	1473	ἐγώ	μου	
Matt 11:27	καὶ	CONJ	CONJ	2532	καί	καί	
Matt 11:27	οὐδεὶς	A-NSM-N	A-NSM-N	3762	οὐδείς	οὐδείς	
Matt 11:27	ἐπιγινώσκει	V-PAI-3S	V-PAI-3S	1921&5719	ἐπιγινώσκω	ἐπιγινώσκει	
Matt 11:27	τὸν	T-ASM	T-ASM	3588	ὁ	τόν	
Matt 11:27	Υἱὸν	N-ASM	N-ASM	5207	υἱός	Υἱόν	
Matt 11:27	εἰ	COND	COND	1487	εἰ	εἰ	
Matt 11:27	μὴ	PRT-N	PRT-N	3361	μή	μή	
Matt 11:27	ὁ	T-NSM	T-NSM	3588	ὁ	ὁ	
Matt 11:27	Πατήρ,	N-NSM	N-NSM	3962	πατήρ	Πατήρ	
Matt 11:27	οὐδὲ	CONJ-N	CONJ-N	3761	οὐδέ	οὐδέ	
Matt 11:27	τὸν	T-ASM	T-ASM	3588	ὁ	τόν	
Matt 11:27	Πατέρα	N-ASM	N-ASM	3962	πατήρ	Πατέρα	
Matt 11:27	τις	X-NSM	X-NSM	5100	τὶς	τις	
Matt 11:27	ἐπιγινώσκει	V-PAI-3S	V-PAI-3S	1921&5719	ἐπιγινώσκω	ἐπιγινώσκει	
Matt 11:27	εἰ	COND	COND	1487	εἰ	εἰ	
Matt 11:27	μὴ	PRT-N	PRT-N	3361	μή	μή	
Matt 11:27	ὁ	T-NSM	T-NSM	3588	ὁ	ὁ	
Matt 11:27	Υἱὸς	N-NSM	N-NSM	5207	υἱός	Υἱός	
Matt 11:27	καὶ	CONJ	CONJ	2532	καί	καί	
Matt 11:27	ᾧ	R-DSM	R-DSM	3739	ὅς	ᾧ	
Matt 11:27	ἐὰν	COND	COND	1437	ἐάν	ἐάν	
Matt 11:27	βούληται	V-PNS-3S	V-PNS-3S	1014&5741	βούλομαι	βούληται	
Matt 11:27	ὁ	T-NSM	T-NSM	3588	ὁ	ὁ	
Matt 11:27	Υἱὸς	N-NSM	N-NSM	5207	υἱός	Υἱός	
Matt 11:27	ἀποκαλύψαι.	V-AAN	V-AAN	601&5658	ἀποκαλύπτω	ἀποκαλύψαι	
Matt 11:28	Δεῦτε	V-PAM-2P	V-PAM-2P	1205&5720	δεῦτε	Δεῦτε	
Matt 11:28	πρός	PREP	PREP	4314	πρός	πρός	
Matt 11:28	με	P-1AS	P-1AS	1473	ἐγώ	με	
Matt 11:28	πάντες	A-NPM	A-NPM	3956	πᾶς	πάντες	
Matt 11:28	οἱ	T-NPM	T-NPM	3588	ὁ	οἱ	
Matt 11:28	κοπιῶντες	V-PAP-NPM	V-PAP-NPM	2872&5723	κοπιάω	κοπιῶντες	
Matt 11:28	καὶ	CONJ	CONJ	2532	καί	καί	
Matt 11:28	πεφορτισμένοι,	V-RPP-NPM	V-RPP-NPM	5412&5772	φορτίζω	πεφορτισμένοι	
Matt 11:28	κἀγὼ	P-1NS-K	P-1NS-K	2504	κἀγώ	κἀγώ	
Matt 11:28	ἀναπαύσω	V-FAI-1S	V-FAI-1S	373&5692	ἀναπαύω	ἀναπαύσω	
Matt 11:28	ὑμᾶς.	P-2AP	P-2AP	4771	σύ	ὑμᾶς	
Matt 11:29	ἄρατε	V-AAM-2P	V-AAM-2P	142&5657	αἴρω	ἄρατε	
Matt 11:29	τὸν	T-ASM	T-ASM	3588	ὁ	τόν	
Matt 11:29	ζυγόν	N-ASM	N-ASM	2218	ζυγός	ζυγόν	
Matt 11:29	μου	P-1GS	P-1GS	1473	ἐγώ	μου	
Matt 11:29	ἐφ’	PREP	PREP	1909	ἐπί	ἐφ’	
Matt 11:29	ὑμᾶς	P-2AP	P-2AP	4771	σύ	ὑμᾶς	
Matt 11:29	καὶ	CONJ	CONJ	2532	καί	καί	
Matt 11:29	μάθετε	V-2AAM-2P	V-2AAM-2P	3129&5628	μανθάνω	μάθετε	
Matt 11:29	ἀπ’	PREP	PREP	575	ἀπό	ἀπ’	
Matt 11:29	ἐμοῦ,	P-1GS	P-1GS	1473	ἐγώ	ἐμοῦ	
Matt 11:29	ὅτι	CONJ	CONJ	3754	ὅτι	ὅτι	
Matt 11:29	πραΰς	A-NSM	A-NSM	4239	πραΰς	πραΰς	
Matt 11:29	εἰμι	V-PAI-1S	V-PAI-1S	1510&5719	εἰμί	εἰμι	
Matt 11:29	καὶ	CONJ	CONJ	2532	καί	καί	
Matt 11:29	ταπεινὸς	A-NSM	A-NSM	5011	ταπεινός	ταπεινός	
Matt 11:29	τῇ	T-DSF	T-DSF	3588	ὁ	τῇ	
Matt 11:29	καρδίᾳ,	N-DSF	N-DSF	2588	καρδία	καρδίᾳ	
Matt 11:29	καὶ	CONJ	CONJ	2532	καί	καί	
Matt 11:29	εὑρήσετε	V-FAI-2P	V-FAI-2P	2147&5692	εὑρίσκω	εὑρήσετε	
Matt 11:29	ἀνάπαυσιν	N-ASF	N-ASF	372	ἀνάπαυσις	ἀνάπαυσιν	
Matt 11:29	ταῖς	T-DPF	T-DPF	3588	ὁ	ταῖς	
Matt 11:29	ψυχαῖς	N-DPF	N-DPF	5590	ψυχή	ψυχαῖς	
Matt 11:29	ὑμῶν·	P-2GP	P-2GP	4771	σύ	ὑμῶν	
Matt 11:30	ὁ	T-NSM	T-NSM	3588	ὁ	ὁ	
Matt 11:30	γὰρ	CONJ	CONJ	1063	γάρ	γάρ	
Matt 11:30	ζυγός	N-NSM	N-NSM	2218	ζυγός	ζυγός	
Matt 11:30	μου	P-1GS	P-1GS	1473	ἐγώ	μου	
Matt 11:30	χρηστὸς	A-NSM	A-NSM	5543	χρηστός	χρηστός	
Matt 11:30	καὶ	CONJ	CONJ	2532	καί	καί	
Matt 11:30	τὸ	T-NSN	T-NSN	3588	ὁ	τό	
Matt 11:30	φορτίον	N-NSN	N-NSN	5413	φορτίον	φορτίον	
Matt 11:30	μου	P-1GS	P-1GS	1473	ἐγώ	μου	
Matt 11:30	ἐλαφρόν	A-NSN	A-NSN	1645	ἐλαφρός	ἐλαφρόν	
Matt 11:30	ἐστιν.	V-PAI-3S	V-PAI-3S	1510&5719	εἰμί	ἐστιν	
Matt 12:1	Ἐν	PREP	PREP	1722	ἐν	Ἐν	
Matt 12:1	ἐκείνῳ	D-DSM	D-DSM	1565	ἐκεῖνος	ἐκείνῳ	
Matt 12:1	τῷ	T-DSM	T-DSM	3588	ὁ	τῷ	
Matt 12:1	καιρῷ	N-DSM	N-DSM	2540	καιρός	καιρῷ	
Matt 12:1	ἐπορεύθη	V-AOI-3S	V-AOI-3S	4198&5675	πορεύομαι	ἐπορεύθη	
Matt 12:1	ὁ	T-NSM	T-NSM	3588	ὁ	ὁ	
Matt 12:1	Ἰησοῦς	N-NSM	N-NSM	2424	Ἰησοῦς	Ἰησοῦς	
Matt 12:1	τοῖς	T-DPN	T-DPN	3588	ὁ	τοῖς	
Matt 12:1	σάββασιν	N-DPN	N-DPN	4521	σάββατον	σάββασιν	
Matt 12:1	διὰ	PREP	PREP	1223	διά	διά	
Matt 12:1	τῶν	T-GPN	T-GPN	3588	ὁ	τῶν	
Matt 12:1	σπορίμων·	A-GPN	A-GPN	4702	σπόριμος	σπορίμων	
Matt 12:1	οἱ	T-NPM	T-NPM	3588	ὁ	οἱ	
Matt 12:1	δὲ	CONJ	CONJ	1161	δέ	δέ	
Matt 12:1	μαθηταὶ	N-NPM	N-NPM	3101	μαθητής	μαθηταί	
Matt 12:1	αὐτοῦ	P-GSM	P-GSM	846	αὐτός	αὐτοῦ	
Matt 12:1	ἐπείνασαν	V-AAI-3P	V-AAI-3P	3983&5656	πεινάω	ἐπείνασαν	
Matt 12:1	καὶ	CONJ	CONJ	2532	καί	καί	
Matt 12:1	ἤρξαντο	V-AMI-3P	V-AMI-3P	756&5668	ἄρχω	ἤρξαντο	
Matt 12:1	τίλλειν	V-PAN	V-PAN	5089&5721	τίλλω	τίλλειν	
Matt 12:1	στάχυας	N-APM	N-APM	4719	στάχυς	στάχυας	
Matt 12:1	καὶ	CONJ	CONJ	2532	καί	καί	
Matt 12:1	ἐσθίειν.	V-PAN	V-PAN	2068&5721	ἐσθίω	ἐσθίειν	
Matt 12:2	οἱ	T-NPM	T-NPM	3588	ὁ	οἱ	
Matt 12:2	δὲ	CONJ	CONJ	1161	δέ	δέ	
Matt 12:2	Φαρισαῖοι	N-NPM	N-NPM	5330	Φαρισαῖος	Φαρισαῖοι	
Matt 12:2	ἰδόντες	V-2AAP-NPM	V-2AAP-NPM	3708&5631	ὁράω	ἰδόντες	
Matt 12:2	εἶπαν	V-2AAI-3P	V-2AAI-3P	3004&5627	λέγω	εἶπαν	
Matt 12:2	αὐτῷ	P-DSM	P-DSM	846	αὐτός	αὐτῷ	
Matt 12:2	Ἰδοὺ	V-2AMM-2S	V-2AMM-2S	3708&5640	ὁράω	Ἰδού	
Matt 12:2	οἱ	T-NPM	T-NPM	3588	ὁ	οἱ	
Matt 12:2	μαθηταί	N-NPM	N-NPM	3101	μαθητής	μαθηταί	
Matt 12:2	σου	P-2GS	P-2GS	4771	σύ	σου	
Matt 12:2	ποιοῦσιν	V-PAI-3P	V-PAI-3P	4160&5719	ποιέω	ποιοῦσιν	
Matt 12:2	ὃ	R-NSN	R-NSN	3739	ὅς	ὅ	
Matt 12:2	οὐκ	PRT-N	PRT-N	3756	οὐ	οὐκ	
Matt 12:2	ἔξεστιν	V-PAI-3S	V-PAI-3S	1832&5719	ἔξεστι(ν)	ἔξεστιν	
Matt 12:2	ποιεῖν	V-PAN	V-PAN	4160&5721	ποιέω	ποιεῖν	
Matt 12:2	ἐν	PREP	PREP	1722	ἐν	ἐν	
Matt 12:2	σαββάτῳ.	N-DSN	N-DSN	4521	σάββατον	σαββάτῳ	
Matt 12:3	ὁ	T-NSM	T-NSM	3588	ὁ	ὁ	
Matt 12:3	δὲ	CONJ	CONJ	1161	δέ	δέ	
Matt 12:3	εἶπεν	V-2AAI-3S	V-2AAI-3S	3004&5627	λέγω	εἶπεν	
Matt 12:3	αὐτοῖς	P-DPM	P-DPM	846	αὐτός	αὐτοῖς	
Matt 12:3	Οὐκ	PRT-N	PRT-N	3756	οὐ	Οὐκ	
Matt 12:3	ἀνέγνωτε	V-2AAI-2P	V-2AAI-2P	314&5627	ἀναγινώσκω	ἀνέγνωτε	
Matt 12:3	τί	I-ASN	I-ASN	5101	τίς	τί	
Matt 12:3	ἐποίησεν	V-AAI-3S	V-AAI-3S	4160&5656	ποιέω	ἐποίησεν	
Matt 12:3	Δαυεὶδ	N-PRI	N-PRI	1138	Δαυίδ	Δαυείδ	
Matt 12:3	ὅτε	ADV	ADV	3753	ὅτε	ὅτε	
Matt 12:3	ἐπείνασεν	V-AAI-3S	V-AAI-3S	3983&5656	πεινάω	ἐπείνασεν	
Matt 12:3	καὶ	CONJ	CONJ	2532	καί	καί	
Matt 12:3	οἱ	T-NPM	T-NPM	3588	ὁ	οἱ	
Matt 12:3	μετ’	PREP	PREP	3326	μετά	μετ’	
Matt 12:3	αὐτοῦ;	P-GSM	P-GSM	846	αὐτός	αὐτοῦ	
Matt 12:4	πῶς	ADV	ADV	4459	πῶς	πῶς	
Matt 12:4	εἰσῆλθεν	V-2AAI-3S	V-2AAI-3S	1525&5627	εἰσέρχομαι	εἰσῆλθεν	
Matt 12:4	εἰς	PREP	PREP	1519	εἰς	εἰς	
Matt 12:4	τὸν	T-ASM	T-ASM	3588	ὁ	τόν	
Matt 12:4	οἶκον	N-ASM	N-ASM	3624	οἶκος	οἶκον	
Matt 12:4	τοῦ	T-GSM	T-GSM	3588	ὁ	τοῦ	
Matt 12:4	Θεοῦ	N-GSM	N-GSM	2316	θεός	Θεοῦ	
Matt 12:4	καὶ	CONJ	CONJ	2532	καί	καί	
Matt 12:4	τοὺς	T-APM	T-APM	3588	ὁ	τούς	
Matt 12:4	ἄρτους	N-APM	N-APM	740	ἄρτος	ἄρτους	
Matt 12:4	τῆς	T-GSF	T-GSF	3588	ὁ	τῆς	
Matt 12:4	προθέσεως	N-GSF	N-GSF	4286	πρόθεσις	προθέσεως	
Matt 12:4	ἔφαγον,	V-2AAI-3P	V-2AAI-3P	5315&5627	ἐσθίω	ἔφαγον	
Matt 12:4	ὃ	R-NSN	R-NSN	3739	ὅς	ὅ	
Matt 12:4	οὐκ	PRT-N	PRT-N	3756	οὐ	οὐκ	
Matt 12:4	ἐξὸν	V-PAP-NSN	V-PAP-NSN	1832&5723	ἔξεστι(ν)	ἐξόν	
Matt 12:4	ἦν	V-IAI-3S	V-IAI-3S	1510&5707	εἰμί	ἦν	
Matt 12:4	αὐτῷ	P-DSM	P-DSM	846	αὐτός	αὐτῷ	
Matt 12:4	φαγεῖν	V-2AAN	V-2AAN	5315&5629	ἐσθίω	φαγεῖν	
Matt 12:4	οὐδὲ	CONJ-N	CONJ-N	3761	οὐδέ	οὐδέ	
Matt 12:4	τοῖς	T-DPM	T-DPM	3588	ὁ	τοῖς	
Matt 12:4	μετ’	PREP	PREP	3326	μετά	μετ’	
Matt 12:4	αὐτοῦ,	P-GSM	P-GSM	846	αὐτός	αὐτοῦ	
Matt 12:4	εἰ	COND	COND	1487	εἰ	εἰ	
Matt 12:4	μὴ	PRT-N	PRT-N	3361	μή	μή	
Matt 12:4	τοῖς	T-DPM	T-DPM	3588	ὁ	τοῖς	
Matt 12:4	ἱερεῦσιν	N-DPM	N-DPM	2409	ἱερεύς	ἱερεῦσιν	
Matt 12:4	μόνοις;	A-DPM	A-DPM	3441	μόνος	μόνοις	
Matt 12:5	ἢ	PRT	PRT	2228	ἤ	ἤ	
Matt 12:5	οὐκ	PRT-N	PRT-N	3756	οὐ	οὐκ	
Matt 12:5	ἀνέγνωτε	V-2AAI-2P	V-2AAI-2P	314&5627	ἀναγινώσκω	ἀνέγνωτε	
Matt 12:5	ἐν	PREP	PREP	1722	ἐν	ἐν	
Matt 12:5	τῷ	T-DSM	T-DSM	3588	ὁ	τῷ	
Matt 12:5	νόμῳ	N-DSM	N-DSM	3551	νόμος	νόμῳ	
Matt 12:5	ὅτι	CONJ	CONJ	3754	ὅτι	ὅτι	
Matt 12:5	τοῖς	T-DPN	T-DPN	3588	ὁ	τοῖς	
Matt 12:5	σάββασιν	N-DPN	N-DPN	4521	σάββατον	σάββασιν	
Matt 12:5	οἱ	T-NPM	T-NPM	3588	ὁ	οἱ	
Matt 12:5	ἱερεῖς	N-NPM	N-NPM	2409	ἱερεύς	ἱερεῖς	
Matt 12:5	ἐν	PREP	PREP	1722	ἐν	ἐν	
Matt 12:5	τῷ	T-DSN	T-DSN	3588	ὁ	τῷ	
Matt 12:5	ἱερῷ	N-DSN	N-DSN	2411	ἱερός	ἱερῷ	
Matt 12:5	τὸ	T-ASN	T-ASN	3588	ὁ	τό	
Matt 12:5	σάββατον	N-ASN	N-ASN	4521	σάββατον	σάββατον	
Matt 12:5	βεβηλοῦσιν	V-PAI-3P	V-PAI-3P	953&5719	βεβηλόω	βεβηλοῦσιν	
Matt 12:5	καὶ	CONJ	CONJ	2532	καί	καί	
Matt 12:5	ἀναίτιοί	A-NPM	A-NPM	338	ἀναίτιος	ἀναίτιοι	
Matt 12:5	εἰσιν;	V-PAI-3P	V-PAI-3P	1510&5719	εἰμί	εἰσιν	
Matt 12:6	λέγω	V-PAI-1S	V-PAI-1S	3004&5719	λέγω	λέγω	
Matt 12:6	δὲ	CONJ	CONJ	1161	δέ	δέ	
Matt 12:6	ὑμῖν	P-2DP	P-2DP	4771	σύ	ὑμῖν	
Matt 12:6	ὅτι	CONJ	CONJ	3754	ὅτι	ὅτι	
Matt 12:6	τοῦ	T-GSN	T-GSN	3588	ὁ	τοῦ	
Matt 12:6	ἱεροῦ	N-GSN	N-GSN	2411	ἱερός	ἱεροῦ	
Matt 12:6	μεῖζόν	A-NSN-C	A-NSN-C	3173	μέγας	μεῖζον	
Matt 12:6	ἐστιν	V-PAI-3S	V-PAI-3S	1510&5719	εἰμί	ἐστιν	
Matt 12:6	ὧδε.	ADV	ADV	5602	ὧδε	ὧδε	
Matt 12:7	εἰ	COND	COND	1487	εἰ	εἰ	
Matt 12:7	δὲ	CONJ	CONJ	1161	δέ	δέ	
Matt 12:7	ἐγνώκειτε	V-LAI-2P	V-LAI-2P	1097&5715	γινώσκω	ἐγνώκειτε	
Matt 12:7	τί	I-NSN	I-NSN	5101	τίς	τί	
Matt 12:7	ἐστιν	V-PAI-3S	V-PAI-3S	1510&5719	εἰμί	ἐστιν	
Matt 12:7	Ἔλεος	N-ASN	N-ASN	1656	ἔλεος	Ἔλεος	
Matt 12:7	θέλω	V-PAI-1S	V-PAI-1S	2309&5719	θέλω	θέλω	
Matt 12:7	καὶ	CONJ	CONJ	2532	καί	καί	
Matt 12:7	οὐ	PRT-N	PRT-N	3756	οὐ	οὐ	
Matt 12:7	θυσίαν,	N-ASF	N-ASF	2378	θυσία	θυσίαν	
Matt 12:7	οὐκ	PRT-N	PRT-N	3756	οὐ	οὐκ	
Matt 12:7	ἂν	PRT	PRT	302	ἄν	ἄν	
Matt 12:7	κατεδικάσατε	V-AAI-2P	V-AAI-2P	2613&5656	καταδικάζω	κατεδικάσατε	
Matt 12:7	τοὺς	T-APM	T-APM	3588	ὁ	τούς	
Matt 12:7	ἀναιτίους.	A-APM	A-APM	338	ἀναίτιος	ἀναιτίους	
Matt 12:8	κύριος	N-NSM	N-NSM	2962	κύριος	κύριος	
Matt 12:8	γάρ	CONJ	CONJ	1063	γάρ	γάρ	
Matt 12:8	ἐστιν	V-PAI-3S	V-PAI-3S	1510&5719	εἰμί	ἐστιν	
Matt 12:8	τοῦ	T-GSN	T-GSN	3588	ὁ	τοῦ	
Matt 12:8	σαββάτου	N-GSN	N-GSN	4521	σάββατον	σαββάτου	
Matt 12:8	ὁ	T-NSM	T-NSM	3588	ὁ	ὁ	
Matt 12:8	Υἱὸς	N-NSM	N-NSM	5207	υἱός	Υἱός	
Matt 12:8	τοῦ	T-GSM	T-GSM	3588	ὁ	τοῦ	
Matt 12:8	ἀνθρώπου.	N-GSM	N-GSM	444	ἄνθρωπος	ἀνθρώπου	
Matt 12:9	Καὶ	CONJ	CONJ	2532	καί	Καί	
Matt 12:9	μεταβὰς	V-2AAP-NSM	V-2AAP-NSM	3327&5631	μεταβαίνω	μεταβάς	
Matt 12:9	ἐκεῖθεν	ADV	ADV	1564	ἐκεῖθεν	ἐκεῖθεν	
Matt 12:9	ἦλθεν	V-2AAI-3S	V-2AAI-3S	2064&5627	ἔρχομαι	ἦλθεν	
Matt 12:9	εἰς	PREP	PREP	1519	εἰς	εἰς	
Matt 12:9	τὴν	T-ASF	T-ASF	3588	ὁ	τήν	
Matt 12:9	συναγωγὴν	N-ASF	N-ASF	4864	συναγωγή	συναγωγήν	
Matt 12:9	αὐτῶν.	P-GPM	P-GPM	846	αὐτός	αὐτῶν	
Matt 12:10	καὶ	CONJ	CONJ	2532	καί	καί	
Matt 12:10	ἰδοὺ	V-2AMM-2S	V-2AMM-2S	3708&5640	ὁράω	ἰδού	
Matt 12:10	ἄνθρωπος	N-NSM	N-NSM	444	ἄνθρωπος	ἄνθρωπος	
Matt 12:10	χεῖρα	N-ASF	N-ASF	5495	χείρ	χεῖρα	
Matt 12:10	ἔχων	V-PAP-NSM	V-PAP-NSM	2192&5723	ἔχω	ἔχων	
Matt 12:10	ξηράν·	A-ASF	A-ASF	3584	ξηρός	ξηράν	
Matt 12:10	καὶ	CONJ	CONJ	2532	καί	καί	
Matt 12:10	ἐπηρώτησαν	V-AAI-3P	V-AAI-3P	1905&5656	ἐπερωτάω	ἐπηρώτησαν	
Matt 12:10	αὐτὸν	P-ASM	P-ASM	846	αὐτός	αὐτόν	
Matt 12:10	λέγοντες	V-PAP-NPM	V-PAP-NPM	3004&5723	λέγω	λέγοντες	
Matt 12:10	Εἰ	COND	COND	1487	εἰ	Εἰ	
Matt 12:10	ἔξεστιν	V-PAI-3S	V-PAI-3S	1832	ἔξεστι(ν)	ἔξεστιν	
Matt 12:10	τοῖς	T-DPN	T-DPN	3588	ὁ	τοῖς	
Matt 12:10	σάββασιν	N-DPN	N-DPN	4521	σάββατον	σάββασιν	
Matt 12:10	θεραπεῦσαι;	V-AAN	V-AAN	2323	θεραπεύω	θεραπεῦσαι	
Matt 12:10	ἵνα	CONJ	CONJ	2443	ἵνα	ἵνα	
Matt 12:10	κατηγορήσωσιν	V-AAS-3P	V-AAS-3P	2723&5661	κατηγορέω	κατηγορήσωσιν	
Matt 12:10	αὐτοῦ.	P-GSM	P-GSM	846	αὐτός	αὐτοῦ	
Matt 12:11	ὁ	T-NSM	T-NSM	3588	ὁ	ὁ	
Matt 12:11	δὲ	CONJ	CONJ	1161	δέ	δέ	
Matt 12:11	εἶπεν	V-2AAI-3S	V-2AAI-3S	3004&5627	λέγω	εἶπεν	
Matt 12:11	αὐτοῖς	P-DPM	P-DPM	846	αὐτός	αὐτοῖς	
Matt 12:11	Τίς	I-NSM	I-NSM	5101	τίς	Τίς	
Matt 12:11	ἔσται	V-FDI-3S	V-FDI-3S	1510&5695	εἰμί	ἔσται	
Matt 12:11	ἐξ	PREP	PREP	1537	ἐκ	ἐξ	
Matt 12:11	ὑμῶν	P-2GP	P-2GP	4771	σύ	ὑμῶν	
Matt 12:11	ἄνθρωπος	N-NSM	N-NSM	444	ἄνθρωπος	ἄνθρωπος	
Matt 12:11	ὃς	R-NSM	R-NSM	3739	ὅς	ὅς	
Matt 12:11	ἕξει	V-FAI-3S	V-FAI-3S	2192&5692	ἔχω	ἕξει	
Matt 12:11	πρόβατον	N-ASN	N-ASN	4263	πρόβατον	πρόβατον	
Matt 12:11	ἕν,	A-ASN	A-ASN	1520	εἷς	ἕν	
Matt 12:11	καὶ	CONJ	CONJ	2532	καί	καί	
Matt 12:11	ἐὰν	COND	COND	1437	ἐάν	ἐάν	
Matt 12:11	ἐμπέσῃ	V-2AAS-3S	V-2AAS-3S	1706&5632	ἐμπίπτω	ἐμπέσῃ	
Matt 12:11	τοῦτο	D-NSN	D-NSN	3778	οὗτος	τοῦτο	
Matt 12:11	τοῖς	T-DPN	T-DPN	3588	ὁ	τοῖς	
Matt 12:11	σάββασιν	N-DPN	N-DPN	4521	σάββατον	σάββασιν	
Matt 12:11	εἰς	PREP	PREP	1519	εἰς	εἰς	
Matt 12:11	βόθυνον,	N-ASM	N-ASM	999	βόθυνος	βόθυνον	
Matt 12:11	οὐχὶ	PRT-I	PRT-I	3780	οὐχί	οὐχί	
Matt 12:11	κρατήσει	V-FAI-3S	V-FAI-3S	2902&5692	κρατέω	κρατήσει	
Matt 12:11	αὐτὸ	P-ASN	P-ASN	846	αὐτός	αὐτό	
Matt 12:11	καὶ	CONJ	CONJ	2532	καί	καί	
Matt 12:11	ἐγερεῖ;	V-FAI-3S	V-FAI-3S	1453&5692	ἐγείρω	ἐγερεῖ	
Matt 12:12	πόσῳ	Q-DSN	Q-DSN	4214	πόσος	πόσῳ	
Matt 12:12	οὖν	CONJ	CONJ	3767	οὖν	οὖν	
Matt 12:12	διαφέρει	V-PAI-3S	V-PAI-3S	1308&5719	διαφέρω	διαφέρει	
Matt 12:12	ἄνθρωπος	N-NSM	N-NSM	444	ἄνθρωπος	ἄνθρωπος	
Matt 12:12	προβάτου.	N-GSN	N-GSN	4263	πρόβατον	προβάτου	
Matt 12:12	ὥστε	CONJ	CONJ	5620	ὥστε	ὥστε	
Matt 12:12	ἔξεστιν	V-PAI-3S	V-PAI-3S	1832&5719	ἔξεστι(ν)	ἔξεστιν	
Matt 12:12	τοῖς	T-DPN	T-DPN	3588	ὁ	τοῖς	
Matt 12:12	σάββασιν	N-DPN	N-DPN	4521	σάββατον	σάββασιν	
Matt 12:12	καλῶς	ADV	ADV	2573	καλῶς	καλῶς	
Matt 12:12	ποιεῖν.	V-PAN	V-PAN	4160&5721	ποιέω	ποιεῖν	
Matt 12:13	τότε	ADV	ADV	5119	τότε	τότε	
Matt 12:13	λέγει	V-PAI-3S	V-PAI-3S	3004&5719	λέγω	λέγει	
Matt 12:13	τῷ	T-DSM	T-DSM	3588	ὁ	τῷ	
Matt 12:13	ἀνθρώπῳ	N-DSM	N-DSM	444	ἄνθρωπος	ἀνθρώπῳ	
Matt 12:13	Ἔκτεινόν	V-AAM-2S	V-AAM-2S	1614&5657	ἐκτείνω	Ἔκτεινον	
Matt 12:13	σου	P-2GS	P-2GS	4771	σύ	σου	
Matt 12:13	τὴν	T-ASF	T-ASF	3588	ὁ	τήν	
Matt 12:13	χεῖρα.	N-ASF	N-ASF	5495	χείρ	χεῖρα	
Matt 12:13	καὶ	CONJ	CONJ	2532	καί	καί	
Matt 12:13	ἐξέτεινεν,	V-AAI-3S	V-AAI-3S	1614&5656	ἐκτείνω	ἐξέτεινεν	
Matt 12:13	καὶ	CONJ	CONJ	2532	καί	καί	
Matt 12:13	ἀπεκατεστάθη	V-API-3S	V-API-3S	600&5681	ἀποκαθιστάνω	ἀπεκατεστάθη	
Matt 12:13	ὑγιὴς	A-NSF	A-NSF	5199	ὑγιής	ὑγιής	
Matt 12:13	ὡς	ADV	ADV	5613	ὡς	ὡς	
Matt 12:13	ἡ	T-NSF	T-NSF	3588	ὁ	ἡ	
Matt 12:13	ἄλλη.	A-NSF	A-NSF	243	ἄλλος	ἄλλη	
Matt 12:14	ἐξελθόντες	V-2AAP-NPM	V-2AAP-NPM	1831&5631	ἐξέρχομαι	ἐξελθόντες	
Matt 12:14	δὲ	CONJ	CONJ	1161	δέ	δέ	
Matt 12:14	οἱ	T-NPM	T-NPM	3588	ὁ	οἱ	
Matt 12:14	Φαρισαῖοι	N-NPM	N-NPM	5330	Φαρισαῖος	Φαρισαῖοι	
Matt 12:14	συμβούλιον	N-ASN	N-ASN	4824	συμβούλιον	συμβούλιον	
Matt 12:14	ἔλαβον	V-2AAI-3P	V-2AAI-3P	2983&5627	λαμβάνω	ἔλαβον	
Matt 12:14	κατ’	PREP	PREP	2596	κατά	κατ’	
Matt 12:14	αὐτοῦ	P-GSM	P-GSM	846	αὐτός	αὐτοῦ	
Matt 12:14	ὅπως	ADV	ADV	3704	ὅπως	ὅπως	
Matt 12:14	αὐτὸν	P-ASM	P-ASM	846	αὐτός	αὐτόν	
Matt 12:14	ἀπολέσωσιν.	V-AAS-3P	V-AAS-3P	622&5661	ἀπόλλυμι	ἀπολέσωσιν	
Matt 12:15	Ὁ	T-NSM	T-NSM	3588	ὁ	Ὁ	
Matt 12:15	δὲ	CONJ	CONJ	1161	δέ	δέ	
Matt 12:15	Ἰησοῦς	N-NSM	N-NSM	2424	Ἰησοῦς	Ἰησοῦς	
Matt 12:15	γνοὺς	V-2AAP-NSM	V-2AAP-NSM	1097&5631	γινώσκω	γνούς	
Matt 12:15	ἀνεχώρησεν	V-AAI-3S	V-AAI-3S	402&5656	ἀναχωρέω	ἀνεχώρησεν	
Matt 12:15	ἐκεῖθεν.	ADV	ADV	1564	ἐκεῖθεν	ἐκεῖθεν	
Matt 12:15	καὶ	CONJ	CONJ	2532	καί	καί	
Matt 12:15	ἠκολούθησαν	V-AAI-3P	V-AAI-3P	190&5656	ἀκολουθέω	ἠκολούθησαν	
Matt 12:15	αὐτῷ	P-DSM	P-DSM	846	αὐτός	αὐτῷ	
Matt 12:15	πολλοί,	A-NPM	A-NPM	4183	πολύς	πολλοί	
Matt 12:15	καὶ	CONJ	CONJ	2532	καί	καί	
Matt 12:15	ἐθεράπευσεν	V-AAI-3S	V-AAI-3S	2323&5656	θεραπεύω	ἐθεράπευσεν	
Matt 12:15	αὐτοὺς	P-APM	P-APM	846	αὐτός	αὐτούς	
Matt 12:15	πάντας,	A-APM	A-APM	3956	πᾶς	πάντας	
Matt 12:16	καὶ	CONJ	CONJ	2532	καί	καί	
Matt 12:16	ἐπετίμησεν	V-AAI-3S	V-AAI-3S	2008&5656	ἐπιτιμάω	ἐπετίμησεν	
Matt 12:16	αὐτοῖς	P-DPM	P-DPM	846	αὐτός	αὐτοῖς	
Matt 12:16	ἵνα	CONJ	CONJ	2443	ἵνα	ἵνα	
Matt 12:16	μὴ	PRT-N	PRT-N	3361	μή	μή	
Matt 12:16	φανερὸν	A-ASM	A-ASM	5318	φανερός	φανερόν	
Matt 12:16	αὐτὸν	P-ASM	P-ASM	846	αὐτός	αὐτόν	
Matt 12:16	ποιήσωσιν·	V-AAS-3P	V-AAS-3P	4160&5661	ποιέω	ποιήσωσιν	
Matt 12:17	ἵνα	CONJ	CONJ	2443	ἵνα	ἵνα	
Matt 12:17	πληρωθῇ	V-APS-3S	V-APS-3S	4137&5686	πληρόω	πληρωθῇ	
Matt 12:17	τὸ	T-NSN	T-NSN	3588	ὁ	τό	
Matt 12:17	ῥηθὲν	V-APP-NSN	V-APP-NSN	2046&5685	εἶπον	ῥηθέν	
Matt 12:17	διὰ	PREP	PREP	1223	διά	διά	
Matt 12:17	Ἡσαΐου	N-GSM	N-GSM	2268	Ἠσαΐας	Ἡσαΐου	
Matt 12:17	τοῦ	T-GSM	T-GSM	3588	ὁ	τοῦ	
Matt 12:17	προφήτου	N-GSM	N-GSM	4396	προφήτης	προφήτου	
Matt 12:17	λέγοντος	V-PAP-GSM	V-PAP-GSM	3004&5723	λέγω	λέγοντος	
Matt 12:18	Ἰδοὺ	V-2AMM-2S	V-2AMM-2S	3708&5640	ὁράω	Ἰδού	
Matt 12:18	ὁ	T-NSM	T-NSM	3588	ὁ	ὁ	
Matt 12:18	παῖς	N-NSM	N-NSM	3816	παῖς	παῖς	
Matt 12:18	μου	P-1GS	P-1GS	1473	ἐγώ	μου	
Matt 12:18	ὃν	R-ASM	R-ASM	3739	ὅς	ὅν	
Matt 12:18	ᾑρέτισα,	V-AAI-1S	V-AAI-1S	140&5656	αἱρετίζω	ᾑρέτισα	
Matt 12:18	ὁ	T-NSM	T-NSM	3588	ὁ	ὁ	
Matt 12:18	ἀγαπητός	A-NSM	A-NSM	27	ἀγαπητός	ἀγαπητός	
Matt 12:18	μου	P-1GS	P-1GS	1473	ἐγώ	μου	
Matt 12:18	ὃν	R-ASM	R-ASM	3739	ὅς	ὅν	
Matt 12:18	εὐδόκησεν	V-AAI-3S	V-AAI-3S	2106&5656	εὐδοκέω	εὐδόκησεν	
Matt 12:18	ἡ	T-NSF	T-NSF	3588	ὁ	ἡ	
Matt 12:18	ψυχή	N-NSF	N-NSF	5590	ψυχή	ψυχή	
Matt 12:18	μου·	P-1GS	P-1GS	1473	ἐγώ	μου	
Matt 12:18	θήσω	V-FAI-1S	V-FAI-1S	5087&5692	τίθημι	θήσω	
Matt 12:18	τὸ	T-ASN	T-ASN	3588	ὁ	τό	
Matt 12:18	Πνεῦμά	N-ASN	N-ASN	4151	πνεῦμα	Πνεῦμα	
Matt 12:18	μου	P-1GS	P-1GS	1473	ἐγώ	μου	
Matt 12:18	ἐπ’	PREP	PREP	1909	ἐπί	ἐπ’	
Matt 12:18	αὐτόν,	P-ASM	P-ASM	846	αὐτός	αὐτόν	
Matt 12:18	καὶ	CONJ	CONJ	2532	καί	καί	
Matt 12:18	κρίσιν	N-ASF	N-ASF	2920	κρίσις	κρίσιν	
Matt 12:18	τοῖς	T-DPN	T-DPN	3588	ὁ	τοῖς	
Matt 12:18	ἔθνεσιν	N-DPN	N-DPN	1484	ἔθνος	ἔθνεσιν	
Matt 12:18	ἀπαγγελεῖ.	V-FAI-3S	V-FAI-3S	518&5692	ἀπαγγέλλω	ἀπαγγελεῖ	
Matt 12:19	οὐκ	PRT-N	PRT-N	3756	οὐ	οὐκ	
Matt 12:19	ἐρίσει	V-FAI-3S	V-FAI-3S	2051&5692	ἐρίζω	ἐρίσει	
Matt 12:19	οὐδὲ	CONJ-N	CONJ-N	3761	οὐδέ	οὐδέ	
Matt 12:19	κραυγάσει,	V-FAI-3S	V-FAI-3S	2905&5692	κραυγάζω	κραυγάσει	
Matt 12:19	οὐδὲ	CONJ-N	CONJ-N	3761	οὐδέ	οὐδέ	
Matt 12:19	ἀκούσει	V-FAI-3S	V-FAI-3S	191&5692	ἀκούω	ἀκούσει	
Matt 12:19	τις	X-NSM	X-NSM	5100	τὶς	τις	
Matt 12:19	ἐν	PREP	PREP	1722	ἐν	ἐν	
Matt 12:19	ταῖς	T-DPF	T-DPF	3588	ὁ	ταῖς	
Matt 12:19	πλατείαις	N-DPF	N-DPF	4113	πλατύς	πλατείαις	
Matt 12:19	τὴν	T-ASF	T-ASF	3588	ὁ	τήν	
Matt 12:19	φωνὴν	N-ASF	N-ASF	5456	φωνή	φωνήν	
Matt 12:19	αὐτοῦ.	P-GSM	P-GSM	846	αὐτός	αὐτοῦ	
Matt 12:20	κάλαμον	N-ASM	N-ASM	2563	κάλαμος	κάλαμον	
Matt 12:20	συντετριμμένον	V-RPP-ASM	V-RPP-ASM	4937&5772	συντρίβω	συντετριμμένον	
Matt 12:20	οὐ	PRT-N	PRT-N	3756	οὐ	οὐ	
Matt 12:20	κατεάξει	V-FAI-3S	V-FAI-3S	2608&5692	κατάγνυμι	κατεάξει	
Matt 12:20	καὶ	CONJ	CONJ	2532	καί	καί	
Matt 12:20	λίνον	N-ASN	N-ASN	3043	λίνον	λίνον	
Matt 12:20	τυφόμενον	V-PPP-ASN	V-PEP-ASN	5188&5746	τύφω	τυφόμενον	
Matt 12:20	οὐ	PRT-N	PRT-N	3756	οὐ	οὐ	
Matt 12:20	σβέσει,	V-FAI-3S	V-FAI-3S	4570&5692	σβέννυμι	σβέσει	
Matt 12:20	ἕως	ADV	ADV	2193	ἕως	ἕως	
Matt 12:20	ἂν	PRT	PRT	302	ἄν	ἄν	
Matt 12:20	ἐκβάλῃ	V-2AAS-3S	V-2AAS-3S	1544&5632	ἐκβάλλω	ἐκβάλῃ	
Matt 12:20	εἰς	PREP	PREP	1519	εἰς	εἰς	
Matt 12:20	νῖκος	N-ASN	N-ASN	3534	νῖκος	νῖκος	
Matt 12:20	τὴν	T-ASF	T-ASF	3588	ὁ	τήν	
Matt 12:20	κρίσιν.	N-ASF	N-ASF	2920	κρίσις	κρίσιν	
Matt 12:21	καὶ	CONJ	CONJ	2532	καί	καί	
Matt 12:21	τῷ	T-DSN	T-DSN	3588	ὁ	τῷ	
Matt 12:21	ὀνόματι	N-DSN	N-DSN	3686	ὄνομα	ὀνόματι	
Matt 12:21	αὐτοῦ	P-GSM	P-GSM	846	αὐτός	αὐτοῦ	
Matt 12:21	ἔθνη	N-NPN	N-NPN	1484	ἔθνος	ἔθνη	
Matt 12:21	ἐλπιοῦσιν.	V-FAI-3P-ATT	V-FAI-3P-ATT	1679&5692	ἐλπίζω	ἐλπιοῦσιν	
Matt 12:22	Τότε	ADV	ADV	5119	τότε	Τότε	
Matt 12:22	προσηνέχθη	V-API-3S	V-API-3S	4374	προσφέρω	προσηνέχθη	
Matt 12:22	αὐτῷ	P-DSM	P-DSM	846	αὐτός	αὐτῷ	
Matt 12:22	δαιμονιζόμενος	V-PNP-NSM	V-PNP-NSM	1139	δαιμονίζομαι	δαιμονιζόμενος	
Matt 12:22	τυφλὸς	A-NSM	A-NSM	5185	τυφλός	τυφλός	
Matt 12:22	καὶ	CONJ	CONJ	2532	καί	καί	
Matt 12:22	κωφός·	A-NSM	A-NSM	2974	κωφός	κωφός	
Matt 12:22	καὶ	CONJ	CONJ	2532	καί	καί	
Matt 12:22	ἐθεράπευσεν	V-AAI-3S	V-AAI-3S	2323&5656	θεραπεύω	ἐθεράπευσεν	
Matt 12:22	αὐτόν,	P-ASM	P-ASM	846	αὐτός	αὐτόν	
Matt 12:22	ὥστε	CONJ	CONJ	5620	ὥστε	ὥστε	
Matt 12:22	τὸν	T-ASM	T-ASM	3588	ὁ	τόν	
Matt 12:22	κωφὸν	A-ASM	A-ASM	2974	κωφός	κωφόν	
Matt 12:22	λαλεῖν	V-PAN	V-PAN	2980&5721	λαλέω	λαλεῖν	
Matt 12:22	καὶ	CONJ	CONJ	2532	καί	καί	
Matt 12:22	βλέπειν.	V-PAN	V-PAN	991&5721	βλέπω	βλέπειν	
Matt 12:23	καὶ	CONJ	CONJ	2532	καί	καί	
Matt 12:23	ἐξίσταντο	V-IMI-3P	V-IEI-3P	1839&5710	ἐξίστημι	ἐξίσταντο	
Matt 12:23	πάντες	A-NPM	A-NPM	3956	πᾶς	πάντες	
Matt 12:23	οἱ	T-NPM	T-NPM	3588	ὁ	οἱ	
Matt 12:23	ὄχλοι	N-NPM	N-NPM	3793	ὄχλος	ὄχλοι	
Matt 12:23	καὶ	CONJ	CONJ	2532	καί	καί	
Matt 12:23	ἔλεγον	V-IAI-3P	V-IAI-3P	3004&5707	λέγω	ἔλεγον	
Matt 12:23	Μήτι	PRT-I	PRT-I	3385	μήτι	Μήτι	
Matt 12:23	οὗτός	D-NSM	D-NSM	3778	οὗτος	οὗτος	
Matt 12:23	ἐστιν	V-PAI-3S	V-PAI-3S	1510&5719	εἰμί	ἐστιν	
Matt 12:23	ὁ	T-NSM	T-NSM	3588	ὁ	ὁ	
Matt 12:23	υἱὸς	N-NSM	N-NSM	5207	υἱός	υἱός	
Matt 12:23	Δαυείδ;	N-PRI	N-PRI	1138	Δαυίδ	Δαυείδ	
Matt 12:24	οἱ	T-NPM	T-NPM	3588	ὁ	οἱ	
Matt 12:24	δὲ	CONJ	CONJ	1161	δέ	δέ	
Matt 12:24	Φαρισαῖοι	N-NPM	N-NPM	5330	Φαρισαῖος	Φαρισαῖοι	
Matt 12:24	ἀκούσαντες	V-AAP-NPM	V-AAP-NPM	191&5660	ἀκούω	ἀκούσαντες	
Matt 12:24	εἶπον	V-2AAI-3P	V-2AAI-3P	3004&5627	λέγω	εἶπον	
Matt 12:24	Οὗτος	D-NSM	D-NSM	3778	οὗτος	Οὗτος	
Matt 12:24	οὐκ	PRT-N	PRT-N	3756	οὐ	οὐκ	
Matt 12:24	ἐκβάλλει	V-PAI-3S	V-PAI-3S	1544&5719	ἐκβάλλω	ἐκβάλλει	
Matt 12:24	τὰ	T-APN	T-APN	3588	ὁ	τά	
Matt 12:24	δαιμόνια	N-APN	N-APN	1140	δαιμόνιον	δαιμόνια	
Matt 12:24	εἰ	COND	COND	1487	εἰ	εἰ	
Matt 12:24	μὴ	PRT-N	PRT-N	3361	μή	μή	
Matt 12:24	ἐν	PREP	PREP	1722	ἐν	ἐν	
Matt 12:24	τῷ	T-DSM	T-DSM	3588	ὁ	τῷ	
Matt 12:24	Βεελζεβοὺλ	N-PRI	N-PRI	954	Βεελζεβούλ	Βεελζεβούλ	
Matt 12:24	ἄρχοντι	N-DSM	N-DSM	758	ἄρχων	ἄρχοντι	
Matt 12:24	τῶν	T-GPN	T-GPN	3588	ὁ	τῶν	
Matt 12:24	δαιμονίων.	N-GPN	N-GPN	1140	δαιμόνιον	δαιμονίων	
Matt 12:25	εἰδὼς	V-RAP-NSM	V-RAP-NSM	1492&5761	οἶδα	εἰδώς	
Matt 12:25	δὲ	CONJ	CONJ	1161	δέ	δέ	
Matt 12:25	τὰς	T-APF	T-APF	3588	ὁ	τάς	
Matt 12:25	ἐνθυμήσεις	N-APF	N-APF	1761	ἐνθύμησις	ἐνθυμήσεις	
Matt 12:25	αὐτῶν	P-GPM	P-GPM	846	αὐτός	αὐτῶν	
Matt 12:25	εἶπεν	V-2AAI-3S	V-2AAI-3S	3004&5627	λέγω	εἶπεν	
Matt 12:25	αὐτοῖς	P-DPM	P-DPM	846	αὐτός	αὐτοῖς	
Matt 12:25	Πᾶσα	A-NSF	A-NSF	3956	πᾶς	Πᾶσα	
Matt 12:25	βασιλεία	N-NSF	N-NSF	932	βασιλεία	βασιλεία	
Matt 12:25	μερισθεῖσα	V-APP-NSF	V-APP-NSF	3307&5685	μερίζω	μερισθεῖσα	
Matt 12:25	καθ’	PREP	PREP	2596	κατά	καθ’	
Matt 12:25	ἑαυτῆς	F-3GSF	F-3GSF	1438	ἑαυτοῦ	ἑαυτῆς	
Matt 12:25	ἐρημοῦται,	V-PPI-3S	V-PEI-3S	2049&5743	ἐρημόω	ἐρημοῦται	
Matt 12:25	καὶ	CONJ	CONJ	2532	καί	καί	
Matt 12:25	πᾶσα	A-NSF	A-NSF	3956	πᾶς	πᾶσα	
Matt 12:25	πόλις	N-NSF	N-NSF	4172	πόλις	πόλις	
Matt 12:25	ἢ	PRT	PRT	2228	ἤ	ἤ	
Matt 12:25	οἰκία	N-NSF	N-NSF	3614	οἰκία	οἰκία	
Matt 12:25	μερισθεῖσα	V-APP-NSF	V-APP-NSF	3307&5685	μερίζω	μερισθεῖσα	
Matt 12:25	καθ’	PREP	PREP	2596	κατά	καθ’	
Matt 12:25	ἑαυτῆς	F-3GSF	F-3GSF	1438	ἑαυτοῦ	ἑαυτῆς	
Matt 12:25	οὐ	PRT-N	PRT-N	3756	οὐ	οὐ	
Matt 12:25	σταθήσεται.	V-FPI-3S	V-FPI-3S	2476&5701	ἵστημι	σταθήσεται	
Matt 12:26	καὶ	CONJ	CONJ	2532	καί	καί	
Matt 12:26	εἰ	COND	COND	1487	εἰ	εἰ	
Matt 12:26	ὁ	T-NSM	T-NSM	3588	ὁ	ὁ	
Matt 12:26	Σατανᾶς	N-NSM	N-NSM	4567	Σατανᾶς	Σατανᾶς	
Matt 12:26	τὸν	T-ASM	T-ASM	3588	ὁ	τόν	
Matt 12:26	Σατανᾶν	N-ASM	N-ASM	4567	Σατανᾶς	Σατανᾶν	
Matt 12:26	ἐκβάλλει,	V-PAI-3S	V-PAI-3S	1544&5719	ἐκβάλλω	ἐκβάλλει	
Matt 12:26	ἐφ’	PREP	PREP	1909	ἐπί	ἐφ’	
Matt 12:26	ἑαυτὸν	F-3ASM	F-3ASM	1438	ἑαυτοῦ	ἑαυτόν	
Matt 12:26	ἐμερίσθη·	V-API-3S	V-API-3S	3307&5681	μερίζω	ἐμερίσθη	
Matt 12:26	πῶς	ADV-I	ADV-I	4459	πῶς	πῶς	
Matt 12:26	οὖν	CONJ	CONJ	3767	οὖν	οὖν	
Matt 12:26	σταθήσεται	V-FPI-3S	V-FPI-3S	2476&5701	ἵστημι	σταθήσεται	
Matt 12:26	ἡ	T-NSF	T-NSF	3588	ὁ	ἡ	
Matt 12:26	βασιλεία	N-NSF	N-NSF	932	βασιλεία	βασιλεία	
Matt 12:26	αὐτοῦ;	P-GSM	P-GSM	846	αὐτός	αὐτοῦ	
Matt 12:27	καὶ	CONJ	CONJ	2532	καί	καί	
Matt 12:27	εἰ	COND	COND	1487	εἰ	εἰ	
Matt 12:27	ἐγὼ	P-1NS	P-1NS	1473	ἐγώ	ἐγώ	
Matt 12:27	ἐν	PREP	PREP	1722	ἐν	ἐν	
Matt 12:27	Βεελζεβοὺλ	N-PRI	N-PRI	954	Βεελζεβούλ	Βεελζεβούλ	
Matt 12:27	ἐκβάλλω	V-PAI-1S	V-PAI-1S	1544&5719	ἐκβάλλω	ἐκβάλλω	
Matt 12:27	τὰ	T-APN	T-APN	3588	ὁ	τά	
Matt 12:27	δαιμόνια,	N-APN	N-APN	1140	δαιμόνιον	δαιμόνια	
Matt 12:27	οἱ	T-NPM	T-NPM	3588	ὁ	οἱ	
Matt 12:27	υἱοὶ	N-NPM	N-NPM	5207	υἱός	υἱοί	
Matt 12:27	ὑμῶν	P-2GP	P-2GP	4771	σύ	ὑμῶν	
Matt 12:27	ἐν	PREP	PREP	1722	ἐν	ἐν	
Matt 12:27	τίνι	I-DSM	I-DSM	5101	τίς	τίνι	
Matt 12:27	ἐκβάλλουσιν;	V-PAI-3P	V-PAI-3P	1544&5719	ἐκβάλλω	ἐκβάλλουσιν	
Matt 12:27	διὰ	PREP	PREP	1223	διά	διά	
Matt 12:27	τοῦτο	D-ASN	D-ASN	3778	οὗτος	τοῦτο	
Matt 12:27	αὐτοὶ	P-NPM	P-NPM	846	αὐτός	αὐτοί	
Matt 12:27	κριταὶ	N-NPM	N-NPM	2923	κριτής	κριταί	
Matt 12:27	ἔσονται	V-FDI-3P	V-FDI-3P	1510&5695	εἰμί	ἔσονται	
Matt 12:27	ὑμῶν.	P-2GP	P-2GP	4771	σύ	ὑμῶν	
Matt 12:28	εἰ	COND	COND	1487	εἰ	εἰ	
Matt 12:28	δὲ	CONJ	CONJ	1161	δέ	δέ	
Matt 12:28	ἐν	PREP	PREP	1722	ἐν	ἐν	
Matt 12:28	Πνεύματι	N-DSN	N-DSN	4151	πνεῦμα	Πνεύματι	
Matt 12:28	Θεοῦ	N-GSM	N-GSM	2316	θεός	Θεοῦ	
Matt 12:28	ἐγὼ	P-1NS	P-1NS	1473	ἐγώ	ἐγώ	
Matt 12:28	ἐκβάλλω	V-PAI-1S	V-PAI-1S	1544&5719	ἐκβάλλω	ἐκβάλλω	
Matt 12:28	τὰ	T-APN	T-APN	3588	ὁ	τά	
Matt 12:28	δαιμόνια,	N-APN	N-APN	1140	δαιμόνιον	δαιμόνια	
Matt 12:28	ἄρα	PRT	PRT	686	ἄρα	ἄρα	
Matt 12:28	ἔφθασεν	V-AAI-3S	V-AAI-3S	5348&5656	φθάνω	ἔφθασεν	
Matt 12:28	ἐφ’	PREP	PREP	1909	ἐπί	ἐφ’	
Matt 12:28	ὑμᾶς	P-2AP	P-2AP	4771	σύ	ὑμᾶς	
Matt 12:28	ἡ	T-NSF	T-NSF	3588	ὁ	ἡ	
Matt 12:28	βασιλεία	N-NSF	N-NSF	932	βασιλεία	βασιλεία	
Matt 12:28	τοῦ	T-GSM	T-GSM	3588	ὁ	τοῦ	
Matt 12:28	Θεοῦ.	N-GSM	N-GSM	2316	θεός	Θεοῦ	
Matt 12:29	ἢ	PRT	PRT	2228	ἤ	ἤ	
Matt 12:29	πῶς	ADV-I	ADV-I	4459	πῶς	πῶς	
Matt 12:29	δύναταί	V-PNI-3S	V-PNI-3S	1410&5736	δύναμαι	δύναται	
Matt 12:29	τις	X-NSM	X-NSM	5100	τὶς	τις	
Matt 12:29	εἰσελθεῖν	V-2AAN	V-2AAN	1525&5629	εἰσέρχομαι	εἰσελθεῖν	
Matt 12:29	εἰς	PREP	PREP	1519	εἰς	εἰς	
Matt 12:29	τὴν	T-ASF	T-ASF	3588	ὁ	τήν	
Matt 12:29	οἰκίαν	N-ASF	N-ASF	3614	οἰκία	οἰκίαν	
Matt 12:29	τοῦ	T-GSM	T-GSM	3588	ὁ	τοῦ	
Matt 12:29	ἰσχυροῦ	A-GSM	A-GSM	2478	ἰσχυρός	ἰσχυροῦ	
Matt 12:29	καὶ	CONJ	CONJ	2532	καί	καί	
Matt 12:29	τὰ	T-APN	T-APN	3588	ὁ	τά	
Matt 12:29	σκεύη	N-APN	N-APN	4632	σκεῦος	σκεύη	
Matt 12:29	αὐτοῦ	P-GSM	P-GSM	846	αὐτός	αὐτοῦ	
Matt 12:29	ἁρπάσαι,	V-AAN	V-AAN	726&5658	ἁρπάζω	ἁρπάσαι	
Matt 12:29	ἐὰν	COND	COND	1437	ἐάν	ἐάν	
Matt 12:29	μὴ	PRT-N	PRT-N	3361	μή	μή	
Matt 12:29	πρῶτον	ADV-S	ADV-S	4412	πρῶτος	πρῶτον	
Matt 12:29	δήσῃ	V-AAS-3S	V-AAS-3S	1210&5661	δέω	δήσῃ	
Matt 12:29	τὸν	T-ASM	T-ASM	3588	ὁ	τόν	
Matt 12:29	ἰσχυρόν,	A-ASM	A-ASM	2478	ἰσχυρός	ἰσχυρόν	
Matt 12:29	καὶ	CONJ	CONJ	2532	καί	καί	
Matt 12:29	τότε	ADV	ADV	5119	τότε	τότε	
Matt 12:29	τὴν	T-ASF	T-ASF	3588	ὁ	τήν	
Matt 12:29	οἰκίαν	N-ASF	N-ASF	3614	οἰκία	οἰκίαν	
Matt 12:29	αὐτοῦ	P-GSM	P-GSM	846	αὐτός	αὐτοῦ	
Matt 12:29	διαρπάσει;	V-FAI-3S	V-FAI-3S	1283&5692	διαρπάζω	διαρπάσει	
Matt 12:30	ὁ	T-NSM	T-NSM	3588	ὁ	ὁ	
Matt 12:30	μὴ	PRT-N	PRT-N	3361	μή	μή	
Matt 12:30	ὢν	V-PAP-NSM	V-PAP-NSM	1510&5723	εἰμί	ὤν	
Matt 12:30	μετ’	PREP	PREP	3326	μετά	μετ’	
Matt 12:30	ἐμοῦ	P-1GS	P-1GS	1473	ἐγώ	ἐμοῦ	
Matt 12:30	κατ’	PREP	PREP	2596	κατά	κατ’	
Matt 12:30	ἐμοῦ	P-1GS	P-1GS	1473	ἐγώ	ἐμοῦ	
Matt 12:30	ἐστιν,	V-PAI-3S	V-PAI-3S	1510	εἰμί	ἐστιν	
Matt 12:30	καὶ	CONJ	CONJ	2532	καί	καί	
Matt 12:30	ὁ	T-NSM	T-NSM	3588	ὁ	ὁ	
Matt 12:30	μὴ	PRT-N	PRT-N	3361	μή	μή	
Matt 12:30	συνάγων	V-PAP-NSM	V-PAP-NSM	4863&5723	συνάγω	συνάγων	
Matt 12:30	μετ’	PREP	PREP	3326	μετά	μετ’	
Matt 12:30	ἐμοῦ	P-1GS	P-1GS	1473	ἐγώ	ἐμοῦ	
Matt 12:30	σκορπίζει.	V-PAI-3S	V-PAI-3S	4650&5719	σκορπίζω	σκορπίζει	
Matt 12:31	Διὰ	PREP	PREP	1223	διά	Διά	
Matt 12:31	τοῦτο	D-ASN	D-ASN	3778	οὗτος	τοῦτο	
Matt 12:31	λέγω	V-PAI-1S	V-PAI-1S	3004&5719	λέγω	λέγω	
Matt 12:31	ὑμῖν,	P-2DP	P-2DP	4771	σύ	ὑμῖν	
Matt 12:31	πᾶσα	A-NSF	A-NSF	3956	πᾶς	πᾶσα	
Matt 12:31	ἁμαρτία	N-NSF	N-NSF	266	ἁμαρτία	ἁμαρτία	
Matt 12:31	καὶ	CONJ	CONJ	2532	καί	καί	
Matt 12:31	βλασφημία	N-NSF	N-NSF	988	βλασφημία	βλασφημία	
Matt 12:31	ἀφεθήσεται	V-FPI-3S	V-FPI-3S	863&5701	ἀφίημι	ἀφεθήσεται	
Matt 12:31	τοῖς	T-DPM	T-DPM	3588	ὁ	τοῖς	
Matt 12:31	ἀνθρώποις,	N-DPM	N-DPM	444	ἄνθρωπος	ἀνθρώποις	
Matt 12:31	ἡ	T-NSF	T-NSF	3588	ὁ	ἡ	
Matt 12:31	δὲ	CONJ	CONJ	1161	δέ	δέ	
Matt 12:31	τοῦ	T-GSN	T-GSN	3588	ὁ	τοῦ	
Matt 12:31	Πνεύματος	N-GSN	N-GSN	4151	πνεῦμα	Πνεύματος	
Matt 12:31	βλασφημία	N-NSF	N-NSF	988	βλασφημία	βλασφημία	
Matt 12:31	οὐκ	PRT-N	PRT-N	3756	οὐ	οὐκ	
Matt 12:31	ἀφεθήσεται.	V-FPI-3S	V-FPI-3S	863&5701	ἀφίημι	ἀφεθήσεται	
Matt 12:32	καὶ	CONJ	CONJ	2532	καί	καί	
Matt 12:32	ὃς	R-NSM	R-NSM	3739	ὅς	ὅς	
Matt 12:32	ἐὰν	COND	COND	1437	ἐάν	ἐάν	
Matt 12:32	εἴπῃ	V-2AAS-3S	V-2AAS-3S	3004&5632	λέγω	εἴπῃ	
Matt 12:32	λόγον	N-ASM	N-ASM	3056	λόγος	λόγον	
Matt 12:32	κατὰ	PREP	PREP	2596	κατά	κατά	
Matt 12:32	τοῦ	T-GSM	T-GSM	3588	ὁ	τοῦ	
Matt 12:32	Υἱοῦ	N-GSM	N-GSM	5207	υἱός	Υἱοῦ	
Matt 12:32	τοῦ	T-GSM	T-GSM	3588	ὁ	τοῦ	
Matt 12:32	ἀνθρώπου,	N-GSM	N-GSM	444	ἄνθρωπος	ἀνθρώπου	
Matt 12:32	ἀφεθήσεται	V-FPI-3S	V-FPI-3S	863&5701	ἀφίημι	ἀφεθήσεται	
Matt 12:32	αὐτῷ·	P-DSM	P-DSM	846	αὐτός	αὐτῷ	
Matt 12:32	ὃς	R-NSM	R-NSM	3739	ὅς	ὅς	
Matt 12:32	δ’	CONJ	CONJ	1161	δέ	δ’	
Matt 12:32	ἂν	PRT	PRT	302	ἄν	ἄν	
Matt 12:32	εἴπῃ	V-2AAS-3S	V-2AAS-3S	3004&5632	λέγω	εἴπῃ	
Matt 12:32	κατὰ	PREP	PREP	2596	κατά	κατά	
Matt 12:32	τοῦ	T-GSN	T-GSN	3588	ὁ	τοῦ	
Matt 12:32	Πνεύματος	N-GSN	N-GSN	4151	πνεῦμα	Πνεύματος	
Matt 12:32	τοῦ	T-GSN	T-GSN	3588	ὁ	τοῦ	
Matt 12:32	Ἁγίου,	A-GSN	A-GSN	40	ἅγιος	Ἁγίου	
Matt 12:32	οὐκ	PRT-N	PRT-N	3756	οὐ	οὐκ	
Matt 12:32	ἀφεθήσεται	V-FPI-3S	V-FPI-3S	863&5701	ἀφίημι	ἀφεθήσεται	
Matt 12:32	αὐτῷ	P-DSM	P-DSM	846	αὐτός	αὐτῷ	
Matt 12:32	οὔτε	CONJ-N	CONJ-N	3777	οὔτε	οὔτε	
Matt 12:32	ἐν	PREP	PREP	1722	ἐν	ἐν	
Matt 12:32	τούτῳ	D-DSM	D-DSM	3778	οὗτος	τούτῳ	
Matt 12:32	τῷ	T-DSM	T-DSM	3588	ὁ	τῷ	
Matt 12:32	αἰῶνι	N-DSM	N-DSM	165	αἰών	αἰῶνι	
Matt 12:32	οὔτε	CONJ-N	CONJ-N	3777	οὔτε	οὔτε	
Matt 12:32	ἐν	PREP	PREP	1722	ἐν	ἐν	
Matt 12:32	τῷ	T-DSM	T-DSM	3588	ὁ	τῷ	
Matt 12:32	μέλλοντι.	V-PAP-DSM	V-PAP-DSM	3195&5723	μέλλω	μέλλοντι	
Matt 12:33	Ἢ	PRT	PRT	2228	ἤ	Ἤ	
Matt 12:33	ποιήσατε	V-AAM-2P	V-AAM-2P	4160&5657	ποιέω	ποιήσατε	
Matt 12:33	τὸ	T-ASN	T-ASN	3588	ὁ	τό	
Matt 12:33	δένδρον	N-ASN	N-ASN	1186	δένδρον	δένδρον	
Matt 12:33	καλὸν	A-ASN	A-ASN	2570	καλός	καλόν	
Matt 12:33	καὶ	CONJ	CONJ	2532	καί	καί	
Matt 12:33	τὸν	T-ASM	T-ASM	3588	ὁ	τόν	
Matt 12:33	καρπὸν	N-ASM	N-ASM	2590	καρπός	καρπόν	
Matt 12:33	αὐτοῦ	P-GSN	P-GSN	846	αὐτός	αὐτοῦ	
Matt 12:33	καλόν,	A-ASM	A-ASM	2570	καλός	καλόν	
Matt 12:33	ἢ	PRT	PRT	2228	ἤ	ἤ	
Matt 12:33	ποιήσατε	V-AAM-2P	V-AAM-2P	4160&5657	ποιέω	ποιήσατε	
Matt 12:33	τὸ	T-ASN	T-ASN	3588	ὁ	τό	
Matt 12:33	δένδρον	N-ASN	N-ASN	1186	δένδρον	δένδρον	
Matt 12:33	σαπρὸν	A-ASN	A-ASN	4550	σαπρός	σαπρόν	
Matt 12:33	καὶ	CONJ	CONJ	2532	καί	καί	
Matt 12:33	τὸν	T-ASM	T-ASM	3588	ὁ	τόν	
Matt 12:33	καρπὸν	N-ASM	N-ASM	2590	καρπός	καρπόν	
Matt 12:33	αὐτοῦ	P-GSN	P-GSN	846	αὐτός	αὐτοῦ	
Matt 12:33	σαπρόν·	A-ASM	A-ASM	4550	σαπρός	σαπρόν	
Matt 12:33	ἐκ	PREP	PREP	1537	ἐκ	ἐκ	
Matt 12:33	γὰρ	CONJ	CONJ	1063	γάρ	γάρ	
Matt 12:33	τοῦ	T-GSM	T-GSM	3588	ὁ	τοῦ	
Matt 12:33	καρποῦ	N-GSM	N-GSM	2590	καρπός	καρποῦ	
Matt 12:33	τὸ	T-NSN	T-NSN	3588	ὁ	τό	
Matt 12:33	δένδρον	N-NSN	N-NSN	1186	δένδρον	δένδρον	
Matt 12:33	γινώσκεται.	V-PPI-3S	V-PEI-3S	1097&5743	γινώσκω	γινώσκεται	
Matt 12:34	γεννήματα	N-VPN	N-VPN	1081	γέννημα	γεννήματα	
Matt 12:34	ἐχιδνῶν,	N-GPF	N-GPF	2191	ἔχιδνα	ἐχιδνῶν	
Matt 12:34	πῶς	ADV-I	ADV-I	4459	πῶς	πῶς	
Matt 12:34	δύνασθε	V-PNI-2P	V-PNI-2P	1410&5736	δύναμαι	δύνασθε	
Matt 12:34	ἀγαθὰ	A-APN	A-APN	18	ἀγαθός	ἀγαθά	
Matt 12:34	λαλεῖν	V-PAN	V-PAN	2980&5721	λαλέω	λαλεῖν	
Matt 12:34	πονηροὶ	A-NPM	A-NPM	4190	πονηρός	πονηροί	
Matt 12:34	ὄντες;	V-PAP-NPM	V-PAP-NPM	1510&5723	εἰμί	ὄντες	
Matt 12:34	ἐκ	PREP	PREP	1537	ἐκ	ἐκ	
Matt 12:34	γὰρ	CONJ	CONJ	1063	γάρ	γάρ	
Matt 12:34	τοῦ	T-GSN	T-GSN	3588	ὁ	τοῦ	
Matt 12:34	περισσεύματος	N-GSN	N-GSN	4051	περίσσευμα	περισσεύματος	
Matt 12:34	τῆς	T-GSF	T-GSF	3588	ὁ	τῆς	
Matt 12:34	καρδίας	N-GSF	N-GSF	2588	καρδία	καρδίας	
Matt 12:34	τὸ	T-NSN	T-NSN	3588	ὁ	τό	
Matt 12:34	στόμα	N-NSN	N-NSN	4750	στόμα	στόμα	
Matt 12:34	λαλεῖ.	V-PAI-3S	V-PAI-3S	2980&5719	λαλέω	λαλεῖ	
Matt 12:35	ὁ	T-NSM	T-NSM	3588	ὁ	ὁ	
Matt 12:35	ἀγαθὸς	A-NSM	A-NSM	18	ἀγαθός	ἀγαθός	
Matt 12:35	ἄνθρωπος	N-NSM	N-NSM	444	ἄνθρωπος	ἄνθρωπος	
Matt 12:35	ἐκ	PREP	PREP	1537	ἐκ	ἐκ	
Matt 12:35	τοῦ	T-GSM	T-GSM	3588	ὁ	τοῦ	
Matt 12:35	ἀγαθοῦ	A-GSM	A-GSM	18	ἀγαθός	ἀγαθοῦ	
Matt 12:35	θησαυροῦ	N-GSM	N-GSM	2344	θησαυρός	θησαυροῦ	
Matt 12:35	ἐκβάλλει	V-PAI-3S	V-PAI-3S	1544&5719	ἐκβάλλω	ἐκβάλλει	
Matt 12:35	ἀγαθά,	A-APN	A-APN	18	ἀγαθός	ἀγαθά	
Matt 12:35	καὶ	CONJ	CONJ	2532	καί	καί	
Matt 12:35	ὁ	T-NSM	T-NSM	3588	ὁ	ὁ	
Matt 12:35	πονηρὸς	A-NSM	A-NSM	4190	πονηρός	πονηρός	
Matt 12:35	ἄνθρωπος	N-NSM	N-NSM	444	ἄνθρωπος	ἄνθρωπος	
Matt 12:35	ἐκ	PREP	PREP	1537	ἐκ	ἐκ	
Matt 12:35	τοῦ	T-GSM	T-GSM	3588	ὁ	τοῦ	
Matt 12:35	πονηροῦ	A-GSM	A-GSM	4190	πονηρός	πονηροῦ	
Matt 12:35	θησαυροῦ	N-GSM	N-GSM	2344	θησαυρός	θησαυροῦ	
Matt 12:35	ἐκβάλλει	V-PAI-3S	V-PAI-3S	1544&5719	ἐκβάλλω	ἐκβάλλει	
Matt 12:35	πονηρά.	A-APN	A-APN	4190	πονηρός	πονηρά	
Matt 12:36	λέγω	V-PAI-1S	V-PAI-1S	3004&5719	λέγω	λέγω	
Matt 12:36	δὲ	CONJ	CONJ	1161	δέ	δέ	
Matt 12:36	ὑμῖν	P-2DP	P-2DP	4771	σύ	ὑμῖν	
Matt 12:36	ὅτι	CONJ	CONJ	3754	ὅτι	ὅτι	
Matt 12:36	πᾶν	A-ASN	A-ASN	3956	πᾶς	πᾶν	
Matt 12:36	ῥῆμα	N-ASN	N-ASN	4487	ῥῆμα	ῥῆμα	
Matt 12:36	ἀργὸν	A-ASN	A-ASN	692	ἀργός	ἀργόν	
Matt 12:36	ὃ	R-ASN	R-ASN	3739	ὅς	ὅ	
Matt 12:36	λαλήσουσιν	V-FAI-3P	V-FAI-3P	2980&5692	λαλέω	λαλήσουσιν	
Matt 12:36	οἱ	T-NPM	T-NPM	3588	ὁ	οἱ	
Matt 12:36	ἄνθρωποι,	N-NPM	N-NPM	444	ἄνθρωπος	ἄνθρωποι	
Matt 12:36	ἀποδώσουσιν	V-FAI-3P	V-FAI-3P	591&5692	ἀποδίδωμι	ἀποδώσουσιν	
Matt 12:36	περὶ	PREP	PREP	4012	περί	περί	
Matt 12:36	αὐτοῦ	P-GSN	P-GSN	846	αὐτός	αὐτοῦ	
Matt 12:36	λόγον	N-ASM	N-ASM	3056	λόγος	λόγον	
Matt 12:36	ἐν	PREP	PREP	1722	ἐν	ἐν	
Matt 12:36	ἡμέρᾳ	N-DSF	N-DSF	2250	ἡμέρα	ἡμέρᾳ	
Matt 12:36	κρίσεως·	N-GSF	N-GSF	2920	κρίσις	κρίσεως	
Matt 12:37	ἐκ	PREP	PREP	1537	ἐκ	ἐκ	
Matt 12:37	γὰρ	CONJ	CONJ	1063	γάρ	γάρ	
Matt 12:37	τῶν	T-GPM	T-GPM	3588	ὁ	τῶν	
Matt 12:37	λόγων	N-GPM	N-GPM	3056	λόγος	λόγων	
Matt 12:37	σου	P-2GS	P-2GS	4771	σύ	σου	
Matt 12:37	δικαιωθήσῃ,	V-FPI-2S	V-FPI-2S	1344&5701	δικαιόω	δικαιωθήσῃ	
Matt 12:37	καὶ	CONJ	CONJ	2532	καί	καί	
Matt 12:37	ἐκ	PREP	PREP	1537	ἐκ	ἐκ	
Matt 12:37	τῶν	T-GPM	T-GPM	3588	ὁ	τῶν	
Matt 12:37	λόγων	N-GPM	N-GPM	3056	λόγος	λόγων	
Matt 12:37	σου	P-2GS	P-2GS	4771	σύ	σου	
Matt 12:37	καταδικασθήσῃ.	V-FPI-2S	V-FPI-2S	2613&5701	καταδικάζω	καταδικασθήσῃ	
Matt 12:38	Τότε	ADV	ADV	5119	τότε	Τότε	
Matt 12:38	ἀπεκρίθησαν	V-ADI-3P	V-ADI-3P	611&5662	ἀποκρίνομαι	ἀπεκρίθησαν	
Matt 12:38	αὐτῷ	P-DSM	P-DSM	846	αὐτός	αὐτῷ	
Matt 12:38	τινες	X-NPM	X-NPM	5100	τὶς	τινες	
Matt 12:38	τῶν	T-GPM	T-GPM	3588	ὁ	τῶν	
Matt 12:38	γραμματέων	N-GPM	N-GPM	1122	γραμματεύς	γραμματέων	
Matt 12:38	καὶ	CONJ	CONJ	2532	καί	καί	
Matt 12:38	Φαρισαίων	N-GPM	N-GPM	5330	Φαρισαῖος	Φαρισαίων	
Matt 12:38	λέγοντες	V-PAP-NPM	V-PAP-NPM	3004&5723	λέγω	λέγοντες	
Matt 12:38	Διδάσκαλε,	N-VSM	N-VSM	1320	διδάσκαλος	Διδάσκαλε	
Matt 12:38	θέλομεν	V-PAI-1P	V-PAI-1P	2309&5719	θέλω	θέλομεν	
Matt 12:38	ἀπὸ	PREP	PREP	575	ἀπό	ἀπό	
Matt 12:38	σοῦ	P-2GS	P-2GS	4771	σύ	σοῦ	
Matt 12:38	σημεῖον	N-ASN	N-ASN	4592	σημεῖον	σημεῖον	
Matt 12:38	ἰδεῖν.	V-2AAN	V-2AAN	3708&5629	ὁράω	ἰδεῖν	
Matt 12:39	ὁ	T-NSM	T-NSM	3588	ὁ	ὁ	
Matt 12:39	δὲ	CONJ	CONJ	1161	δέ	δέ	
Matt 12:39	ἀποκριθεὶς	V-AOP-NSM	V-AOP-NSM	611&5679	ἀποκρίνομαι	ἀποκριθείς	
Matt 12:39	εἶπεν	V-2AAI-3S	V-2AAI-3S	3004&5627	λέγω	εἶπεν	
Matt 12:39	αὐτοῖς	P-DPM	P-DPM	846	αὐτός	αὐτοῖς	
Matt 12:39	Γενεὰ	N-NSF	N-NSF	1074	γενεά	Γενεά	
Matt 12:39	πονηρὰ	A-NSF	A-NSF	4190	πονηρός	πονηρά	
Matt 12:39	καὶ	CONJ	CONJ	2532	καί	καί	
Matt 12:39	μοιχαλὶς	N-NSF	N-NSF	3428	μοιχαλίς	μοιχαλίς	
Matt 12:39	σημεῖον	N-ASN	N-ASN	4592	σημεῖον	σημεῖον	
Matt 12:39	ἐπιζητεῖ,	V-PAI-3S	V-PAI-3S	1934&5719	ἐπιζητέω	ἐπιζητεῖ	
Matt 12:39	καὶ	CONJ	CONJ	2532	καί	καί	
Matt 12:39	σημεῖον	N-NSN	N-NSN	4592	σημεῖον	σημεῖον	
Matt 12:39	οὐ	PRT-N	PRT-N	3756	οὐ	οὐ	
Matt 12:39	δοθήσεται	V-FPI-3S	V-FPI-3S	1325&5701	δίδωμι	δοθήσεται	
Matt 12:39	αὐτῇ	P-DSF	P-DSF	846	αὐτός	αὐτῇ	
Matt 12:39	εἰ	COND	COND	1487	εἰ	εἰ	
Matt 12:39	μὴ	PRT-N	PRT-N	3361	μή	μή	
Matt 12:39	τὸ	T-NSN	T-NSN	3588	ὁ	τό	
Matt 12:39	σημεῖον	N-NSN	N-NSN	4592	σημεῖον	σημεῖον	
Matt 12:39	Ἰωνᾶ	N-GSM	N-GSM	2495	Ἰωνᾶς	Ἰωνᾶ	
Matt 12:39	τοῦ	T-GSM	T-GSM	3588	ὁ	τοῦ	
Matt 12:39	προφήτου.	N-GSM	N-GSM	4396	προφήτης	προφήτου	
Matt 12:40	ὥσπερ	ADV	ADV	5618	ὥσπερ	ὥσπερ	
Matt 12:40	γὰρ	CONJ	CONJ	1063	γάρ	γάρ	
Matt 12:40	ἦν	V-IAI-3S	V-IAI-3S	1510&5707	εἰμί	ἦν	
Matt 12:40	Ἰωνᾶς	N-NSM	N-NSM	2495	Ἰωνᾶς	Ἰωνᾶς	
Matt 12:40	ἐν	PREP	PREP	1722	ἐν	ἐν	
Matt 12:40	τῇ	T-DSF	T-DSF	3588	ὁ	τῇ	
Matt 12:40	κοιλίᾳ	N-DSF	N-DSF	2836	κοιλία	κοιλίᾳ	
Matt 12:40	τοῦ	T-GSN	T-GSN	3588	ὁ	τοῦ	
Matt 12:40	κήτους	N-GSN	N-GSN	2785	κῆτος	κήτους	
Matt 12:40	τρεῖς	A-APF	A-APF	5140	τρεῖς	τρεῖς	
Matt 12:40	ἡμέρας	N-APF	N-APF	2250	ἡμέρα	ἡμέρας	
Matt 12:40	καὶ	CONJ	CONJ	2532	καί	καί	
Matt 12:40	τρεῖς	A-APF	A-APF	5140	τρεῖς	τρεῖς	
Matt 12:40	νύκτας,	N-APF	N-APF	3571	νύξ	νύκτας	
Matt 12:40	οὕτως	ADV	ADV	3779	οὕτω	οὕτως	
Matt 12:40	ἔσται	V-FDI-3S	V-FDI-3S	1510&5695	εἰμί	ἔσται	
Matt 12:40	ὁ	T-NSM	T-NSM	3588	ὁ	ὁ	
Matt 12:40	Υἱὸς	N-NSM	N-NSM	5207	υἱός	Υἱός	
Matt 12:40	τοῦ	T-GSM	T-GSM	3588	ὁ	τοῦ	
Matt 12:40	ἀνθρώπου	N-GSM	N-GSM	444	ἄνθρωπος	ἀνθρώπου	
Matt 12:40	ἐν	PREP	PREP	1722	ἐν	ἐν	
Matt 12:40	τῇ	T-DSF	T-DSF	3588	ὁ	τῇ	
Matt 12:40	καρδίᾳ	N-DSF	N-DSF	2588	καρδία	καρδίᾳ	
Matt 12:40	τῆς	T-GSF	T-GSF	3588	ὁ	τῆς	
Matt 12:40	γῆς	N-GSF	N-GSF	1093	γῆ	γῆς	
Matt 12:40	τρεῖς	A-APF	A-APF	5140	τρεῖς	τρεῖς	
Matt 12:40	ἡμέρας	N-APF	N-APF	2250	ἡμέρα	ἡμέρας	
Matt 12:40	καὶ	CONJ	CONJ	2532	καί	καί	
Matt 12:40	τρεῖς	A-APF	A-APF	5140	τρεῖς	τρεῖς	
Matt 12:40	νύκτας.	N-APF	N-APF	3571	νύξ	νύκτας	
Matt 12:41	ἄνδρες	N-NPM	N-NPM	435	ἀνήρ	ἄνδρες	
Matt 12:41	Νινευεῖται	N-NPM	N-NPM	3536	Νινευίτης	Νινευεῖται	
Matt 12:41	ἀναστήσονται	V-FMI-3P	V-FMI-3P	450&5698	ἀνίστημι	ἀναστήσονται	
Matt 12:41	ἐν	PREP	PREP	1722	ἐν	ἐν	
Matt 12:41	τῇ	T-DSF	T-DSF	3588	ὁ	τῇ	
Matt 12:41	κρίσει	N-DSF	N-DSF	2920	κρίσις	κρίσει	
Matt 12:41	μετὰ	PREP	PREP	3326	μετά	μετά	
Matt 12:41	τῆς	T-GSF	T-GSF	3588	ὁ	τῆς	
Matt 12:41	γενεᾶς	N-GSF	N-GSF	1074	γενεά	γενεᾶς	
Matt 12:41	ταύτης	D-GSF	D-GSF	3778	οὗτος	ταύτης	
Matt 12:41	καὶ	CONJ	CONJ	2532	καί	καί	
Matt 12:41	κατακρινοῦσιν	V-FAI-3P	V-FAI-3P	2632&5692	κατακρίνω	κατακρινοῦσιν	
Matt 12:41	αὐτήν·	P-ASF	P-ASF	846	αὐτός	αὐτήν	
Matt 12:41	ὅτι	CONJ	CONJ	3754	ὅτι	ὅτι	
Matt 12:41	μετενόησαν	V-AAI-3P	V-AAI-3P	3340&5656	μετανοέω	μετενόησαν	
Matt 12:41	εἰς	PREP	PREP	1519	εἰς	εἰς	
Matt 12:41	τὸ	T-ASN	T-ASN	3588	ὁ	τό	
Matt 12:41	κήρυγμα	N-ASN	N-ASN	2782	κήρυγμα	κήρυγμα	
Matt 12:41	Ἰωνᾶ,	N-GSM	N-GSM	2495	Ἰωνᾶς	Ἰωνᾶ	
Matt 12:41	καὶ	CONJ	CONJ	2532	καί	καί	
Matt 12:41	ἰδοὺ	V-2AMM-2S	V-2AMM-2S	3708&5640	ὁράω	ἰδού	
Matt 12:41	πλεῖον	A-NSN-C	A-NSN-C	4183	πολύς	πλεῖον	
Matt 12:41	Ἰωνᾶ	N-GSM	N-GSM	2495	Ἰωνᾶς	Ἰωνᾶ	
Matt 12:41	ὧδε.	ADV	ADV	5602	ὧδε	ὧδε	
Matt 12:42	βασίλισσα	N-NSF	N-NSF	938	βασίλισσα	βασίλισσα	
Matt 12:42	νότου	N-GSM	N-GSM	3558	νότος	νότου	
Matt 12:42	ἐγερθήσεται	V-FPI-3S	V-FPI-3S	1453&5701	ἐγείρω	ἐγερθήσεται	
Matt 12:42	ἐν	PREP	PREP	1722	ἐν	ἐν	
Matt 12:42	τῇ	T-DSF	T-DSF	3588	ὁ	τῇ	
Matt 12:42	κρίσει	N-DSF	N-DSF	2920	κρίσις	κρίσει	
Matt 12:42	μετὰ	PREP	PREP	3326	μετά	μετά	
Matt 12:42	τῆς	T-GSF	T-GSF	3588	ὁ	τῆς	
Matt 12:42	γενεᾶς	N-GSF	N-GSF	1074	γενεά	γενεᾶς	
Matt 12:42	ταύτης	D-GSF	D-GSF	3778	οὗτος	ταύτης	
Matt 12:42	καὶ	CONJ	CONJ	2532	καί	καί	
Matt 12:42	κατακρινεῖ	V-FAI-3S	V-FAI-3S	2632&5692	κατακρίνω	κατακρινεῖ	
Matt 12:42	αὐτήν·	P-ASF	P-ASF	846	αὐτός	αὐτήν	
Matt 12:42	ὅτι	CONJ	CONJ	3754	ὅτι	ὅτι	
Matt 12:42	ἦλθεν	V-2AAI-3S	V-2AAI-3S	2064&5627	ἔρχομαι	ἦλθεν	
Matt 12:42	ἐκ	PREP	PREP	1537	ἐκ	ἐκ	
Matt 12:42	τῶν	T-GPN	T-GPN	3588	ὁ	τῶν	
Matt 12:42	περάτων	N-GPN	N-GPN	4009	πέρας	περάτων	
Matt 12:42	τῆς	T-GSF	T-GSF	3588	ὁ	τῆς	
Matt 12:42	γῆς	N-GSF	N-GSF	1093	γῆ	γῆς	
Matt 12:42	ἀκοῦσαι	V-AAN	V-AAN	191&5658	ἀκούω	ἀκοῦσαι	
Matt 12:42	τὴν	T-ASF	T-ASF	3588	ὁ	τήν	
Matt 12:42	σοφίαν	N-ASF	N-ASF	4678	σοφία	σοφίαν	
Matt 12:42	Σολομῶνος,	N-GSM	N-GSM	4672	Σολομών	Σολομῶνος	
Matt 12:42	καὶ	CONJ	CONJ	2532	καί	καί	
Matt 12:42	ἰδοὺ	V-2AMM-2S	V-2AMM-2S	3708&5640	ὁράω	ἰδού	
Matt 12:42	πλεῖον	A-NSN-C	A-NSN-C	4183	πολύς	πλεῖον	
Matt 12:42	Σολομῶνος	N-GSM	N-GSM	4672	Σολομών	Σολομῶνος	
Matt 12:42	ὧδε.	ADV	ADV	5602	ὧδε	ὧδε	
Matt 12:43	Ὅταν	CONJ	CONJ	3752	ὅταν	Ὅταν	
Matt 12:43	δὲ	CONJ	CONJ	1161	δέ	δέ	
Matt 12:43	τὸ	T-NSN	T-NSN	3588	ὁ	τό	
Matt 12:43	ἀκάθαρτον	A-NSN	A-NSN	169	ἀκάθαρτος	ἀκάθαρτον	
Matt 12:43	πνεῦμα	N-NSN	N-NSN	4151	πνεῦμα	πνεῦμα	
Matt 12:43	ἐξέλθῃ	V-2AAS-3S	V-2AAS-3S	1831&5632	ἐξέρχομαι	ἐξέλθῃ	
Matt 12:43	ἀπὸ	PREP	PREP	575	ἀπό	ἀπό	
Matt 12:43	τοῦ	T-GSM	T-GSM	3588	ὁ	τοῦ	
Matt 12:43	ἀνθρώπου,	N-GSM	N-GSM	444	ἄνθρωπος	ἀνθρώπου	
Matt 12:43	διέρχεται	V-PNI-3S	V-PNI-3S	1330&5736	διέρχομαι	διέρχεται	
Matt 12:43	δι’	PREP	PREP	1223	διά	δι’	
Matt 12:43	ἀνύδρων	A-GPM	A-GPM	504	ἄνυδρος	ἀνύδρων	
Matt 12:43	τόπων	N-GPM	N-GPM	5117	τόπος	τόπων	
Matt 12:43	ζητοῦν	V-PAP-NSN	V-PAP-NSN	2212&5723	ζητέω	ζητοῦν	
Matt 12:43	ἀνάπαυσιν,	N-ASF	N-ASF	372	ἀνάπαυσις	ἀνάπαυσιν	
Matt 12:43	καὶ	CONJ	CONJ	2532	καί	καί	
Matt 12:43	οὐχ	PRT-N	PRT-N	3756	οὐ	οὐχ	
Matt 12:43	εὑρίσκει.	V-PAI-3S	V-PAI-3S	2147&5719	εὑρίσκω	εὑρίσκει	
Matt 12:44	τότε	ADV	ADV	5119	τότε	τότε	
Matt 12:44	λέγει	V-PAI-3S	V-PAI-3S	3004&5719	λέγω	λέγει	
Matt 12:44	Εἰς	PREP	PREP	1519	εἰς	Εἰς	
Matt 12:44	τὸν	T-ASM	T-ASM	3588	ὁ	τόν	
Matt 12:44	οἶκόν	N-ASM	N-ASM	3624	οἶκος	οἶκον	
Matt 12:44	μου	P-1GS	P-1GS	1473	ἐγώ	μου	
Matt 12:44	ἐπιστρέψω	V-FAI-1S	V-FAI-1S	1994&5692	ἐπιστρέφω	ἐπιστρέψω	
Matt 12:44	ὅθεν	ADV	ADV	3606	ὅθεν	ὅθεν	
Matt 12:44	ἐξῆλθον·	V-2AAI-1S	V-2AAI-1S	1831&5627	ἐξέρχομαι	ἐξῆλθον	
Matt 12:44	καὶ	CONJ	CONJ	2532	καί	καί	
Matt 12:44	ἐλθὸν	V-2AAP-NSN	V-2AAP-NSN	2064&5631	ἔρχομαι	ἐλθόν	
Matt 12:44	εὑρίσκει	V-PAI-3S	V-PAI-3S	2147&5719	εὑρίσκω	εὑρίσκει	
Matt 12:44	σχολάζοντα	V-PAP-ASM	V-PAP-ASM	4980&5723	σχολάζω	σχολάζοντα	
Matt 12:44	καὶ	CONJ	CONJ	2532	καί	καί	
Matt 12:44	σεσαρωμένον	V-RPP-ASM	V-RPP-ASM	4563&5772	σαρόω	σεσαρωμένον	
Matt 12:44	καὶ	CONJ	CONJ	2532	καί	καί	
Matt 12:44	κεκοσμημένον.	V-RPP-ASM	V-RPP-ASM	2885&5772	κοσμέω	κεκοσμημένον	
Matt 12:45	τότε	ADV	ADV	5119	τότε	τότε	
Matt 12:45	πορεύεται	V-PNI-3S	V-PNI-3S	4198&5736	πορεύομαι	πορεύεται	
Matt 12:45	καὶ	CONJ	CONJ	2532	καί	καί	
Matt 12:45	παραλαμβάνει	V-PAI-3S	V-PAI-3S	3880&5719	παραλαμβάνω	παραλαμβάνει	
Matt 12:45	μεθ’	PREP	PREP	3326	μετά	μεθ’	
Matt 12:45	ἑαυτοῦ	F-3GSN	F-3GSN	1438	ἑαυτοῦ	ἑαυτοῦ	
Matt 12:45	ἑπτὰ	A-NUI	A-NUI	2033	ἑπτά	ἑπτά	
Matt 12:45	ἕτερα	A-APN	A-APN	2087	ἕτερος	ἕτερα	
Matt 12:45	πνεύματα	N-APN	N-APN	4151	πνεῦμα	πνεύματα	
Matt 12:45	πονηρότερα	A-APN-C	A-APN-C	4190	πονηρός	πονηρότερα	
Matt 12:45	ἑαυτοῦ,	F-3GSN	F-3GSN	1438	ἑαυτοῦ	ἑαυτοῦ	
Matt 12:45	καὶ	CONJ	CONJ	2532	καί	καί	
Matt 12:45	εἰσελθόντα	V-2AAP-NPN	V-2AAP-NPN	1525&5631	εἰσέρχομαι	εἰσελθόντα	
Matt 12:45	κατοικεῖ	V-PAI-3S	V-PAI-3S	2730&5719	κατοικέω	κατοικεῖ	
Matt 12:45	ἐκεῖ·	ADV	ADV	1563	ἐκεῖ	ἐκεῖ	
Matt 12:45	καὶ	CONJ	CONJ	2532	καί	καί	
Matt 12:45	γίνεται	V-PNI-3S	V-PNI-3S	1096&5736	γίνομαι	γίνεται	
Matt 12:45	τὰ	T-NPN	T-NPN	3588	ὁ	τά	
Matt 12:45	ἔσχατα	A-NPN-S	A-NPN-S	2078	ἔσχατος	ἔσχατα	
Matt 12:45	τοῦ	T-GSM	T-GSM	3588	ὁ	τοῦ	
Matt 12:45	ἀνθρώπου	N-GSM	N-GSM	444	ἄνθρωπος	ἀνθρώπου	
Matt 12:45	ἐκείνου	D-GSM	D-GSM	1565	ἐκεῖνος	ἐκείνου	
Matt 12:45	χείρονα	A-NPN	A-NPN	5501	χείρων	χείρονα	
Matt 12:45	τῶν	T-GPN	T-GPN	3588	ὁ	τῶν	
Matt 12:45	πρώτων.	A-GPN-S	A-GPN-S	4413	πρῶτος	πρώτων	
Matt 12:45	οὕτως	ADV	ADV	3779	οὕτω	οὕτως	
Matt 12:45	ἔσται	V-FDI-3S	V-FDI-3S	1510&5695	εἰμί	ἔσται	
Matt 12:45	καὶ	CONJ	CONJ	2532	καί	καί	
Matt 12:45	τῇ	T-DSF	T-DSF	3588	ὁ	τῇ	
Matt 12:45	γενεᾷ	N-DSF	N-DSF	1074	γενεά	γενεᾷ	
Matt 12:45	ταύτῃ	D-DSF	D-DSF	3778	οὗτος	ταύτῃ	
Matt 12:45	τῇ	T-DSF	T-DSF	3588	ὁ	τῇ	
Matt 12:45	πονηρᾷ.	A-DSF	A-DSF	4190	πονηρός	πονηρᾷ	
Matt 12:46	Ἔτι	ADV	ADV	2089	ἔτι	Ἔτι	
Matt 12:46	αὐτοῦ	P-GSM	P-GSM	846	αὐτός	αὐτοῦ	
Matt 12:46	λαλοῦντος	V-PAP-GSM	V-PAP-GSM	2980&5723	λαλέω	λαλοῦντος	
Matt 12:46	τοῖς	T-DPM	T-DPM	3588	ὁ	τοῖς	
Matt 12:46	ὄχλοις	N-DPM	N-DPM	3793	ὄχλος	ὄχλοις	
Matt 12:46	ἰδοὺ	V-2AMM-2S	V-2AMM-2S	3708&5640	ὁράω	ἰδού	
Matt 12:46	ἡ	T-NSF	T-NSF	3588	ὁ	ἡ	
Matt 12:46	μήτηρ	N-NSF	N-NSF	3384	μήτηρ	μήτηρ	
Matt 12:46	καὶ	CONJ	CONJ	2532	καί	καί	
Matt 12:46	οἱ	T-NPM	T-NPM	3588	ὁ	οἱ	
Matt 12:46	ἀδελφοὶ	N-NPM	N-NPM	80	ἀδελφός	ἀδελφοί	
Matt 12:46	αὐτοῦ	P-GSM	P-GSM	846	αὐτός	αὐτοῦ	
Matt 12:46	εἱστήκεισαν	V-LAI-3P	V-LAI-3P	2476&5715	ἵστημι	εἱστήκεισαν	
Matt 12:46	ἔξω	ADV	ADV	1854	ἔξω	ἔξω	
Matt 12:46	ζητοῦντες	V-PAP-NPM	V-PAP-NPM	2212&5723	ζητέω	ζητοῦντες	
Matt 12:46	αὐτῷ	P-DSM	P-DSM	846	αὐτός	αὐτῷ	
Matt 12:46	λαλῆσαι.	V-AAN	V-AAN	2980&5658	λαλέω	λαλῆσαι	
Matt 12:47	εἶπεν	V-2AAI-3S	V-2AAI-3S	3004	λέγω	εἶπεν	
Matt 12:47	δέ	CONJ	CONJ	1161	δέ	δέ	
Matt 12:47	τις	X-NSM	X-NSM	5100	τὶς	τις	
Matt 12:47	αὐτῷ	P-DSM	P-DSM	846	αὐτός	αὐτῷ	
Matt 12:47	Ἰδοὺ	V-2AMM-2S	V-2AMM-2S	3708	ὁράω	Ἰδού	
Matt 12:47	ἡ	T-NSF	T-NSF	3588	ὁ	ἡ	
Matt 12:47	μήτηρ	N-NSF	N-NSF	3384	μήτηρ	μήτηρ	
Matt 12:47	σου	P-2GS	P-2GS	4771	σύ	σου	
Matt 12:47	καὶ	CONJ	CONJ	2532	καί	καί	
Matt 12:47	οἱ	T-NPM	T-NPM	3588	ὁ	οἱ	
Matt 12:47	ἀδελφοί	N-NPM	N-NPM	80	ἀδελφός	ἀδελφοί	
Matt 12:47	σου	P-2GS	P-2GS	4771	σύ	σου	
Matt 12:47	ἔξω	ADV	ADV	1854	ἔξω	ἔξω	
Matt 12:47	ἑστήκασιν	V-RAI-3P	V-RAI-3P	2476	ἵστημι	ἑστήκασιν	
Matt 12:47	ζητοῦντές	V-PAP-NPM	V-PAP-NPM	2212	ζητέω	ζητοῦντες	
Matt 12:47	σοι	P-2DS	P-2DS	4771	σύ	σοι	
Matt 12:47	λαλῆσαι.	V-AAN	V-AAN	2980	λαλέω	λαλῆσαι	
Matt 12:48	ὁ	T-NSM	T-NSM	3588	ὁ	ὁ	
Matt 12:48	δὲ	CONJ	CONJ	1161	δέ	δέ	
Matt 12:48	ἀποκριθεὶς	V-AOP-NSM	V-AOP-NSM	611&5679	ἀποκρίνομαι	ἀποκριθείς	
Matt 12:48	εἶπεν	V-2AAI-3S	V-2AAI-3S	3004&5627	λέγω	εἶπεν	
Matt 12:48	τῷ	T-DSM	T-DSM	3588	ὁ	τῷ	
Matt 12:48	λέγοντι	V-PAP-DSM	V-PAP-DSM	3004&5723	λέγω	λέγοντι	
Matt 12:48	αὐτῷ	P-DSM	P-DSM	846	αὐτός	αὐτῷ	
Matt 12:48	Τίς	I-NSF	I-NSF	5101	τίς	Τίς	
Matt 12:48	ἐστιν	V-PAI-3S	V-PAI-3S	1510&5719	εἰμί	ἐστιν	
Matt 12:48	ἡ	T-NSF	T-NSF	3588	ὁ	ἡ	
Matt 12:48	μήτηρ	N-NSF	N-NSF	3384	μήτηρ	μήτηρ	
Matt 12:48	μου,	P-1GS	P-1GS	1473	ἐγώ	μου	
Matt 12:48	καὶ	CONJ	CONJ	2532	καί	καί	
Matt 12:48	τίνες	I-NPM	I-NPM	5101	τίς	τίνες	
Matt 12:48	εἰσὶν	V-PAI-3P	V-PAI-3P	1510&5719	εἰμί	εἰσίν	
Matt 12:48	οἱ	T-NPM	T-NPM	3588	ὁ	οἱ	
Matt 12:48	ἀδελφοί	N-NPM	N-NPM	80	ἀδελφός	ἀδελφοί	
Matt 12:48	μου;	P-1GS	P-1GS	1473	ἐγώ	μου	
Matt 12:49	καὶ	CONJ	CONJ	2532	καί	καί	
Matt 12:49	ἐκτείνας	V-AAP-NSM	V-AAP-NSM	1614&5660	ἐκτείνω	ἐκτείνας	
Matt 12:49	τὴν	T-ASF	T-ASF	3588	ὁ	τήν	
Matt 12:49	χεῖρα	N-ASF	N-ASF	5495	χείρ	χεῖρα	
Matt 12:49	αὐτοῦ	P-GSM	P-GSM	846	αὐτός	αὐτοῦ	
Matt 12:49	ἐπὶ	PREP	PREP	1909	ἐπί	ἐπί	
Matt 12:49	τοὺς	T-APM	T-APM	3588	ὁ	τούς	
Matt 12:49	μαθητὰς	N-APM	N-APM	3101	μαθητής	μαθητάς	
Matt 12:49	αὐτοῦ	P-GSM	P-GSM	846	αὐτός	αὐτοῦ	
Matt 12:49	εἶπεν	V-2AAI-3S	V-2AAI-3S	3004&5627	λέγω	εἶπεν	
Matt 12:49	Ἰδοὺ	V-2AMM-2S	V-2AMM-2S	3708&5640	ὁράω	Ἰδού	
Matt 12:49	ἡ	T-NSF	T-NSF	3588	ὁ	ἡ	
Matt 12:49	μήτηρ	N-NSF	N-NSF	3384	μήτηρ	μήτηρ	
Matt 12:49	μου	P-1GS	P-1GS	1473	ἐγώ	μου	
Matt 12:49	καὶ	CONJ	CONJ	2532	καί	καί	
Matt 12:49	οἱ	T-NPM	T-NPM	3588	ὁ	οἱ	
Matt 12:49	ἀδελφοί	N-NPM	N-NPM	80	ἀδελφός	ἀδελφοί	
Matt 12:49	μου·	P-1GS	P-1GS	1473	ἐγώ	μου	
Matt 12:50	ὅστις	R-NSM	R-NSM	3748	ὅστις	ὅστις	
Matt 12:50	γὰρ	CONJ	CONJ	1063	γάρ	γάρ	
Matt 12:50	ἂν	PRT	PRT	302	ἄν	ἄν	
Matt 12:50	ποιήσῃ	V-AAS-3S	V-AAS-3S	4160&5661	ποιέω	ποιήσῃ	
Matt 12:50	τὸ	T-ASN	T-ASN	3588	ὁ	τό	
Matt 12:50	θέλημα	N-ASN	N-ASN	2307	θέλημα	θέλημα	
Matt 12:50	τοῦ	T-GSM	T-GSM	3588	ὁ	τοῦ	
Matt 12:50	Πατρός	N-GSM	N-GSM	3962	πατήρ	Πατρός	
Matt 12:50	μου	P-1GS	P-1GS	1473	ἐγώ	μου	
Matt 12:50	τοῦ	T-GSM	T-GSM	3588	ὁ	τοῦ	
Matt 12:50	ἐν	PREP	PREP	1722	ἐν	ἐν	
Matt 12:50	οὐρανοῖς,	N-DPM	N-DPM	3772	οὐρανός	οὐρανοῖς	
Matt 12:50	αὐτός	P-NSM	P-NSM	846	αὐτός	αὐτός	
Matt 12:50	μου	P-1GS	P-1GS	1473	ἐγώ	μου	
Matt 12:50	ἀδελφὸς	N-NSM	N-NSM	80	ἀδελφός	ἀδελφός	
Matt 12:50	καὶ	CONJ	CONJ	2532	καί	καί	
Matt 12:50	ἀδελφὴ	N-NSF	N-NSF	79	ἀδελφή	ἀδελφή	
Matt 12:50	καὶ	CONJ	CONJ	2532	καί	καί	
Matt 12:50	μήτηρ	N-NSF	N-NSF	3384	μήτηρ	μήτηρ	
Matt 12:50	ἐστίν.	V-PAI-3S	V-PAI-3S	1510&5719	εἰμί	ἐστίν	
Matt 13:1	Ἐν	PREP	PREP	1722	ἐν	Ἐν	
Matt 13:1	τῇ	T-DSF	T-DSF	3588	ὁ	τῇ	
Matt 13:1	ἡμέρᾳ	N-DSF	N-DSF	2250	ἡμέρα	ἡμέρᾳ	
Matt 13:1	ἐκείνῃ	D-DSF	D-DSF	1565	ἐκεῖνος	ἐκείνῃ	
Matt 13:1	ἐξελθὼν	V-2AAP-NSM	V-2AAP-NSM	1831&5631	ἐξέρχομαι	ἐξελθών	
Matt 13:1	ὁ	T-NSM	T-NSM	3588	ὁ	ὁ	
Matt 13:1	Ἰησοῦς	N-NSM	N-NSM	2424	Ἰησοῦς	Ἰησοῦς	
Matt 13:1	τῆς	T-GSF	T-GSF	3588	ὁ	τῆς	
Matt 13:1	οἰκίας	N-GSF	N-GSF	3614	οἰκία	οἰκίας	
Matt 13:1	ἐκάθητο	V-INI-3S	V-INI-3S	2521&5711	κάθημαι	ἐκάθητο	
Matt 13:1	παρὰ	PREP	PREP	3844	παρά	παρά	
Matt 13:1	τὴν	T-ASF	T-ASF	3588	ὁ	τήν	
Matt 13:1	θάλασσαν·	N-ASF	N-ASF	2281	θάλασσα	θάλασσαν	
Matt 13:2	καὶ	CONJ	CONJ	2532	καί	καί	
Matt 13:2	συνήχθησαν	V-API-3P	V-API-3P	4863&5681	συνάγω	συνήχθησαν	
Matt 13:2	πρὸς	PREP	PREP	4314	πρός	πρός	
Matt 13:2	αὐτὸν	P-ASM	P-ASM	846	αὐτός	αὐτόν	
Matt 13:2	ὄχλοι	N-NPM	N-NPM	3793	ὄχλος	ὄχλοι	
Matt 13:2	πολλοί,	A-NPM	A-NPM	4183	πολύς	πολλοί	
Matt 13:2	ὥστε	CONJ	CONJ	5620	ὥστε	ὥστε	
Matt 13:2	αὐτὸν	P-ASM	P-ASM	846	αὐτός	αὐτόν	
Matt 13:2	εἰς	PREP	PREP	1519	εἰς	εἰς	
Matt 13:2	πλοῖον	N-ASN	N-ASN	4143	πλοῖον	πλοῖον	
Matt 13:2	ἐμβάντα	V-2AAP-ASM	V-2AAP-ASM	1684&5631	ἐμβαίνω	ἐμβάντα	
Matt 13:2	καθῆσθαι,	V-PNN	V-PNN	2521&5738	κάθημαι	καθῆσθαι	
Matt 13:2	καὶ	CONJ	CONJ	2532	καί	καί	
Matt 13:2	πᾶς	A-NSM	A-NSM	3956	πᾶς	πᾶς	
Matt 13:2	ὁ	T-NSM	T-NSM	3588	ὁ	ὁ	
Matt 13:2	ὄχλος	N-NSM	N-NSM	3793	ὄχλος	ὄχλος	
Matt 13:2	ἐπὶ	PREP	PREP	1909	ἐπί	ἐπί	
Matt 13:2	τὸν	T-ASM	T-ASM	3588	ὁ	τόν	
Matt 13:2	αἰγιαλὸν	N-ASM	N-ASM	123	αἰγιαλός	αἰγιαλόν	
Matt 13:2	εἱστήκει.	V-LAI-3S	V-LAI-3S	2476&5715	ἵστημι	εἱστήκει	
Matt 13:3	καὶ	CONJ	CONJ	2532	καί	καί	
Matt 13:3	ἐλάλησεν	V-AAI-3S	V-AAI-3S	2980&5656	λαλέω	ἐλάλησεν	
Matt 13:3	αὐτοῖς	P-DPM	P-DPM	846	αὐτός	αὐτοῖς	
Matt 13:3	πολλὰ	A-APN	A-APN	4183	πολύς	πολλά	
Matt 13:3	ἐν	PREP	PREP	1722	ἐν	ἐν	
Matt 13:3	παραβολαῖς	N-DPF	N-DPF	3850	παραβολή	παραβολαῖς	
Matt 13:3	λέγων	V-PAP-NSM	V-PAP-NSM	3004&5723	λέγω	λέγων	
Matt 13:3	Ἰδοὺ	V-2AMM-2S	V-2AMM-2S	3708&5640	ὁράω	Ἰδού	
Matt 13:3	ἐξῆλθεν	V-2AAI-3S	V-2AAI-3S	1831&5627	ἐξέρχομαι	ἐξῆλθεν	
Matt 13:3	ὁ	T-NSM	T-NSM	3588	ὁ	ὁ	
Matt 13:3	σπείρων	V-PAP-NSM	V-PAP-NSM	4687&5723	σπείρω	σπείρων	
Matt 13:3	τοῦ	T-GSN	T-GSN	3588	ὁ	τοῦ	
Matt 13:3	σπείρειν.	V-PAN	V-PAN	4687&5721	σπείρω	σπείρειν	
Matt 13:4	καὶ	CONJ	CONJ	2532	καί	καί	
Matt 13:4	ἐν	PREP	PREP	1722	ἐν	ἐν	
Matt 13:4	τῷ	T-DSN	T-DSN	3588	ὁ	τῷ	
Matt 13:4	σπείρειν	V-PAN	V-PAN	4687&5721	σπείρω	σπείρειν	
Matt 13:4	αὐτὸν	P-ASM	P-ASM	846	αὐτός	αὐτόν	
Matt 13:4	ἃ	R-NPN	R-NPN	3739	ὅς	ἅ	
Matt 13:4	μὲν	PRT	PRT	3303	μέν	μέν	
Matt 13:4	ἔπεσεν	V-2AAI-3S	V-2AAI-3S	4098&5627	πίπτω	ἔπεσεν	
Matt 13:4	παρὰ	PREP	PREP	3844	παρά	παρά	
Matt 13:4	τὴν	T-ASF	T-ASF	3588	ὁ	τήν	
Matt 13:4	ὁδόν,	N-ASF	N-ASF	3598	ὁδός	ὁδόν	
Matt 13:4	καὶ	CONJ	CONJ	2532	καί	καί	
Matt 13:4	ἐλθόντα	V-2AAP-NPN	V-2AAP-NPN	2064&5631	ἔρχομαι	ἐλθόντα	
Matt 13:4	τὰ	T-NPN	T-NPN	3588	ὁ	τά	
Matt 13:4	πετεινὰ	N-NPN	N-NPN	4071	πετεινός	πετεινά	
Matt 13:4	κατέφαγεν	V-2AAI-3S	V-2AAI-3S	2719&5627	κατεσθίω	κατέφαγεν	
Matt 13:4	αὐτά.	P-APN	P-APN	846	αὐτός	αὐτά	
Matt 13:5	ἄλλα	A-NPN	A-NPN	243	ἄλλος	ἄλλα	
Matt 13:5	δὲ	CONJ	CONJ	1161	δέ	δέ	
Matt 13:5	ἔπεσεν	V-2AAI-3S	V-2AAI-3S	4098&5627	πίπτω	ἔπεσεν	
Matt 13:5	ἐπὶ	PREP	PREP	1909	ἐπί	ἐπί	
Matt 13:5	τὰ	T-APN	T-APN	3588	ὁ	τά	
Matt 13:5	πετρώδη	A-APN	A-APN	4075	πετρώδης	πετρώδη	
Matt 13:5	ὅπου	ADV	ADV	3699	ὅπου	ὅπου	
Matt 13:5	οὐκ	PRT-N	PRT-N	3756	οὐ	οὐκ	
Matt 13:5	εἶχεν	V-IAI-3S	V-IAI-3S	2192&5707	ἔχω	εἶχεν	
Matt 13:5	γῆν	N-ASF	N-ASF	1093	γῆ	γῆν	
Matt 13:5	πολλήν,	A-ASF	A-ASF	4183	πολύς	πολλήν	
Matt 13:5	καὶ	CONJ	CONJ	2532	καί	καί	
Matt 13:5	εὐθέως	ADV	ADV	2112	εὐθέως	εὐθέως	
Matt 13:5	ἐξανέτειλεν	V-AAI-3S	V-AAI-3S	1816&5656	ἐξανατέλλω	ἐξανέτειλεν	
Matt 13:5	διὰ	PREP	PREP	1223	διά	διά	
Matt 13:5	τὸ	T-ASN	T-ASN	3588	ὁ	τό	
Matt 13:5	μὴ	PRT-N	PRT-N	3361	μή	μή	
Matt 13:5	ἔχειν	V-PAN	V-PAN	2192&5721	ἔχω	ἔχειν	
Matt 13:5	βάθος	N-ASN	N-ASN	899	βάθος	βάθος	
Matt 13:5	γῆς,	N-GSF	N-GSF	1093	γῆ	γῆς	
Matt 13:6	ἡλίου	N-GSM	N-GSM	2246	ἥλιος	ἡλίου	
Matt 13:6	δὲ	CONJ	CONJ	1161	δέ	δέ	
Matt 13:6	ἀνατείλαντος	V-AAP-GSM	V-AAP-GSM	393&5660	ἀνατέλλω	ἀνατείλαντος	
Matt 13:6	ἐκαυματίσθη	V-API-3S	V-API-3S	2739&5681	καυματίζω	ἐκαυματίσθη	
Matt 13:6	καὶ	CONJ	CONJ	2532	καί	καί	
Matt 13:6	διὰ	PREP	PREP	1223	διά	διά	
Matt 13:6	τὸ	T-ASN	T-ASN	3588	ὁ	τό	
Matt 13:6	μὴ	PRT-N	PRT-N	3361	μή	μή	
Matt 13:6	ἔχειν	V-PAN	V-PAN	2192&5721	ἔχω	ἔχειν	
Matt 13:6	ῥίζαν	N-ASF	N-ASF	4491	ῥίζα	ῥίζαν	
Matt 13:6	ἐξηράνθη.	V-API-3S	V-API-3S	3583&5681	ξηραίνω	ἐξηράνθη	
Matt 13:7	ἄλλα	A-NPN	A-NPN	243	ἄλλος	ἄλλα	
Matt 13:7	δὲ	CONJ	CONJ	1161	δέ	δέ	
Matt 13:7	ἔπεσεν	V-2AAI-3S	V-2AAI-3S	4098&5627	πίπτω	ἔπεσεν	
Matt 13:7	ἐπὶ	PREP	PREP	1909	ἐπί	ἐπί	
Matt 13:7	τὰς	T-APF	T-APF	3588	ὁ	τάς	
Matt 13:7	ἀκάνθας,	N-APF	N-APF	173	ἄκανθα	ἀκάνθας	
Matt 13:7	καὶ	CONJ	CONJ	2532	καί	καί	
Matt 13:7	ἀνέβησαν	V-2AAI-3P	V-2AAI-3P	305&5627	ἀναβαίνω	ἀνέβησαν	
Matt 13:7	αἱ	T-NPF	T-NPF	3588	ὁ	αἱ	
Matt 13:7	ἄκανθαι	N-NPF	N-NPF	173	ἄκανθα	ἄκανθαι	
Matt 13:7	καὶ	CONJ	CONJ	2532	καί	καί	
Matt 13:7	ἀπέπνιξαν	V-AAI-3P	V-AAI-3P	638&5656	ἀποπνίγω	ἀπέπνιξαν	
Matt 13:7	αὐτά.	P-APN	P-APN	846	αὐτός	αὐτά	
Matt 13:8	ἄλλα	A-NPN	A-NPN	243	ἄλλος	ἄλλα	
Matt 13:8	δὲ	CONJ	CONJ	1161	δέ	δέ	
Matt 13:8	ἔπεσεν	V-2AAI-3S	V-2AAI-3S	4098&5627	πίπτω	ἔπεσεν	
Matt 13:8	ἐπὶ	PREP	PREP	1909	ἐπί	ἐπί	
Matt 13:8	τὴν	T-ASF	T-ASF	3588	ὁ	τήν	
Matt 13:8	γῆν	N-ASF	N-ASF	1093	γῆ	γῆν	
Matt 13:8	τὴν	T-ASF	T-ASF	3588	ὁ	τήν	
Matt 13:8	καλὴν	A-ASF	A-ASF	2570	καλός	καλήν	
Matt 13:8	καὶ	CONJ	CONJ	2532	καί	καί	
Matt 13:8	ἐδίδου	V-IAI-3S	V-IAI-3S	1325&5707	δίδωμι	ἐδίδου	
Matt 13:8	καρπόν,	N-ASM	N-ASM	2590	καρπός	καρπόν	
Matt 13:8	ὃ	R-NSN	R-NSN	3739	ὅς	ὅ	
Matt 13:8	μὲν	PRT	PRT	3303	μέν	μέν	
Matt 13:8	ἑκατὸν	A-NUI	A-NUI	1540	ἑκατόν	ἑκατόν	
Matt 13:8	ὃ	R-NSN	R-NSN	3739	ὅς	ὅ	
Matt 13:8	δὲ	CONJ	CONJ	1161	δέ	δέ	
Matt 13:8	ἑξήκοντα	A-NUI	A-NUI	1835	ἑξήκοντα	ἑξήκοντα	
Matt 13:8	ὃ	R-NSN	R-NSN	3739	ὅς	ὅ	
Matt 13:8	δὲ	CONJ	CONJ	1161	δέ	δέ	
Matt 13:8	τριάκοντα.	A-NUI	A-NUI	5144	τριάκοντα	τριάκοντα	
Matt 13:9	ὁ	T-NSM	T-NSM	3588	ὁ	ὁ	
Matt 13:9	ἔχων	V-PAP-NSM	V-PAP-NSM	2192&5723	ἔχω	ἔχων	
Matt 13:9	ὦτα	N-APN	N-APN	3775	οὖς	ὦτα	
Matt 13:9	ἀκουέτω.	V-PAM-3S	V-PAM-3S	191&5720	ἀκούω	ἀκουέτω	
Matt 13:10	Καὶ	CONJ	CONJ	2532	καί	Καί	
Matt 13:10	προσελθόντες	V-2AAP-NPM	V-2AAP-NPM	4334&5631	προσέρχομαι	προσελθόντες	
Matt 13:10	οἱ	T-NPM	T-NPM	3588	ὁ	οἱ	
Matt 13:10	μαθηταὶ	N-NPM	N-NPM	3101	μαθητής	μαθηταί	
Matt 13:10	εἶπαν	V-2AAI-3P	V-2AAI-3P	3004&5627	λέγω	εἶπαν	
Matt 13:10	αὐτῷ	P-DSM	P-DSM	846	αὐτός	αὐτῷ	
Matt 13:10	Διὰ	PREP	PREP	1223	διά	Διά	
Matt 13:10	τί	I-ASN	I-ASN	5101	τίς	τί	
Matt 13:10	ἐν	PREP	PREP	1722	ἐν	ἐν	
Matt 13:10	παραβολαῖς	N-DPF	N-DPF	3850	παραβολή	παραβολαῖς	
Matt 13:10	λαλεῖς	V-PAI-2S	V-PAI-2S	2980&5719	λαλέω	λαλεῖς	
Matt 13:10	αὐτοῖς;	P-DPM	P-DPM	846	αὐτός	αὐτοῖς	
Matt 13:11	ὁ	T-NSM	T-NSM	3588	ὁ	ὁ	
Matt 13:11	δὲ	CONJ	CONJ	1161	δέ	δέ	
Matt 13:11	ἀποκριθεὶς	V-AOP-NSM	V-AOP-NSM	611&5679	ἀποκρίνομαι	ἀποκριθείς	
Matt 13:11	εἶπεν	V-2AAI-3S	V-2AAI-3S	3004&5627	λέγω	εἶπεν	
Matt 13:11	ὅτι	CONJ	CONJ	3754	ὅτι	ὅτι	
Matt 13:11	Ὑμῖν	P-2DP	P-2DP	4771	σύ	Ὑμῖν	
Matt 13:11	δέδοται	V-RPI-3S	V-RPI-3S	1325&5769	δίδωμι	δέδοται	
Matt 13:11	γνῶναι	V-2AAN	V-2AAN	1097&5629	γινώσκω	γνῶναι	
Matt 13:11	τὰ	T-APN	T-APN	3588	ὁ	τά	
Matt 13:11	μυστήρια	N-APN	N-APN	3466	μυστήριον	μυστήρια	
Matt 13:11	τῆς	T-GSF	T-GSF	3588	ὁ	τῆς	
Matt 13:11	βασιλείας	N-GSF	N-GSF	932	βασιλεία	βασιλείας	
Matt 13:11	τῶν	T-GPM	T-GPM	3588	ὁ	τῶν	
Matt 13:11	οὐρανῶν,	N-GPM	N-GPM	3772	οὐρανός	οὐρανῶν	
Matt 13:11	ἐκείνοις	D-DPM	D-DPM	1565	ἐκεῖνος	ἐκείνοις	
Matt 13:11	δὲ	CONJ	CONJ	1161	δέ	δέ	
Matt 13:11	οὐ	PRT-N	PRT-N	3756	οὐ	οὐ	
Matt 13:11	δέδοται.	V-RPI-3S	V-RPI-3S	1325&5769	δίδωμι	δέδοται	
Matt 13:12	ὅστις	R-NSM	R-NSM	3748	ὅστις	ὅστις	
Matt 13:12	γὰρ	CONJ	CONJ	1063	γάρ	γάρ	
Matt 13:12	ἔχει,	V-PAI-3S	V-PAI-3S	2192&5719	ἔχω	ἔχει	
Matt 13:12	δοθήσεται	V-FPI-3S	V-FPI-3S	1325&5701	δίδωμι	δοθήσεται	
Matt 13:12	αὐτῷ	P-DSM	P-DSM	846	αὐτός	αὐτῷ	
Matt 13:12	καὶ	CONJ	CONJ	2532	καί	καί	
Matt 13:12	περισσευθήσεται·	V-FPI-3S	V-FPI-3S	4052&5701	περισσεύω	περισσευθήσεται	
Matt 13:12	ὅστις	R-NSM	R-NSM	3748	ὅστις	ὅστις	
Matt 13:12	δὲ	CONJ	CONJ	1161	δέ	δέ	
Matt 13:12	οὐκ	PRT-N	PRT-N	3756	οὐ	οὐκ	
Matt 13:12	ἔχει,	V-PAI-3S	V-PAI-3S	2192&5719	ἔχω	ἔχει	
Matt 13:12	καὶ	CONJ	CONJ	2532	καί	καί	
Matt 13:12	ὃ	R-ASN	R-ASN	3739	ὅς	ὅ	
Matt 13:12	ἔχει	V-PAI-3S	V-PAI-3S	2192&5719	ἔχω	ἔχει	
Matt 13:12	ἀρθήσεται	V-FPI-3S	V-FPI-3S	142&5701	αἴρω	ἀρθήσεται	
Matt 13:12	ἀπ’	PREP	PREP	575	ἀπό	ἀπ’	
Matt 13:12	αὐτοῦ.	P-GSM	P-GSM	846	αὐτός	αὐτοῦ	
Matt 13:13	διὰ	PREP	PREP	1223	διά	διά	
Matt 13:13	τοῦτο	D-ASN	D-ASN	3778	οὗτος	τοῦτο	
Matt 13:13	ἐν	PREP	PREP	1722	ἐν	ἐν	
Matt 13:13	παραβολαῖς	N-DPF	N-DPF	3850	παραβολή	παραβολαῖς	
Matt 13:13	αὐτοῖς	P-DPM	P-DPM	846	αὐτός	αὐτοῖς	
Matt 13:13	λαλῶ,	V-PAI-1S	V-PAI-1S	2980&5719	λαλέω	λαλῶ	
Matt 13:13	ὅτι	CONJ	CONJ	3754	ὅτι	ὅτι	
Matt 13:13	βλέποντες	V-PAP-NPM	V-PAP-NPM	991&5723	βλέπω	βλέποντες	
Matt 13:13	οὐ	PRT-N	PRT-N	3756	οὐ	οὐ	
Matt 13:13	βλέπουσιν	V-PAI-3P	V-PAI-3P	991&5719	βλέπω	βλέπουσιν	
Matt 13:13	καὶ	CONJ	CONJ	2532	καί	καί	
Matt 13:13	ἀκούοντες	V-PAP-NPM	V-PAP-NPM	191&5723	ἀκούω	ἀκούοντες	
Matt 13:13	οὐκ	PRT-N	PRT-N	3756	οὐ	οὐκ	
Matt 13:13	ἀκούουσιν	V-PAI-3P	V-PAI-3P	191&5719	ἀκούω	ἀκούουσιν	
Matt 13:13	οὐδὲ	CONJ-N	CONJ-N	3761	οὐδέ	οὐδέ	
Matt 13:13	συνίουσιν.	V-PAI-3P	V-PAI-3P	4920&5719	συνίημι	συνίουσιν	
Matt 13:14	καὶ	CONJ	CONJ	2532	καί	καί	
Matt 13:14	ἀναπληροῦται	V-PPI-3S	V-PEI-3S	378&5743	ἀναπληρόω	ἀναπληροῦται	
Matt 13:14	αὐτοῖς	P-DPM	P-DPM	846	αὐτός	αὐτοῖς	
Matt 13:14	ἡ	T-NSF	T-NSF	3588	ὁ	ἡ	
Matt 13:14	προφητεία	N-NSF	N-NSF	4394	προφητεία	προφητεία	
Matt 13:14	Ἡσαΐου	N-GSM	N-GSM	2268	Ἠσαΐας	Ἡσαΐου	
Matt 13:14	ἡ	T-NSF	T-NSF	3588	ὁ	ἡ	
Matt 13:14	λέγουσα	V-PAP-NSF	V-PAP-NSF	3004&5723	λέγω	λέγουσα	
Matt 13:14	Ἀκοῇ	N-DSF	N-DSF	189	ἀκοή	Ἀκοῇ	
Matt 13:14	ἀκούσετε	V-FAI-2P	V-FAI-2P	191&5692	ἀκούω	ἀκούσετε	
Matt 13:14	καὶ	CONJ	CONJ	2532	καί	καί	
Matt 13:14	οὐ	PRT-N	PRT-N	3756	οὐ	οὐ	
Matt 13:14	μὴ	PRT-N	PRT-N	3361	μή	μή	
Matt 13:14	συνῆτε,	V-2AAS-2P	V-2AAS-2P	4920&5632	συνίημι	συνῆτε	
Matt 13:14	καὶ	CONJ	CONJ	2532	καί	καί	
Matt 13:14	βλέποντες	V-PAP-NPM	V-PAP-NPM	991&5723	βλέπω	βλέποντες	
Matt 13:14	βλέψετε	V-FAI-2P	V-FAI-2P	991&5692	βλέπω	βλέψετε	
Matt 13:14	καὶ	CONJ	CONJ	2532	καί	καί	
Matt 13:14	οὐ	PRT-N	PRT-N	3756	οὐ	οὐ	
Matt 13:14	μὴ	PRT-N	PRT-N	3361	μή	μή	
Matt 13:14	ἴδητε.	V-2AAS-2P	V-2AAS-2P	3708&5632	ὁράω	ἴδητε	
Matt 13:15	ἐπαχύνθη	V-API-3S	V-API-3S	3975&5681	παχύνω	ἐπαχύνθη	
Matt 13:15	γὰρ	CONJ	CONJ	1063	γάρ	γάρ	
Matt 13:15	ἡ	T-NSF	T-NSF	3588	ὁ	ἡ	
Matt 13:15	καρδία	N-NSF	N-NSF	2588	καρδία	καρδία	
Matt 13:15	τοῦ	T-GSM	T-GSM	3588	ὁ	τοῦ	
Matt 13:15	λαοῦ	N-GSM	N-GSM	2992	λαός	λαοῦ	
Matt 13:15	τούτου,	D-GSM	D-GSM	3778	οὗτος	τούτου	
Matt 13:15	καὶ	CONJ	CONJ	2532	καί	καί	
Matt 13:15	τοῖς	T-DPN	T-DPN	3588	ὁ	τοῖς	
Matt 13:15	ὠσὶν	N-DPN	N-DPN	3775	οὖς	ὠσίν	
Matt 13:15	βαρέως	ADV	ADV	917	βαρέως	βαρέως	
Matt 13:15	ἤκουσαν,	V-AAI-3P	V-AAI-3P	191&5656	ἀκούω	ἤκουσαν	
Matt 13:15	καὶ	CONJ	CONJ	2532	καί	καί	
Matt 13:15	τοὺς	T-APM	T-APM	3588	ὁ	τούς	
Matt 13:15	ὀφθαλμοὺς	N-APM	N-APM	3788	ὀφθαλμός	ὀφθαλμούς	
Matt 13:15	αὐτῶν	P-GPM	P-GPM	846	αὐτός	αὐτῶν	
Matt 13:15	ἐκάμμυσαν·	V-AAI-3P	V-AAI-3P	2576&5656	καμμύω	ἐκάμμυσαν	
Matt 13:15	μή	PRT-N	PRT-N	3361	μή	μή	
Matt 13:15	ποτε	ADV	ADV	4219	πότε	ποτε	
Matt 13:15	ἴδωσιν	V-2AAS-3P	V-2AAS-3P	3708&5632	ὁράω	ἴδωσιν	
Matt 13:15	τοῖς	T-DPM	T-DPM	3588	ὁ	τοῖς	
Matt 13:15	ὀφθαλμοῖς	N-DPM	N-DPM	3788	ὀφθαλμός	ὀφθαλμοῖς	
Matt 13:15	καὶ	CONJ	CONJ	2532	καί	καί	
Matt 13:15	τοῖς	T-DPN	T-DPN	3588	ὁ	τοῖς	
Matt 13:15	ὠσὶν	N-DPN	N-DPN	3775	οὖς	ὠσίν	
Matt 13:15	ἀκούσωσιν	V-AAS-3P	V-AAS-3P	191&5661	ἀκούω	ἀκούσωσιν	
Matt 13:15	καὶ	CONJ	CONJ	2532	καί	καί	
Matt 13:15	τῇ	T-DSF	T-DSF	3588	ὁ	τῇ	
Matt 13:15	καρδίᾳ	N-DSF	N-DSF	2588	καρδία	καρδίᾳ	
Matt 13:15	συνῶσιν	V-2AAS-3P	V-2AAS-3P	4920&5632	συνίημι	συνῶσιν	
Matt 13:15	καὶ	CONJ	CONJ	2532	καί	καί	
Matt 13:15	ἐπιστρέψωσιν,	V-AAS-3P	V-AAS-3P	1994&5661	ἐπιστρέφω	ἐπιστρέψωσιν	
Matt 13:15	καὶ	CONJ	CONJ	2532	καί	καί	
Matt 13:15	ἰάσομαι	V-FDI-1S	V-FDI-1S	2390&5695	ἰάομαι	ἰάσομαι	
Matt 13:15	αὐτούς.	P-APM	P-APM	846	αὐτός	αὐτούς	
Matt 13:16	ὑμῶν	P-2GP	P-2GP	4771	σύ	ὑμῶν	
Matt 13:16	δὲ	CONJ	CONJ	1161	δέ	δέ	
Matt 13:16	μακάριοι	A-NPM	A-NPM	3107	μακάριος	μακάριοι	
Matt 13:16	οἱ	T-NPM	T-NPM	3588	ὁ	οἱ	
Matt 13:16	ὀφθαλμοὶ	N-NPM	N-NPM	3788	ὀφθαλμός	ὀφθαλμοί	
Matt 13:16	ὅτι	CONJ	CONJ	3754	ὅτι	ὅτι	
Matt 13:16	βλέπουσιν,	V-PAI-3P	V-PAI-3P	991&5719	βλέπω	βλέπουσιν	
Matt 13:16	καὶ	CONJ	CONJ	2532	καί	καί	
Matt 13:16	τὰ	T-NPN	T-NPN	3588	ὁ	τά	
Matt 13:16	ὦτα	N-NPN	N-NPN	3775	οὖς	ὦτα	
Matt 13:16	ὑμῶν	P-2GP	P-2GP	4771	σύ	ὑμῶν	
Matt 13:16	ὅτι	CONJ	CONJ	3754	ὅτι	ὅτι	
Matt 13:16	ἀκούουσιν.	V-PAI-3P	V-PAI-3P	191&5719	ἀκούω	ἀκούουσιν	
Matt 13:17	ἀμὴν	HEB	HEB	281	ἀμήν	ἀμήν	
Matt 13:17	γὰρ	CONJ	CONJ	1063	γάρ	γάρ	
Matt 13:17	λέγω	V-PAI-1S	V-PAI-1S	3004&5719	λέγω	λέγω	
Matt 13:17	ὑμῖν	P-2DP	P-2DP	4771	σύ	ὑμῖν	
Matt 13:17	ὅτι	CONJ	CONJ	3754	ὅτι	ὅτι	
Matt 13:17	πολλοὶ	A-NPM	A-NPM	4183	πολύς	πολλοί	
Matt 13:17	προφῆται	N-NPM	N-NPM	4396	προφήτης	προφῆται	
Matt 13:17	καὶ	CONJ	CONJ	2532	καί	καί	
Matt 13:17	δίκαιοι	A-NPM	A-NPM	1342	δίκαιος	δίκαιοι	
Matt 13:17	ἐπεθύμησαν	V-AAI-3P	V-AAI-3P	1937&5656	ἐπιθυμέω	ἐπεθύμησαν	
Matt 13:17	ἰδεῖν	V-2AAN	V-2AAN	3708&5629	ὁράω	ἰδεῖν	
Matt 13:17	ἃ	R-APN	R-APN	3739	ὅς	ἅ	
Matt 13:17	βλέπετε	V-PAI-2P	V-PAI-2P	991&5719	βλέπω	βλέπετε	
Matt 13:17	καὶ	CONJ	CONJ	2532	καί	καί	
Matt 13:17	οὐκ	PRT-N	PRT-N	3756	οὐ	οὐκ	
Matt 13:17	εἶδαν,	V-2AAI-3P	V-2AAI-3P	3708&5627	ὁράω	εἶδαν	
Matt 13:17	καὶ	CONJ	CONJ	2532	καί	καί	
Matt 13:17	ἀκοῦσαι	V-AAN	V-AAN	191&5658	ἀκούω	ἀκοῦσαι	
Matt 13:17	ἃ	R-APN	R-APN	3739	ὅς	ἅ	
Matt 13:17	ἀκούετε	V-PAI-2P	V-PAI-2P	191&5719	ἀκούω	ἀκούετε	
Matt 13:17	καὶ	CONJ	CONJ	2532	καί	καί	
Matt 13:17	οὐκ	PRT-N	PRT-N	3756	οὐ	οὐκ	
Matt 13:17	ἤκουσαν.	V-AAI-3P	V-AAI-3P	191&5656	ἀκούω	ἤκουσαν	
Matt 13:18	Ὑμεῖς	P-2NP	P-2NP	4771	σύ	Ὑμεῖς	
Matt 13:18	οὖν	CONJ	CONJ	3767	οὖν	οὖν	
Matt 13:18	ἀκούσατε	V-AAM-2P	V-AAM-2P	191&5657	ἀκούω	ἀκούσατε	
Matt 13:18	τὴν	T-ASF	T-ASF	3588	ὁ	τήν	
Matt 13:18	παραβολὴν	N-ASF	N-ASF	3850	παραβολή	παραβολήν	
Matt 13:18	τοῦ	T-GSM	T-GSM	3588	ὁ	τοῦ	
Matt 13:18	σπείραντος.	V-AAP-GSM	V-AAP-GSM	4687&5660	σπείρω	σπείραντος	
Matt 13:19	Παντὸς	A-GSM	A-GSM	3956	πᾶς	Παντός	
Matt 13:19	ἀκούοντος	V-PAP-GSM	V-PAP-GSM	191&5723	ἀκούω	ἀκούοντος	
Matt 13:19	τὸν	T-ASM	T-ASM	3588	ὁ	τόν	
Matt 13:19	λόγον	N-ASM	N-ASM	3056	λόγος	λόγον	
Matt 13:19	τῆς	T-GSF	T-GSF	3588	ὁ	τῆς	
Matt 13:19	βασιλείας	N-GSF	N-GSF	932	βασιλεία	βασιλείας	
Matt 13:19	καὶ	CONJ	CONJ	2532	καί	καί	
Matt 13:19	μὴ	PRT-N	PRT-N	3361	μή	μή	
Matt 13:19	συνιέντος,	V-PAP-GSM	V-PAP-GSM	4920&5723	συνίημι	συνιέντος	
Matt 13:19	ἔρχεται	V-PNI-3S	V-PNI-3S	2064&5736	ἔρχομαι	ἔρχεται	
Matt 13:19	ὁ	T-NSM	T-NSM	3588	ὁ	ὁ	
Matt 13:19	πονηρὸς	A-NSM	A-NSM	4190	πονηρός	πονηρός	
Matt 13:19	καὶ	CONJ	CONJ	2532	καί	καί	
Matt 13:19	ἁρπάζει	V-PAI-3S	V-PAI-3S	726&5719	ἁρπάζω	ἁρπάζει	
Matt 13:19	τὸ	T-ASN	T-ASN	3588	ὁ	τό	
Matt 13:19	ἐσπαρμένον	V-2RPP-ASN	V-2RPP-ASN	4687&5757	σπείρω	ἐσπαρμένον	
Matt 13:19	ἐν	PREP	PREP	1722	ἐν	ἐν	
Matt 13:19	τῇ	T-DSF	T-DSF	3588	ὁ	τῇ	
Matt 13:19	καρδίᾳ	N-DSF	N-DSF	2588	καρδία	καρδίᾳ	
Matt 13:19	αὐτοῦ·	P-GSM	P-GSM	846	αὐτός	αὐτοῦ	
Matt 13:19	οὗτός	D-NSM	D-NSM	3778	οὗτος	οὗτος	
Matt 13:19	ἐστιν	V-PAI-3S	V-PAI-3S	1510&5719	εἰμί	ἐστιν	
Matt 13:19	ὁ	T-NSM	T-NSM	3588	ὁ	ὁ	
Matt 13:19	παρὰ	PREP	PREP	3844	παρά	παρά	
Matt 13:19	τὴν	T-ASF	T-ASF	3588	ὁ	τήν	
Matt 13:19	ὁδὸν	N-ASF	N-ASF	3598	ὁδός	ὁδόν	
Matt 13:19	σπαρείς.	V-2APP-NSM	V-2APP-NSM	4687&5651	σπείρω	σπαρείς	
Matt 13:20	ὁ	T-NSM	T-NSM	3588	ὁ	ὁ	
Matt 13:20	δὲ	CONJ	CONJ	1161	δέ	δέ	
Matt 13:20	ἐπὶ	PREP	PREP	1909	ἐπί	ἐπί	
Matt 13:20	τὰ	T-APN	T-APN	3588	ὁ	τά	
Matt 13:20	πετρώδη	A-APN	A-APN	4075	πετρώδης	πετρώδη	
Matt 13:20	σπαρείς,	V-2APP-NSM	V-2APP-NSM	4687&5651	σπείρω	σπαρείς	
Matt 13:20	οὗτός	D-NSM	D-NSM	3778	οὗτος	οὗτος	
Matt 13:20	ἐστιν	V-PAI-3S	V-PAI-3S	1510&5719	εἰμί	ἐστιν	
Matt 13:20	ὁ	T-NSM	T-NSM	3588	ὁ	ὁ	
Matt 13:20	τὸν	T-ASM	T-ASM	3588	ὁ	τόν	
Matt 13:20	λόγον	N-ASM	N-ASM	3056	λόγος	λόγον	
Matt 13:20	ἀκούων	V-PAP-NSM	V-PAP-NSM	191&5723	ἀκούω	ἀκούων	
Matt 13:20	καὶ	CONJ	CONJ	2532	καί	καί	
Matt 13:20	εὐθὺς	ADV	ADV	2112	εὐθέως	εὐθύς	
Matt 13:20	μετὰ	PREP	PREP	3326	μετά	μετά	
Matt 13:20	χαρᾶς	N-GSF	N-GSF	5479	χαρά	χαρᾶς	
Matt 13:20	λαμβάνων	V-PAP-NSM	V-PAP-NSM	2983&5723	λαμβάνω	λαμβάνων	
Matt 13:20	αὐτόν·	P-ASM	P-ASM	846	αὐτός	αὐτόν	
Matt 13:21	οὐκ	PRT-N	PRT-N	3756	οὐ	οὐκ	
Matt 13:21	ἔχει	V-PAI-3S	V-PAI-3S	2192&5719	ἔχω	ἔχει	
Matt 13:21	δὲ	CONJ	CONJ	1161	δέ	δέ	
Matt 13:21	ῥίζαν	N-ASF	N-ASF	4491	ῥίζα	ῥίζαν	
Matt 13:21	ἐν	PREP	PREP	1722	ἐν	ἐν	
Matt 13:21	ἑαυτῷ	F-3DSM	F-3DSM	1438	ἑαυτοῦ	ἑαυτῷ	
Matt 13:21	ἀλλὰ	CONJ	CONJ	235	ἀλλά	ἀλλά	
Matt 13:21	πρόσκαιρός	A-NSM	A-NSM	4340	πρόσκαιρος	πρόσκαιρος	
Matt 13:21	ἐστιν,	V-PAI-3S	V-PAI-3S	1510&5719	εἰμί	ἐστιν	
Matt 13:21	γενομένης	V-2ADP-GSF	V-2ADP-GSF	1096&5637	γίνομαι	γενομένης	
Matt 13:21	δὲ	CONJ	CONJ	1161	δέ	δέ	
Matt 13:21	θλίψεως	N-GSF	N-GSF	2347	θλῖψις	θλίψεως	
Matt 13:21	ἢ	PRT	PRT	2228	ἤ	ἤ	
Matt 13:21	διωγμοῦ	N-GSM	N-GSM	1375	διωγμός	διωγμοῦ	
Matt 13:21	διὰ	PREP	PREP	1223	διά	διά	
Matt 13:21	τὸν	T-ASM	T-ASM	3588	ὁ	τόν	
Matt 13:21	λόγον	N-ASM	N-ASM	3056	λόγος	λόγον	
Matt 13:21	εὐθὺς	ADV	ADV	2112	εὐθέως	εὐθύς	
Matt 13:21	σκανδαλίζεται.	V-PPI-3S	V-PEI-3S	4624&5743	σκανδαλίζω	σκανδαλίζεται	
Matt 13:22	ὁ	T-NSM	T-NSM	3588	ὁ	ὁ	
Matt 13:22	δὲ	CONJ	CONJ	1161	δέ	δέ	
Matt 13:22	εἰς	PREP	PREP	1519	εἰς	εἰς	
Matt 13:22	τὰς	T-APF	T-APF	3588	ὁ	τάς	
Matt 13:22	ἀκάνθας	N-APF	N-APF	173	ἄκανθα	ἀκάνθας	
Matt 13:22	σπαρείς,	V-2APP-NSM	V-2APP-NSM	4687&5651	σπείρω	σπαρείς	
Matt 13:22	οὗτός	D-NSM	D-NSM	3778	οὗτος	οὗτος	
Matt 13:22	ἐστιν	V-PAI-3S	V-PAI-3S	1510&5719	εἰμί	ἐστιν	
Matt 13:22	ὁ	T-NSM	T-NSM	3588	ὁ	ὁ	
Matt 13:22	τὸν	T-ASM	T-ASM	3588	ὁ	τόν	
Matt 13:22	λόγον	N-ASM	N-ASM	3056	λόγος	λόγον	
Matt 13:22	ἀκούων,	V-PAP-NSM	V-PAP-NSM	191&5723	ἀκούω	ἀκούων	
Matt 13:22	καὶ	CONJ	CONJ	2532	καί	καί	
Matt 13:22	ἡ	T-NSF	T-NSF	3588	ὁ	ἡ	
Matt 13:22	μέριμνα	N-NSF	N-NSF	3308	μέριμνα	μέριμνα	
Matt 13:22	τοῦ	T-GSM	T-GSM	3588	ὁ	τοῦ	
Matt 13:22	αἰῶνος	N-GSM	N-GSM	165	αἰών	αἰῶνος	
Matt 13:22	καὶ	CONJ	CONJ	2532	καί	καί	
Matt 13:22	ἡ	T-NSF	T-NSF	3588	ὁ	ἡ	
Matt 13:22	ἀπάτη	N-NSF	N-NSF	539	ἀπάτη	ἀπάτη	
Matt 13:22	τοῦ	T-GSM	T-GSM	3588	ὁ	τοῦ	
Matt 13:22	πλούτου	N-GSM	N-GSM	4149	πλοῦτος	πλούτου	
Matt 13:22	συμπνίγει	V-PAI-3S	V-PAI-3S	4846&5719	συμπνίγω	συμπνίγει	
Matt 13:22	τὸν	T-ASM	T-ASM	3588	ὁ	τόν	
Matt 13:22	λόγον,	N-ASM	N-ASM	3056	λόγος	λόγον	
Matt 13:22	καὶ	CONJ	CONJ	2532	καί	καί	
Matt 13:22	ἄκαρπος	A-NSM	A-NSM	175	ἄκαρπος	ἄκαρπος	
Matt 13:22	γίνεται.	V-PNI-3S	V-PNI-3S	1096&5736	γίνομαι	γίνεται	
Matt 13:23	ὁ	T-NSM	T-NSM	3588	ὁ	ὁ	
Matt 13:23	δὲ	CONJ	CONJ	1161	δέ	δέ	
Matt 13:23	ἐπὶ	PREP	PREP	1909	ἐπί	ἐπί	
Matt 13:23	τὴν	T-ASF	T-ASF	3588	ὁ	τήν	
Matt 13:23	καλὴν	A-ASF	A-ASF	2570	καλός	καλήν	
Matt 13:23	γῆν	N-ASF	N-ASF	1093	γῆ	γῆν	
Matt 13:23	σπαρείς,	V-2APP-NSM	V-2APP-NSM	4687&5651	σπείρω	σπαρείς	
Matt 13:23	οὗτός	D-NSM	D-NSM	3778	οὗτος	οὗτος	
Matt 13:23	ἐστιν	V-PAI-3S	V-PAI-3S	1510&5719	εἰμί	ἐστιν	
Matt 13:23	ὁ	T-NSM	T-NSM	3588	ὁ	ὁ	
Matt 13:23	τὸν	T-ASM	T-ASM	3588	ὁ	τόν	
Matt 13:23	λόγον	N-ASM	N-ASM	3056	λόγος	λόγον	
Matt 13:23	ἀκούων	V-PAP-NSM	V-PAP-NSM	191&5723	ἀκούω	ἀκούων	
Matt 13:23	καὶ	CONJ	CONJ	2532	καί	καί	
Matt 13:23	συνιείς,	V-PAP-NSM	V-PAP-NSM	4920&5723	συνίημι	συνιείς	
Matt 13:23	ὃς	R-NSM	R-NSM	3739	ὅς	ὅς	
Matt 13:23	δὴ	PRT	PRT	1211	δή	δή	
Matt 13:23	καρποφορεῖ	V-PAI-3S	V-PAI-3S	2592&5719	καρποφορέω	καρποφορεῖ	
Matt 13:23	καὶ	CONJ	CONJ	2532	καί	καί	
Matt 13:23	ποιεῖ	V-PAI-3S	V-PAI-3S	4160&5719	ποιέω	ποιεῖ	
Matt 13:23	ὃ	R-ASN	R-ASN	3739	ὅς	ὅ	
Matt 13:23	μὲν	PRT	PRT	3303	μέν	μέν	
Matt 13:23	ἑκατὸν	A-NUI	A-NUI	1540	ἑκατόν	ἑκατόν	
Matt 13:23	ὃ	R-ASN	R-ASN	3739	ὅς	ὅ	
Matt 13:23	δὲ	CONJ	CONJ	1161	δέ	δέ	
Matt 13:23	ἑξήκοντα	A-NUI	A-NUI	1835	ἑξήκοντα	ἑξήκοντα	
Matt 13:23	ὃ	R-ASN	R-ASN	3739	ὅς	ὅ	
Matt 13:23	δὲ	CONJ	CONJ	1161	δέ	δέ	
Matt 13:23	τριάκοντα.	A-NUI	A-NUI	5144	τριάκοντα	τριάκοντα	
Matt 13:24	Ἄλλην	A-ASF	A-ASF	243	ἄλλος	Ἄλλην	
Matt 13:24	παραβολὴν	N-ASF	N-ASF	3850	παραβολή	παραβολήν	
Matt 13:24	παρέθηκεν	V-AAI-3S	V-AAI-3S	3908&5656	παρατίθημι	παρέθηκεν	
Matt 13:24	αὐτοῖς	P-DPM	P-DPM	846	αὐτός	αὐτοῖς	
Matt 13:24	λέγων	V-PAP-NSM	V-PAP-NSM	3004&5723	λέγω	λέγων	
Matt 13:24	Ὡμοιώθη	V-API-3S	V-API-3S	3666&5681	ὁμοιόω	Ὡμοιώθη	
Matt 13:24	ἡ	T-NSF	T-NSF	3588	ὁ	ἡ	
Matt 13:24	βασιλεία	N-NSF	N-NSF	932	βασιλεία	βασιλεία	
Matt 13:24	τῶν	T-GPM	T-GPM	3588	ὁ	τῶν	
Matt 13:24	οὐρανῶν	N-GPM	N-GPM	3772	οὐρανός	οὐρανῶν	
Matt 13:24	ἀνθρώπῳ	N-DSM	N-DSM	444	ἄνθρωπος	ἀνθρώπῳ	
Matt 13:24	σπείραντι	V-AAP-DSM	V-AAP-DSM	4687&5660	σπείρω	σπείραντι	
Matt 13:24	καλὸν	A-ASN	A-ASN	2570	καλός	καλόν	
Matt 13:24	σπέρμα	N-ASN	N-ASN	4690	σπέρμα	σπέρμα	
Matt 13:24	ἐν	PREP	PREP	1722	ἐν	ἐν	
Matt 13:24	τῷ	T-DSM	T-DSM	3588	ὁ	τῷ	
Matt 13:24	ἀγρῷ	N-DSM	N-DSM	68	ἀγρός	ἀγρῷ	
Matt 13:24	αὐτοῦ.	P-GSM	P-GSM	846	αὐτός	αὐτοῦ	
Matt 13:25	ἐν	PREP	PREP	1722	ἐν	ἐν	
Matt 13:25	δὲ	CONJ	CONJ	1161	δέ	δέ	
Matt 13:25	τῷ	T-DSN	T-DSN	3588	ὁ	τῷ	
Matt 13:25	καθεύδειν	V-PAN	V-PAN	2518&5721	καθεύδω	καθεύδειν	
Matt 13:25	τοὺς	T-APM	T-APM	3588	ὁ	τούς	
Matt 13:25	ἀνθρώπους	N-APM	N-APM	444	ἄνθρωπος	ἀνθρώπους	
Matt 13:25	ἦλθεν	V-2AAI-3S	V-2AAI-3S	2064&5627	ἔρχομαι	ἦλθεν	
Matt 13:25	αὐτοῦ	P-GSM	P-GSM	846	αὐτός	αὐτοῦ	
Matt 13:25	ὁ	T-NSM	T-NSM	3588	ὁ	ὁ	
Matt 13:25	ἐχθρὸς	A-NSM	A-NSM	2190	ἐχθρός	ἐχθρός	
Matt 13:25	καὶ	CONJ	CONJ	2532	καί	καί	
Matt 13:25	ἐπέσπειρεν	V-AAI-3S	V-AAI-3S	04687&5656	ἐπισπείρω	ἐπέσπειρεν	
Matt 13:25	ζιζάνια	N-APN	N-APN	2215	ζιζάνιον	ζιζάνια	
Matt 13:25	ἀνὰ	PREP	PREP	303	ἀνά	ἀνά	
Matt 13:25	μέσον	A-ASN	A-ASN	3319	μέσος	μέσον	
Matt 13:25	τοῦ	T-GSM	T-GSM	3588	ὁ	τοῦ	
Matt 13:25	σίτου	N-GSM	N-GSM	4621	σῖτος	σίτου	
Matt 13:25	καὶ	CONJ	CONJ	2532	καί	καί	
Matt 13:25	ἀπῆλθεν.	V-2AAI-3S	V-2AAI-3S	565&5627	ἀπέρχομαι	ἀπῆλθεν	
Matt 13:26	ὅτε	ADV	ADV	3753	ὅτε	ὅτε	
Matt 13:26	δὲ	CONJ	CONJ	1161	δέ	δέ	
Matt 13:26	ἐβλάστησεν	V-AAI-3S	V-AAI-3S	985&5656	βλαστάνω	ἐβλάστησεν	
Matt 13:26	ὁ	T-NSM	T-NSM	3588	ὁ	ὁ	
Matt 13:26	χόρτος	N-NSM	N-NSM	5528	χόρτος	χόρτος	
Matt 13:26	καὶ	CONJ	CONJ	2532	καί	καί	
Matt 13:26	καρπὸν	N-ASM	N-ASM	2590	καρπός	καρπόν	
Matt 13:26	ἐποίησεν,	V-AAI-3S	V-AAI-3S	4160&5656	ποιέω	ἐποίησεν	
Matt 13:26	τότε	ADV	ADV	5119	τότε	τότε	
Matt 13:26	ἐφάνη	V-2API-3S	V-2API-3S	5316&5648	φαίνω	ἐφάνη	
Matt 13:26	καὶ	CONJ	CONJ	2532	καί	καί	
Matt 13:26	τὰ	T-NPN	T-NPN	3588	ὁ	τά	
Matt 13:26	ζιζάνια.	N-NPN	N-NPN	2215	ζιζάνιον	ζιζάνια	
Matt 13:27	προσελθόντες	V-2AAP-NPM	V-2AAP-NPM	4334&5631	προσέρχομαι	προσελθόντες	
Matt 13:27	δὲ	CONJ	CONJ	1161	δέ	δέ	
Matt 13:27	οἱ	T-NPM	T-NPM	3588	ὁ	οἱ	
Matt 13:27	δοῦλοι	N-NPM	N-NPM	1401	δοῦλος (II)	δοῦλοι	
Matt 13:27	τοῦ	T-GSM	T-GSM	3588	ὁ	τοῦ	
Matt 13:27	οἰκοδεσπότου	N-GSM	N-GSM	3617	οἰκοδεσπότης	οἰκοδεσπότου	
Matt 13:27	εἶπον	V-2AAI-3P	V-2AAI-3P	3004&5627	λέγω	εἶπον	
Matt 13:27	αὐτῷ	P-DSM	P-DSM	846	αὐτός	αὐτῷ	
Matt 13:27	Κύριε,	N-VSM	N-VSM	2962	κύριος	Κύριε	
Matt 13:27	οὐχὶ	PRT-I	PRT-I	3780	οὐχί	οὐχί	
Matt 13:27	καλὸν	A-ASN	A-ASN	2570	καλός	καλόν	
Matt 13:27	σπέρμα	N-ASN	N-ASN	4690	σπέρμα	σπέρμα	
Matt 13:27	ἔσπειρας	V-AAI-2S	V-AAI-2S	4687&5656	σπείρω	ἔσπειρας	
Matt 13:27	ἐν	PREP	PREP	1722	ἐν	ἐν	
Matt 13:27	τῷ	T-DSM	T-DSM	3588	ὁ	τῷ	
Matt 13:27	σῷ	S-2SDSM	S-2SDSM	4674	σός	σῷ	
Matt 13:27	ἀγρῷ;	N-DSM	N-DSM	68	ἀγρός	ἀγρῷ	
Matt 13:27	πόθεν	ADV-I	ADV-I	4159	πόθεν	πόθεν	
Matt 13:27	οὖν	CONJ	CONJ	3767	οὖν	οὖν	
Matt 13:27	ἔχει	V-PAI-3S	V-PAI-3S	2192&5719	ἔχω	ἔχει	
Matt 13:27	ζιζάνια;	N-APN	N-APN	2215	ζιζάνιον	ζιζάνια	
Matt 13:28	ὁ	T-NSM	T-NSM	3588	ὁ	ὁ	
Matt 13:28	δὲ	CONJ	CONJ	1161	δέ	δέ	
Matt 13:28	ἔφη	V-IAI-3S	V-IAI-3S	5346&5707	φημί	ἔφη	
Matt 13:28	αὐτοῖς	P-DPM	P-DPM	846	αὐτός	αὐτοῖς	
Matt 13:28	Ἐχθρὸς	A-NSM	A-NSM	2190	ἐχθρός	Ἐχθρός	
Matt 13:28	ἄνθρωπος	N-NSM	N-NSM	444	ἄνθρωπος	ἄνθρωπος	
Matt 13:28	τοῦτο	D-ASN	D-ASN	3778	οὗτος	τοῦτο	
Matt 13:28	ἐποίησεν.	V-AAI-3S	V-AAI-3S	4160&5656	ποιέω	ἐποίησεν	
Matt 13:28	οἱ	T-NPM	T-NPM	3588	ὁ	οἱ	
Matt 13:28	δὲ	CONJ	CONJ	1161	δέ	δέ	
Matt 13:28	δοῦλοι	N-NPM	N-NPM	1401	δοῦλος (II)	δοῦλοι	
Matt 13:28	αὐτῷ	P-DSM	P-DSM	846	αὐτός	αὐτῷ	
Matt 13:28	λέγουσιν	V-PAI-3P	V-PAI-3P	3004&5719	λέγω	λέγουσιν	
Matt 13:28	Θέλεις	V-PAI-2S	V-PAI-2S	2309&5719	θέλω	Θέλεις	
Matt 13:28	οὖν	CONJ	CONJ	3767	οὖν	οὖν	
Matt 13:28	ἀπελθόντες	V-2AAP-NPM	V-2AAP-NPM	565&5631	ἀπέρχομαι	ἀπελθόντες	
Matt 13:28	συλλέξωμεν	V-AAS-1P	V-AAS-1P	4816&5661	συλλέγω	συλλέξωμεν	
Matt 13:28	αὐτά;	P-APN	P-APN	846	αὐτός	αὐτά	
Matt 13:29	ὁ	T-NSM	T-NSM	3588	ὁ	ὁ	
Matt 13:29	δέ	CONJ	CONJ	1161	δέ	δέ	
Matt 13:29	φησιν	V-PAI-3S	V-PAI-3S	5346&5719	φημί	φησιν	
Matt 13:29	Οὔ,	PRT-N	PRT-N	3756	οὐ	Οὔ	
Matt 13:29	μή	PRT-N	PRT-N	3361	μή	μή	
Matt 13:29	ποτε	ADV	ADV	4219	πότε	ποτε	
Matt 13:29	συλλέγοντες	V-PAP-NPM	V-PAP-NPM	4816&5723	συλλέγω	συλλέγοντες	
Matt 13:29	τὰ	T-APN	T-APN	3588	ὁ	τά	
Matt 13:29	ζιζάνια	N-APN	N-APN	2215	ζιζάνιον	ζιζάνια	
Matt 13:29	ἐκριζώσητε	V-AAS-2P	V-AAS-2P	1610&5661	ἐκριζόω	ἐκριζώσητε	
Matt 13:29	ἅμα	ADV	ADV	260	ἅμα	ἅμα	
Matt 13:29	αὐτοῖς	P-DPN	P-DPN	846	αὐτός	αὐτοῖς	
Matt 13:29	τὸν	T-ASM	T-ASM	3588	ὁ	τόν	
Matt 13:29	σῖτον·	N-ASM	N-ASM	4621	σῖτος	σῖτον	
Matt 13:30	ἄφετε	V-2AAM-2P	V-2AAM-2P	863&5628	ἀφίημι	ἄφετε	
Matt 13:30	συναυξάνεσθαι	V-PPN	V-PEN	4885&5745	συναυξάνω	συναυξάνεσθαι	
Matt 13:30	ἀμφότερα	A-APN	A-APN	297	ἀμφότεροι	ἀμφότερα	
Matt 13:30	ἕως	ADV	ADV	2193	ἕως	ἕως	
Matt 13:30	τοῦ	T-GSM	T-GSM	3588	ὁ	τοῦ	
Matt 13:30	θερισμοῦ·	N-GSM	N-GSM	2326	θερισμός	θερισμοῦ	
Matt 13:30	καὶ	CONJ	CONJ	2532	καί	καί	
Matt 13:30	ἐν	PREP	PREP	1722	ἐν	ἐν	
Matt 13:30	καιρῷ	N-DSM	N-DSM	2540	καιρός	καιρῷ	
Matt 13:30	τοῦ	T-GSM	T-GSM	3588	ὁ	τοῦ	
Matt 13:30	θερισμοῦ	N-GSM	N-GSM	2326	θερισμός	θερισμοῦ	
Matt 13:30	ἐρῶ	V-FAI-1S	V-FAI-1S	2046&5692	εἶπον	ἐρῶ	
Matt 13:30	τοῖς	T-DPM	T-DPM	3588	ὁ	τοῖς	
Matt 13:30	θερισταῖς	N-DPM	N-DPM	2327	θεριστής	θερισταῖς	
Matt 13:30	Συλλέξατε	V-AAM-2P	V-AAM-2P	4816&5657	συλλέγω	Συλλέξατε	
Matt 13:30	πρῶτον	ADV-S	ADV-S	4412	πρῶτος	πρῶτον	
Matt 13:30	τὰ	T-APN	T-APN	3588	ὁ	τά	
Matt 13:30	ζιζάνια	N-APN	N-APN	2215	ζιζάνιον	ζιζάνια	
Matt 13:30	καὶ	CONJ	CONJ	2532	καί	καί	
Matt 13:30	δήσατε	V-AAM-2P	V-AAM-2P	1210&5657	δέω	δήσατε	
Matt 13:30	αὐτὰ	P-APN	P-APN	846	αὐτός	αὐτά	
Matt 13:30	εἰς	PREP	PREP	1519	εἰς	εἰς	
Matt 13:30	δέσμας	N-APF	N-APF	1197	δέσμη	δέσμας	
Matt 13:30	πρὸς	PREP	PREP	4314	πρός	πρός	
Matt 13:30	τὸ	T-ASN	T-ASN	3588	ὁ	τό	
Matt 13:30	κατακαῦσαι	V-AAN	V-AAN	2618&5658	κατακαίω	κατακαῦσαι	
Matt 13:30	αὐτά,	P-APN	P-APN	846	αὐτός	αὐτά	
Matt 13:30	τὸν	T-ASM	T-ASM	3588	ὁ	τόν	
Matt 13:30	δὲ	CONJ	CONJ	1161	δέ	δέ	
Matt 13:30	σῖτον	N-ASM	N-ASM	4621	σῖτος	σῖτον	
Matt 13:30	συναγάγετε	V-2AAM-2P	V-2AAM-2P	4863	συνάγω	συναγάγετε	
Matt 13:30	εἰς	PREP	PREP	1519	εἰς	εἰς	
Matt 13:30	τὴν	T-ASF	T-ASF	3588	ὁ	τήν	
Matt 13:30	ἀποθήκην	N-ASF	N-ASF	596	ἀποθήκη	ἀποθήκην	
Matt 13:30	μου.	P-1GS	P-1GS	1473	ἐγώ	μου	
Matt 13:31	Ἄλλην	A-ASF	A-ASF	243	ἄλλος	Ἄλλην	
Matt 13:31	παραβολὴν	N-ASF	N-ASF	3850	παραβολή	παραβολήν	
Matt 13:31	παρέθηκεν	V-AAI-3S	V-AAI-3S	3908&5656	παρατίθημι	παρέθηκεν	
Matt 13:31	αὐτοῖς	P-DPM	P-DPM	846	αὐτός	αὐτοῖς	
Matt 13:31	λέγων	V-PAP-NSM	V-PAP-NSM	3004&5723	λέγω	λέγων	
Matt 13:31	Ὁμοία	A-NSF	A-NSF	3664	ὅμοιος	Ὁμοία	
Matt 13:31	ἐστὶν	V-PAI-3S	V-PAI-3S	1510&5719	εἰμί	ἐστίν	
Matt 13:31	ἡ	T-NSF	T-NSF	3588	ὁ	ἡ	
Matt 13:31	βασιλεία	N-NSF	N-NSF	932	βασιλεία	βασιλεία	
Matt 13:31	τῶν	T-GPM	T-GPM	3588	ὁ	τῶν	
Matt 13:31	οὐρανῶν	N-GPM	N-GPM	3772	οὐρανός	οὐρανῶν	
Matt 13:31	κόκκῳ	N-DSM	N-DSM	2848	κόκκος	κόκκῳ	
Matt 13:31	σινάπεως,	N-GSN	N-GSN	4615	σίναπι	σινάπεως	
Matt 13:31	ὃν	R-ASM	R-ASM	3739	ὅς	ὅν	
Matt 13:31	λαβὼν	V-2AAP-NSM	V-2AAP-NSM	2983&5631	λαμβάνω	λαβών	
Matt 13:31	ἄνθρωπος	N-NSM	N-NSM	444	ἄνθρωπος	ἄνθρωπος	
Matt 13:31	ἔσπειρεν	V-AAI-3S	V-AAI-3S	4687&5656	σπείρω	ἔσπειρεν	
Matt 13:31	ἐν	PREP	PREP	1722	ἐν	ἐν	
Matt 13:31	τῷ	T-DSM	T-DSM	3588	ὁ	τῷ	
Matt 13:31	ἀγρῷ	N-DSM	N-DSM	68	ἀγρός	ἀγρῷ	
Matt 13:31	αὐτοῦ·	P-GSM	P-GSM	846	αὐτός	αὐτοῦ	
Matt 13:32	ὃ	R-NSN	R-NSN	3739	ὅς	ὅ	
Matt 13:32	μικρότερον	A-NSN-C	A-NSN-C	3398	μικρός	μικρότερον	
Matt 13:32	μέν	PRT	PRT	3303	μέν	μέν	
Matt 13:32	ἐστιν	V-PAI-3S	V-PAI-3S	1510&5719	εἰμί	ἐστιν	
Matt 13:32	πάντων	A-GPN	A-GPN	3956	πᾶς	πάντων	
Matt 13:32	τῶν	T-GPN	T-GPN	3588	ὁ	τῶν	
Matt 13:32	σπερμάτων,	N-GPN	N-GPN	4690	σπέρμα	σπερμάτων	
Matt 13:32	ὅταν	CONJ	CONJ	3752	ὅταν	ὅταν	
Matt 13:32	δὲ	CONJ	CONJ	1161	δέ	δέ	
Matt 13:32	αὐξηθῇ,	V-APS-3S	V-APS-3S	837&5686	αὐξάνω	αὐξηθῇ	
Matt 13:32	μεῖζον	A-NSN-C	A-NSN-C	3173	μέγας	μεῖζον	
Matt 13:32	τῶν	T-GPN	T-GPN	3588	ὁ	τῶν	
Matt 13:32	λαχάνων	N-GPN	N-GPN	3001	λάχανον	λαχάνων	
Matt 13:32	ἐστὶν	V-PAI-3S	V-PAI-3S	1510&5719	εἰμί	ἐστίν	
Matt 13:32	καὶ	CONJ	CONJ	2532	καί	καί	
Matt 13:32	γίνεται	V-PNI-3S	V-PNI-3S	1096&5736	γίνομαι	γίνεται	
Matt 13:32	δένδρον,	N-NSN	N-NSN	1186	δένδρον	δένδρον	
Matt 13:32	ὥστε	CONJ	CONJ	5620	ὥστε	ὥστε	
Matt 13:32	ἐλθεῖν	V-2AAN	V-2AAN	2064&5629	ἔρχομαι	ἐλθεῖν	
Matt 13:32	τὰ	T-APN	T-APN	3588	ὁ	τά	
Matt 13:32	πετεινὰ	N-APN	N-APN	4071	πετεινός	πετεινά	
Matt 13:32	τοῦ	T-GSM	T-GSM	3588	ὁ	τοῦ	
Matt 13:32	οὐρανοῦ	N-GSM	N-GSM	3772	οὐρανός	οὐρανοῦ	
Matt 13:32	καὶ	CONJ	CONJ	2532	καί	καί	
Matt 13:32	κατασκηνοῖν	V-PAN	V-PAN	2681&5721	κατασκηνόω	κατασκηνοῖν	
Matt 13:32	ἐν	PREP	PREP	1722	ἐν	ἐν	
Matt 13:32	τοῖς	T-DPM	T-DPM	3588	ὁ	τοῖς	
Matt 13:32	κλάδοις	N-DPM	N-DPM	2798	κλάδος	κλάδοις	
Matt 13:32	αὐτοῦ.	P-GSN	P-GSN	846	αὐτός	αὐτοῦ	
Matt 13:33	Ἄλλην	A-ASF	A-ASF	243	ἄλλος	Ἄλλην	
Matt 13:33	παραβολὴν	N-ASF	N-ASF	3850	παραβολή	παραβολήν	
Matt 13:33	ἐλάλησεν	V-AAI-3S	V-AAI-3S	2980&5656	λαλέω	ἐλάλησεν	
Matt 13:33	αὐτοῖς	P-DPM	P-DPM	846	αὐτός	αὐτοῖς	
Matt 13:33	Ὁμοία	A-NSF	A-NSF	3664	ὅμοιος	Ὁμοία	
Matt 13:33	ἐστὶν	V-PAI-3S	V-PAI-3S	1510&5719	εἰμί	ἐστίν	
Matt 13:33	ἡ	T-NSF	T-NSF	3588	ὁ	ἡ	
Matt 13:33	βασιλεία	N-NSF	N-NSF	932	βασιλεία	βασιλεία	
Matt 13:33	τῶν	T-GPM	T-GPM	3588	ὁ	τῶν	
Matt 13:33	οὐρανῶν	N-GPM	N-GPM	3772	οὐρανός	οὐρανῶν	
Matt 13:33	ζύμῃ,	N-DSF	N-DSF	2219	ζύμη	ζύμῃ	
Matt 13:33	ἣν	R-ASF	R-ASF	3739	ὅς	ἥν	
Matt 13:33	λαβοῦσα	V-2AAP-NSF	V-2AAP-NSF	2983&5631	λαμβάνω	λαβοῦσα	
Matt 13:33	γυνὴ	N-NSF	N-NSF	1135	γυνή	γυνή	
Matt 13:33	ἐνέκρυψεν	V-AAI-3S	V-AAI-3S	1470&5656	ἐγκρύπτω	ἐνέκρυψεν	
Matt 13:33	εἰς	PREP	PREP	1519	εἰς	εἰς	
Matt 13:33	ἀλεύρου	N-GSN	N-GSN	224	ἄλευρον	ἀλεύρου	
Matt 13:33	σάτα	N-APN	N-APN	4568	σάτον	σάτα	
Matt 13:33	τρία,	A-APN	A-APN	5140	τρεῖς	τρία	
Matt 13:33	ἕως	ADV	ADV	2193	ἕως	ἕως	
Matt 13:33	οὗ	R-GSM	R-GSM	3739	ὅς	οὗ	
Matt 13:33	ἐζυμώθη	V-API-3S	V-API-3S	2220&5681	ζυμόω	ἐζυμώθη	
Matt 13:33	ὅλον.	A-NSN	A-NSN	3650	ὅλος	ὅλον	
Matt 13:34	Ταῦτα	D-APN	D-APN	3778	οὗτος	Ταῦτα	
Matt 13:34	πάντα	A-APN	A-APN	3956	πᾶς	πάντα	
Matt 13:34	ἐλάλησεν	V-AAI-3S	V-AAI-3S	2980&5656	λαλέω	ἐλάλησεν	
Matt 13:34	ὁ	T-NSM	T-NSM	3588	ὁ	ὁ	
Matt 13:34	Ἰησοῦς	N-NSM	N-NSM	2424	Ἰησοῦς	Ἰησοῦς	
Matt 13:34	ἐν	PREP	PREP	1722	ἐν	ἐν	
Matt 13:34	παραβολαῖς	N-DPF	N-DPF	3850	παραβολή	παραβολαῖς	
Matt 13:34	τοῖς	T-DPM	T-DPM	3588	ὁ	τοῖς	
Matt 13:34	ὄχλοις,	N-DPM	N-DPM	3793	ὄχλος	ὄχλοις	
Matt 13:34	καὶ	CONJ	CONJ	2532	καί	καί	
Matt 13:34	χωρὶς	ADV	ADV	5565	χωρίς	χωρίς	
Matt 13:34	παραβολῆς	N-GSF	N-GSF	3850	παραβολή	παραβολῆς	
Matt 13:34	οὐδὲν	A-ASN-N	A-ASN-N	3762	οὐδείς	οὐδέν	
Matt 13:34	ἐλάλει	V-IAI-3S	V-IAI-3S	2980&5707	λαλέω	ἐλάλει	
Matt 13:34	αὐτοῖς·	P-DPM	P-DPM	846	αὐτός	αὐτοῖς	
Matt 13:35	ὅπως	ADV	ADV	3704	ὅπως	ὅπως	
Matt 13:35	πληρωθῇ	V-APS-3S	V-APS-3S	4137&5686	πληρόω	πληρωθῇ	
Matt 13:35	τὸ	T-NSN	T-NSN	3588	ὁ	τό	
Matt 13:35	ῥηθὲν	V-APP-NSN	V-APP-NSN	2046&5685	εἶπον	ῥηθέν	
Matt 13:35	διὰ	PREP	PREP	1223	διά	διά	
Matt 13:35	τοῦ	T-GSM	T-GSM	3588	ὁ	τοῦ	
Matt 13:35	προφήτου	N-GSM	N-GSM	4396	προφήτης	προφήτου	
Matt 13:35	λέγοντος	V-PAP-GSM	V-PAP-GSM	3004&5723	λέγω	λέγοντος	
Matt 13:35	Ἀνοίξω	V-FAI-1S	V-FAI-1S	455&5692	ἀνοίγω	Ἀνοίξω	
Matt 13:35	ἐν	PREP	PREP	1722	ἐν	ἐν	
Matt 13:35	παραβολαῖς	N-DPF	N-DPF	3850	παραβολή	παραβολαῖς	
Matt 13:35	τὸ	T-ASN	T-ASN	3588	ὁ	τό	
Matt 13:35	στόμα	N-ASN	N-ASN	4750	στόμα	στόμα	
Matt 13:35	μου,	P-1GS	P-1GS	1473	ἐγώ	μου	
Matt 13:35	ἐρεύξομαι	V-FDI-1S	V-FDI-1S	2044&5695	ἐρεύγομαι	ἐρεύξομαι	
Matt 13:35	κεκρυμμένα	V-RPP-APN	V-RPP-APN	2928&5772	κρύπτω	κεκρυμμένα	
Matt 13:35	ἀπὸ	PREP	PREP	575	ἀπό	ἀπό	
Matt 13:35	καταβολῆς.	N-GSF	N-GSF	2602	καταβολή	καταβολῆς	
Matt 13:36	Τότε	ADV	ADV	5119	τότε	Τότε	
Matt 13:36	ἀφεὶς	V-2AAP-NSM	V-2AAP-NSM	863&5631	ἀφίημι	ἀφείς	
Matt 13:36	τοὺς	T-APM	T-APM	3588	ὁ	τούς	
Matt 13:36	ὄχλους	N-APM	N-APM	3793	ὄχλος	ὄχλους	
Matt 13:36	ἦλθεν	V-2AAI-3S	V-2AAI-3S	2064&5627	ἔρχομαι	ἦλθεν	
Matt 13:36	εἰς	PREP	PREP	1519	εἰς	εἰς	
Matt 13:36	τὴν	T-ASF	T-ASF	3588	ὁ	τήν	
Matt 13:36	οἰκίαν.	N-ASF	N-ASF	3614	οἰκία	οἰκίαν	
Matt 13:36	Καὶ	CONJ	CONJ	2532	καί	Καί	
Matt 13:36	προσῆλθον	V-2AAI-3P	V-2AAI-3P	4334	προσέρχομαι	προσῆλθον	
Matt 13:36	αὐτῷ	P-DSM	P-DSM	846	αὐτός	αὐτῷ	
Matt 13:36	οἱ	T-NPM	T-NPM	3588	ὁ	οἱ	
Matt 13:36	μαθηταὶ	N-NPM	N-NPM	3101	μαθητής	μαθηταί	
Matt 13:36	αὐτοῦ	P-GSM	P-GSM	846	αὐτός	αὐτοῦ	
Matt 13:36	λέγοντες	V-PAP-NPM	V-PAP-NPM	3004&5723	λέγω	λέγοντες	
Matt 13:36	Διασάφησον	V-AAM-2S	V-AAM-2S	1285&5657	διασαφέω	Διασάφησον	
Matt 13:36	ἡμῖν	P-1DP	P-1DP	1473	ἐγώ	ἡμῖν	
Matt 13:36	τὴν	T-ASF	T-ASF	3588	ὁ	τήν	
Matt 13:36	παραβολὴν	N-ASF	N-ASF	3850	παραβολή	παραβολήν	
Matt 13:36	τῶν	T-GPN	T-GPN	3588	ὁ	τῶν	
Matt 13:36	ζιζανίων	N-GPN	N-GPN	2215	ζιζάνιον	ζιζανίων	
Matt 13:36	τοῦ	T-GSM	T-GSM	3588	ὁ	τοῦ	
Matt 13:36	ἀγροῦ.	N-GSM	N-GSM	68	ἀγρός	ἀγροῦ	
Matt 13:37	ὁ	T-NSM	T-NSM	3588	ὁ	ὁ	
Matt 13:37	δὲ	CONJ	CONJ	1161	δέ	δέ	
Matt 13:37	ἀποκριθεὶς	V-AOP-NSM	V-AOP-NSM	611&5679	ἀποκρίνομαι	ἀποκριθείς	
Matt 13:37	εἶπεν	V-2AAI-3S	V-2AAI-3S	3004&5627	λέγω	εἶπεν	
Matt 13:37	Ὁ	T-NSM	T-NSM	3588	ὁ	Ὁ	
Matt 13:37	σπείρων	V-PAP-NSM	V-PAP-NSM	4687&5723	σπείρω	σπείρων	
Matt 13:37	τὸ	T-ASN	T-ASN	3588	ὁ	τό	
Matt 13:37	καλὸν	A-ASN	A-ASN	2570	καλός	καλόν	
Matt 13:37	σπέρμα	N-ASN	N-ASN	4690	σπέρμα	σπέρμα	
Matt 13:37	ἐστὶν	V-PAI-3S	V-PAI-3S	1510&5719	εἰμί	ἐστίν	
Matt 13:37	ὁ	T-NSM	T-NSM	3588	ὁ	ὁ	
Matt 13:37	Υἱὸς	N-NSM	N-NSM	5207	υἱός	Υἱός	
Matt 13:37	τοῦ	T-GSM	T-GSM	3588	ὁ	τοῦ	
Matt 13:37	ἀνθρώπου·	N-GSM	N-GSM	444	ἄνθρωπος	ἀνθρώπου	
Matt 13:38	ὁ	T-NSM	T-NSM	3588	ὁ	ὁ	
Matt 13:38	δὲ	CONJ	CONJ	1161	δέ	δέ	
Matt 13:38	ἀγρός	N-NSM	N-NSM	68	ἀγρός	ἀγρός	
Matt 13:38	ἐστιν	V-PAI-3S	V-PAI-3S	1510&5719	εἰμί	ἐστιν	
Matt 13:38	ὁ	T-NSM	T-NSM	3588	ὁ	ὁ	
Matt 13:38	κόσμος·	N-NSM	N-NSM	2889	κόσμος	κόσμος	
Matt 13:38	τὸ	T-NSN	T-NSN	3588	ὁ	τό	
Matt 13:38	δὲ	CONJ	CONJ	1161	δέ	δέ	
Matt 13:38	καλὸν	A-NSN	A-NSN	2570	καλός	καλόν	
Matt 13:38	σπέρμα,	N-NSN	N-NSN	4690	σπέρμα	σπέρμα	
Matt 13:38	οὗτοί	D-NPM	D-NPM	3778	οὗτος	οὗτοι	
Matt 13:38	εἰσιν	V-PAI-3P	V-PAI-3P	1510&5719	εἰμί	εἰσιν	
Matt 13:38	οἱ	T-NPM	T-NPM	3588	ὁ	οἱ	
Matt 13:38	υἱοὶ	N-NPM	N-NPM	5207	υἱός	υἱοί	
Matt 13:38	τῆς	T-GSF	T-GSF	3588	ὁ	τῆς	
Matt 13:38	βασιλείας·	N-GSF	N-GSF	932	βασιλεία	βασιλείας	
Matt 13:38	τὰ	T-NPN	T-NPN	3588	ὁ	τά	
Matt 13:38	δὲ	CONJ	CONJ	1161	δέ	δέ	
Matt 13:38	ζιζάνιά	N-NPN	N-NPN	2215	ζιζάνιον	ζιζάνια	
Matt 13:38	εἰσιν	V-PAI-3P	V-PAI-3P	1510&5719	εἰμί	εἰσιν	
Matt 13:38	οἱ	T-NPM	T-NPM	3588	ὁ	οἱ	
Matt 13:38	υἱοὶ	N-NPM	N-NPM	5207	υἱός	υἱοί	
Matt 13:38	τοῦ	T-GSM	T-GSM	3588	ὁ	τοῦ	
Matt 13:38	πονηροῦ,	A-GSM	A-GSM	4190	πονηρός	πονηροῦ	
Matt 13:39	ὁ	T-NSM	T-NSM	3588	ὁ	ὁ	
Matt 13:39	δὲ	CONJ	CONJ	1161	δέ	δέ	
Matt 13:39	ἐχθρὸς	A-NSM	A-NSM	2190	ἐχθρός	ἐχθρός	
Matt 13:39	ὁ	T-NSM	T-NSM	3588	ὁ	ὁ	
Matt 13:39	σπείρας	V-AAP-NSM	V-AAP-NSM	4687&5660	σπείρω	σπείρας	
Matt 13:39	αὐτά	P-APN	P-APN	846	αὐτός	αὐτά	
Matt 13:39	ἐστιν	V-PAI-3S	V-PAI-3S	1510&5719	εἰμί	ἐστιν	
Matt 13:39	ὁ	T-NSM	T-NSM	3588	ὁ	ὁ	
Matt 13:39	διάβολος·	A-NSM	A-NSM	1228	διάβολος	διάβολος	
Matt 13:39	ὁ	T-NSM	T-NSM	3588	ὁ	ὁ	
Matt 13:39	δὲ	CONJ	CONJ	1161	δέ	δέ	
Matt 13:39	θερισμὸς	N-NSM	N-NSM	2326	θερισμός	θερισμός	
Matt 13:39	συντέλεια	N-NSF	N-NSF	4930	συντέλεια	συντέλεια	
Matt 13:39	αἰῶνός	N-GSM	N-GSM	165	αἰών	αἰῶνος	
Matt 13:39	ἐστιν,	V-PAI-3S	V-PAI-3S	1510&5719	εἰμί	ἐστιν	
Matt 13:39	οἱ	T-NPM	T-NPM	3588	ὁ	οἱ	
Matt 13:39	δὲ	CONJ	CONJ	1161	δέ	δέ	
Matt 13:39	θερισταὶ	N-NPM	N-NPM	2327	θεριστής	θερισταί	
Matt 13:39	ἄγγελοί	N-NPM	N-NPM	32	ἄγγελος	ἄγγελοι	
Matt 13:39	εἰσιν.	V-PAI-3P	V-PAI-3P	1510&5719	εἰμί	εἰσιν	
Matt 13:40	ὥσπερ	ADV	ADV	5618	ὥσπερ	ὥσπερ	
Matt 13:40	οὖν	CONJ	CONJ	3767	οὖν	οὖν	
Matt 13:40	συλλέγεται	V-PPI-3S	V-PEI-3S	4816&5743	συλλέγω	συλλέγεται	
Matt 13:40	τὰ	T-NPN	T-NPN	3588	ὁ	τά	
Matt 13:40	ζιζάνια	N-NPN	N-NPN	2215	ζιζάνιον	ζιζάνια	
Matt 13:40	καὶ	CONJ	CONJ	2532	καί	καί	
Matt 13:40	πυρὶ	N-DSN	N-DSN	4442	πῦρ	πυρί	
Matt 13:40	κατακαίεται,	V-PPI-3S	V-PEI-3S	2618&5743	κατακαίω	κατακαίεται	
Matt 13:40	οὕτως	ADV	ADV	3779	οὕτω	οὕτως	
Matt 13:40	ἔσται	V-FDI-3S	V-FDI-3S	1510&5695	εἰμί	ἔσται	
Matt 13:40	ἐν	PREP	PREP	1722	ἐν	ἐν	
Matt 13:40	τῇ	T-DSF	T-DSF	3588	ὁ	τῇ	
Matt 13:40	συντελείᾳ	N-DSF	N-DSF	4930	συντέλεια	συντελείᾳ	
Matt 13:40	τοῦ	T-GSM	T-GSM	3588	ὁ	τοῦ	
Matt 13:40	αἰῶνος.	N-GSM	N-GSM	165	αἰών	αἰῶνος	
Matt 13:41	ἀποστελεῖ	V-FAI-3S	V-FAI-3S	649&5692	ἀποστέλλω	ἀποστελεῖ	
Matt 13:41	ὁ	T-NSM	T-NSM	3588	ὁ	ὁ	
Matt 13:41	Υἱὸς	N-NSM	N-NSM	5207	υἱός	Υἱός	
Matt 13:41	τοῦ	T-GSM	T-GSM	3588	ὁ	τοῦ	
Matt 13:41	ἀνθρώπου	N-GSM	N-GSM	444	ἄνθρωπος	ἀνθρώπου	
Matt 13:41	τοὺς	T-APM	T-APM	3588	ὁ	τούς	
Matt 13:41	ἀγγέλους	N-APM	N-APM	32	ἄγγελος	ἀγγέλους	
Matt 13:41	αὐτοῦ,	P-GSM	P-GSM	846	αὐτός	αὐτοῦ	
Matt 13:41	καὶ	CONJ	CONJ	2532	καί	καί	
Matt 13:41	συλλέξουσιν	V-FAI-3P	V-FAI-3P	4816&5692	συλλέγω	συλλέξουσιν	
Matt 13:41	ἐκ	PREP	PREP	1537	ἐκ	ἐκ	
Matt 13:41	τῆς	T-GSF	T-GSF	3588	ὁ	τῆς	
Matt 13:41	βασιλείας	N-GSF	N-GSF	932	βασιλεία	βασιλείας	
Matt 13:41	αὐτοῦ	P-GSM	P-GSM	846	αὐτός	αὐτοῦ	
Matt 13:41	πάντα	A-APN	A-APN	3956	πᾶς	πάντα	
Matt 13:41	τὰ	T-APN	T-APN	3588	ὁ	τά	
Matt 13:41	σκάνδαλα	N-APN	N-APN	4625	σκάνδαλον	σκάνδαλα	
Matt 13:41	καὶ	CONJ	CONJ	2532	καί	καί	
Matt 13:41	τοὺς	T-APM	T-APM	3588	ὁ	τούς	
Matt 13:41	ποιοῦντας	V-PAP-APM	V-PAP-APM	4160&5723	ποιέω	ποιοῦντας	
Matt 13:41	τὴν	T-ASF	T-ASF	3588	ὁ	τήν	
Matt 13:41	ἀνομίαν,	N-ASF	N-ASF	458	ἀνομία	ἀνομίαν	
Matt 13:42	καὶ	CONJ	CONJ	2532	καί	καί	
Matt 13:42	βαλοῦσιν	V-FAI-3P	V-FAI-3P	906&5692	βάλλω	βαλοῦσιν	
Matt 13:42	αὐτοὺς	P-APM	P-APM	846	αὐτός	αὐτούς	
Matt 13:42	εἰς	PREP	PREP	1519	εἰς	εἰς	
Matt 13:42	τὴν	T-ASF	T-ASF	3588	ὁ	τήν	
Matt 13:42	κάμινον	N-ASF	N-ASF	2575	κάμινος	κάμινον	
Matt 13:42	τοῦ	T-GSN	T-GSN	3588	ὁ	τοῦ	
Matt 13:42	πυρός·	N-GSN	N-GSN	4442	πῦρ	πυρός	
Matt 13:42	ἐκεῖ	ADV	ADV	1563	ἐκεῖ	ἐκεῖ	
Matt 13:42	ἔσται	V-FDI-3S	V-FDI-3S	1510&5695	εἰμί	ἔσται	
Matt 13:42	ὁ	T-NSM	T-NSM	3588	ὁ	ὁ	
Matt 13:42	κλαυθμὸς	N-NSM	N-NSM	2805	κλαυθμός	κλαυθμός	
Matt 13:42	καὶ	CONJ	CONJ	2532	καί	καί	
Matt 13:42	ὁ	T-NSM	T-NSM	3588	ὁ	ὁ	
Matt 13:42	βρυγμὸς	N-NSM	N-NSM	1030	βρυγμός	βρυγμός	
Matt 13:42	τῶν	T-GPM	T-GPM	3588	ὁ	τῶν	
Matt 13:42	ὀδόντων.	N-GPM	N-GPM	3599	ὀδούς	ὀδόντων	
Matt 13:43	τότε	ADV	ADV	5119	τότε	τότε	
Matt 13:43	οἱ	T-NPM	T-NPM	3588	ὁ	οἱ	
Matt 13:43	δίκαιοι	A-NPM	A-NPM	1342	δίκαιος	δίκαιοι	
Matt 13:43	ἐκλάμψουσιν	V-FAI-3P	V-FAI-3P	1584&5692	ἐκλάμπω	ἐκλάμψουσιν	
Matt 13:43	ὡς	ADV	ADV	5613	ὡς	ὡς	
Matt 13:43	ὁ	T-NSM	T-NSM	3588	ὁ	ὁ	
Matt 13:43	ἥλιος	N-NSM	N-NSM	2246	ἥλιος	ἥλιος	
Matt 13:43	ἐν	PREP	PREP	1722	ἐν	ἐν	
Matt 13:43	τῇ	T-DSF	T-DSF	3588	ὁ	τῇ	
Matt 13:43	βασιλείᾳ	N-DSF	N-DSF	932	βασιλεία	βασιλείᾳ	
Matt 13:43	τοῦ	T-GSM	T-GSM	3588	ὁ	τοῦ	
Matt 13:43	Πατρὸς	N-GSM	N-GSM	3962	πατήρ	Πατρός	
Matt 13:43	αὐτῶν.	P-GPM	P-GPM	846	αὐτός	αὐτῶν	
Matt 13:43	ὁ	T-NSM	T-NSM	3588	ὁ	ὁ	
Matt 13:43	ἔχων	V-PAP-NSM	V-PAP-NSM	2192&5723	ἔχω	ἔχων	
Matt 13:43	ὦτα	N-APN	N-APN	3775	οὖς	ὦτα	
Matt 13:43	ἀκουέτω.	V-PAM-3S	V-PAM-3S	191&5720	ἀκούω	ἀκουέτω	
Matt 13:44	Ὁμοία	A-NSF	A-NSF	3664	ὅμοιος	Ὁμοία	
Matt 13:44	ἐστὶν	V-PAI-3S	V-PAI-3S	1510&5719	εἰμί	ἐστίν	
Matt 13:44	ἡ	T-NSF	T-NSF	3588	ὁ	ἡ	
Matt 13:44	βασιλεία	N-NSF	N-NSF	932	βασιλεία	βασιλεία	
Matt 13:44	τῶν	T-GPM	T-GPM	3588	ὁ	τῶν	
Matt 13:44	οὐρανῶν	N-GPM	N-GPM	3772	οὐρανός	οὐρανῶν	
Matt 13:44	θησαυρῷ	N-DSM	N-DSM	2344	θησαυρός	θησαυρῷ	
Matt 13:44	κεκρυμμένῳ	V-RPP-DSM	V-RPP-DSM	2928&5772	κρύπτω	κεκρυμμένῳ	
Matt 13:44	ἐν	PREP	PREP	1722	ἐν	ἐν	
Matt 13:44	τῷ	T-DSM	T-DSM	3588	ὁ	τῷ	
Matt 13:44	ἀγρῷ,	N-DSM	N-DSM	68	ἀγρός	ἀγρῷ	
Matt 13:44	ὃν	R-ASM	R-ASM	3739	ὅς	ὅν	
Matt 13:44	εὑρὼν	V-2AAP-NSM	V-2AAP-NSM	2147&5631	εὑρίσκω	εὑρών	
Matt 13:44	ἄνθρωπος	N-NSM	N-NSM	444	ἄνθρωπος	ἄνθρωπος	
Matt 13:44	ἔκρυψεν,	V-AAI-3S	V-AAI-3S	2928&5656	κρύπτω	ἔκρυψεν	
Matt 13:44	καὶ	CONJ	CONJ	2532	καί	καί	
Matt 13:44	ἀπὸ	PREP	PREP	575	ἀπό	ἀπό	
Matt 13:44	τῆς	T-GSF	T-GSF	3588	ὁ	τῆς	
Matt 13:44	χαρᾶς	N-GSF	N-GSF	5479	χαρά	χαρᾶς	
Matt 13:44	αὐτοῦ	P-GSM	P-GSM	846	αὐτός	αὐτοῦ	
Matt 13:44	ὑπάγει	V-PAI-3S	V-PAI-3S	5217&5719	ὑπάγω	ὑπάγει	
Matt 13:44	καὶ	CONJ	CONJ	2532	καί	καί	
Matt 13:44	πωλεῖ	V-PAI-3S	V-PAI-3S	4453&5719	πωλέω	πωλεῖ	
Matt 13:44	ὅσα	K-APN	K-APN	3745	ὅσος	ὅσα	
Matt 13:44	ἔχει	V-PAI-3S	V-PAI-3S	2192&5719	ἔχω	ἔχει	
Matt 13:44	καὶ	CONJ	CONJ	2532	καί	καί	
Matt 13:44	ἀγοράζει	V-PAI-3S	V-PAI-3S	59&5719	ἀγοράζω	ἀγοράζει	
Matt 13:44	τὸν	T-ASM	T-ASM	3588	ὁ	τόν	
Matt 13:44	ἀγρὸν	N-ASM	N-ASM	68	ἀγρός	ἀγρόν	
Matt 13:44	ἐκεῖνον.	D-ASM	D-ASM	1565	ἐκεῖνος	ἐκεῖνον	
Matt 13:45	Πάλιν	ADV	ADV	3825	πάλιν	Πάλιν	
Matt 13:45	ὁμοία	A-NSF	A-NSF	3664	ὅμοιος	ὁμοία	
Matt 13:45	ἐστὶν	V-PAI-3S	V-PAI-3S	1510&5719	εἰμί	ἐστίν	
Matt 13:45	ἡ	T-NSF	T-NSF	3588	ὁ	ἡ	
Matt 13:45	βασιλεία	N-NSF	N-NSF	932	βασιλεία	βασιλεία	
Matt 13:45	τῶν	T-GPM	T-GPM	3588	ὁ	τῶν	
Matt 13:45	οὐρανῶν	N-GPM	N-GPM	3772	οὐρανός	οὐρανῶν	
Matt 13:45	ἐμπόρῳ	N-DSM	N-DSM	1713	ἔμπορος	ἐμπόρῳ	
Matt 13:45	ζητοῦντι	V-PAP-DSM	V-PAP-DSM	2212&5723	ζητέω	ζητοῦντι	
Matt 13:45	καλοὺς	A-APM	A-APM	2570	καλός	καλούς	
Matt 13:45	μαργαρίτας·	N-APM	N-APM	3135	μαργαρίτης	μαργαρίτας	
Matt 13:46	εὑρὼν	V-2AAP-NSM	V-2AAP-NSM	2147&5631	εὑρίσκω	εὑρών	
Matt 13:46	δὲ	CONJ	CONJ	1161	δέ	δέ	
Matt 13:46	ἕνα	A-ASM	A-ASM	1520	εἷς	ἕνα	
Matt 13:46	πολύτιμον	A-ASM	A-ASM	4186	πολύτιμος	πολύτιμον	
Matt 13:46	μαργαρίτην	N-ASM	N-ASM	3135	μαργαρίτης	μαργαρίτην	
Matt 13:46	ἀπελθὼν	V-2AAP-NSM	V-2AAP-NSM	565&5631	ἀπέρχομαι	ἀπελθών	
Matt 13:46	πέπρακεν	V-RAI-3S	V-RAI-3S	4097&5758	πιπράσκω	πέπρακεν	
Matt 13:46	πάντα	A-APN	A-APN	3956	πᾶς	πάντα	
Matt 13:46	ὅσα	K-APN	K-APN	3745	ὅσος	ὅσα	
Matt 13:46	εἶχεν	V-IAI-3S	V-IAI-3S	2192&5707	ἔχω	εἶχεν	
Matt 13:46	καὶ	CONJ	CONJ	2532	καί	καί	
Matt 13:46	ἠγόρασεν	V-AAI-3S	V-AAI-3S	59&5656	ἀγοράζω	ἠγόρασεν	
Matt 13:46	αὐτόν.	P-ASM	P-ASM	846	αὐτός	αὐτόν	
Matt 13:47	Πάλιν	ADV	ADV	3825	πάλιν	Πάλιν	
Matt 13:47	ὁμοία	A-NSF	A-NSF	3664	ὅμοιος	ὁμοία	
Matt 13:47	ἐστὶν	V-PAI-3S	V-PAI-3S	1510&5719	εἰμί	ἐστίν	
Matt 13:47	ἡ	T-NSF	T-NSF	3588	ὁ	ἡ	
Matt 13:47	βασιλεία	N-NSF	N-NSF	932	βασιλεία	βασιλεία	
Matt 13:47	τῶν	T-GPM	T-GPM	3588	ὁ	τῶν	
Matt 13:47	οὐρανῶν	N-GPM	N-GPM	3772	οὐρανός	οὐρανῶν	
Matt 13:47	σαγήνῃ	N-DSF	N-DSF	4522	σαγήνη	σαγήνῃ	
Matt 13:47	βληθείσῃ	V-APP-DSF	V-APP-DSF	906&5685	βάλλω	βληθείσῃ	
Matt 13:47	εἰς	PREP	PREP	1519	εἰς	εἰς	
Matt 13:47	τὴν	T-ASF	T-ASF	3588	ὁ	τήν	
Matt 13:47	θάλασσαν	N-ASF	N-ASF	2281	θάλασσα	θάλασσαν	
Matt 13:47	καὶ	CONJ	CONJ	2532	καί	καί	
Matt 13:47	ἐκ	PREP	PREP	1537	ἐκ	ἐκ	
Matt 13:47	παντὸς	A-GSN	A-GSN	3956	πᾶς	παντός	
Matt 13:47	γένους	N-GSN	N-GSN	1085	γένος	γένους	
Matt 13:47	συναγαγούσῃ·	V-2AAP-DSF	V-2AAP-DSF	4863&5631	συνάγω	συναγαγούσῃ	
Matt 13:48	ἣν	R-ASF	R-ASF	3739	ὅς	ἥν	
Matt 13:48	ὅτε	ADV	ADV	3753	ὅτε	ὅτε	
Matt 13:48	ἐπληρώθη	V-API-3S	V-API-3S	4137&5681	πληρόω	ἐπληρώθη	
Matt 13:48	ἀναβιβάσαντες	V-AAP-NPM	V-AAP-NPM	307&5660	ἀναβιβάζω	ἀναβιβάσαντες	
Matt 13:48	ἐπὶ	PREP	PREP	1909	ἐπί	ἐπί	
Matt 13:48	τὸν	T-ASM	T-ASM	3588	ὁ	τόν	
Matt 13:48	αἰγιαλὸν	N-ASM	N-ASM	123	αἰγιαλός	αἰγιαλόν	
Matt 13:48	καὶ	CONJ	CONJ	2532	καί	καί	
Matt 13:48	καθίσαντες	V-AAP-NPM	V-AAP-NPM	2523&5660	καθίζω	καθίσαντες	
Matt 13:48	συνέλεξαν	V-AAI-3P	V-AAI-3P	4816&5656	συλλέγω	συνέλεξαν	
Matt 13:48	τὰ	T-APN	T-APN	3588	ὁ	τά	
Matt 13:48	καλὰ	A-APN	A-APN	2570	καλός	καλά	
Matt 13:48	εἰς	PREP	PREP	1519	εἰς	εἰς	
Matt 13:48	ἄγγη,	N-APN	N-APN	030	ἄγγος	ἄγγη	
Matt 13:48	τὰ	T-APN	T-APN	3588	ὁ	τά	
Matt 13:48	δὲ	CONJ	CONJ	1161	δέ	δέ	
Matt 13:48	σαπρὰ	A-APN	A-APN	4550	σαπρός	σαπρά	
Matt 13:48	ἔξω	ADV	ADV	1854	ἔξω	ἔξω	
Matt 13:48	ἔβαλον.	V-2AAI-3P	V-2AAI-3P	906&5627	βάλλω	ἔβαλον	
Matt 13:49	οὕτως	ADV	ADV	3779	οὕτω	οὕτως	
Matt 13:49	ἔσται	V-FDI-3S	V-FDI-3S	1510&5695	εἰμί	ἔσται	
Matt 13:49	ἐν	PREP	PREP	1722	ἐν	ἐν	
Matt 13:49	τῇ	T-DSF	T-DSF	3588	ὁ	τῇ	
Matt 13:49	συντελείᾳ	N-DSF	N-DSF	4930	συντέλεια	συντελείᾳ	
Matt 13:49	τοῦ	T-GSM	T-GSM	3588	ὁ	τοῦ	
Matt 13:49	αἰῶνος·	N-GSM	N-GSM	165	αἰών	αἰῶνος	
Matt 13:49	ἐξελεύσονται	V-FDI-3P	V-FDI-3P	1831&5695	ἐξέρχομαι	ἐξελεύσονται	
Matt 13:49	οἱ	T-NPM	T-NPM	3588	ὁ	οἱ	
Matt 13:49	ἄγγελοι	N-NPM	N-NPM	32	ἄγγελος	ἄγγελοι	
Matt 13:49	καὶ	CONJ	CONJ	2532	καί	καί	
Matt 13:49	ἀφοριοῦσιν	V-FAI-3P-ATT	V-FAI-3P-ATT	873&5692	ἀφορίζω	ἀφοριοῦσιν	
Matt 13:49	τοὺς	T-APM	T-APM	3588	ὁ	τούς	
Matt 13:49	πονηροὺς	A-APM	A-APM	4190	πονηρός	πονηρούς	
Matt 13:49	ἐκ	PREP	PREP	1537	ἐκ	ἐκ	
Matt 13:49	μέσου	A-GSN	A-GSN	3319	μέσος	μέσου	
Matt 13:49	τῶν	T-GPM	T-GPM	3588	ὁ	τῶν	
Matt 13:49	δικαίων,	A-GPM	A-GPM	1342	δίκαιος	δικαίων	
Matt 13:50	καὶ	CONJ	CONJ	2532	καί	καί	
Matt 13:50	βαλοῦσιν	V-FAI-3P	V-FAI-3P	906&5692	βάλλω	βαλοῦσιν	
Matt 13:50	αὐτοὺς	P-APM	P-APM	846	αὐτός	αὐτούς	
Matt 13:50	εἰς	PREP	PREP	1519	εἰς	εἰς	
Matt 13:50	τὴν	T-ASF	T-ASF	3588	ὁ	τήν	
Matt 13:50	κάμινον	N-ASF	N-ASF	2575	κάμινος	κάμινον	
Matt 13:50	τοῦ	T-GSN	T-GSN	3588	ὁ	τοῦ	
Matt 13:50	πυρός·	N-GSN	N-GSN	4442	πῦρ	πυρός	
Matt 13:50	ἐκεῖ	ADV	ADV	1563	ἐκεῖ	ἐκεῖ	
Matt 13:50	ἔσται	V-FDI-3S	V-FDI-3S	1510&5695	εἰμί	ἔσται	
Matt 13:50	ὁ	T-NSM	T-NSM	3588	ὁ	ὁ	
Matt 13:50	κλαυθμὸς	N-NSM	N-NSM	2805	κλαυθμός	κλαυθμός	
Matt 13:50	καὶ	CONJ	CONJ	2532	καί	καί	
Matt 13:50	ὁ	T-NSM	T-NSM	3588	ὁ	ὁ	
Matt 13:50	βρυγμὸς	N-NSM	N-NSM	1030	βρυγμός	βρυγμός	
Matt 13:50	τῶν	T-GPM	T-GPM	3588	ὁ	τῶν	
Matt 13:50	ὀδόντων.	N-GPM	N-GPM	3599	ὀδούς	ὀδόντων	
Matt 13:51	Συνήκατε	V-AAI-2P	V-AAI-2P	4920&5656	συνίημι	Συνήκατε	
Matt 13:51	ταῦτα	D-APN	D-APN	3778	οὗτος	ταῦτα	
Matt 13:51	πάντα;	A-APN	A-APN	3956	πᾶς	πάντα	
Matt 13:51	λέγουσιν	V-PAI-3P	V-PAI-3P	3004&5719	λέγω	λέγουσιν	
Matt 13:51	αὐτῷ	P-DSM	P-DSM	846	αὐτός	αὐτῷ	
Matt 13:51	Ναί.	PRT	PRT	3483	ναί	Ναί	
Matt 13:52	ὁ	T-NSM	T-NSM	3588	ὁ	ὁ	
Matt 13:52	δὲ	CONJ	CONJ	1161	δέ	δέ	
Matt 13:52	εἶπεν	V-2AAI-3S	V-2AAI-3S	3004&5627	λέγω	εἶπεν	
Matt 13:52	αὐτοῖς	P-DPM	P-DPM	846	αὐτός	αὐτοῖς	
Matt 13:52	Διὰ	PREP	PREP	1223	διά	Διά	
Matt 13:52	τοῦτο	D-ASN	D-ASN	3778	οὗτος	τοῦτο	
Matt 13:52	πᾶς	A-NSM	A-NSM	3956	πᾶς	πᾶς	
Matt 13:52	γραμματεὺς	N-NSM	N-NSM	1122	γραμματεύς	γραμματεύς	
Matt 13:52	μαθητευθεὶς	V-APP-NSM	V-APP-NSM	3100&5685	μαθητεύω	μαθητευθείς	
Matt 13:52	τῇ	T-DSF	T-DSF	3588	ὁ	τῇ	
Matt 13:52	βασιλείᾳ	N-DSF	N-DSF	932	βασιλεία	βασιλείᾳ	
Matt 13:52	τῶν	T-GPM	T-GPM	3588	ὁ	τῶν	
Matt 13:52	οὐρανῶν	N-GPM	N-GPM	3772	οὐρανός	οὐρανῶν	
Matt 13:52	ὅμοιός	A-NSM	A-NSM	3664	ὅμοιος	ὅμοιος	
Matt 13:52	ἐστιν	V-PAI-3S	V-PAI-3S	1510&5719	εἰμί	ἐστιν	
Matt 13:52	ἀνθρώπῳ	N-DSM	N-DSM	444	ἄνθρωπος	ἀνθρώπῳ	
Matt 13:52	οἰκοδεσπότῃ	N-DSM	N-DSM	3617	οἰκοδεσπότης	οἰκοδεσπότῃ	
Matt 13:52	ὅστις	R-NSM	R-NSM	3748	ὅστις	ὅστις	
Matt 13:52	ἐκβάλλει	V-PAI-3S	V-PAI-3S	1544&5719	ἐκβάλλω	ἐκβάλλει	
Matt 13:52	ἐκ	PREP	PREP	1537	ἐκ	ἐκ	
Matt 13:52	τοῦ	T-GSM	T-GSM	3588	ὁ	τοῦ	
Matt 13:52	θησαυροῦ	N-GSM	N-GSM	2344	θησαυρός	θησαυροῦ	
Matt 13:52	αὐτοῦ	P-GSM	P-GSM	846	αὐτός	αὐτοῦ	
Matt 13:52	καινὰ	A-APN	A-APN	2537	καινός	καινά	
Matt 13:52	καὶ	CONJ	CONJ	2532	καί	καί	
Matt 13:52	παλαιά.	A-APN	A-APN	3820	παλαιός	παλαιά	
Matt 13:53	Καὶ	CONJ	CONJ	2532	καί	Καί	
Matt 13:53	ἐγένετο	V-2ADI-3S	V-2ADI-3S	1096&5633	γίνομαι	ἐγένετο	
Matt 13:53	ὅτε	ADV	ADV	3753	ὅτε	ὅτε	
Matt 13:53	ἐτέλεσεν	V-AAI-3S	V-AAI-3S	5055&5656	τελέω	ἐτέλεσεν	
Matt 13:53	ὁ	T-NSM	T-NSM	3588	ὁ	ὁ	
Matt 13:53	Ἰησοῦς	N-NSM	N-NSM	2424	Ἰησοῦς	Ἰησοῦς	
Matt 13:53	τὰς	T-APF	T-APF	3588	ὁ	τάς	
Matt 13:53	παραβολὰς	N-APF	N-APF	3850	παραβολή	παραβολάς	
Matt 13:53	ταύτας,	D-APF	D-APF	3778	οὗτος	ταύτας	
Matt 13:53	μετῆρεν	V-AAI-3S	V-AAI-3S	3332&5656	μεταίρω	μετῆρεν	
Matt 13:53	ἐκεῖθεν.	ADV	ADV	1564	ἐκεῖθεν	ἐκεῖθεν	
Matt 13:54	καὶ	CONJ	CONJ	2532	καί	καί	
Matt 13:54	ἐλθὼν	V-2AAP-NSM	V-2AAP-NSM	2064&5631	ἔρχομαι	ἐλθών	
Matt 13:54	εἰς	PREP	PREP	1519	εἰς	εἰς	
Matt 13:54	τὴν	T-ASF	T-ASF	3588	ὁ	τήν	
Matt 13:54	πατρίδα	N-ASF	N-ASF	3968	πατρίς	πατρίδα	
Matt 13:54	αὐτοῦ	P-GSM	P-GSM	846	αὐτός	αὐτοῦ	
Matt 13:54	ἐδίδασκεν	V-IAI-3S	V-IAI-3S	1321&5707	διδάσκω	ἐδίδασκεν	
Matt 13:54	αὐτοὺς	P-APM	P-APM	846	αὐτός	αὐτούς	
Matt 13:54	ἐν	PREP	PREP	1722	ἐν	ἐν	
Matt 13:54	τῇ	T-DSF	T-DSF	3588	ὁ	τῇ	
Matt 13:54	συναγωγῇ	N-DSF	N-DSF	4864	συναγωγή	συναγωγῇ	
Matt 13:54	αὐτῶν,	P-GPM	P-GPM	846	αὐτός	αὐτῶν	
Matt 13:54	ὥστε	CONJ	CONJ	5620	ὥστε	ὥστε	
Matt 13:54	ἐκπλήσσεσθαι	V-PPN	V-PEN	1605&5745	ἐκπλήσσω	ἐκπλήσσεσθαι	
Matt 13:54	αὐτοὺς	P-APM	P-APM	846	αὐτός	αὐτούς	
Matt 13:54	καὶ	CONJ	CONJ	2532	καί	καί	
Matt 13:54	λέγειν	V-PAN	V-PAN	3004&5721	λέγω	λέγειν	
Matt 13:54	Πόθεν	ADV-I	ADV-I	4159	πόθεν	Πόθεν	
Matt 13:54	τούτῳ	D-DSM	D-DSM	3778	οὗτος	τούτῳ	
Matt 13:54	ἡ	T-NSF	T-NSF	3588	ὁ	ἡ	
Matt 13:54	σοφία	N-NSF	N-NSF	4678	σοφία	σοφία	
Matt 13:54	αὕτη	D-NSF	D-NSF	3778	οὗτος	αὕτη	
Matt 13:54	καὶ	CONJ	CONJ	2532	καί	καί	
Matt 13:54	αἱ	T-NPF	T-NPF	3588	ὁ	αἱ	
Matt 13:54	δυνάμεις;	N-NPF	N-NPF	1411	δύναμις	δυνάμεις	
Matt 13:55	οὐχ	PRT-N	PRT-N	3756	οὐ	οὐχ	
Matt 13:55	οὗτός	D-NSM	D-NSM	3778	οὗτος	οὗτος	
Matt 13:55	ἐστιν	V-PAI-3S	V-PAI-3S	1510&5719	εἰμί	ἐστιν	
Matt 13:55	ὁ	T-NSM	T-NSM	3588	ὁ	ὁ	
Matt 13:55	τοῦ	T-GSM	T-GSM	3588	ὁ	τοῦ	
Matt 13:55	τέκτονος	N-GSM	N-GSM	5045	τέκτων	τέκτονος	
Matt 13:55	υἱός;	N-NSM	N-NSM	5207	υἱός	υἱός	
Matt 13:55	οὐχ	PRT-N	PRT-N	3756	οὐ	οὐχ	
Matt 13:55	ἡ	T-NSF	T-NSF	3588	ὁ	ἡ	
Matt 13:55	μήτηρ	N-NSF	N-NSF	3384	μήτηρ	μήτηρ	
Matt 13:55	αὐτοῦ	P-GSM	P-GSM	846	αὐτός	αὐτοῦ	
Matt 13:55	λέγεται	V-PPI-3S	V-PEI-3S	3004&5743	λέγω	λέγεται	
Matt 13:55	Μαριὰμ	N-PRI	N-PRI	3137	Μαρία	Μαριάμ	
Matt 13:55	καὶ	CONJ	CONJ	2532	καί	καί	
Matt 13:55	οἱ	T-NPM	T-NPM	3588	ὁ	οἱ	
Matt 13:55	ἀδελφοὶ	N-NPM	N-NPM	80	ἀδελφός	ἀδελφοί	
Matt 13:55	αὐτοῦ	P-GSM	P-GSM	846	αὐτός	αὐτοῦ	
Matt 13:55	Ἰάκωβος	N-NSM	N-NSM	2385	Ἰάκωβος	Ἰάκωβος	
Matt 13:55	καὶ	CONJ	CONJ	2532	καί	καί	
Matt 13:55	Ἰωσὴφ	N-PRI	N-PRI	2501	Ἰωσήφ	Ἰωσήφ	
Matt 13:55	καὶ	CONJ	CONJ	2532	καί	καί	
Matt 13:55	Σίμων	N-NSM	N-NSM	4613	Σίμων	Σίμων	
Matt 13:55	καὶ	CONJ	CONJ	2532	καί	καί	
Matt 13:55	Ἰούδας;	N-NSM	N-NSM	2455	Ἰούδας	Ἰούδας	
Matt 13:56	καὶ	CONJ	CONJ	2532	καί	καί	
Matt 13:56	αἱ	T-NPF	T-NPF	3588	ὁ	αἱ	
Matt 13:56	ἀδελφαὶ	N-NPF	N-NPF	79	ἀδελφή	ἀδελφαί	
Matt 13:56	αὐτοῦ	P-GSM	P-GSM	846	αὐτός	αὐτοῦ	
Matt 13:56	οὐχὶ	PRT-I	PRT-I	3780	οὐχί	οὐχί	
Matt 13:56	πᾶσαι	A-NPF	A-NPF	3956	πᾶς	πᾶσαι	
Matt 13:56	πρὸς	PREP	PREP	4314	πρός	πρός	
Matt 13:56	ἡμᾶς	P-1AP	P-1AP	1473	ἐγώ	ἡμᾶς	
Matt 13:56	εἰσιν;	V-PAI-3P	V-PAI-3P	1510	εἰμί	εἰσιν	
Matt 13:56	πόθεν	ADV-I	ADV-I	4159	πόθεν	πόθεν	
Matt 13:56	οὖν	CONJ	CONJ	3767	οὖν	οὖν	
Matt 13:56	τούτῳ	D-DSM	D-DSM	3778	οὗτος	τούτῳ	
Matt 13:56	ταῦτα	D-NPN	D-NPN	3778	οὗτος	ταῦτα	
Matt 13:56	πάντα;	A-NPN	A-NPN	3956	πᾶς	πάντα	
Matt 13:57	καὶ	CONJ	CONJ	2532	καί	καί	
Matt 13:57	ἐσκανδαλίζοντο	V-IPI-3P	V-IEI-3P	4624&5712	σκανδαλίζω	ἐσκανδαλίζοντο	
Matt 13:57	ἐν	PREP	PREP	1722	ἐν	ἐν	
Matt 13:57	αὐτῷ.	P-DSM	P-DSM	846	αὐτός	αὐτῷ	
Matt 13:57	ὁ	T-NSM	T-NSM	3588	ὁ	ὁ	
Matt 13:57	δὲ	CONJ	CONJ	1161	δέ	δέ	
Matt 13:57	Ἰησοῦς	N-NSM	N-NSM	2424	Ἰησοῦς	Ἰησοῦς	
Matt 13:57	εἶπεν	V-2AAI-3S	V-2AAI-3S	3004&5627	λέγω	εἶπεν	
Matt 13:57	αὐτοῖς	P-DPM	P-DPM	846	αὐτός	αὐτοῖς	
Matt 13:57	Οὐκ	PRT-N	PRT-N	3756	οὐ	Οὐκ	
Matt 13:57	ἔστιν	V-PAI-3S	V-PAI-3S	1510&5719	εἰμί	ἔστιν	
Matt 13:57	προφήτης	N-NSM	N-NSM	4396	προφήτης	προφήτης	
Matt 13:57	ἄτιμος	A-NSM	A-NSM	820	ἄτιμος	ἄτιμος	
Matt 13:57	εἰ	COND	COND	1487	εἰ	εἰ	
Matt 13:57	μὴ	PRT-N	PRT-N	3361	μή	μή	
Matt 13:57	ἐν	PREP	PREP	1722	ἐν	ἐν	
Matt 13:57	τῇ	T-DSF	T-DSF	3588	ὁ	τῇ	
Matt 13:57	πατρίδι	N-DSF	N-DSF	3968	πατρίς	πατρίδι	
Matt 13:57	καὶ	CONJ	CONJ	2532	καί	καί	
Matt 13:57	ἐν	PREP	PREP	1722	ἐν	ἐν	
Matt 13:57	τῇ	T-DSF	T-DSF	3588	ὁ	τῇ	
Matt 13:57	οἰκίᾳ	N-DSF	N-DSF	3614	οἰκία	οἰκίᾳ	
Matt 13:57	αὐτοῦ.	P-GSM	P-GSM	846	αὐτός	αὐτοῦ	
Matt 13:58	καὶ	CONJ	CONJ	2532	καί	καί	
Matt 13:58	οὐκ	PRT-N	PRT-N	3756	οὐ	οὐκ	
Matt 13:58	ἐποίησεν	V-AAI-3S	V-AAI-3S	4160&5656	ποιέω	ἐποίησεν	
Matt 13:58	ἐκεῖ	ADV	ADV	1563	ἐκεῖ	ἐκεῖ	
Matt 13:58	δυνάμεις	N-APF	N-APF	1411	δύναμις	δυνάμεις	
Matt 13:58	πολλὰς	A-APF	A-APF	4183	πολύς	πολλάς	
Matt 13:58	διὰ	PREP	PREP	1223	διά	διά	
Matt 13:58	τὴν	T-ASF	T-ASF	3588	ὁ	τήν	
Matt 13:58	ἀπιστίαν	N-ASF	N-ASF	570	ἀπιστία	ἀπιστίαν	
Matt 13:58	αὐτῶν.	P-GPM	P-GPM	846	αὐτός	αὐτῶν	
Matt 14:1	Ἐν	PREP	PREP	1722	ἐν	Ἐν	
Matt 14:1	ἐκείνῳ	D-DSM	D-DSM	1565	ἐκεῖνος	ἐκείνῳ	
Matt 14:1	τῷ	T-DSM	T-DSM	3588	ὁ	τῷ	
Matt 14:1	καιρῷ	N-DSM	N-DSM	2540	καιρός	καιρῷ	
Matt 14:1	ἤκουσεν	V-AAI-3S	V-AAI-3S	191&5656	ἀκούω	ἤκουσεν	
Matt 14:1	Ἡρῴδης	N-NSM	N-NSM	2264	Ἡρῴδης	Ἡρῴδης	
Matt 14:1	ὁ	T-NSM	T-NSM	3588	ὁ	ὁ	
Matt 14:1	τετραάρχης	N-NSM	N-NSM	5076	τετραάρχης	τετραάρχης	
Matt 14:1	τὴν	T-ASF	T-ASF	3588	ὁ	τήν	
Matt 14:1	ἀκοὴν	N-ASF	N-ASF	189	ἀκοή	ἀκοήν	
Matt 14:1	Ἰησοῦ,	N-GSM	N-GSM	2424	Ἰησοῦς	Ἰησοῦ	
Matt 14:2	καὶ	CONJ	CONJ	2532	καί	καί	
Matt 14:2	εἶπεν	V-2AAI-3S	V-2AAI-3S	3004&5627	λέγω	εἶπεν	
Matt 14:2	τοῖς	T-DPM	T-DPM	3588	ὁ	τοῖς	
Matt 14:2	παισὶν	N-DPM	N-DPM	3816	παῖς	παισίν	
Matt 14:2	αὐτοῦ	P-GSM	P-GSM	846	αὐτός	αὐτοῦ	
Matt 14:2	Οὗτός	D-NSM	D-NSM	3778	οὗτος	Οὗτος	
Matt 14:2	ἐστιν	V-PAI-3S	V-PAI-3S	1510&5719	εἰμί	ἐστιν	
Matt 14:2	Ἰωάνης	N-NSM	N-NSM	2491	Ἰωάννης	Ἰωάνης	
Matt 14:2	ὁ	T-NSM	T-NSM	3588	ὁ	ὁ	
Matt 14:2	Βαπτιστής·	N-NSM	N-NSM	910	βαπτιστής	Βαπτιστής	
Matt 14:2	αὐτὸς	P-NSM	P-NSM	846	αὐτός	αὐτός	
Matt 14:2	ἠγέρθη	V-API-3S	V-API-3S	1453&5681	ἐγείρω	ἠγέρθη	
Matt 14:2	ἀπὸ	PREP	PREP	575	ἀπό	ἀπό	
Matt 14:2	τῶν	T-GPM	T-GPM	3588	ὁ	τῶν	
Matt 14:2	νεκρῶν,	A-GPM	A-GPM	3498	νεκρός	νεκρῶν	
Matt 14:2	καὶ	CONJ	CONJ	2532	καί	καί	
Matt 14:2	διὰ	PREP	PREP	1223	διά	διά	
Matt 14:2	τοῦτο	D-ASN	D-ASN	3778	οὗτος	τοῦτο	
Matt 14:2	αἱ	T-NPF	T-NPF	3588	ὁ	αἱ	
Matt 14:2	δυνάμεις	N-NPF	N-NPF	1411	δύναμις	δυνάμεις	
Matt 14:2	ἐνεργοῦσιν	V-PAI-3P	V-PAI-3P	1754&5719	ἐνεργέω	ἐνεργοῦσιν	
Matt 14:2	ἐν	PREP	PREP	1722	ἐν	ἐν	
Matt 14:2	αὐτῷ.	P-DSM	P-DSM	846	αὐτός	αὐτῷ	
Matt 14:3	Ὁ	T-NSM	T-NSM	3588	ὁ	Ὁ	
Matt 14:3	γὰρ	CONJ	CONJ	1063	γάρ	γάρ	
Matt 14:3	Ἡρῴδης	N-NSM	N-NSM	2264	Ἡρῴδης	Ἡρῴδης	
Matt 14:3	κρατήσας	V-AAP-NSM	V-AAP-NSM	2902&5660	κρατέω	κρατήσας	
Matt 14:3	τὸν	T-ASM	T-ASM	3588	ὁ	τόν	
Matt 14:3	Ἰωάνην	N-ASM	N-ASM	2491	Ἰωάννης	Ἰωάνην	
Matt 14:3	ἔδησεν	V-AAI-3S	V-AAI-3S	1210&5656	δέω	ἔδησεν	
Matt 14:3	καὶ	CONJ	CONJ	2532	καί	καί	
Matt 14:3	ἐν	PREP	PREP	1722	ἐν	ἐν	
Matt 14:3	φυλακῇ	N-DSF	N-DSF	5438	φυλακή	φυλακῇ	
Matt 14:3	ἀπέθετο	V-2AMI-3S	V-2AMI-3S	659&5639	ἀποτίθημι	ἀπέθετο	
Matt 14:3	διὰ	PREP	PREP	1223	διά	διά	
Matt 14:3	Ἡρῳδιάδα	N-ASF	N-ASF	2266	Ἡρῳδιάς	Ἡρῳδιάδα	
Matt 14:3	τὴν	T-ASF	T-ASF	3588	ὁ	τήν	
Matt 14:3	γυναῖκα	N-ASF	N-ASF	1135	γυνή	γυναῖκα	
Matt 14:3	Φιλίππου	N-GSM	N-GSM	5376	Φίλιππος	Φιλίππου	
Matt 14:3	τοῦ	T-GSM	T-GSM	3588	ὁ	τοῦ	
Matt 14:3	ἀδελφοῦ	N-GSM	N-GSM	80	ἀδελφός	ἀδελφοῦ	
Matt 14:3	αὐτοῦ·	P-GSM	P-GSM	846	αὐτός	αὐτοῦ	
Matt 14:4	ἔλεγεν	V-IAI-3S	V-IAI-3S	3004&5707	λέγω	ἔλεγεν	
Matt 14:4	γὰρ	CONJ	CONJ	1063	γάρ	γάρ	
Matt 14:4	ὁ	T-NSM	T-NSM	3588	ὁ	ὁ	
Matt 14:4	Ἰωάνης	N-NSM	N-NSM	2491	Ἰωάννης	Ἰωάνης	
Matt 14:4	αὐτῷ	P-DSM	P-DSM	846	αὐτός	αὐτῷ	
Matt 14:4	Οὐκ	PRT-N	PRT-N	3756	οὐ	Οὐκ	
Matt 14:4	ἔξεστίν	V-PAI-3S	V-PAI-3S	1832&5719	ἔξεστι(ν)	ἔξεστιν	
Matt 14:4	σοι	P-2DS	P-2DS	4771	σύ	σοι	
Matt 14:4	ἔχειν	V-PAN	V-PAN	2192&5721	ἔχω	ἔχειν	
Matt 14:4	αὐτήν.	P-ASF	P-ASF	846	αὐτός	αὐτήν	
Matt 14:5	καὶ	CONJ	CONJ	2532	καί	καί	
Matt 14:5	θέλων	V-PAP-NSM	V-PAP-NSM	2309&5723	θέλω	θέλων	
Matt 14:5	αὐτὸν	P-ASM	P-ASM	846	αὐτός	αὐτόν	
Matt 14:5	ἀποκτεῖναι	V-AAN	V-AAN	615&5658	ἀποκτείνω	ἀποκτεῖναι	
Matt 14:5	ἐφοβήθη	V-AOI-3S	V-AOI-3S	5399&5675	φοβέω	ἐφοβήθη	
Matt 14:5	τὸν	T-ASM	T-ASM	3588	ὁ	τόν	
Matt 14:5	ὄχλον,	N-ASM	N-ASM	3793	ὄχλος	ὄχλον	
Matt 14:5	ὅτι	CONJ	CONJ	3754	ὅτι	ὅτι	
Matt 14:5	ὡς	ADV	ADV	5613	ὡς	ὡς	
Matt 14:5	προφήτην	N-ASM	N-ASM	4396	προφήτης	προφήτην	
Matt 14:5	αὐτὸν	P-ASM	P-ASM	846	αὐτός	αὐτόν	
Matt 14:5	εἶχον.	V-IAI-3P	V-IAI-3P	2192&5707	ἔχω	εἶχον	
Matt 14:6	γενεσίοις	N-DPN	N-DPN	1077	γενέσια	γενεσίοις	
Matt 14:6	δὲ	CONJ	CONJ	1161	δέ	δέ	
Matt 14:6	γενομένοις	V-2ADP-DPN	V-2ADP-DPN	1096&5637	γίνομαι	γενομένοις	
Matt 14:6	τοῦ	T-GSM	T-GSM	3588	ὁ	τοῦ	
Matt 14:6	Ἡρῴδου	N-GSM	N-GSM	2264	Ἡρῴδης	Ἡρῴδου	
Matt 14:6	ὠρχήσατο	V-ADI-3S	V-ADI-3S	3738&5662	ὀρχέομαι	ὠρχήσατο	
Matt 14:6	ἡ	T-NSF	T-NSF	3588	ὁ	ἡ	
Matt 14:6	θυγάτηρ	N-NSF	N-NSF	2364	θυγάτηρ	θυγάτηρ	
Matt 14:6	τῆς	T-GSF	T-GSF	3588	ὁ	τῆς	
Matt 14:6	Ἡρῳδιάδος	N-GSF	N-GSF	2266	Ἡρῳδιάς	Ἡρῳδιάδος	
Matt 14:6	ἐν	PREP	PREP	1722	ἐν	ἐν	
Matt 14:6	τῷ	T-DSN	T-DSN	3588	ὁ	τῷ	
Matt 14:6	μέσῳ	A-DSN	A-DSN	3319	μέσος	μέσῳ	
Matt 14:6	καὶ	CONJ	CONJ	2532	καί	καί	
Matt 14:6	ἤρεσεν	V-AAI-3S	V-AAI-3S	700&5656	ἀρέσκω	ἤρεσεν	
Matt 14:6	τῷ	T-DSM	T-DSM	3588	ὁ	τῷ	
Matt 14:6	Ἡρῴδῃ,	N-DSM	N-DSM	2264	Ἡρῴδης	Ἡρῴδῃ	
Matt 14:7	ὅθεν	ADV	ADV	3606	ὅθεν	ὅθεν	
Matt 14:7	μεθ’	PREP	PREP	3326	μετά	μεθ’	
Matt 14:7	ὅρκου	N-GSM	N-GSM	3727	ὅρκος	ὅρκου	
Matt 14:7	ὡμολόγησεν	V-AAI-3S	V-AAI-3S	3670&5656	ὁμολογέω	ὡμολόγησεν	
Matt 14:7	αὐτῇ	P-DSF	P-DSF	846	αὐτός	αὐτῇ	
Matt 14:7	δοῦναι	V-2AAN	V-2AAN	1325&5629	δίδωμι	δοῦναι	
Matt 14:7	ὃ	R-ASN	R-ASN	3739	ὅς	ὅ	
Matt 14:7	ἐὰν	COND	COND	1437	ἐάν	ἐάν	
Matt 14:7	αἰτήσηται.	V-AMS-3S	V-AMS-3S	154&5672	αἰτέω	αἰτήσηται	
Matt 14:8	ἡ	T-NSF	T-NSF	3588	ὁ	ἡ	
Matt 14:8	δὲ	CONJ	CONJ	1161	δέ	δέ	
Matt 14:8	προβιβασθεῖσα	V-APP-NSF	V-APP-NSF	4264&5685	προβιβάζω	προβιβασθεῖσα	
Matt 14:8	ὑπὸ	PREP	PREP	5259	ὑπό	ὑπό	
Matt 14:8	τῆς	T-GSF	T-GSF	3588	ὁ	τῆς	
Matt 14:8	μητρὸς	N-GSF	N-GSF	3384	μήτηρ	μητρός	
Matt 14:8	αὐτῆς	P-GSF	P-GSF	846	αὐτός	αὐτῆς	
Matt 14:8	Δός	V-2AAM-2S	V-2AAM-2S	1325&5628	δίδωμι	Δός	
Matt 14:8	μοι,	P-1DS	P-1DS	1473	ἐγώ	μοι	
Matt 14:8	φησίν,	V-PAI-3S	V-PAI-3S	5346&5719	φημί	φησίν	
Matt 14:8	ὧδε	ADV	ADV	5602	ὧδε	ὧδε	
Matt 14:8	ἐπὶ	PREP	PREP	1909	ἐπί	ἐπί	
Matt 14:8	πίνακι	N-DSM	N-DSM	4094	πίναξ	πίνακι	
Matt 14:8	τὴν	T-ASF	T-ASF	3588	ὁ	τήν	
Matt 14:8	κεφαλὴν	N-ASF	N-ASF	2776	κεφαλή	κεφαλήν	
Matt 14:8	Ἰωάνου	N-GSM	N-GSM	2491	Ἰωάννης	Ἰωάνου	
Matt 14:8	τοῦ	T-GSM	T-GSM	3588	ὁ	τοῦ	
Matt 14:8	Βαπτιστοῦ.	N-GSM	N-GSM	910	βαπτιστής	Βαπτιστοῦ	
Matt 14:9	καὶ	CONJ	CONJ	2532	καί	καί	
Matt 14:9	λυπηθεὶς	V-APP-NSM	V-APP-NSM	3076&5685	λυπέω	λυπηθείς	
Matt 14:9	ὁ	T-NSM	T-NSM	3588	ὁ	ὁ	
Matt 14:9	βασιλεὺς	N-NSM	N-NSM	935	βασιλεύς	βασιλεύς	
Matt 14:9	διὰ	PREP	PREP	1223	διά	διά	
Matt 14:9	τοὺς	T-APM	T-APM	3588	ὁ	τούς	
Matt 14:9	ὅρκους	N-APM	N-APM	3727	ὅρκος	ὅρκους	
Matt 14:9	καὶ	CONJ	CONJ	2532	καί	καί	
Matt 14:9	τοὺς	T-APM	T-APM	3588	ὁ	τούς	
Matt 14:9	συνανακειμένους	V-PNP-APM	V-PNP-APM	4873&5740	συνανάκειμαι	συνανακειμένους	
Matt 14:9	ἐκέλευσεν	V-AAI-3S	V-AAI-3S	2753&5656	κελεύω	ἐκέλευσεν	
Matt 14:9	δοθῆναι,	V-APN	V-APN	1325&5683	δίδωμι	δοθῆναι	
Matt 14:10	καὶ	CONJ	CONJ	2532	καί	καί	
Matt 14:10	πέμψας	V-AAP-NSM	V-AAP-NSM	3992&5660	πέμπω	πέμψας	
Matt 14:10	ἀπεκεφάλισεν	V-AAI-3S	V-AAI-3S	607&5656	ἀποκεφαλίζω	ἀπεκεφάλισεν	
Matt 14:10	Ἰωάνην	N-ASM	N-ASM	2491	Ἰωάννης	Ἰωάνην	
Matt 14:10	ἐν	PREP	PREP	1722	ἐν	ἐν	
Matt 14:10	τῇ	T-DSF	T-DSF	3588	ὁ	τῇ	
Matt 14:10	φυλακῇ.	N-DSF	N-DSF	5438	φυλακή	φυλακῇ	
Matt 14:11	καὶ	CONJ	CONJ	2532	καί	καί	
Matt 14:11	ἠνέχθη	V-API-3S	V-API-3S	5342&5681	φέρω	ἠνέχθη	
Matt 14:11	ἡ	T-NSF	T-NSF	3588	ὁ	ἡ	
Matt 14:11	κεφαλὴ	N-NSF	N-NSF	2776	κεφαλή	κεφαλή	
Matt 14:11	αὐτοῦ	P-GSM	P-GSM	846	αὐτός	αὐτοῦ	
Matt 14:11	ἐπὶ	PREP	PREP	1909	ἐπί	ἐπί	
Matt 14:11	πίνακι	N-DSM	N-DSM	4094	πίναξ	πίνακι	
Matt 14:11	καὶ	CONJ	CONJ	2532	καί	καί	
Matt 14:11	ἐδόθη	V-API-3S	V-API-3S	1325&5681	δίδωμι	ἐδόθη	
Matt 14:11	τῷ	T-DSN	T-DSN	3588	ὁ	τῷ	
Matt 14:11	κορασίῳ,	N-DSN	N-DSN	2877	κοράσιον	κορασίῳ	
Matt 14:11	καὶ	CONJ	CONJ	2532	καί	καί	
Matt 14:11	ἤνεγκεν	V-AAI-3S	V-AAI-3S	5342&5656	φέρω	ἤνεγκεν	
Matt 14:11	τῇ	T-DSF	T-DSF	3588	ὁ	τῇ	
Matt 14:11	μητρὶ	N-DSF	N-DSF	3384	μήτηρ	μητρί	
Matt 14:11	αὐτῆς.	P-GSF	P-GSF	846	αὐτός	αὐτῆς	
Matt 14:12	καὶ	CONJ	CONJ	2532	καί	καί	
Matt 14:12	προσελθόντες	V-2AAP-NPM	V-2AAP-NPM	4334&5631	προσέρχομαι	προσελθόντες	
Matt 14:12	οἱ	T-NPM	T-NPM	3588	ὁ	οἱ	
Matt 14:12	μαθηταὶ	N-NPM	N-NPM	3101	μαθητής	μαθηταί	
Matt 14:12	αὐτοῦ	P-GSM	P-GSM	846	αὐτός	αὐτοῦ	
Matt 14:12	ἦραν	V-AAI-3P	V-AAI-3P	142&5656	αἴρω	ἦραν	
Matt 14:12	τὸ	T-ASN	T-ASN	3588	ὁ	τό	
Matt 14:12	πτῶμα	N-ASN	N-ASN	4430	πτῶμα	πτῶμα	
Matt 14:12	καὶ	CONJ	CONJ	2532	καί	καί	
Matt 14:12	ἔθαψαν	V-AAI-3P	V-AAI-3P	2290&5656	θάπτω	ἔθαψαν	
Matt 14:12	αὐτόν,	P-ASM	P-ASM	846	αὐτός	αὐτόν	
Matt 14:12	καὶ	CONJ	CONJ	2532	καί	καί	
Matt 14:12	ἐλθόντες	V-2AAP-NPM	V-2AAP-NPM	2064&5631	ἔρχομαι	ἐλθόντες	
Matt 14:12	ἀπήγγειλαν	V-AAI-3P	V-AAI-3P	518&5656	ἀπαγγέλλω	ἀπήγγειλαν	
Matt 14:12	τῷ	T-DSM	T-DSM	3588	ὁ	τῷ	
Matt 14:12	Ἰησοῦ.	N-DSM	N-DSM	2424	Ἰησοῦς	Ἰησοῦ	
Matt 14:13	Ἀκούσας	V-AAP-NSM	V-AAP-NSM	191&5660	ἀκούω	Ἀκούσας	
Matt 14:13	δὲ	CONJ	CONJ	1161	δέ	δέ	
Matt 14:13	ὁ	T-NSM	T-NSM	3588	ὁ	ὁ	
Matt 14:13	Ἰησοῦς	N-NSM	N-NSM	2424	Ἰησοῦς	Ἰησοῦς	
Matt 14:13	ἀνεχώρησεν	V-AAI-3S	V-AAI-3S	402&5656	ἀναχωρέω	ἀνεχώρησεν	
Matt 14:13	ἐκεῖθεν	ADV	ADV	1564	ἐκεῖθεν	ἐκεῖθεν	
Matt 14:13	ἐν	PREP	PREP	1722	ἐν	ἐν	
Matt 14:13	πλοίῳ	N-DSN	N-DSN	4143	πλοῖον	πλοίῳ	
Matt 14:13	εἰς	PREP	PREP	1519	εἰς	εἰς	
Matt 14:13	ἔρημον	A-ASM	A-ASM	2048	ἔρημος	ἔρημον	
Matt 14:13	τόπον	N-ASM	N-ASM	5117	τόπος	τόπον	
Matt 14:13	κατ’	PREP	PREP	2596	κατά	κατ’	
Matt 14:13	ἰδίαν·	A-ASF	A-ASF	2398	ἴδιος	ἰδίαν	
Matt 14:13	καὶ	CONJ	CONJ	2532	καί	καί	
Matt 14:13	ἀκούσαντες	V-AAP-NPM	V-AAP-NPM	191&5660	ἀκούω	ἀκούσαντες	
Matt 14:13	οἱ	T-NPM	T-NPM	3588	ὁ	οἱ	
Matt 14:13	ὄχλοι	N-NPM	N-NPM	3793	ὄχλος	ὄχλοι	
Matt 14:13	ἠκολούθησαν	V-AAI-3P	V-AAI-3P	190&5656	ἀκολουθέω	ἠκολούθησαν	
Matt 14:13	αὐτῷ	P-DSM	P-DSM	846	αὐτός	αὐτῷ	
Matt 14:13	πεζῇ	ADV	ADV	3979	πεζῇ	πεζῇ	
Matt 14:13	ἀπὸ	PREP	PREP	575	ἀπό	ἀπό	
Matt 14:13	τῶν	T-GPF	T-GPF	3588	ὁ	τῶν	
Matt 14:13	πόλεων.	N-GPF	N-GPF	4172	πόλις	πόλεων	
Matt 14:14	Καὶ	CONJ	CONJ	2532	καί	Καί	
Matt 14:14	ἐξελθὼν	V-2AAP-NSM	V-2AAP-NSM	1831&5631	ἐξέρχομαι	ἐξελθών	
Matt 14:14	εἶδεν	V-2AAI-3S	V-2AAI-3S	3708&5627	ὁράω	εἶδεν	
Matt 14:14	πολὺν	A-ASM	A-ASM	4183	πολύς	πολύν	
Matt 14:14	ὄχλον,	N-ASM	N-ASM	3793	ὄχλος	ὄχλον	
Matt 14:14	καὶ	CONJ	CONJ	2532	καί	καί	
Matt 14:14	ἐσπλαγχνίσθη	V-AOI-3S	V-AOI-3S	4697&5675	σπλαγχνίζομαι	ἐσπλαγχνίσθη	
Matt 14:14	ἐπ’	PREP	PREP	1909	ἐπί	ἐπ’	
Matt 14:14	αὐτοῖς	P-DPM	P-DPM	846	αὐτός	αὐτοῖς	
Matt 14:14	καὶ	CONJ	CONJ	2532	καί	καί	
Matt 14:14	ἐθεράπευσεν	V-AAI-3S	V-AAI-3S	2323&5656	θεραπεύω	ἐθεράπευσεν	
Matt 14:14	τοὺς	T-APM	T-APM	3588	ὁ	τούς	
Matt 14:14	ἀρρώστους	A-APM	A-APM	732	ἄρρωστος	ἀρρώστους	
Matt 14:14	αὐτῶν.	P-GPM	P-GPM	846	αὐτός	αὐτῶν	
Matt 14:15	ὀψίας	A-GSF	A-GSF	3798	ὄψιος	ὀψίας	
Matt 14:15	δὲ	CONJ	CONJ	1161	δέ	δέ	
Matt 14:15	γενομένης	V-2ADP-GSF	V-2ADP-GSF	1096&5637	γίνομαι	γενομένης	
Matt 14:15	προσῆλθον	V-2AAI-3P	V-2AAI-3P	4334	προσέρχομαι	προσῆλθον	
Matt 14:15	αὐτῷ	P-DSM	P-DSM	846	αὐτός	αὐτῷ	
Matt 14:15	οἱ	T-NPM	T-NPM	3588	ὁ	οἱ	
Matt 14:15	μαθηταὶ	N-NPM	N-NPM	3101	μαθητής	μαθηταί	
Matt 14:15	λέγοντες	V-PAP-NPM	V-PAP-NPM	3004&5723	λέγω	λέγοντες	
Matt 14:15	Ἔρημός	A-NSM	A-NSM	2048	ἔρημος	Ἔρημος	
Matt 14:15	ἐστιν	V-PAI-3S	V-PAI-3S	1510&5719	εἰμί	ἐστιν	
Matt 14:15	ὁ	T-NSM	T-NSM	3588	ὁ	ὁ	
Matt 14:15	τόπος	N-NSM	N-NSM	5117	τόπος	τόπος	
Matt 14:15	καὶ	CONJ	CONJ	2532	καί	καί	
Matt 14:15	ἡ	T-NSF	T-NSF	3588	ὁ	ἡ	
Matt 14:15	ὥρα	N-NSF	N-NSF	5610	ὥρα	ὥρα	
Matt 14:15	ἤδη	ADV	ADV	2235	ἤδη	ἤδη	
Matt 14:15	παρῆλθεν·	V-2AAI-3S	V-2AAI-3S	3928&5627	παρέρχομαι	παρῆλθεν	
Matt 14:15	ἀπόλυσον	V-AAM-2S	V-AAM-2S	630&5657	ἀπολύω	ἀπόλυσον	
Matt 14:15	οὖν	CONJ	CONJ	3767	οὖν	οὖν	
Matt 14:15	τοὺς	T-APM	T-APM	3588	ὁ	τούς	
Matt 14:15	ὄχλους,	N-APM	N-APM	3793	ὄχλος	ὄχλους	
Matt 14:15	ἵνα	CONJ	CONJ	2443	ἵνα	ἵνα	
Matt 14:15	ἀπελθόντες	V-2AAP-NPM	V-2AAP-NPM	565&5631	ἀπέρχομαι	ἀπελθόντες	
Matt 14:15	εἰς	PREP	PREP	1519	εἰς	εἰς	
Matt 14:15	τὰς	T-APF	T-APF	3588	ὁ	τάς	
Matt 14:15	κώμας	N-APF	N-APF	2968	κώμη	κώμας	
Matt 14:15	ἀγοράσωσιν	V-AAS-3P	V-AAS-3P	59&5661	ἀγοράζω	ἀγοράσωσιν	
Matt 14:15	ἑαυτοῖς	F-3DPM	F-3DPM	1438	ἑαυτοῦ	ἑαυτοῖς	
Matt 14:15	βρώματα.	N-APN	N-APN	1033	βρῶμα	βρώματα	
Matt 14:16	ὁ	T-NSM	T-NSM	3588	ὁ	ὁ	
Matt 14:16	δὲ	CONJ	CONJ	1161	δέ	δέ	
Matt 14:16	Ἰησοῦς	N-NSM	N-NSM	2424	Ἰησοῦς	Ἰησοῦς	
Matt 14:16	εἶπεν	V-2AAI-3S	V-2AAI-3S	3004&5627	λέγω	εἶπεν	
Matt 14:16	αὐτοῖς	P-DPM	P-DPM	846	αὐτός	αὐτοῖς	
Matt 14:16	Οὐ	PRT-N	PRT-N	3756	οὐ	Οὐ	
Matt 14:16	χρείαν	N-ASF	N-ASF	5532	χρεία	χρείαν	
Matt 14:16	ἔχουσιν	V-PAI-3P	V-PAI-3P	2192&5719	ἔχω	ἔχουσιν	
Matt 14:16	ἀπελθεῖν·	V-2AAN	V-2AAN	565&5629	ἀπέρχομαι	ἀπελθεῖν	
Matt 14:16	δότε	V-2AAM-2P	V-2AAM-2P	1325&5628	δίδωμι	δότε	
Matt 14:16	αὐτοῖς	P-DPM	P-DPM	846	αὐτός	αὐτοῖς	
Matt 14:16	ὑμεῖς	P-2NP	P-2NP	4771	σύ	ὑμεῖς	
Matt 14:16	φαγεῖν.	V-2AAN	V-2AAN	5315&5629	ἐσθίω	φαγεῖν	
Matt 14:17	οἱ	T-NPM	T-NPM	3588	ὁ	οἱ	
Matt 14:17	δὲ	CONJ	CONJ	1161	δέ	δέ	
Matt 14:17	λέγουσιν	V-PAI-3P	V-PAI-3P	3004&5719	λέγω	λέγουσιν	
Matt 14:17	αὐτῷ	P-DSM	P-DSM	846	αὐτός	αὐτῷ	
Matt 14:17	Οὐκ	PRT-N	PRT-N	3756	οὐ	Οὐκ	
Matt 14:17	ἔχομεν	V-PAI-1P	V-PAI-1P	2192&5719	ἔχω	ἔχομεν	
Matt 14:17	ὧδε	ADV	ADV	5602	ὧδε	ὧδε	
Matt 14:17	εἰ	COND	COND	1487	εἰ	εἰ	
Matt 14:17	μὴ	PRT-N	PRT-N	3361	μή	μή	
Matt 14:17	πέντε	A-NUI	A-NUI	4002	πέντε	πέντε	
Matt 14:17	ἄρτους	N-APM	N-APM	740	ἄρτος	ἄρτους	
Matt 14:17	καὶ	CONJ	CONJ	2532	καί	καί	
Matt 14:17	δύο	A-NUI	A-NUI	1417	δύο	δύο	
Matt 14:17	ἰχθύας.	N-APM	N-APM	2486	ἰχθύς	ἰχθύας	
Matt 14:18	ὁ	T-NSM	T-NSM	3588	ὁ	ὁ	
Matt 14:18	δὲ	CONJ	CONJ	1161	δέ	δέ	
Matt 14:18	εἶπεν·	V-2AAI-3S	V-2AAI-3S	3004&5627	λέγω	εἶπεν	
Matt 14:18	Φέρετέ	V-PAM-2P	V-PAM-2P	5342&5720	φέρω	Φέρετε	
Matt 14:18	μοι	P-1DS	P-1DS	1473	ἐγώ	μοι	
Matt 14:18	ὧδε	ADV	ADV	5602	ὧδε	ὧδε	
Matt 14:18	αὐτούς.	P-APM	P-APM	846	αὐτός	αὐτούς	
Matt 14:19	καὶ	CONJ	CONJ	2532	καί	καί	
Matt 14:19	κελεύσας	V-AAP-NSM	V-AAP-NSM	2753&5660	κελεύω	κελεύσας	
Matt 14:19	τοὺς	T-APM	T-APM	3588	ὁ	τούς	
Matt 14:19	ὄχλους	N-APM	N-APM	3793	ὄχλος	ὄχλους	
Matt 14:19	ἀνακλιθῆναι	V-APN	V-APN	347&5683	ἀνακλίνω	ἀνακλιθῆναι	
Matt 14:19	ἐπὶ	PREP	PREP	1909	ἐπί	ἐπί	
Matt 14:19	τοῦ	T-GSM	T-GSM	3588	ὁ	τοῦ	
Matt 14:19	χόρτου,	N-GSM	N-GSM	5528	χόρτος	χόρτου	
Matt 14:19	λαβὼν	V-2AAP-NSM	V-2AAP-NSM	2983&5631	λαμβάνω	λαβών	
Matt 14:19	τοὺς	T-APM	T-APM	3588	ὁ	τούς	
Matt 14:19	πέντε	A-NUI	A-NUI	4002	πέντε	πέντε	
Matt 14:19	ἄρτους	N-APM	N-APM	740	ἄρτος	ἄρτους	
Matt 14:19	καὶ	CONJ	CONJ	2532	καί	καί	
Matt 14:19	τοὺς	T-APM	T-APM	3588	ὁ	τούς	
Matt 14:19	δύο	A-NUI	A-NUI	1417	δύο	δύο	
Matt 14:19	ἰχθύας,	N-APM	N-APM	2486	ἰχθύς	ἰχθύας	
Matt 14:19	ἀναβλέψας	V-AAP-NSM	V-AAP-NSM	308&5660	ἀναβλέπω	ἀναβλέψας	
Matt 14:19	εἰς	PREP	PREP	1519	εἰς	εἰς	
Matt 14:19	τὸν	T-ASM	T-ASM	3588	ὁ	τόν	
Matt 14:19	οὐρανὸν	N-ASM	N-ASM	3772	οὐρανός	οὐρανόν	
Matt 14:19	εὐλόγησεν,	V-AAI-3S	V-AAI-3S	2127&5656	εὐλογέω	εὐλόγησεν	
Matt 14:19	καὶ	CONJ	CONJ	2532	καί	καί	
Matt 14:19	κλάσας	V-AAP-NSM	V-AAP-NSM	2806&5660	κλάω	κλάσας	
Matt 14:19	ἔδωκεν	V-AAI-3S	V-AAI-3S	1325&5656	δίδωμι	ἔδωκεν	
Matt 14:19	τοῖς	T-DPM	T-DPM	3588	ὁ	τοῖς	
Matt 14:19	μαθηταῖς	N-DPM	N-DPM	3101	μαθητής	μαθηταῖς	
Matt 14:19	τοὺς	T-APM	T-APM	3588	ὁ	τούς	
Matt 14:19	ἄρτους,	N-APM	N-APM	740	ἄρτος	ἄρτους	
Matt 14:19	οἱ	T-NPM	T-NPM	3588	ὁ	οἱ	
Matt 14:19	δὲ	CONJ	CONJ	1161	δέ	δέ	
Matt 14:19	μαθηταὶ	N-NPM	N-NPM	3101	μαθητής	μαθηταί	
Matt 14:19	τοῖς	T-DPM	T-DPM	3588	ὁ	τοῖς	
Matt 14:19	ὄχλοις.	N-DPM	N-DPM	3793	ὄχλος	ὄχλοις	
Matt 14:20	καὶ	CONJ	CONJ	2532	καί	καί	
Matt 14:20	ἔφαγον	V-2AAI-3P	V-2AAI-3P	5315&5627	ἐσθίω	ἔφαγον	
Matt 14:20	πάντες	A-NPM	A-NPM	3956	πᾶς	πάντες	
Matt 14:20	καὶ	CONJ	CONJ	2532	καί	καί	
Matt 14:20	ἐχορτάσθησαν,	V-API-3P	V-API-3P	5526&5681	χορτάζω	ἐχορτάσθησαν	
Matt 14:20	καὶ	CONJ	CONJ	2532	καί	καί	
Matt 14:20	ἦραν	V-AAI-3P	V-AAI-3P	142&5656	αἴρω	ἦραν	
Matt 14:20	τὸ	T-ASN	T-ASN	3588	ὁ	τό	
Matt 14:20	περισσεῦον	V-PAP-ASN	V-PAP-ASN	4052&5723	περισσεύω	περισσεῦον	
Matt 14:20	τῶν	T-GPN	T-GPN	3588	ὁ	τῶν	
Matt 14:20	κλασμάτων	N-GPN	N-GPN	2801	κλάσμα	κλασμάτων	
Matt 14:20	δώδεκα	A-NUI	A-NUI	1427	δώδεκα	δώδεκα	
Matt 14:20	κοφίνους	N-APM	N-APM	2894	κόφινος	κοφίνους	
Matt 14:20	πλήρεις.	A-APM	A-APM	4134	πλήρης	πλήρεις	
Matt 14:21	οἱ	T-NPM	T-NPM	3588	ὁ	οἱ	
Matt 14:21	δὲ	CONJ	CONJ	1161	δέ	δέ	
Matt 14:21	ἐσθίοντες	V-PAP-NPM	V-PAP-NPM	2068&5723	ἐσθίω	ἐσθίοντες	
Matt 14:21	ἦσαν	V-IAI-3P	V-IAI-3P	1510&5707	εἰμί	ἦσαν	
Matt 14:21	ἄνδρες	N-NPM	N-NPM	435	ἀνήρ	ἄνδρες	
Matt 14:21	ὡσεὶ	ADV	ADV	5616	ὡσεί	ὡσεί	
Matt 14:21	πεντακισχίλιοι	A-NPM	A-NPM	4000	πεντακισχίλιοι	πεντακισχίλιοι	
Matt 14:21	χωρὶς	ADV	ADV	5565	χωρίς	χωρίς	
Matt 14:21	γυναικῶν	N-GPF	N-GPF	1135	γυνή	γυναικῶν	
Matt 14:21	καὶ	CONJ	CONJ	2532	καί	καί	
Matt 14:21	παιδίων.	N-GPN	N-GPN	3813	παιδίον	παιδίων	
Matt 14:22	Καὶ	CONJ	CONJ	2532	καί	Καί	
Matt 14:22	εὐθέως	ADV	ADV	2112	εὐθέως	εὐθέως	
Matt 14:22	ἠνάγκασεν	V-AAI-3S	V-AAI-3S	315&5656	ἀναγκάζω	ἠνάγκασεν	
Matt 14:22	τοὺς	T-APM	T-APM	3588	ὁ	τούς	
Matt 14:22	μαθητὰς	N-APM	N-APM	3101	μαθητής	μαθητάς	
Matt 14:22	ἐμβῆναι	V-2AAN	V-2AAN	1684&5629	ἐμβαίνω	ἐμβῆναι	
Matt 14:22	εἰς	PREP	PREP	1519	εἰς	εἰς	
Matt 14:22	τὸ	T-ASN	T-ASN	3588	ὁ	τό	
Matt 14:22	πλοῖον	N-ASN	N-ASN	4143	πλοῖον	πλοῖον	
Matt 14:22	καὶ	CONJ	CONJ	2532	καί	καί	
Matt 14:22	προάγειν	V-PAN	V-PAN	4254&5721	προάγω	προάγειν	
Matt 14:22	αὐτὸν	P-ASM	P-ASM	846	αὐτός	αὐτόν	
Matt 14:22	εἰς	PREP	PREP	1519	εἰς	εἰς	
Matt 14:22	τὸ	T-ASN	T-ASN	3588	ὁ	τό	
Matt 14:22	πέραν,	ADV	ADV	4008	πέραν	πέραν	
Matt 14:22	ἕως	ADV	ADV	2193	ἕως	ἕως	
Matt 14:22	οὗ	R-GSM	R-GSM	3739	ὅς	οὗ	
Matt 14:22	ἀπολύσῃ	V-AAS-3S	V-AAS-3S	630&5661	ἀπολύω	ἀπολύσῃ	
Matt 14:22	τοὺς	T-APM	T-APM	3588	ὁ	τούς	
Matt 14:22	ὄχλους.	N-APM	N-APM	3793	ὄχλος	ὄχλους	
Matt 14:23	καὶ	CONJ	CONJ	2532	καί	καί	
Matt 14:23	ἀπολύσας	V-AAP-NSM	V-AAP-NSM	630&5660	ἀπολύω	ἀπολύσας	
Matt 14:23	τοὺς	T-APM	T-APM	3588	ὁ	τούς	
Matt 14:23	ὄχλους	N-APM	N-APM	3793	ὄχλος	ὄχλους	
Matt 14:23	ἀνέβη	V-2AAI-3S	V-2AAI-3S	305&5627	ἀναβαίνω	ἀνέβη	
Matt 14:23	εἰς	PREP	PREP	1519	εἰς	εἰς	
Matt 14:23	τὸ	T-ASN	T-ASN	3588	ὁ	τό	
Matt 14:23	ὄρος	N-ASN	N-ASN	3735	ὄρος	ὄρος	
Matt 14:23	κατ’	PREP	PREP	2596	κατά	κατ’	
Matt 14:23	ἰδίαν	A-ASF	A-ASF	2398	ἴδιος	ἰδίαν	
Matt 14:23	προσεύξασθαι.	V-ADN	V-ADN	4336&5664	προσεύχομαι	προσεύξασθαι	
Matt 14:23	ὀψίας	A-GSF	A-GSF	3798	ὄψιος	ὀψίας	
Matt 14:23	δὲ	CONJ	CONJ	1161	δέ	δέ	
Matt 14:23	γενομένης	V-2ADP-GSF	V-2ADP-GSF	1096&5637	γίνομαι	γενομένης	
Matt 14:23	μόνος	A-NSM	A-NSM	3441	μόνος	μόνος	
Matt 14:23	ἦν	V-IAI-3S	V-IAI-3S	1510&5707	εἰμί	ἦν	
Matt 14:23	ἐκεῖ.	ADV	ADV	1563	ἐκεῖ	ἐκεῖ	
Matt 14:24	τὸ	T-NSN	T-NSN	3588	ὁ	τό	
Matt 14:24	δὲ	CONJ	CONJ	1161	δέ	δέ	
Matt 14:24	πλοῖον	N-NSN	N-NSN	4143	πλοῖον	πλοῖον	
Matt 14:24	ἤδη	ADV	ADV	2235	ἤδη	ἤδη	
Matt 14:24	σταδίους	N-APM	N-APM	4712	στάδιον	σταδίους	
Matt 14:24	πολλοὺς	A-APM	A-APM	4183	πολύς	πολλούς	
Matt 14:24	ἀπὸ	PREP	PREP	575	ἀπό	ἀπό	
Matt 14:24	τῆς	T-GSF	T-GSF	3588	ὁ	τῆς	
Matt 14:24	γῆς	N-GSF	N-GSF	1093	γῆ	γῆς	
Matt 14:24	ἀπεῖχεν,	V-IAI-3S	V-IAI-3S	568&5707	ἀπέχω	ἀπεῖχεν	
Matt 14:24	βασανιζόμενον	V-PPP-NSN	V-PEP-NSN	928&5746	βασανίζω	βασανιζόμενον	
Matt 14:24	ὑπὸ	PREP	PREP	5259	ὑπό	ὑπό	
Matt 14:24	τῶν	T-GPN	T-GPN	3588	ὁ	τῶν	
Matt 14:24	κυμάτων,	N-GPN	N-GPN	2949	κῦμα	κυμάτων	
Matt 14:24	ἦν	V-IAI-3S	V-IAI-3S	1510&5707	εἰμί	ἦν	
Matt 14:24	γὰρ	CONJ	CONJ	1063	γάρ	γάρ	
Matt 14:24	ἐναντίος	A-NSM	A-NSM	1727	ἐναντίος	ἐναντίος	
Matt 14:24	ὁ	T-NSM	T-NSM	3588	ὁ	ὁ	
Matt 14:24	ἄνεμος.	N-NSM	N-NSM	417	ἄνεμος	ἄνεμος	
Matt 14:25	τετάρτῃ	A-DSF	A-DSF	5067	τέταρτος	τετάρτῃ	
Matt 14:25	δὲ	CONJ	CONJ	1161	δέ	δέ	
Matt 14:25	φυλακῇ	N-DSF	N-DSF	5438	φυλακή	φυλακῇ	
Matt 14:25	τῆς	T-GSF	T-GSF	3588	ὁ	τῆς	
Matt 14:25	νυκτὸς	N-GSF	N-GSF	3571	νύξ	νυκτός	
Matt 14:25	ἦλθεν	V-2AAI-3S	V-2AAI-3S	2064&5627	ἔρχομαι	ἦλθεν	
Matt 14:25	πρὸς	PREP	PREP	4314	πρός	πρός	
Matt 14:25	αὐτοὺς	P-APM	P-APM	846	αὐτός	αὐτούς	
Matt 14:25	περιπατῶν	V-PAP-NSM	V-PAP-NSM	4043&5723	περιπατέω	περιπατῶν	
Matt 14:25	ἐπὶ	PREP	PREP	1909	ἐπί	ἐπί	
Matt 14:25	τὴν	T-ASF	T-ASF	3588	ὁ	τήν	
Matt 14:25	θάλασσαν.	N-ASF	N-ASF	2281	θάλασσα	θάλασσαν	
Matt 14:26	οἱ	T-NPM	T-NPM	3588	ὁ	οἱ	
Matt 14:26	δὲ	CONJ	CONJ	1161	δέ	δέ	
Matt 14:26	μαθηταὶ	N-NPM	N-NPM	3101	μαθητής	μαθηταί	
Matt 14:26	ἰδόντες	V-2AAP-NPM	V-2AAP-NPM	3708&5631	ὁράω	ἰδόντες	
Matt 14:26	αὐτὸν	P-ASM	P-ASM	846	αὐτός	αὐτόν	
Matt 14:26	ἐπὶ	PREP	PREP	1909	ἐπί	ἐπί	
Matt 14:26	τῆς	T-GSF	T-GSF	3588	ὁ	τῆς	
Matt 14:26	θαλάσσης	N-GSF	N-GSF	2281	θάλασσα	θαλάσσης	
Matt 14:26	περιπατοῦντα	V-PAP-ASM	V-PAP-ASM	4043&5723	περιπατέω	περιπατοῦντα	
Matt 14:26	ἐταράχθησαν	V-API-3P	V-API-3P	5015&5681	ταράσσω	ἐταράχθησαν	
Matt 14:26	λέγοντες	V-PAP-NPM	V-PAP-NPM	3004&5723	λέγω	λέγοντες	
Matt 14:26	ὅτι	CONJ	CONJ	3754	ὅτι	ὅτι	
Matt 14:26	Φάντασμά	N-NSN	N-NSN	5326	φάντασμα	Φάντασμα	
Matt 14:26	ἐστιν,	V-PAI-3S	V-PAI-3S	1510&5719	εἰμί	ἐστιν	
Matt 14:26	καὶ	CONJ	CONJ	2532	καί	καί	
Matt 14:26	ἀπὸ	PREP	PREP	575	ἀπό	ἀπό	
Matt 14:26	τοῦ	T-GSM	T-GSM	3588	ὁ	τοῦ	
Matt 14:26	φόβου	N-GSM	N-GSM	5401	φόβος	φόβου	
Matt 14:26	ἔκραξαν.	V-AAI-3P	V-AAI-3P	2896&5656	κράζω	ἔκραξαν	
Matt 14:27	εὐθὺς	ADV	ADV	2112	εὐθέως	εὐθύς	
Matt 14:27	δὲ	CONJ	CONJ	1161	δέ	δέ	
Matt 14:27	ἐλάλησεν	V-AAI-3S	V-AAI-3S	2980&5656	λαλέω	ἐλάλησεν	
Matt 14:27	ὁ	T-NSM	T-NSM	3588	ὁ	ὁ	
Matt 14:27	Ἰησοῦς	N-NSM	N-NSM	2424	Ἰησοῦς	Ἰησοῦς	
Matt 14:27	αὐτοῖς	P-DPM	P-DPM	846	αὐτός	αὐτοῖς	
Matt 14:27	λέγων	V-PAP-NSM	V-PAP-NSM	3004&5723	λέγω	λέγων	
Matt 14:27	Θαρσεῖτε,	V-PAM-2P	V-PAM-2P	2293&5720	θαρσέω	Θαρσεῖτε	
Matt 14:27	ἐγώ	P-1NS	P-1NS	1473	ἐγώ	ἐγώ	
Matt 14:27	εἰμι·	V-PAI-1S	V-PAI-1S	1510&5719	εἰμί	εἰμι	
Matt 14:27	μὴ	PRT-N	PRT-N	3361	μή	μή	
Matt 14:27	φοβεῖσθε.	V-PNM-2P	V-PNM-2P	5399&5737	φοβέω	φοβεῖσθε	
Matt 14:28	ἀποκριθεὶς	V-AOP-NSM	V-AOP-NSM	611&5679	ἀποκρίνομαι	ἀποκριθείς	
Matt 14:28	δὲ	CONJ	CONJ	1161	δέ	δέ	
Matt 14:28	αὐτῷ	P-DSM	P-DSM	846	αὐτός	αὐτῷ	
Matt 14:28	ὁ	T-NSM	T-NSM	3588	ὁ	ὁ	
Matt 14:28	Πέτρος	N-NSM	N-NSM	4074	Πέτρος	Πέτρος	
Matt 14:28	εἶπεν	V-2AAI-3S	V-2AAI-3S	3004&5627	λέγω	εἶπεν	
Matt 14:28	Κύριε,	N-VSM	N-VSM	2962	κύριος	Κύριε	
Matt 14:28	εἰ	COND	COND	1487	εἰ	εἰ	
Matt 14:28	σὺ	P-2NS	P-2NS	4771	σύ	σύ	
Matt 14:28	εἶ,	V-PAI-2S	V-PAI-2S	1510&5719	εἰμί	εἶ	
Matt 14:28	κέλευσόν	V-AAM-2S	V-AAM-2S	2753&5657	κελεύω	κέλευσον	
Matt 14:28	με	P-1AS	P-1AS	1473	ἐγώ	με	
Matt 14:28	ἐλθεῖν	V-2AAN	V-2AAN	2064&5629	ἔρχομαι	ἐλθεῖν	
Matt 14:28	πρὸς	PREP	PREP	4314	πρός	πρός	
Matt 14:28	σὲ	P-2AS	P-2AS	4771	σύ	σέ	
Matt 14:28	ἐπὶ	PREP	PREP	1909	ἐπί	ἐπί	
Matt 14:28	τὰ	T-APN	T-APN	3588	ὁ	τά	
Matt 14:28	ὕδατα.	N-APN	N-APN	5204	ὕδωρ	ὕδατα	
Matt 14:29	ὁ	T-NSM	T-NSM	3588	ὁ	ὁ	
Matt 14:29	δὲ	CONJ	CONJ	1161	δέ	δέ	
Matt 14:29	εἶπεν	V-2AAI-3S	V-2AAI-3S	3004&5627	λέγω	εἶπεν	
Matt 14:29	Ἐλθέ.	V-2AAM-2S	V-2AAM-2S	2064&5628	ἔρχομαι	Ἐλθέ	
Matt 14:29	καὶ	CONJ	CONJ	2532	καί	καί	
Matt 14:29	καταβὰς	V-2AAP-NSM	V-2AAP-NSM	2597&5631	καταβαίνω	καταβάς	
Matt 14:29	ἀπὸ	PREP	PREP	575	ἀπό	ἀπό	
Matt 14:29	τοῦ	T-GSN	T-GSN	3588	ὁ	τοῦ	
Matt 14:29	πλοίου	N-GSN	N-GSN	4143	πλοῖον	πλοίου	
Matt 14:29	Πέτρος	N-NSM	N-NSM	4074	Πέτρος	Πέτρος	
Matt 14:29	περιεπάτησεν	V-AAI-3S	V-AAI-3S	4043&5656	περιπατέω	περιεπάτησεν	
Matt 14:29	ἐπὶ	PREP	PREP	1909	ἐπί	ἐπί	
Matt 14:29	τὰ	T-APN	T-APN	3588	ὁ	τά	
Matt 14:29	ὕδατα	N-APN	N-APN	5204	ὕδωρ	ὕδατα	
Matt 14:29	καὶ	CONJ	CONJ	2532	καί	καί	
Matt 14:29	ἦλθεν	V-2AAI-3S	V-2AAI-3S	2064&5627	ἔρχομαι	ἦλθεν	
Matt 14:29	πρὸς	PREP	PREP	4314	πρός	πρός	
Matt 14:29	τὸν	T-ASM	T-ASM	3588	ὁ	τόν	
Matt 14:29	Ἰησοῦν.	N-ASM	N-ASM	2424	Ἰησοῦς	Ἰησοῦν	
Matt 14:30	βλέπων	V-PAP-NSM	V-PAP-NSM	991&5723	βλέπω	βλέπων	
Matt 14:30	δὲ	CONJ	CONJ	1161	δέ	δέ	
Matt 14:30	τὸν	T-ASM	T-ASM	3588	ὁ	τόν	
Matt 14:30	ἄνεμον	N-ASM	N-ASM	417	ἄνεμος	ἄνεμον	
Matt 14:30	ἐφοβήθη,	V-AOI-3S	V-AOI-3S	5399&5675	φοβέω	ἐφοβήθη	
Matt 14:30	καὶ	CONJ	CONJ	2532	καί	καί	
Matt 14:30	ἀρξάμενος	V-AMP-NSM	V-AMP-NSM	756&5671	ἄρχω	ἀρξάμενος	
Matt 14:30	καταποντίζεσθαι	V-PPN	V-PEN	2670&5745	καταποντίζω	καταποντίζεσθαι	
Matt 14:30	ἔκραξεν	V-AAI-3S	V-AAI-3S	2896&5656	κράζω	ἔκραξεν	
Matt 14:30	λέγων	V-PAP-NSM	V-PAP-NSM	3004&5723	λέγω	λέγων	
Matt 14:30	Κύριε,	N-VSM	N-VSM	2962	κύριος	Κύριε	
Matt 14:30	σῶσόν	V-AAM-2S	V-AAM-2S	4982&5657	σῴζω	σῶσον	
Matt 14:30	με.	P-1AS	P-1AS	1473	ἐγώ	με	
Matt 14:31	εὐθέως	ADV	ADV	2112	εὐθέως	εὐθέως	
Matt 14:31	δὲ	CONJ	CONJ	1161	δέ	δέ	
Matt 14:31	ὁ	T-NSM	T-NSM	3588	ὁ	ὁ	
Matt 14:31	Ἰησοῦς	N-NSM	N-NSM	2424	Ἰησοῦς	Ἰησοῦς	
Matt 14:31	ἐκτείνας	V-AAP-NSM	V-AAP-NSM	1614&5660	ἐκτείνω	ἐκτείνας	
Matt 14:31	τὴν	T-ASF	T-ASF	3588	ὁ	τήν	
Matt 14:31	χεῖρα	N-ASF	N-ASF	5495	χείρ	χεῖρα	
Matt 14:31	ἐπελάβετο	V-2ADI-3S	V-2ADI-3S	1949&5633	ἐπιλαμβάνομαι	ἐπελάβετο	
Matt 14:31	αὐτοῦ	P-GSM	P-GSM	846	αὐτός	αὐτοῦ	
Matt 14:31	καὶ	CONJ	CONJ	2532	καί	καί	
Matt 14:31	λέγει	V-PAI-3S	V-PAI-3S	3004&5719	λέγω	λέγει	
Matt 14:31	αὐτῷ	P-DSM	P-DSM	846	αὐτός	αὐτῷ	
Matt 14:31	Ὀλιγόπιστε,	A-VSM	A-VSM	3640	ὀλιγόπιστος	Ὀλιγόπιστε	
Matt 14:31	εἰς	PREP	PREP	1519	εἰς	εἰς	
Matt 14:31	τί	I-ASN	I-ASN	5101	τίς	τί	
Matt 14:31	ἐδίστασας;	V-AAI-2S	V-AAI-2S	1365&5656	διστάζω	ἐδίστασας	
Matt 14:32	καὶ	CONJ	CONJ	2532	καί	καί	
Matt 14:32	ἀναβάντων	V-2AAP-GPM	V-2AAP-GPM	305&5631	ἀναβαίνω	ἀναβάντων	
Matt 14:32	αὐτῶν	P-GPM	P-GPM	846	αὐτός	αὐτῶν	
Matt 14:32	εἰς	PREP	PREP	1519	εἰς	εἰς	
Matt 14:32	τὸ	T-ASN	T-ASN	3588	ὁ	τό	
Matt 14:32	πλοῖον	N-ASN	N-ASN	4143	πλοῖον	πλοῖον	
Matt 14:32	ἐκόπασεν	V-AAI-3S	V-AAI-3S	2869&5656	κοπάζω	ἐκόπασεν	
Matt 14:32	ὁ	T-NSM	T-NSM	3588	ὁ	ὁ	
Matt 14:32	ἄνεμος.	N-NSM	N-NSM	417	ἄνεμος	ἄνεμος	
Matt 14:33	οἱ	T-NPM	T-NPM	3588	ὁ	οἱ	
Matt 14:33	δὲ	CONJ	CONJ	1161	δέ	δέ	
Matt 14:33	ἐν	PREP	PREP	1722	ἐν	ἐν	
Matt 14:33	τῷ	T-DSN	T-DSN	3588	ὁ	τῷ	
Matt 14:33	πλοίῳ	N-DSN	N-DSN	4143	πλοῖον	πλοίῳ	
Matt 14:33	προσεκύνησαν	V-AAI-3P	V-AAI-3P	4352&5656	προσκυνέω	προσεκύνησαν	
Matt 14:33	αὐτῷ	P-DSM	P-DSM	846	αὐτός	αὐτῷ	
Matt 14:33	λέγοντες	V-PAP-NPM	V-PAP-NPM	3004&5723	λέγω	λέγοντες	
Matt 14:33	Ἀληθῶς	ADV	ADV	230	ἀληθῶς	Ἀληθῶς	
Matt 14:33	Θεοῦ	N-GSM	N-GSM	2316	θεός	Θεοῦ	
Matt 14:33	Υἱὸς	N-NSM	N-NSM	5207	υἱός	Υἱός	
Matt 14:33	εἶ.	V-PAI-2S	V-PAI-2S	1510&5719	εἰμί	εἶ	
Matt 14:34	Καὶ	CONJ	CONJ	2532	καί	Καί	
Matt 14:34	διαπεράσαντες	V-AAP-NPM	V-AAP-NPM	1276&5660	διαπεράω	διαπεράσαντες	
Matt 14:34	ἦλθον	V-2AAI-3P	V-2AAI-3P	2064	ἔρχομαι	ἦλθον	
Matt 14:34	ἐπὶ	PREP	PREP	1909	ἐπί	ἐπί	
Matt 14:34	τὴν	T-ASF	T-ASF	3588	ὁ	τήν	
Matt 14:34	γῆν	N-ASF	N-ASF	1093	γῆ	γῆν	
Matt 14:34	εἰς	PREP	PREP	1519	εἰς	εἰς	
Matt 14:34	Γεννησαρέτ.	N-PRI	N-PRI	1082	Γεννησαρέτ	Γεννησαρέτ	
Matt 14:35	καὶ	CONJ	CONJ	2532	καί	καί	
Matt 14:35	ἐπιγνόντες	V-2AAP-NPM	V-2AAP-NPM	1921&5631	ἐπιγινώσκω	ἐπιγνόντες	
Matt 14:35	αὐτὸν	P-ASM	P-ASM	846	αὐτός	αὐτόν	
Matt 14:35	οἱ	T-NPM	T-NPM	3588	ὁ	οἱ	
Matt 14:35	ἄνδρες	N-NPM	N-NPM	435	ἀνήρ	ἄνδρες	
Matt 14:35	τοῦ	T-GSM	T-GSM	3588	ὁ	τοῦ	
Matt 14:35	τόπου	N-GSM	N-GSM	5117	τόπος	τόπου	
Matt 14:35	ἐκείνου	D-GSM	D-GSM	1565	ἐκεῖνος	ἐκείνου	
Matt 14:35	ἀπέστειλαν	V-AAI-3P	V-AAI-3P	649&5656	ἀποστέλλω	ἀπέστειλαν	
Matt 14:35	εἰς	PREP	PREP	1519	εἰς	εἰς	
Matt 14:35	ὅλην	A-ASF	A-ASF	3650	ὅλος	ὅλην	
Matt 14:35	τὴν	T-ASF	T-ASF	3588	ὁ	τήν	
Matt 14:35	περίχωρον	A-ASF	A-ASF	4066	περίχωρος	περίχωρον	
Matt 14:35	ἐκείνην,	D-ASF	D-ASF	1565	ἐκεῖνος	ἐκείνην	
Matt 14:35	καὶ	CONJ	CONJ	2532	καί	καί	
Matt 14:35	προσήνεγκαν	V-AAI-3P	V-AAI-3P	4374&5656	προσφέρω	προσήνεγκαν	
Matt 14:35	αὐτῷ	P-DSM	P-DSM	846	αὐτός	αὐτῷ	
Matt 14:35	πάντας	A-APM	A-APM	3956	πᾶς	πάντας	
Matt 14:35	τοὺς	T-APM	T-APM	3588	ὁ	τούς	
Matt 14:35	κακῶς	ADV	ADV	2560	κακῶς	κακῶς	
Matt 14:35	ἔχοντας,	V-PAP-APM	V-PAP-APM	2192&5723	ἔχω	ἔχοντας	
Matt 14:36	καὶ	CONJ	CONJ	2532	καί	καί	
Matt 14:36	παρεκάλουν	V-IAI-3P	V-IAI-3P	3870&5707	παρακαλέω	παρεκάλουν	
Matt 14:36	αὐτὸν	P-ASM	P-ASM	846	αὐτός	αὐτόν	
Matt 14:36	ἵνα	CONJ	CONJ	2443	ἵνα	ἵνα	
Matt 14:36	μόνον	ADV	ADV	3440	μόνος	μόνον	
Matt 14:36	ἅψωνται	V-AMS-3P	V-AMS-3P	680&5672	ἅπτω	ἅψωνται	
Matt 14:36	τοῦ	T-GSN	T-GSN	3588	ὁ	τοῦ	
Matt 14:36	κρασπέδου	N-GSN	N-GSN	2899	κράσπεδον	κρασπέδου	
Matt 14:36	τοῦ	T-GSN	T-GSN	3588	ὁ	τοῦ	
Matt 14:36	ἱματίου	N-GSN	N-GSN	2440	ἱμάτιον	ἱματίου	
Matt 14:36	αὐτοῦ·	P-GSM	P-GSM	846	αὐτός	αὐτοῦ	
Matt 14:36	καὶ	CONJ	CONJ	2532	καί	καί	
Matt 14:36	ὅσοι	K-NPM	K-NPM	3745	ὅσος	ὅσοι	
Matt 14:36	ἥψαντο	V-ADI-3P	V-ADI-3P	680&5662	ἅπτω	ἥψαντο	
Matt 14:36	διεσώθησαν.	V-API-3P	V-API-3P	1295&5681	διασῴζω	διεσώθησαν	
Matt 15:1	Τότε	ADV	ADV	5119	τότε	Τότε	
Matt 15:1	προσέρχονται	V-PNI-3P	V-PNI-3P	4334&5736	προσέρχομαι	προσέρχονται	
Matt 15:1	τῷ	T-DSM	T-DSM	3588	ὁ	τῷ	
Matt 15:1	Ἰησοῦ	N-DSM	N-DSM	2424	Ἰησοῦς	Ἰησοῦ	
Matt 15:1	ἀπὸ	PREP	PREP	575	ἀπό	ἀπό	
Matt 15:1	Ἱεροσολύμων	N-GPN	N-GPN	2414	Ἱεροσόλυμα	Ἱεροσολύμων	
Matt 15:1	Φαρισαῖοι	N-NPM	N-NPM	5330	Φαρισαῖος	Φαρισαῖοι	
Matt 15:1	καὶ	CONJ	CONJ	2532	καί	καί	
Matt 15:1	γραμματεῖς	N-NPM	N-NPM	1122	γραμματεύς	γραμματεῖς	
Matt 15:1	λέγοντες	V-PAP-NPM	V-PAP-NPM	3004&5723	λέγω	λέγοντες	
Matt 15:2	Διὰ	PREP	PREP	1223	διά	Διά	
Matt 15:2	τί	I-ASN	I-ASN	5101	τίς	τί	
Matt 15:2	οἱ	T-NPM	T-NPM	3588	ὁ	οἱ	
Matt 15:2	μαθηταί	N-NPM	N-NPM	3101	μαθητής	μαθηταί	
Matt 15:2	σου	P-2GS	P-2GS	4771	σύ	σου	
Matt 15:2	παραβαίνουσιν	V-PAI-3P	V-PAI-3P	3845&5719	παραβαίνω	παραβαίνουσιν	
Matt 15:2	τὴν	T-ASF	T-ASF	3588	ὁ	τήν	
Matt 15:2	παράδοσιν	N-ASF	N-ASF	3862	παράδοσις	παράδοσιν	
Matt 15:2	τῶν	T-GPM	T-GPM	3588	ὁ	τῶν	
Matt 15:2	πρεσβυτέρων;	A-GPM-C	A-GPM-C	4245	πρεσβύτερος	πρεσβυτέρων	
Matt 15:2	οὐ	PRT-N	PRT-N	3756	οὐ	οὐ	
Matt 15:2	γὰρ	CONJ	CONJ	1063	γάρ	γάρ	
Matt 15:2	νίπτονται	V-PMI-3P	V-PEI-3P	3538&5731	νίπτω	νίπτονται	
Matt 15:2	τὰς	T-APF	T-APF	3588	ὁ	τάς	
Matt 15:2	χεῖρας	N-APF	N-APF	5495	χείρ	χεῖρας	
Matt 15:2	ὅταν	CONJ	CONJ	3752	ὅταν	ὅταν	
Matt 15:2	ἄρτον	N-ASM	N-ASM	740	ἄρτος	ἄρτον	
Matt 15:2	ἐσθίωσιν.	V-PAS-3P	V-PAS-3P	2068&5725	ἐσθίω	ἐσθίωσιν	
Matt 15:3	ὁ	T-NSM	T-NSM	3588	ὁ	ὁ	
Matt 15:3	δὲ	CONJ	CONJ	1161	δέ	δέ	
Matt 15:3	ἀποκριθεὶς	V-AOP-NSM	V-AOP-NSM	611&5679	ἀποκρίνομαι	ἀποκριθείς	
Matt 15:3	εἶπεν	V-2AAI-3S	V-2AAI-3S	3004&5627	λέγω	εἶπεν	
Matt 15:3	αὐτοῖς	P-DPM	P-DPM	846	αὐτός	αὐτοῖς	
Matt 15:3	Διὰ	PREP	PREP	1223	διά	Διά	
Matt 15:3	τί	I-ASN	I-ASN	5101	τίς	τί	
Matt 15:3	καὶ	CONJ	CONJ	2532	καί	καί	
Matt 15:3	ὑμεῖς	P-2NP	P-2NP	4771	σύ	ὑμεῖς	
Matt 15:3	παραβαίνετε	V-PAI-2P	V-PAI-2P	3845&5719	παραβαίνω	παραβαίνετε	
Matt 15:3	τὴν	T-ASF	T-ASF	3588	ὁ	τήν	
Matt 15:3	ἐντολὴν	N-ASF	N-ASF	1785	ἐντολή	ἐντολήν	
Matt 15:3	τοῦ	T-GSM	T-GSM	3588	ὁ	τοῦ	
Matt 15:3	Θεοῦ	N-GSM	N-GSM	2316	θεός	Θεοῦ	
Matt 15:3	διὰ	PREP	PREP	1223	διά	διά	
Matt 15:3	τὴν	T-ASF	T-ASF	3588	ὁ	τήν	
Matt 15:3	παράδοσιν	N-ASF	N-ASF	3862	παράδοσις	παράδοσιν	
Matt 15:3	ὑμῶν;	P-2GP	P-2GP	4771	σύ	ὑμῶν	
Matt 15:4	ὁ	T-NSM	T-NSM	3588	ὁ	ὁ	
Matt 15:4	γὰρ	CONJ	CONJ	1063	γάρ	γάρ	
Matt 15:4	Θεὸς	N-NSM	N-NSM	2316	θεός	Θεός	
Matt 15:4	εἶπεν	V-2AAI-3S	V-2AAI-3S	3004&5627	λέγω	εἶπεν	
Matt 15:4	Τίμα	V-PAM-2S	V-PAM-2S	5091&5720	τιμάω	Τίμα	
Matt 15:4	τὸν	T-ASM	T-ASM	3588	ὁ	τόν	
Matt 15:4	πατέρα	N-ASM	N-ASM	3962	πατήρ	πατέρα	
Matt 15:4	καὶ	CONJ	CONJ	2532	καί	καί	
Matt 15:4	τὴν	T-ASF	T-ASF	3588	ὁ	τήν	
Matt 15:4	μητέρα,	N-ASF	N-ASF	3384	μήτηρ	μητέρα	
Matt 15:4	καί	CONJ	CONJ	2532	καί	καί	
Matt 15:4	Ὁ	T-NSM	T-NSM	3588	ὁ	Ὁ	
Matt 15:4	κακολογῶν	V-PAP-NSM	V-PAP-NSM	2551&5723	κακολογέω	κακολογῶν	
Matt 15:4	πατέρα	N-ASM	N-ASM	3962	πατήρ	πατέρα	
Matt 15:4	ἢ	PRT	PRT	2228	ἤ	ἤ	
Matt 15:4	μητέρα	N-ASF	N-ASF	3384	μήτηρ	μητέρα	
Matt 15:4	θανάτῳ	N-DSM	N-DSM	2288	θάνατος	θανάτῳ	
Matt 15:4	τελευτάτω·	V-PAM-3S	V-PAM-3S	5053&5720	τελευτάω	τελευτάτω	
Matt 15:5	ὑμεῖς	P-2NP	P-2NP	4771	σύ	ὑμεῖς	
Matt 15:5	δὲ	CONJ	CONJ	1161	δέ	δέ	
Matt 15:5	λέγετε	V-PAI-2P	V-PAI-2P	3004&5719	λέγω	λέγετε	
Matt 15:5	Ὃς	R-NSM	R-NSM	3739	ὅς	Ὅς	
Matt 15:5	ἂν	PRT	PRT	302	ἄν	ἄν	
Matt 15:5	εἴπῃ	V-2AAS-3S	V-2AAS-3S	3004&5632	λέγω	εἴπῃ	
Matt 15:5	τῷ	T-DSM	T-DSM	3588	ὁ	τῷ	
Matt 15:5	πατρὶ	N-DSM	N-DSM	3962	πατήρ	πατρί	
Matt 15:5	ἢ	PRT	PRT	2228	ἤ	ἤ	
Matt 15:5	τῇ	T-DSF	T-DSF	3588	ὁ	τῇ	
Matt 15:5	μητρί	N-DSF	N-DSF	3384	μήτηρ	μητρί	
Matt 15:5	Δῶρον	N-NSN	N-NSN	1435	δῶρον	Δῶρον	
Matt 15:5	ὃ	R-ASN	R-ASN	3739	ὅς	ὅ	
Matt 15:5	ἐὰν	COND	COND	1437	ἐάν	ἐάν	
Matt 15:5	ἐξ	PREP	PREP	1537	ἐκ	ἐξ	
Matt 15:5	ἐμοῦ	P-1GS	P-1GS	1473	ἐγώ	ἐμοῦ	
Matt 15:5	ὠφεληθῇς,	V-APS-2S	V-APS-2S	5623&5686	ὠφελέω	ὠφεληθῇς	
Matt 15:6	οὐ	PRT-N	PRT-N	3756	οὐ	οὐ	
Matt 15:6	μὴ	PRT-N	PRT-N	3361	μή	μή	
Matt 15:6	τιμήσει	V-FAI-3S	V-FAI-3S	5091&5692	τιμάω	τιμήσει	
Matt 15:6	τὸν	T-ASM	T-ASM	3588	ὁ	τόν	
Matt 15:6	πατέρα	N-ASM	N-ASM	3962	πατήρ	πατέρα	
Matt 15:6	αὐτοῦ	P-GSM	P-GSM	846	αὐτός	αὐτοῦ	
Matt 15:6	ἢ	PRT	PRT	2228	ἤ	ἤ	
Matt 15:6	τὴν	T-ASF	T-ASF	3588	ὁ	τήν	
Matt 15:6	μητέρα	N-ASF	N-ASF	3384	μήτηρ	μητέρα	
Matt 15:6	αὐτοῦ·	P-GSM	P-GSM	846	αὐτός	αὐτοῦ	
Matt 15:6	καὶ	CONJ	CONJ	2532	καί	καί	
Matt 15:6	ἠκυρώσατε	V-AAI-2P	V-AAI-2P	208&5656	ἀκυρόω	ἠκυρώσατε	
Matt 15:6	τὸν	T-ASM	T-ASM	3588	ὁ	τόν	
Matt 15:6	λόγον	N-ASM	N-ASM	3056	λόγος	λόγον	
Matt 15:6	τοῦ	T-GSM	T-GSM	3588	ὁ	τοῦ	
Matt 15:6	Θεοῦ	N-GSM	N-GSM	2316	θεός	Θεοῦ	
Matt 15:6	διὰ	PREP	PREP	1223	διά	διά	
Matt 15:6	τὴν	T-ASF	T-ASF	3588	ὁ	τήν	
Matt 15:6	παράδοσιν	N-ASF	N-ASF	3862	παράδοσις	παράδοσιν	
Matt 15:6	ὑμῶν.	P-2GP	P-2GP	4771	σύ	ὑμῶν	
Matt 15:7	ὑποκριταί,	N-VPM	N-VPM	5273	ὑποκριτής	ὑποκριταί	
Matt 15:7	καλῶς	ADV	ADV	2573	καλῶς	καλῶς	
Matt 15:7	ἐπροφήτευσεν	V-AAI-3S	V-AAI-3S	4395&5656	προφητεύω	ἐπροφήτευσεν	
Matt 15:7	περὶ	PREP	PREP	4012	περί	περί	
Matt 15:7	ὑμῶν	P-2GP	P-2GP	4771	σύ	ὑμῶν	
Matt 15:7	Ἡσαΐας	N-NSM	N-NSM	2268	Ἠσαΐας	Ἡσαΐας	
Matt 15:7	λέγων	V-PAP-NSM	V-PAP-NSM	3004&5723	λέγω	λέγων	
Matt 15:8	Ὁ	T-NSM	T-NSM	3588	ὁ	Ὁ	
Matt 15:8	λαὸς	N-NSM	N-NSM	2992	λαός	λαός	
Matt 15:8	οὗτος	D-NSM	D-NSM	3778	οὗτος	οὗτος	
Matt 15:8	τοῖς	T-DPN	T-DPN	3588	ὁ	τοῖς	
Matt 15:8	χείλεσίν	N-DPN	N-DPN	5491	χεῖλος	χείλεσιν	
Matt 15:8	με	P-1AS	P-1AS	1473	ἐγώ	με	
Matt 15:8	τιμᾷ,	V-PAI-3S	V-PAI-3S	5091&5719	τιμάω	τιμᾷ	
Matt 15:8	ἡ	T-NSF	T-NSF	3588	ὁ	ἡ	
Matt 15:8	δὲ	CONJ	CONJ	1161	δέ	δέ	
Matt 15:8	καρδία	N-NSF	N-NSF	2588	καρδία	καρδία	
Matt 15:8	αὐτῶν	P-GPM	P-GPM	846	αὐτός	αὐτῶν	
Matt 15:8	πόρρω	ADV	ADV	4206	πόρρω	πόρρω	
Matt 15:8	ἀπέχει	V-PAI-3S	V-PAI-3S	568&5719	ἀπέχω	ἀπέχει	
Matt 15:8	ἀπ’	PREP	PREP	575	ἀπό	ἀπ’	
Matt 15:8	ἐμοῦ·	P-1GS	P-1GS	1473	ἐγώ	ἐμοῦ	
Matt 15:9	μάτην	ADV	ADV	3155	μάτην	μάτην	
Matt 15:9	δὲ	CONJ	CONJ	1161	δέ	δέ	
Matt 15:9	σέβονταί	V-PNI-3P	V-PNI-3P	4576&5736	σέβω	σέβονται	
Matt 15:9	με,	P-1AS	P-1AS	1473	ἐγώ	με	
Matt 15:9	διδάσκοντες	V-PAP-NPM	V-PAP-NPM	1321&5723	διδάσκω	διδάσκοντες	
Matt 15:9	διδασκαλίας	N-APF	N-APF	1319	διδασκαλία	διδασκαλίας	
Matt 15:9	ἐντάλματα	N-APN	N-APN	1778	ἔνταλμα	ἐντάλματα	
Matt 15:9	ἀνθρώπων.	N-GPM	N-GPM	444	ἄνθρωπος	ἀνθρώπων	
Matt 15:10	Καὶ	CONJ	CONJ	2532	καί	Καί	
Matt 15:10	προσκαλεσάμενος	V-ADP-NSM	V-ADP-NSM	4341&5666	προσκαλέω	προσκαλεσάμενος	
Matt 15:10	τὸν	T-ASM	T-ASM	3588	ὁ	τόν	
Matt 15:10	ὄχλον	N-ASM	N-ASM	3793	ὄχλος	ὄχλον	
Matt 15:10	εἶπεν	V-2AAI-3S	V-2AAI-3S	3004&5627	λέγω	εἶπεν	
Matt 15:10	αὐτοῖς	P-DPM	P-DPM	846	αὐτός	αὐτοῖς	
Matt 15:10	Ἀκούετε	V-PAM-2P	V-PAM-2P	191&5720	ἀκούω	Ἀκούετε	
Matt 15:10	καὶ	CONJ	CONJ	2532	καί	καί	
Matt 15:10	συνίετε·	V-PAM-2P	V-PAM-2P	4920&5720	συνίημι	συνίετε	
Matt 15:11	οὐ	PRT-N	PRT-N	3756	οὐ	οὐ	
Matt 15:11	τὸ	T-NSN	T-NSN	3588	ὁ	τό	
Matt 15:11	εἰσερχόμενον	V-PNP-NSN	V-PNP-NSN	1525&5740	εἰσέρχομαι	εἰσερχόμενον	
Matt 15:11	εἰς	PREP	PREP	1519	εἰς	εἰς	
Matt 15:11	τὸ	T-ASN	T-ASN	3588	ὁ	τό	
Matt 15:11	στόμα	N-ASN	N-ASN	4750	στόμα	στόμα	
Matt 15:11	κοινοῖ	V-PAI-3S	V-PAI-3S	2840&5719	κοινόω	κοινοῖ	
Matt 15:11	τὸν	T-ASM	T-ASM	3588	ὁ	τόν	
Matt 15:11	ἄνθρωπον,	N-ASM	N-ASM	444	ἄνθρωπος	ἄνθρωπον	
Matt 15:11	ἀλλὰ	CONJ	CONJ	235	ἀλλά	ἀλλά	
Matt 15:11	τὸ	T-NSN	T-NSN	3588	ὁ	τό	
Matt 15:11	ἐκπορευόμενον	V-PNP-NSN	V-PNP-NSN	1607&5740	ἐκπορεύομαι	ἐκπορευόμενον	
Matt 15:11	ἐκ	PREP	PREP	1537	ἐκ	ἐκ	
Matt 15:11	τοῦ	T-GSN	T-GSN	3588	ὁ	τοῦ	
Matt 15:11	στόματος	N-GSN	N-GSN	4750	στόμα	στόματος	
Matt 15:11	τοῦτο	D-NSN	D-NSN	3778	οὗτος	τοῦτο	
Matt 15:11	κοινοῖ	V-PAI-3S	V-PAI-3S	2840&5719	κοινόω	κοινοῖ	
Matt 15:11	τὸν	T-ASM	T-ASM	3588	ὁ	τόν	
Matt 15:11	ἄνθρωπον.	N-ASM	N-ASM	444	ἄνθρωπος	ἄνθρωπον	
Matt 15:12	Τότε	ADV	ADV	5119	τότε	Τότε	
Matt 15:12	προσελθόντες	V-2AAP-NPM	V-2AAP-NPM	4334&5631	προσέρχομαι	προσελθόντες	
Matt 15:12	οἱ	T-NPM	T-NPM	3588	ὁ	οἱ	
Matt 15:12	μαθηταὶ	N-NPM	N-NPM	3101	μαθητής	μαθηταί	
Matt 15:12	λέγουσιν	V-PAI-3P	V-PAI-3P	3004&5719	λέγω	λέγουσιν	
Matt 15:12	αὐτῷ	P-DSM	P-DSM	846	αὐτός	αὐτῷ	
Matt 15:12	Οἶδας	V-RAI-2S	V-RAI-2S	1492&5758	οἶδα	Οἶδας	
Matt 15:12	ὅτι	CONJ	CONJ	3754	ὅτι	ὅτι	
Matt 15:12	οἱ	T-NPM	T-NPM	3588	ὁ	οἱ	
Matt 15:12	Φαρισαῖοι	N-NPM	N-NPM	5330	Φαρισαῖος	Φαρισαῖοι	
Matt 15:12	ἀκούσαντες	V-AAP-NPM	V-AAP-NPM	191&5660	ἀκούω	ἀκούσαντες	
Matt 15:12	τὸν	T-ASM	T-ASM	3588	ὁ	τόν	
Matt 15:12	λόγον	N-ASM	N-ASM	3056	λόγος	λόγον	
Matt 15:12	ἐσκανδαλίσθησαν;	V-API-3P	V-API-3P	4624&5681	σκανδαλίζω	ἐσκανδαλίσθησαν	
Matt 15:13	ὁ	T-NSM	T-NSM	3588	ὁ	ὁ	
Matt 15:13	δὲ	CONJ	CONJ	1161	δέ	δέ	
Matt 15:13	ἀποκριθεὶς	V-AOP-NSM	V-AOP-NSM	611&5679	ἀποκρίνομαι	ἀποκριθείς	
Matt 15:13	εἶπεν	V-2AAI-3S	V-2AAI-3S	3004&5627	λέγω	εἶπεν	
Matt 15:13	Πᾶσα	A-NSF	A-NSF	3956	πᾶς	Πᾶσα	
Matt 15:13	φυτεία	N-NSF	N-NSF	5451	φυτεία	φυτεία	
Matt 15:13	ἣν	R-ASF	R-ASF	3739	ὅς	ἥν	
Matt 15:13	οὐκ	PRT-N	PRT-N	3756	οὐ	οὐκ	
Matt 15:13	ἐφύτευσεν	V-AAI-3S	V-AAI-3S	5452&5656	φυτεύω	ἐφύτευσεν	
Matt 15:13	ὁ	T-NSM	T-NSM	3588	ὁ	ὁ	
Matt 15:13	Πατήρ	N-NSM	N-NSM	3962	πατήρ	Πατήρ	
Matt 15:13	μου	P-1GS	P-1GS	1473	ἐγώ	μου	
Matt 15:13	ὁ	T-NSM	T-NSM	3588	ὁ	ὁ	
Matt 15:13	οὐράνιος	A-NSM	A-NSM	3770	οὐράνιος	οὐράνιος	
Matt 15:13	ἐκριζωθήσεται.	V-FPI-3S	V-FPI-3S	1610&5701	ἐκριζόω	ἐκριζωθήσεται	
Matt 15:14	ἄφετε	V-2AAM-2P	V-2AAM-2P	863&5628	ἀφίημι	ἄφετε	
Matt 15:14	αὐτούς·	P-APM	P-APM	846	αὐτός	αὐτούς	
Matt 15:14	τυφλοί	A-NPM	A-NPM	5185	τυφλός	τυφλοί	
Matt 15:14	εἰσιν	V-PAI-3P	V-PAI-3P	1510&5719	εἰμί	εἰσιν	
Matt 15:14	ὁδηγοί	N-NPM	N-NPM	3595	ὁδηγός	ὁδηγοί	
Matt 15:14	τυφλῶν·	A-GPM	A-GPM	5185	τυφλός	τυφλῶν	
Matt 15:14	τυφλὸς	A-NSM	A-NSM	5185	τυφλός	τυφλός	
Matt 15:14	δὲ	CONJ	CONJ	1161	δέ	δέ	
Matt 15:14	τυφλὸν	A-ASM	A-ASM	5185	τυφλός	τυφλόν	
Matt 15:14	ἐὰν	COND	COND	1437	ἐάν	ἐάν	
Matt 15:14	ὁδηγῇ,	V-PAS-3S	V-PAS-3S	3594&5725	ὁδηγέω	ὁδηγῇ	
Matt 15:14	ἀμφότεροι	A-NPM	A-NPM	297	ἀμφότεροι	ἀμφότεροι	
Matt 15:14	εἰς	PREP	PREP	1519	εἰς	εἰς	
Matt 15:14	βόθυνον	N-ASM	N-ASM	999	βόθυνος	βόθυνον	
Matt 15:14	πεσοῦνται.	V-FNI-3P	V-FDI-3P	4098&5699	πίπτω	πεσοῦνται	
Matt 15:15	Ἀποκριθεὶς	V-AOP-NSM	V-AOP-NSM	611&5679	ἀποκρίνομαι	Ἀποκριθείς	
Matt 15:15	δὲ	CONJ	CONJ	1161	δέ	δέ	
Matt 15:15	ὁ	T-NSM	T-NSM	3588	ὁ	ὁ	
Matt 15:15	Πέτρος	N-NSM	N-NSM	4074	Πέτρος	Πέτρος	
Matt 15:15	εἶπεν	V-2AAI-3S	V-2AAI-3S	3004&5627	λέγω	εἶπεν	
Matt 15:15	αὐτῷ	P-DSM	P-DSM	846	αὐτός	αὐτῷ	
Matt 15:15	Φράσον	V-AAM-2S	V-AAM-2S	5419&5657	φράζω	Φράσον	
Matt 15:15	ἡμῖν	P-1DP	P-1DP	1473	ἐγώ	ἡμῖν	
Matt 15:15	τὴν	T-ASF	T-ASF	3588	ὁ	τήν	
Matt 15:15	παραβολήν.	N-ASF	N-ASF	3850	παραβολή	παραβολήν	
Matt 15:16	ὁ	T-NSM	T-NSM	3588	ὁ	ὁ	
Matt 15:16	δὲ	CONJ	CONJ	1161	δέ	δέ	
Matt 15:16	εἶπεν	V-2AAI-3S	V-2AAI-3S	3004&5627	λέγω	εἶπεν	
Matt 15:16	Ἀκμὴν	N-ASF	N-ASF	188	ἀκμήν	Ἀκμήν	
Matt 15:16	καὶ	CONJ	CONJ	2532	καί	καί	
Matt 15:16	ὑμεῖς	P-2NP	P-2NP	4771	σύ	ὑμεῖς	
Matt 15:16	ἀσύνετοί	A-NPM	A-NPM	801	ἀσύνετος	ἀσύνετοι	
Matt 15:16	ἐστε;	V-PAI-2P	V-PAI-2P	1510&5719	εἰμί	ἐστε	
Matt 15:17	οὐ	PRT-N	PRT-N	3756	οὐ	οὐ	
Matt 15:17	νοεῖτε	V-PAI-2P	V-PAI-2P	3539&5719	νοέω	νοεῖτε	
Matt 15:17	ὅτι	CONJ	CONJ	3754	ὅτι	ὅτι	
Matt 15:17	πᾶν	A-NSN	A-NSN	3956	πᾶς	πᾶν	
Matt 15:17	τὸ	T-NSN	T-NSN	3588	ὁ	τό	
Matt 15:17	εἰσπορευόμενον	V-PNP-NSN	V-PNP-NSN	1531&5740	εἰσπορεύομαι	εἰσπορευόμενον	
Matt 15:17	εἰς	PREP	PREP	1519	εἰς	εἰς	
Matt 15:17	τὸ	T-ASN	T-ASN	3588	ὁ	τό	
Matt 15:17	στόμα	N-ASN	N-ASN	4750	στόμα	στόμα	
Matt 15:17	εἰς	PREP	PREP	1519	εἰς	εἰς	
Matt 15:17	τὴν	T-ASF	T-ASF	3588	ὁ	τήν	
Matt 15:17	κοιλίαν	N-ASF	N-ASF	2836	κοιλία	κοιλίαν	
Matt 15:17	χωρεῖ	V-PAI-3S	V-PAI-3S	5562&5719	χωρέω	χωρεῖ	
Matt 15:17	καὶ	CONJ	CONJ	2532	καί	καί	
Matt 15:17	εἰς	PREP	PREP	1519	εἰς	εἰς	
Matt 15:17	ἀφεδρῶνα	N-ASM	N-ASM	856	ἀφεδρών	ἀφεδρῶνα	
Matt 15:17	ἐκβάλλεται;	V-PPI-3S	V-PEI-3S	1544&5743	ἐκβάλλω	ἐκβάλλεται	
Matt 15:18	τὰ	T-NPN	T-NPN	3588	ὁ	τά	
Matt 15:18	δὲ	CONJ	CONJ	1161	δέ	δέ	
Matt 15:18	ἐκπορευόμενα	V-PNP-NPN	V-PNP-NPN	1607&5740	ἐκπορεύομαι	ἐκπορευόμενα	
Matt 15:18	ἐκ	PREP	PREP	1537	ἐκ	ἐκ	
Matt 15:18	τοῦ	T-GSN	T-GSN	3588	ὁ	τοῦ	
Matt 15:18	στόματος	N-GSN	N-GSN	4750	στόμα	στόματος	
Matt 15:18	ἐκ	PREP	PREP	1537	ἐκ	ἐκ	
Matt 15:18	τῆς	T-GSF	T-GSF	3588	ὁ	τῆς	
Matt 15:18	καρδίας	N-GSF	N-GSF	2588	καρδία	καρδίας	
Matt 15:18	ἐξέρχεται,	V-PNI-3S	V-PNI-3S	1831&5736	ἐξέρχομαι	ἐξέρχεται	
Matt 15:18	κἀκεῖνα	D-NPN-K	D-NPN-K	2548	κἀκεῖνος	κἀκεῖνα	
Matt 15:18	κοινοῖ	V-PAI-3S	V-PAI-3S	2840&5719	κοινόω	κοινοῖ	
Matt 15:18	τὸν	T-ASM	T-ASM	3588	ὁ	τόν	
Matt 15:18	ἄνθρωπον.	N-ASM	N-ASM	444	ἄνθρωπος	ἄνθρωπον	
Matt 15:19	ἐκ	PREP	PREP	1537	ἐκ	ἐκ	
Matt 15:19	γὰρ	CONJ	CONJ	1063	γάρ	γάρ	
Matt 15:19	τῆς	T-GSF	T-GSF	3588	ὁ	τῆς	
Matt 15:19	καρδίας	N-GSF	N-GSF	2588	καρδία	καρδίας	
Matt 15:19	ἐξέρχονται	V-PNI-3P	V-PNI-3P	1831&5736	ἐξέρχομαι	ἐξέρχονται	
Matt 15:19	διαλογισμοὶ	N-NPM	N-NPM	1261	διαλογισμός	διαλογισμοί	
Matt 15:19	πονηροί,	A-NPM	A-NPM	4190	πονηρός	πονηροί	
Matt 15:19	φόνοι,	N-NPM	N-NPM	5408	φόνος	φόνοι	
Matt 15:19	μοιχεῖαι,	N-NPF	N-NPF	3430	μοιχεία	μοιχεῖαι	
Matt 15:19	πορνεῖαι,	N-NPF	N-NPF	4202	πορνεία	πορνεῖαι	
Matt 15:19	κλοπαί,	N-NPF	N-NPF	2829	κλοπή	κλοπαί	
Matt 15:19	ψευδομαρτυρίαι,	N-NPF	N-NPF	5577	ψευδομαρτυρία	ψευδομαρτυρίαι	
Matt 15:19	βλασφημίαι.	N-NPF	N-NPF	988	βλασφημία	βλασφημίαι	
Matt 15:20	ταῦτά	D-NPN	D-NPN	3778	οὗτος	ταῦτα	
Matt 15:20	ἐστιν	V-PAI-3S	V-PAI-3S	1510&5719	εἰμί	ἐστιν	
Matt 15:20	τὰ	T-NPN	T-NPN	3588	ὁ	τά	
Matt 15:20	κοινοῦντα	V-PAP-NPN	V-PAP-NPN	2840&5723	κοινόω	κοινοῦντα	
Matt 15:20	τὸν	T-ASM	T-ASM	3588	ὁ	τόν	
Matt 15:20	ἄνθρωπον·	N-ASM	N-ASM	444	ἄνθρωπος	ἄνθρωπον	
Matt 15:20	τὸ	T-NSN	T-NSN	3588	ὁ	τό	
Matt 15:20	δὲ	CONJ	CONJ	1161	δέ	δέ	
Matt 15:20	ἀνίπτοις	A-DPF	A-DPF	449	ἄνιπτος	ἀνίπτοις	
Matt 15:20	χερσὶν	N-DPF	N-DPF	5495	χείρ	χερσίν	
Matt 15:20	φαγεῖν	V-2AAN	V-2AAN	5315&5629	ἐσθίω	φαγεῖν	
Matt 15:20	οὐ	PRT-N	PRT-N	3756	οὐ	οὐ	
Matt 15:20	κοινοῖ	V-PAI-3S	V-PAI-3S	2840&5719	κοινόω	κοινοῖ	
Matt 15:20	τὸν	T-ASM	T-ASM	3588	ὁ	τόν	
Matt 15:20	ἄνθρωπον.	N-ASM	N-ASM	444	ἄνθρωπος	ἄνθρωπον	
Matt 15:21	Καὶ	CONJ	CONJ	2532	καί	Καί	
Matt 15:21	ἐξελθὼν	V-2AAP-NSM	V-2AAP-NSM	1831&5631	ἐξέρχομαι	ἐξελθών	
Matt 15:21	ἐκεῖθεν	ADV	ADV	1564	ἐκεῖθεν	ἐκεῖθεν	
Matt 15:21	ὁ	T-NSM	T-NSM	3588	ὁ	ὁ	
Matt 15:21	Ἰησοῦς	N-NSM	N-NSM	2424	Ἰησοῦς	Ἰησοῦς	
Matt 15:21	ἀνεχώρησεν	V-AAI-3S	V-AAI-3S	402&5656	ἀναχωρέω	ἀνεχώρησεν	
Matt 15:21	εἰς	PREP	PREP	1519	εἰς	εἰς	
Matt 15:21	τὰ	T-APN	T-APN	3588	ὁ	τά	
Matt 15:21	μέρη	N-APN	N-APN	3313	μέρος	μέρη	
Matt 15:21	Τύρου	N-GSF	N-GSF	5184	Τύρος	Τύρου	
Matt 15:21	καὶ	CONJ	CONJ	2532	καί	καί	
Matt 15:21	Σιδῶνος.	N-GSF	N-GSF	4605	Σιδών	Σιδῶνος	
Matt 15:22	καὶ	CONJ	CONJ	2532	καί	καί	
Matt 15:22	ἰδοὺ	V-2AMM-2S	V-2AMM-2S	3708&5640	ὁράω	ἰδού	
Matt 15:22	γυνὴ	N-NSF	N-NSF	1135	γυνή	γυνή	
Matt 15:22	Χαναναία	A-NSF	A-NSF	5478	Χαναναῖος	Χαναναία	
Matt 15:22	ἀπὸ	PREP	PREP	575	ἀπό	ἀπό	
Matt 15:22	τῶν	T-GPN	T-GPN	3588	ὁ	τῶν	
Matt 15:22	ὁρίων	N-GPN	N-GPN	3725	ὅριον	ὁρίων	
Matt 15:22	ἐκείνων	D-GPN	D-GPN	1565	ἐκεῖνος	ἐκείνων	
Matt 15:22	ἐξελθοῦσα	V-2AAP-NSF	V-2AAP-NSF	1831&5631	ἐξέρχομαι	ἐξελθοῦσα	
Matt 15:22	ἔκραζεν	V-IAI-3S	V-IAI-3S	2896&5707	κράζω	ἔκραζεν	
Matt 15:22	λέγουσα	V-PAP-NSF	V-PAP-NSF	3004&5723	λέγω	λέγουσα	
Matt 15:22	Ἐλέησόν	V-AAM-2S	V-AAM-2S	1653&5657	ἐλεέω	Ἐλέησον	
Matt 15:22	με,	P-1AS	P-1AS	1473	ἐγώ	με	
Matt 15:22	Κύριε	N-VSM	N-VSM	2962	κύριος	Κύριε	
Matt 15:22	υἱὸς	N-NSM	N-NSM	5207	υἱός	υἱός	
Matt 15:22	Δαυείδ·	N-PRI	N-PRI	1138	Δαυίδ	Δαυείδ	
Matt 15:22	ἡ	T-NSF	T-NSF	3588	ὁ	ἡ	
Matt 15:22	θυγάτηρ	N-NSF	N-NSF	2364	θυγάτηρ	θυγάτηρ	
Matt 15:22	μου	P-1GS	P-1GS	1473	ἐγώ	μου	
Matt 15:22	κακῶς	ADV	ADV	2560	κακῶς	κακῶς	
Matt 15:22	δαιμονίζεται.	V-PNI-3S	V-PNI-3S	1139&5736	δαιμονίζομαι	δαιμονίζεται	
Matt 15:23	ὁ	T-NSM	T-NSM	3588	ὁ	ὁ	
Matt 15:23	δὲ	CONJ	CONJ	1161	δέ	δέ	
Matt 15:23	οὐκ	PRT-N	PRT-N	3756	οὐ	οὐκ	
Matt 15:23	ἀπεκρίθη	V-ADI-3S	V-ADI-3S	611&5662	ἀποκρίνομαι	ἀπεκρίθη	
Matt 15:23	αὐτῇ	P-DSF	P-DSF	846	αὐτός	αὐτῇ	
Matt 15:23	λόγον.	N-ASM	N-ASM	3056	λόγος	λόγον	
Matt 15:23	καὶ	CONJ	CONJ	2532	καί	καί	
Matt 15:23	προσελθόντες	V-2AAP-NPM	V-2AAP-NPM	4334&5631	προσέρχομαι	προσελθόντες	
Matt 15:23	οἱ	T-NPM	T-NPM	3588	ὁ	οἱ	
Matt 15:23	μαθηταὶ	N-NPM	N-NPM	3101	μαθητής	μαθηταί	
Matt 15:23	αὐτοῦ	P-GSM	P-GSM	846	αὐτός	αὐτοῦ	
Matt 15:23	ἠρώτουν	V-IAI-3P	V-IAI-3P	2065&5707	ἐρωτάω	ἠρώτουν	
Matt 15:23	αὐτὸν	P-ASM	P-ASM	846	αὐτός	αὐτόν	
Matt 15:23	λέγοντες	V-PAP-NPM	V-PAP-NPM	3004&5723	λέγω	λέγοντες	
Matt 15:23	Ἀπόλυσον	V-AAM-2S	V-AAM-2S	630&5657	ἀπολύω	Ἀπόλυσον	
Matt 15:23	αὐτήν,	P-ASF	P-ASF	846	αὐτός	αὐτήν	
Matt 15:23	ὅτι	CONJ	CONJ	3754	ὅτι	ὅτι	
Matt 15:23	κράζει	V-PAI-3S	V-PAI-3S	2896&5719	κράζω	κράζει	
Matt 15:23	ὄπισθεν	ADV	ADV	3693	ὄπισθεν	ὄπισθεν	
Matt 15:23	ἡμῶν.	P-1GP	P-1GP	1473	ἐγώ	ἡμῶν	
Matt 15:24	ὁ	T-NSM	T-NSM	3588	ὁ	ὁ	
Matt 15:24	δὲ	CONJ	CONJ	1161	δέ	δέ	
Matt 15:24	ἀποκριθεὶς	V-AOP-NSM	V-AOP-NSM	611&5679	ἀποκρίνομαι	ἀποκριθείς	
Matt 15:24	εἶπεν	V-2AAI-3S	V-2AAI-3S	3004&5627	λέγω	εἶπεν	
Matt 15:24	Οὐκ	PRT-N	PRT-N	3756	οὐ	Οὐκ	
Matt 15:24	ἀπεστάλην	V-2API-1S	V-2API-1S	649&5648	ἀποστέλλω	ἀπεστάλην	
Matt 15:24	εἰ	COND	COND	1487	εἰ	εἰ	
Matt 15:24	μὴ	PRT-N	PRT-N	3361	μή	μή	
Matt 15:24	εἰς	PREP	PREP	1519	εἰς	εἰς	
Matt 15:24	τὰ	T-APN	T-APN	3588	ὁ	τά	
Matt 15:24	πρόβατα	N-APN	N-APN	4263	πρόβατον	πρόβατα	
Matt 15:24	τὰ	T-APN	T-APN	3588	ὁ	τά	
Matt 15:24	ἀπολωλότα	V-2RAP-APN	V-2RAP-APN	622&5756	ἀπόλλυμι	ἀπολωλότα	
Matt 15:24	οἴκου	N-GSM	N-GSM	3624	οἶκος	οἴκου	
Matt 15:24	Ἰσραήλ.	N-PRI	N-PRI	2474	Ἰσραήλ	Ἰσραήλ	
Matt 15:25	ἡ	T-NSF	T-NSF	3588	ὁ	ἡ	
Matt 15:25	δὲ	CONJ	CONJ	1161	δέ	δέ	
Matt 15:25	ἐλθοῦσα	V-2AAP-NSF	V-2AAP-NSF	2064&5631	ἔρχομαι	ἐλθοῦσα	
Matt 15:25	προσεκύνει	V-IAI-3S	V-IAI-3S	4352&5707	προσκυνέω	προσεκύνει	
Matt 15:25	αὐτῷ	P-DSM	P-DSM	846	αὐτός	αὐτῷ	
Matt 15:25	λέγουσα	V-PAP-NSF	V-PAP-NSF	3004&5723	λέγω	λέγουσα	
Matt 15:25	Κύριε,	N-VSM	N-VSM	2962	κύριος	Κύριε	
Matt 15:25	βοήθει	V-PAM-2S	V-PAM-2S	997&5720	βοηθέω	βοήθει	
Matt 15:25	μοι.	P-1DS	P-1DS	1473	ἐγώ	μοι	
Matt 15:26	ὁ	T-NSM	T-NSM	3588	ὁ	ὁ	
Matt 15:26	δὲ	CONJ	CONJ	1161	δέ	δέ	
Matt 15:26	ἀποκριθεὶς	V-AOP-NSM	V-AOP-NSM	611&5679	ἀποκρίνομαι	ἀποκριθείς	
Matt 15:26	εἶπεν	V-2AAI-3S	V-2AAI-3S	3004&5627	λέγω	εἶπεν	
Matt 15:26	Οὐκ	PRT-N	PRT-N	3756	οὐ	Οὐκ	
Matt 15:26	ἔστιν	V-PAI-3S	V-PAI-3S	1510&5719	εἰμί	ἔστιν	
Matt 15:26	καλὸν	A-NSN	A-NSN	2570	καλός	καλόν	
Matt 15:26	λαβεῖν	V-2AAN	V-2AAN	2983&5629	λαμβάνω	λαβεῖν	
Matt 15:26	τὸν	T-ASM	T-ASM	3588	ὁ	τόν	
Matt 15:26	ἄρτον	N-ASM	N-ASM	740	ἄρτος	ἄρτον	
Matt 15:26	τῶν	T-GPN	T-GPN	3588	ὁ	τῶν	
Matt 15:26	τέκνων	N-GPN	N-GPN	5043	τέκνον	τέκνων	
Matt 15:26	καὶ	CONJ	CONJ	2532	καί	καί	
Matt 15:26	βαλεῖν	V-2AAN	V-2AAN	906&5629	βάλλω	βαλεῖν	
Matt 15:26	τοῖς	T-DPN	T-DPN	3588	ὁ	τοῖς	
Matt 15:26	κυναρίοις.	N-DPN	N-DPN	2952	κυνάριον	κυναρίοις	
Matt 15:27	ἡ	T-NSF	T-NSF	3588	ὁ	ἡ	
Matt 15:27	δὲ	CONJ	CONJ	1161	δέ	δέ	
Matt 15:27	εἶπεν	V-2AAI-3S	V-2AAI-3S	3004&5627	λέγω	εἶπεν	
Matt 15:27	Ναί,	PRT	PRT	3483	ναί	Ναί	
Matt 15:27	κύριε·	N-VSM	N-VSM	2962	κύριος	κύριε	
Matt 15:27	καὶ	CONJ	CONJ	2532	καί	καί	
Matt 15:27	γὰρ	CONJ	CONJ	1063	γάρ	γάρ	
Matt 15:27	τὰ	T-NPN	T-NPN	3588	ὁ	τά	
Matt 15:27	κυνάρια	N-NPN	N-NPN	2952	κυνάριον	κυνάρια	
Matt 15:27	ἐσθίει	V-PAI-3S	V-PAI-3S	2068&5719	ἐσθίω	ἐσθίει	
Matt 15:27	ἀπὸ	PREP	PREP	575	ἀπό	ἀπό	
Matt 15:27	τῶν	T-GPN	T-GPN	3588	ὁ	τῶν	
Matt 15:27	ψιχίων	N-GPN	N-GPN	5589	ψιχίον	ψιχίων	
Matt 15:27	τῶν	T-GPN	T-GPN	3588	ὁ	τῶν	
Matt 15:27	πιπτόντων	V-PAP-GPN	V-PAP-GPN	4098&5723	πίπτω	πιπτόντων	
Matt 15:27	ἀπὸ	PREP	PREP	575	ἀπό	ἀπό	
Matt 15:27	τῆς	T-GSF	T-GSF	3588	ὁ	τῆς	
Matt 15:27	τραπέζης	N-GSF	N-GSF	5132	τράπεζα	τραπέζης	
Matt 15:27	τῶν	T-GPM	T-GPM	3588	ὁ	τῶν	
Matt 15:27	κυρίων	N-GPM	N-GPM	2962	κύριος	κυρίων	
Matt 15:27	αὐτῶν.	P-GPN	P-GPN	846	αὐτός	αὐτῶν	
Matt 15:28	τότε	ADV	ADV	5119	τότε	τότε	
Matt 15:28	ἀποκριθεὶς	V-AOP-NSM	V-AOP-NSM	611&5679	ἀποκρίνομαι	ἀποκριθείς	
Matt 15:28	ὁ	T-NSM	T-NSM	3588	ὁ	ὁ	
Matt 15:28	Ἰησοῦς	N-NSM	N-NSM	2424	Ἰησοῦς	Ἰησοῦς	
Matt 15:28	εἶπεν	V-2AAI-3S	V-2AAI-3S	3004&5627	λέγω	εἶπεν	
Matt 15:28	αὐτῇ	P-DSF	P-DSF	846	αὐτός	αὐτῇ	
Matt 15:28	Ὦ	INJ	INJ	5599	ὦ	Ὦ	
Matt 15:28	γύναι,	N-VSF	N-VSF	1135	γυνή	γύναι	
Matt 15:28	μεγάλη	A-NSF	A-NSF	3173	μέγας	μεγάλη	
Matt 15:28	σου	P-2GS	P-2GS	4771	σύ	σου	
Matt 15:28	ἡ	T-NSF	T-NSF	3588	ὁ	ἡ	
Matt 15:28	πίστις·	N-NSF	N-NSF	4102	πίστις	πίστις	
Matt 15:28	γενηθήτω	V-AOM-3S	V-AOM-3S	1096&5676	γίνομαι	γενηθήτω	
Matt 15:28	σοι	P-2DS	P-2DS	4771	σύ	σοι	
Matt 15:28	ὡς	ADV	ADV	5613	ὡς	ὡς	
Matt 15:28	θέλεις.	V-PAI-2S	V-PAI-2S	2309&5719	θέλω	θέλεις	
Matt 15:28	καὶ	CONJ	CONJ	2532	καί	καί	
Matt 15:28	ἰάθη	V-API-3S	V-API-3S	2390&5681	ἰάομαι	ἰάθη	
Matt 15:28	ἡ	T-NSF	T-NSF	3588	ὁ	ἡ	
Matt 15:28	θυγάτηρ	N-NSF	N-NSF	2364	θυγάτηρ	θυγάτηρ	
Matt 15:28	αὐτῆς	P-GSF	P-GSF	846	αὐτός	αὐτῆς	
Matt 15:28	ἀπὸ	PREP	PREP	575	ἀπό	ἀπό	
Matt 15:28	τῆς	T-GSF	T-GSF	3588	ὁ	τῆς	
Matt 15:28	ὥρας	N-GSF	N-GSF	5610	ὥρα	ὥρας	
Matt 15:28	ἐκείνης.	D-GSF	D-GSF	1565	ἐκεῖνος	ἐκείνης	
Matt 15:29	Καὶ	CONJ	CONJ	2532	καί	Καί	
Matt 15:29	μεταβὰς	V-2AAP-NSM	V-2AAP-NSM	3327&5631	μεταβαίνω	μεταβάς	
Matt 15:29	ἐκεῖθεν	ADV	ADV	1564	ἐκεῖθεν	ἐκεῖθεν	
Matt 15:29	ὁ	T-NSM	T-NSM	3588	ὁ	ὁ	
Matt 15:29	Ἰησοῦς	N-NSM	N-NSM	2424	Ἰησοῦς	Ἰησοῦς	
Matt 15:29	ἦλθεν	V-2AAI-3S	V-2AAI-3S	2064&5627	ἔρχομαι	ἦλθεν	
Matt 15:29	παρὰ	PREP	PREP	3844	παρά	παρά	
Matt 15:29	τὴν	T-ASF	T-ASF	3588	ὁ	τήν	
Matt 15:29	θάλασσαν	N-ASF	N-ASF	2281	θάλασσα	θάλασσαν	
Matt 15:29	τῆς	T-GSF	T-GSF	3588	ὁ	τῆς	
Matt 15:29	Γαλιλαίας,	N-GSF	N-GSF	1056	Γαλιλαία	Γαλιλαίας	
Matt 15:29	καὶ	CONJ	CONJ	2532	καί	καί	
Matt 15:29	ἀναβὰς	V-2AAP-NSM	V-2AAP-NSM	305&5631	ἀναβαίνω	ἀναβάς	
Matt 15:29	εἰς	PREP	PREP	1519	εἰς	εἰς	
Matt 15:29	τὸ	T-ASN	T-ASN	3588	ὁ	τό	
Matt 15:29	ὄρος	N-ASN	N-ASN	3735	ὄρος	ὄρος	
Matt 15:29	ἐκάθητο	V-INI-3S	V-INI-3S	2521&5711	κάθημαι	ἐκάθητο	
Matt 15:29	ἐκεῖ.	ADV	ADV	1563	ἐκεῖ	ἐκεῖ	
Matt 15:30	καὶ	CONJ	CONJ	2532	καί	καί	
Matt 15:30	προσῆλθον	V-2AAI-3P	V-2AAI-3P	4334&5627	προσέρχομαι	προσῆλθον	
Matt 15:30	αὐτῷ	P-DSM	P-DSM	846	αὐτός	αὐτῷ	
Matt 15:30	ὄχλοι	N-NPM	N-NPM	3793	ὄχλος	ὄχλοι	
Matt 15:30	πολλοὶ	A-NPM	A-NPM	4183	πολύς	πολλοί	
Matt 15:30	ἔχοντες	V-PAP-NPM	V-PAP-NPM	2192&5723	ἔχω	ἔχοντες	
Matt 15:30	μεθ’	PREP	PREP	3326	μετά	μεθ’	
Matt 15:30	ἑαυτῶν	F-3GPM	F-3GPM	1438	ἑαυτοῦ	ἑαυτῶν	
Matt 15:30	χωλούς,	A-APM	A-APM	5560	χωλός	χωλούς	
Matt 15:30	κυλλούς,	A-APM	A-APM	2948	κυλλός	κυλλούς	
Matt 15:30	τυφλούς,	A-APM	A-APM	5185	τυφλός	τυφλούς	
Matt 15:30	κωφούς,	A-APM	A-APM	2974	κωφός	κωφούς	
Matt 15:30	καὶ	CONJ	CONJ	2532	καί	καί	
Matt 15:30	ἑτέρους	A-APM	A-APM	2087	ἕτερος	ἑτέρους	
Matt 15:30	πολλούς,	A-APM	A-APM	4183	πολύς	πολλούς	
Matt 15:30	καὶ	CONJ	CONJ	2532	καί	καί	
Matt 15:30	ἔριψαν	V-AAI-3P	V-AAI-3P	4496&5656	ῥίπτω	ἔριψαν	
Matt 15:30	αὐτοὺς	P-APM	P-APM	846	αὐτός	αὐτούς	
Matt 15:30	παρὰ	PREP	PREP	3844	παρά	παρά	
Matt 15:30	τοὺς	T-APM	T-APM	3588	ὁ	τούς	
Matt 15:30	πόδας	N-APM	N-APM	4228	πούς	πόδας	
Matt 15:30	αὐτοῦ·	P-GSM	P-GSM	846	αὐτός	αὐτοῦ	
Matt 15:30	καὶ	CONJ	CONJ	2532	καί	καί	
Matt 15:30	ἐθεράπευσεν	V-AAI-3S	V-AAI-3S	2323&5656	θεραπεύω	ἐθεράπευσεν	
Matt 15:30	αὐτούς·	P-APM	P-APM	846	αὐτός	αὐτούς	
Matt 15:31	ὥστε	CONJ	CONJ	5620	ὥστε	ὥστε	
Matt 15:31	τὸν	T-ASM	T-ASM	3588	ὁ	τόν	
Matt 15:31	ὄχλον	N-ASM	N-ASM	3793	ὄχλος	ὄχλον	
Matt 15:31	θαυμάσαι	V-AAN	V-AAN	2296&5658	θαυμάζω	θαυμάσαι	
Matt 15:31	βλέποντας	V-PAP-APM	V-PAP-APM	991&5723	βλέπω	βλέποντας	
Matt 15:31	κωφοὺς	A-APM	A-APM	2974	κωφός	κωφούς	
Matt 15:31	λαλοῦντας	V-PAP-APM	V-PAP-APM	2980&5723	λαλέω	λαλοῦντας	
Matt 15:31	κυλλοὺς	A-APM	A-APM	2948	κυλλός	κυλλούς	
Matt 15:31	ὑγιεῖς	A-NPM	A-NPM	5199	ὑγιής	ὑγιεῖς	
Matt 15:31	καὶ	CONJ	CONJ	2532	καί	καί	
Matt 15:31	χωλοὺς	A-APM	A-APM	5560	χωλός	χωλούς	
Matt 15:31	περιπατοῦντας	V-PAP-APM	V-PAP-APM	4043&5723	περιπατέω	περιπατοῦντας	
Matt 15:31	καὶ	CONJ	CONJ	2532	καί	καί	
Matt 15:31	τυφλοὺς	A-APM	A-APM	5185	τυφλός	τυφλούς	
Matt 15:31	βλέποντας·	V-PAP-APM	V-PAP-APM	991&5723	βλέπω	βλέποντας	
Matt 15:31	καὶ	CONJ	CONJ	2532	καί	καί	
Matt 15:31	ἐδόξασαν	V-AAI-3P	V-AAI-3P	1392&5656	δοξάζω	ἐδόξασαν	
Matt 15:31	τὸν	T-ASM	T-ASM	3588	ὁ	τόν	
Matt 15:31	Θεὸν	N-ASM	N-ASM	2316	θεός	Θεόν	
Matt 15:31	Ἰσραήλ.	N-PRI	N-PRI	2474	Ἰσραήλ	Ἰσραήλ	
Matt 15:32	Ὁ	T-NSM	T-NSM	3588	ὁ	Ὁ	
Matt 15:32	δὲ	CONJ	CONJ	1161	δέ	δέ	
Matt 15:32	Ἰησοῦς	N-NSM	N-NSM	2424	Ἰησοῦς	Ἰησοῦς	
Matt 15:32	προσκαλεσάμενος	V-ADP-NSM	V-ADP-NSM	4341&5666	προσκαλέω	προσκαλεσάμενος	
Matt 15:32	τοὺς	T-APM	T-APM	3588	ὁ	τούς	
Matt 15:32	μαθητὰς	N-APM	N-APM	3101	μαθητής	μαθητάς	
Matt 15:32	αὐτοῦ	P-GSM	P-GSM	846	αὐτός	αὐτοῦ	
Matt 15:32	εἶπεν	V-2AAI-3S	V-2AAI-3S	3004&5627	λέγω	εἶπεν	
Matt 15:32	Σπλαγχνίζομαι	V-PNI-1S	V-PNI-1S	4697&5736	σπλαγχνίζομαι	Σπλαγχνίζομαι	
Matt 15:32	ἐπὶ	PREP	PREP	1909	ἐπί	ἐπί	
Matt 15:32	τὸν	T-ASM	T-ASM	3588	ὁ	τόν	
Matt 15:32	ὄχλον,	N-ASM	N-ASM	3793	ὄχλος	ὄχλον	
Matt 15:32	ὅτι	CONJ	CONJ	3754	ὅτι	ὅτι	
Matt 15:32	ἤδη	ADV	ADV	2235	ἤδη	ἤδη	
Matt 15:32	ἡμέραι	N-NPF	N-NPF	2250	ἡμέρα	ἡμέραι	
Matt 15:32	τρεῖς	A-NPF	A-NPF	5140	τρεῖς	τρεῖς	
Matt 15:32	προσμένουσίν	V-PAI-3P	V-PAI-3P	4357&5719	προσμένω	προσμένουσιν	
Matt 15:32	μοι	P-1DS	P-1DS	1473	ἐγώ	μοι	
Matt 15:32	καὶ	CONJ	CONJ	2532	καί	καί	
Matt 15:32	οὐκ	PRT-N	PRT-N	3756	οὐ	οὐκ	
Matt 15:32	ἔχουσιν	V-PAI-3P	V-PAI-3P	2192&5719	ἔχω	ἔχουσιν	
Matt 15:32	τί	I-ASN	I-ASN	5101	τίς	τί	
Matt 15:32	φάγωσιν·	V-2AAS-3P	V-2AAS-3P	5315&5632	ἐσθίω	φάγωσιν	
Matt 15:32	καὶ	CONJ	CONJ	2532	καί	καί	
Matt 15:32	ἀπολῦσαι	V-AAN	V-AAN	630&5658	ἀπολύω	ἀπολῦσαι	
Matt 15:32	αὐτοὺς	P-APM	P-APM	846	αὐτός	αὐτούς	
Matt 15:32	νήστεις	A-APM	A-APM	3523	νῆστις	νήστεις	
Matt 15:32	οὐ	PRT-N	PRT-N	3756	οὐ	οὐ	
Matt 15:32	θέλω,	V-PAI-1S	V-PAI-1S	2309&5719	θέλω	θέλω	
Matt 15:32	μή	PRT-N	PRT-N	3361	μή	μή	
Matt 15:32	ποτε	ADV	ADV	4219	πότε	ποτε	
Matt 15:32	ἐκλυθῶσιν	V-APS-3P	V-APS-3P	1590&5686	ἐκλύω	ἐκλυθῶσιν	
Matt 15:32	ἐν	PREP	PREP	1722	ἐν	ἐν	
Matt 15:32	τῇ	T-DSF	T-DSF	3588	ὁ	τῇ	
Matt 15:32	ὁδῷ.	N-DSF	N-DSF	3598	ὁδός	ὁδῷ	
Matt 15:33	καὶ	CONJ	CONJ	2532	καί	καί	
Matt 15:33	λέγουσιν	V-PAI-3P	V-PAI-3P	3004&5719	λέγω	λέγουσιν	
Matt 15:33	αὐτῷ	P-DSM	P-DSM	846	αὐτός	αὐτῷ	
Matt 15:33	οἱ	T-NPM	T-NPM	3588	ὁ	οἱ	
Matt 15:33	μαθηταί	N-NPM	N-NPM	3101	μαθητής	μαθηταί	
Matt 15:33	Πόθεν	ADV-I	ADV-I	4159	πόθεν	Πόθεν	
Matt 15:33	ἡμῖν	P-1DP	P-1DP	1473	ἐγώ	ἡμῖν	
Matt 15:33	ἐν	PREP	PREP	1722	ἐν	ἐν	
Matt 15:33	ἐρημίᾳ	N-DSF	N-DSF	2047	ἐρημία	ἐρημίᾳ	
Matt 15:33	ἄρτοι	N-NPM	N-NPM	740	ἄρτος	ἄρτοι	
Matt 15:33	τοσοῦτοι	D-NPM	D-NPM	5118	τοσοῦτος	τοσοῦτοι	
Matt 15:33	ὥστε	CONJ	CONJ	5620	ὥστε	ὥστε	
Matt 15:33	χορτάσαι	V-AAN	V-AAN	5526&5658	χορτάζω	χορτάσαι	
Matt 15:33	ὄχλον	N-ASM	N-ASM	3793	ὄχλος	ὄχλον	
Matt 15:33	τοσοῦτον;	D-ASM	D-ASM	5118	τοσοῦτος	τοσοῦτον	
Matt 15:34	καὶ	CONJ	CONJ	2532	καί	καί	
Matt 15:34	λέγει	V-PAI-3S	V-PAI-3S	3004&5719	λέγω	λέγει	
Matt 15:34	αὐτοῖς	P-DPM	P-DPM	846	αὐτός	αὐτοῖς	
Matt 15:34	ὁ	T-NSM	T-NSM	3588	ὁ	ὁ	
Matt 15:34	Ἰησοῦς	N-NSM	N-NSM	2424	Ἰησοῦς	Ἰησοῦς	
Matt 15:34	Πόσους	Q-APM	Q-APM	4214	πόσος	Πόσους	
Matt 15:34	ἄρτους	N-APM	N-APM	740	ἄρτος	ἄρτους	
Matt 15:34	ἔχετε;	V-PAI-2P	V-PAI-2P	2192&5719	ἔχω	ἔχετε	
Matt 15:34	οἱ	T-NPM	T-NPM	3588	ὁ	οἱ	
Matt 15:34	δὲ	CONJ	CONJ	1161	δέ	δέ	
Matt 15:34	εἶπαν	V-2AAI-3P	V-2AAI-3P	3004&5627	λέγω	εἶπαν	
Matt 15:34	Ἑπτά,	A-NUI	A-NUI	2033	ἑπτά	Ἑπτά	
Matt 15:34	καὶ	CONJ	CONJ	2532	καί	καί	
Matt 15:34	ὀλίγα	A-APN	A-APN	3641	ὀλίγος	ὀλίγα	
Matt 15:34	ἰχθύδια.	N-APN	N-APN	2485	ἰχθύδιον	ἰχθύδια	
Matt 15:35	καὶ	CONJ	CONJ	2532	καί	καί	
Matt 15:35	παραγγείλας	V-AAP-NSM	V-AAP-NSM	3853&5660	παραγγέλλω	παραγγείλας	
Matt 15:35	τῷ	T-DSM	T-DSM	3588	ὁ	τῷ	
Matt 15:35	ὄχλῳ	N-DSM	N-DSM	3793	ὄχλος	ὄχλῳ	
Matt 15:35	ἀναπεσεῖν	V-2AAN	V-2AAN	377&5629	ἀναπίπτω	ἀναπεσεῖν	
Matt 15:35	ἐπὶ	PREP	PREP	1909	ἐπί	ἐπί	
Matt 15:35	τὴν	T-ASF	T-ASF	3588	ὁ	τήν	
Matt 15:35	γῆν	N-ASF	N-ASF	1093	γῆ	γῆν	
Matt 15:36	ἔλαβεν	V-2AAI-3S	V-2AAI-3S	2983&5627	λαμβάνω	ἔλαβεν	
Matt 15:36	τοὺς	T-APM	T-APM	3588	ὁ	τούς	
Matt 15:36	ἑπτὰ	A-NUI	A-NUI	2033	ἑπτά	ἑπτά	
Matt 15:36	ἄρτους	N-APM	N-APM	740	ἄρτος	ἄρτους	
Matt 15:36	καὶ	CONJ	CONJ	2532	καί	καί	
Matt 15:36	τοὺς	T-APM	T-APM	3588	ὁ	τούς	
Matt 15:36	ἰχθύας	N-APM	N-APM	2486	ἰχθύς	ἰχθύας	
Matt 15:36	καὶ	CONJ	CONJ	2532	καί	καί	
Matt 15:36	εὐχαριστήσας	V-AAP-NSM	V-AAP-NSM	2168&5660	εὐχαριστέω	εὐχαριστήσας	
Matt 15:36	ἔκλασεν	V-AAI-3S	V-AAI-3S	2806&5656	κλάω	ἔκλασεν	
Matt 15:36	καὶ	CONJ	CONJ	2532	καί	καί	
Matt 15:36	ἐδίδου	V-IAI-3S	V-IAI-3S	1325&5707	δίδωμι	ἐδίδου	
Matt 15:36	τοῖς	T-DPM	T-DPM	3588	ὁ	τοῖς	
Matt 15:36	μαθηταῖς,	N-DPM	N-DPM	3101	μαθητής	μαθηταῖς	
Matt 15:36	οἱ	T-NPM	T-NPM	3588	ὁ	οἱ	
Matt 15:36	δὲ	CONJ	CONJ	1161	δέ	δέ	
Matt 15:36	μαθηταὶ	N-NPM	N-NPM	3101	μαθητής	μαθηταί	
Matt 15:36	τοῖς	T-DPM	T-DPM	3588	ὁ	τοῖς	
Matt 15:36	ὄχλοις.	N-DPM	N-DPM	3793	ὄχλος	ὄχλοις	
Matt 15:37	καὶ	CONJ	CONJ	2532	καί	καί	
Matt 15:37	ἔφαγον	V-2AAI-3P	V-2AAI-3P	5315&5627	ἐσθίω	ἔφαγον	
Matt 15:37	πάντες	A-NPM	A-NPM	3956	πᾶς	πάντες	
Matt 15:37	καὶ	CONJ	CONJ	2532	καί	καί	
Matt 15:37	ἐχορτάσθησαν,	V-API-3P	V-API-3P	5526&5681	χορτάζω	ἐχορτάσθησαν	
Matt 15:37	καὶ	CONJ	CONJ	2532	καί	καί	
Matt 15:37	τὸ	T-ASN	T-ASN	3588	ὁ	τό	
Matt 15:37	περισσεῦον	V-PAP-ASN	V-PAP-ASN	4052&5723	περισσεύω	περισσεῦον	
Matt 15:37	τῶν	T-GPN	T-GPN	3588	ὁ	τῶν	
Matt 15:37	κλασμάτων	N-GPN	N-GPN	2801	κλάσμα	κλασμάτων	
Matt 15:37	ἦραν	V-AAI-3P	V-AAI-3P	142&5656	αἴρω	ἦραν	
Matt 15:37	ἑπτὰ	A-NUI	A-NUI	2033	ἑπτά	ἑπτά	
Matt 15:37	σπυρίδας	N-APF	N-APF	4711	σπυρίς	σπυρίδας	
Matt 15:37	πλήρεις.	A-APF	A-APF	4134	πλήρης	πλήρεις	
Matt 15:38	οἱ	T-NPM	T-NPM	3588	ὁ	οἱ	
Matt 15:38	δὲ	CONJ	CONJ	1161	δέ	δέ	
Matt 15:38	ἐσθίοντες	V-PAP-NPM	V-PAP-NPM	2068&5723	ἐσθίω	ἐσθίοντες	
Matt 15:38	ἦσαν	V-IAI-3P	V-IAI-3P	1510&5707	εἰμί	ἦσαν	
Matt 15:38	τετρακισχίλιοι	A-NPM	A-NPM	5070	τετρακισχίλιοι	τετρακισχίλιοι	
Matt 15:38	ἄνδρες	N-NPM	N-NPM	435	ἀνήρ	ἄνδρες	
Matt 15:38	χωρὶς	ADV	ADV	5565	χωρίς	χωρίς	
Matt 15:38	γυναικῶν	N-GPF	N-GPF	1135	γυνή	γυναικῶν	
Matt 15:38	καὶ	CONJ	CONJ	2532	καί	καί	
Matt 15:38	παιδίων.	N-GPN	N-GPN	3813	παιδίον	παιδίων	
Matt 15:39	Καὶ	CONJ	CONJ	2532	καί	Καί	
Matt 15:39	ἀπολύσας	V-AAP-NSM	V-AAP-NSM	630&5660	ἀπολύω	ἀπολύσας	
Matt 15:39	τοὺς	T-APM	T-APM	3588	ὁ	τούς	
Matt 15:39	ὄχλους	N-APM	N-APM	3793	ὄχλος	ὄχλους	
Matt 15:39	ἐνέβη	V-2AAI-3S	V-2AAI-3S	1684&5627	ἐμβαίνω	ἐνέβη	
Matt 15:39	εἰς	PREP	PREP	1519	εἰς	εἰς	
Matt 15:39	τὸ	T-ASN	T-ASN	3588	ὁ	τό	
Matt 15:39	πλοῖον,	N-ASN	N-ASN	4143	πλοῖον	πλοῖον	
Matt 15:39	καὶ	CONJ	CONJ	2532	καί	καί	
Matt 15:39	ἦλθεν	V-2AAI-3S	V-2AAI-3S	2064&5627	ἔρχομαι	ἦλθεν	
Matt 15:39	εἰς	PREP	PREP	1519	εἰς	εἰς	
Matt 15:39	τὰ	T-APN	T-APN	3588	ὁ	τά	
Matt 15:39	ὅρια	N-APN	N-APN	3725	ὅριον	ὅρια	
Matt 15:39	Μαγαδάν.	N-PRI	N-PRI	03093	Μαγαδάν	Μαγαδάν	
Matt 16:1	Καὶ	CONJ	CONJ	2532	καί	Καί	
Matt 16:1	προσελθόντες	V-2AAP-NPM	V-2AAP-NPM	4334&5631	προσέρχομαι	προσελθόντες	
Matt 16:1	οἱ	T-NPM	T-NPM	3588	ὁ	οἱ	
Matt 16:1	Φαρισαῖοι	N-NPM	N-NPM	5330	Φαρισαῖος	Φαρισαῖοι	
Matt 16:1	καὶ	CONJ	CONJ	2532	καί	καί	
Matt 16:1	Σαδδουκαῖοι	N-NPM	N-NPM	4523	Σαδδουκαῖος	Σαδδουκαῖοι	
Matt 16:1	πειράζοντες	V-PAP-NPM	V-PAP-NPM	3985&5723	πειράζω	πειράζοντες	
Matt 16:1	ἐπηρώτησαν	V-AAI-3P	V-AAI-3P	1905&5656	ἐπερωτάω	ἐπηρώτησαν	
Matt 16:1	αὐτὸν	P-ASM	P-ASM	846	αὐτός	αὐτόν	
Matt 16:1	σημεῖον	N-ASN	N-ASN	4592	σημεῖον	σημεῖον	
Matt 16:1	ἐκ	PREP	PREP	1537	ἐκ	ἐκ	
Matt 16:1	τοῦ	T-GSM	T-GSM	3588	ὁ	τοῦ	
Matt 16:1	οὐρανοῦ	N-GSM	N-GSM	3772	οὐρανός	οὐρανοῦ	
Matt 16:1	ἐπιδεῖξαι	V-AAN	V-AAN	1925&5658	ἐπιδείκνυμι	ἐπιδεῖξαι	
Matt 16:1	αὐτοῖς.	P-DPM	P-DPM	846	αὐτός	αὐτοῖς	
Matt 16:2	ὁ	T-NSM	T-NSM	3588	ὁ	ὁ	
Matt 16:2	δὲ	CONJ	CONJ	1161	δέ	δέ	
Matt 16:2	ἀποκριθεὶς	V-AOP-NSM	V-AOP-NSM	611&5679	ἀποκρίνομαι	ἀποκριθείς	
Matt 16:2	εἶπεν	V-2AAI-3S	V-2AAI-3S	3004&5627	λέγω	εἶπεν	
Matt 16:2	αὐτοῖς	P-DPM	P-DPM	846	αὐτός	αὐτοῖς	
Matt 16:2	Ὀψίας	A-GSF	A-GSF	3798	ὄψιος	Ὀψίας	
Matt 16:2	γενομένης	V-2ADP-GSF	V-2ADP-GSF	1096&5637	γίνομαι	γενομένης	
Matt 16:2	λέγετε	V-PAI-2P	V-PAI-2P	3004&5719	λέγω	λέγετε	
Matt 16:2	Εὐδία,	N-NSF	N-NSF	2105	εὐδία	Εὐδία	
Matt 16:2	πυρράζει	V-PAI-3S	V-PAI-3S	4449&5719	πυρράζω	πυρράζει	
Matt 16:2	γὰρ	CONJ	CONJ	1063	γάρ	γάρ	
Matt 16:2	ὁ	T-NSM	T-NSM	3588	ὁ	ὁ	
Matt 16:2	οὐρανός·	N-NSM	N-NSM	3772	οὐρανός	οὐρανός	
Matt 16:3	καὶ	CONJ	CONJ	2532	καί	καί	
Matt 16:3	πρωΐ	ADV	ADV	4404	πρωΐ	πρωΐ	
Matt 16:3	Σήμερον	ADV	ADV	4594	σήμερον	Σήμερον	
Matt 16:3	χειμών,	N-NSM	N-NSM	5494	χειμών	χειμών	
Matt 16:3	πυρράζει	V-PAI-3S	V-PAI-3S	4449&5719	πυρράζω	πυρράζει	
Matt 16:3	γὰρ	CONJ	CONJ	1063	γάρ	γάρ	
Matt 16:3	στυγνάζων	V-PAP-NSM	V-PAP-NSM	4768&5723	στυγνάζω	στυγνάζων	
Matt 16:3	ὁ	T-NSM	T-NSM	3588	ὁ	ὁ	
Matt 16:3	οὐρανός.	N-NSM	N-NSM	3772	οὐρανός	οὐρανός	
Matt 16:3	τὸ	T-ASN	T-ASN	3588	ὁ	τό	
Matt 16:3	μὲν	PRT	PRT	3303	μέν	μέν	
Matt 16:3	πρόσωπον	N-ASN	N-ASN	4383	πρόσωπον	πρόσωπον	
Matt 16:3	τοῦ	T-GSM	T-GSM	3588	ὁ	τοῦ	
Matt 16:3	οὐρανοῦ	N-GSM	N-GSM	3772	οὐρανός	οὐρανοῦ	
Matt 16:3	γινώσκετε	V-PAI-2P	V-PAI-2P	1097&5719	γινώσκω	γινώσκετε	
Matt 16:3	διακρίνειν,	V-PAN	V-PAN	1252&5721	διακρίνω	διακρίνειν	
Matt 16:3	τὰ	T-APN	T-APN	3588	ὁ	τά	
Matt 16:3	δὲ	CONJ	CONJ	1161	δέ	δέ	
Matt 16:3	σημεῖα	N-APN	N-APN	4592	σημεῖον	σημεῖα	
Matt 16:3	τῶν	T-GPM	T-GPM	3588	ὁ	τῶν	
Matt 16:3	καιρῶν	N-GPM	N-GPM	2540	καιρός	καιρῶν	
Matt 16:3	οὐ	PRT-N	PRT-N	3756	οὐ	οὐ	
Matt 16:3	δύνασθε;	V-PNI-2P	V-PNI-2P	1410&5736	δύναμαι	δύνασθε	
Matt 16:4	γενεὰ	N-NSF	N-NSF	1074	γενεά	γενεά	
Matt 16:4	πονηρὰ	A-NSF	A-NSF	4190	πονηρός	πονηρά	
Matt 16:4	καὶ	CONJ	CONJ	2532	καί	καί	
Matt 16:4	μοιχαλὶς	N-NSF	N-NSF	3428	μοιχαλίς	μοιχαλίς	
Matt 16:4	σημεῖον	N-ASN	N-ASN	4592	σημεῖον	σημεῖον	
Matt 16:4	ἐπιζητεῖ,	V-PAI-3S	V-PAI-3S	1934&5719	ἐπιζητέω	ἐπιζητεῖ	
Matt 16:4	καὶ	CONJ	CONJ	2532	καί	καί	
Matt 16:4	σημεῖον	N-NSN	N-NSN	4592	σημεῖον	σημεῖον	
Matt 16:4	οὐ	PRT-N	PRT-N	3756	οὐ	οὐ	
Matt 16:4	δοθήσεται	V-FPI-3S	V-FPI-3S	1325&5701	δίδωμι	δοθήσεται	
Matt 16:4	αὐτῇ	P-DSF	P-DSF	846	αὐτός	αὐτῇ	
Matt 16:4	εἰ	COND	COND	1487	εἰ	εἰ	
Matt 16:4	μὴ	PRT-N	PRT-N	3361	μή	μή	
Matt 16:4	τὸ	T-NSN	T-NSN	3588	ὁ	τό	
Matt 16:4	σημεῖον	N-NSN	N-NSN	4592	σημεῖον	σημεῖον	
Matt 16:4	Ἰωνᾶ.	N-GSM	N-GSM	2495	Ἰωνᾶς	Ἰωνᾶ	
Matt 16:4	καὶ	CONJ	CONJ	2532	καί	καί	
Matt 16:4	καταλιπὼν	V-2AAP-NSM	V-2AAP-NSM	2641&5631	καταλείπω	καταλιπών	
Matt 16:4	αὐτοὺς	P-APM	P-APM	846	αὐτός	αὐτούς	
Matt 16:4	ἀπῆλθεν.	V-2AAI-3S	V-2AAI-3S	565&5627	ἀπέρχομαι	ἀπῆλθεν	
Matt 16:5	Καὶ	CONJ	CONJ	2532	καί	Καί	
Matt 16:5	ἐλθόντες	V-2AAP-NPM	V-2AAP-NPM	2064&5631	ἔρχομαι	ἐλθόντες	
Matt 16:5	οἱ	T-NPM	T-NPM	3588	ὁ	οἱ	
Matt 16:5	μαθηταὶ	N-NPM	N-NPM	3101	μαθητής	μαθηταί	
Matt 16:5	εἰς	PREP	PREP	1519	εἰς	εἰς	
Matt 16:5	τὸ	T-ASN	T-ASN	3588	ὁ	τό	
Matt 16:5	πέραν	ADV	ADV	4008	πέραν	πέραν	
Matt 16:5	ἐπελάθοντο	V-2ADI-3P	V-2ADI-3P	1950&5633	ἐπιλανθάνομαι	ἐπελάθοντο	
Matt 16:5	ἄρτους	N-APM	N-APM	740	ἄρτος	ἄρτους	
Matt 16:5	λαβεῖν.	V-2AAN	V-2AAN	2983&5629	λαμβάνω	λαβεῖν	
Matt 16:6	ὁ	T-NSM	T-NSM	3588	ὁ	ὁ	
Matt 16:6	δὲ	CONJ	CONJ	1161	δέ	δέ	
Matt 16:6	Ἰησοῦς	N-NSM	N-NSM	2424	Ἰησοῦς	Ἰησοῦς	
Matt 16:6	εἶπεν	V-2AAI-3S	V-2AAI-3S	3004&5627	λέγω	εἶπεν	
Matt 16:6	αὐτοῖς	P-DPM	P-DPM	846	αὐτός	αὐτοῖς	
Matt 16:6	Ὁρᾶτε	V-PAM-2P	V-PAM-2P	3708&5720	ὁράω	Ὁρᾶτε	
Matt 16:6	καὶ	CONJ	CONJ	2532	καί	καί	
Matt 16:6	προσέχετε	V-PAM-2P	V-PAM-2P	4337&5720	προσέχω	προσέχετε	
Matt 16:6	ἀπὸ	PREP	PREP	575	ἀπό	ἀπό	
Matt 16:6	τῆς	T-GSF	T-GSF	3588	ὁ	τῆς	
Matt 16:6	ζύμης	N-GSF	N-GSF	2219	ζύμη	ζύμης	
Matt 16:6	τῶν	T-GPM	T-GPM	3588	ὁ	τῶν	
Matt 16:6	Φαρισαίων	N-GPM	N-GPM	5330	Φαρισαῖος	Φαρισαίων	
Matt 16:6	καὶ	CONJ	CONJ	2532	καί	καί	
Matt 16:6	Σαδδουκαίων.	N-GPM	N-GPM	4523	Σαδδουκαῖος	Σαδδουκαίων	
Matt 16:7	οἱ	T-NPM	T-NPM	3588	ὁ	οἱ	
Matt 16:7	δὲ	CONJ	CONJ	1161	δέ	δέ	
Matt 16:7	διελογίζοντο	V-INI-3P	V-INI-3P	1260&5711	διαλογίζομαι	διελογίζοντο	
Matt 16:7	ἐν	PREP	PREP	1722	ἐν	ἐν	
Matt 16:7	ἑαυτοῖς	F-3DPM	F-3DPM	1438	ἑαυτοῦ	ἑαυτοῖς	
Matt 16:7	λέγοντες	V-PAP-NPM	V-PAP-NPM	3004&5723	λέγω	λέγοντες	
Matt 16:7	ὅτι	CONJ	CONJ	3754	ὅτι	ὅτι	
Matt 16:7	Ἄρτους	N-APM	N-APM	740	ἄρτος	Ἄρτους	
Matt 16:7	οὐκ	PRT-N	PRT-N	3756	οὐ	οὐκ	
Matt 16:7	ἐλάβομεν.	V-2AAI-1P	V-2AAI-1P	2983&5627	λαμβάνω	ἐλάβομεν	
Matt 16:8	γνοὺς	V-2AAP-NSM	V-2AAP-NSM	1097&5631	γινώσκω	γνούς	
Matt 16:8	δὲ	CONJ	CONJ	1161	δέ	δέ	
Matt 16:8	ὁ	T-NSM	T-NSM	3588	ὁ	ὁ	
Matt 16:8	Ἰησοῦς	N-NSM	N-NSM	2424	Ἰησοῦς	Ἰησοῦς	
Matt 16:8	εἶπεν	V-2AAI-3S	V-2AAI-3S	3004&5627	λέγω	εἶπεν	
Matt 16:8	Τί	I-ASN	I-ASN	5101	τίς	Τί	
Matt 16:8	διαλογίζεσθε	V-PNI-2P	V-PNI-2P	1260&5736	διαλογίζομαι	διαλογίζεσθε	
Matt 16:8	ἐν	PREP	PREP	1722	ἐν	ἐν	
Matt 16:8	ἑαυτοῖς,	F-2DPM	F-2DPM	1438	ἑαυτοῦ	ἑαυτοῖς	
Matt 16:8	ὀλιγόπιστοι,	A-VPM	A-VPM	3640	ὀλιγόπιστος	ὀλιγόπιστοι	
Matt 16:8	ὅτι	CONJ	CONJ	3754	ὅτι	ὅτι	
Matt 16:8	ἄρτους	N-APM	N-APM	740	ἄρτος	ἄρτους	
Matt 16:8	οὐκ	PRT-N	PRT-N	3756	οὐ	οὐκ	
Matt 16:8	ἔχετε;	V-PAI-2P	V-PAI-2P	2192&5719	ἔχω	ἔχετε	
Matt 16:9	οὔπω	ADV-N	ADV-N	3768	οὔπω	οὔπω	
Matt 16:9	νοεῖτε,	V-PAI-2P	V-PAI-2P	3539&5719	νοέω	νοεῖτε	
Matt 16:9	οὐδὲ	CONJ-N	CONJ-N	3761	οὐδέ	οὐδέ	
Matt 16:9	μνημονεύετε	V-PAI-2P	V-PAI-2P	3421&5719	μνημονεύω	μνημονεύετε	
Matt 16:9	τοὺς	T-APM	T-APM	3588	ὁ	τούς	
Matt 16:9	πέντε	A-NUI	A-NUI	4002	πέντε	πέντε	
Matt 16:9	ἄρτους	N-APM	N-APM	740	ἄρτος	ἄρτους	
Matt 16:9	τῶν	T-GPM	T-GPM	3588	ὁ	τῶν	
Matt 16:9	πεντακισχιλίων	A-GPM	A-GPM	4000	πεντακισχίλιοι	πεντακισχιλίων	
Matt 16:9	καὶ	CONJ	CONJ	2532	καί	καί	
Matt 16:9	πόσους	Q-APM	Q-APM	4214	πόσος	πόσους	
Matt 16:9	κοφίνους	N-APM	N-APM	2894	κόφινος	κοφίνους	
Matt 16:9	ἐλάβετε;	V-2AAI-2P	V-2AAI-2P	2983&5627	λαμβάνω	ἐλάβετε	
Matt 16:10	οὐδὲ	CONJ-N	CONJ-N	3761	οὐδέ	οὐδέ	
Matt 16:10	τοὺς	T-APM	T-APM	3588	ὁ	τούς	
Matt 16:10	ἑπτὰ	A-NUI	A-NUI	2033	ἑπτά	ἑπτά	
Matt 16:10	ἄρτους	N-APM	N-APM	740	ἄρτος	ἄρτους	
Matt 16:10	τῶν	T-GPM	T-GPM	3588	ὁ	τῶν	
Matt 16:10	τετρακισχιλίων	A-GPM	A-GPM	5070	τετρακισχίλιοι	τετρακισχιλίων	
Matt 16:10	καὶ	CONJ	CONJ	2532	καί	καί	
Matt 16:10	πόσας	Q-APF	Q-APF	4214	πόσος	πόσας	
Matt 16:10	σπυρίδας	N-APF	N-APF	4711	σπυρίς	σπυρίδας	
Matt 16:10	ἐλάβετε;	V-2AAI-2P	V-2AAI-2P	2983&5627	λαμβάνω	ἐλάβετε	
Matt 16:11	πῶς	ADV-I	ADV-I	4459	πῶς	πῶς	
Matt 16:11	οὐ	PRT-N	PRT-N	3756	οὐ	οὐ	
Matt 16:11	νοεῖτε	V-PAI-2P	V-PAI-2P	3539&5719	νοέω	νοεῖτε	
Matt 16:11	ὅτι	CONJ	CONJ	3754	ὅτι	ὅτι	
Matt 16:11	οὐ	PRT-N	PRT-N	3756	οὐ	οὐ	
Matt 16:11	περὶ	PREP	PREP	4012	περί	περί	
Matt 16:11	ἄρτων	N-GPM	N-GPM	740	ἄρτος	ἄρτων	
Matt 16:11	εἶπον	V-2AAI-1S	V-2AAI-1S	3004&5627	λέγω	εἶπον	
Matt 16:11	ὑμῖν;	P-2DP	P-2DP	4771	σύ	ὑμῖν	
Matt 16:11	προσέχετε	V-PAM-2P	V-PAM-2P	4337&5720	προσέχω	προσέχετε	
Matt 16:11	δὲ	CONJ	CONJ	1161	δέ	δέ	
Matt 16:11	ἀπὸ	PREP	PREP	575	ἀπό	ἀπό	
Matt 16:11	τῆς	T-GSF	T-GSF	3588	ὁ	τῆς	
Matt 16:11	ζύμης	N-GSF	N-GSF	2219	ζύμη	ζύμης	
Matt 16:11	τῶν	T-GPM	T-GPM	3588	ὁ	τῶν	
Matt 16:11	Φαρισαίων	N-GPM	N-GPM	5330	Φαρισαῖος	Φαρισαίων	
Matt 16:11	καὶ	CONJ	CONJ	2532	καί	καί	
Matt 16:11	Σαδδουκαίων.	N-GPM	N-GPM	4523	Σαδδουκαῖος	Σαδδουκαίων	
Matt 16:12	τότε	ADV	ADV	5119	τότε	τότε	
Matt 16:12	συνῆκαν	V-AAI-3P	V-AAI-3P	4920&5656	συνίημι	συνῆκαν	
Matt 16:12	ὅτι	CONJ	CONJ	3754	ὅτι	ὅτι	
Matt 16:12	οὐκ	PRT-N	PRT-N	3756	οὐ	οὐκ	
Matt 16:12	εἶπεν	V-2AAI-3S	V-2AAI-3S	3004&5627	λέγω	εἶπεν	
Matt 16:12	προσέχειν	V-PAN	V-PAN	4337&5721	προσέχω	προσέχειν	
Matt 16:12	ἀπὸ	PREP	PREP	575	ἀπό	ἀπό	
Matt 16:12	τῆς	T-GSF	T-GSF	3588	ὁ	τῆς	
Matt 16:12	ζύμης	N-GSF	N-GSF	2219	ζύμη	ζύμης	
Matt 16:12	τῶν	T-GPM	T-GPM	3588	ὁ	τῶν	
Matt 16:12	ἄρτων,	N-GPM	N-GPM	740	ἄρτος	ἄρτων	
Matt 16:12	ἀλλὰ	CONJ	CONJ	235	ἀλλά	ἀλλά	
Matt 16:12	ἀπὸ	PREP	PREP	575	ἀπό	ἀπό	
Matt 16:12	τῆς	T-GSF	T-GSF	3588	ὁ	τῆς	
Matt 16:12	διδαχῆς	N-GSF	N-GSF	1322	διδαχή	διδαχῆς	
Matt 16:12	τῶν	T-GPM	T-GPM	3588	ὁ	τῶν	
Matt 16:12	Φαρισαίων	N-GPM	N-GPM	5330	Φαρισαῖος	Φαρισαίων	
Matt 16:12	καὶ	CONJ	CONJ	2532	καί	καί	
Matt 16:12	Σαδδουκαίων.	N-GPM	N-GPM	4523	Σαδδουκαῖος	Σαδδουκαίων	
Matt 16:13	Ἐλθὼν	V-2AAP-NSM	V-2AAP-NSM	2064&5631	ἔρχομαι	Ἐλθών	
Matt 16:13	δὲ	CONJ	CONJ	1161	δέ	δέ	
Matt 16:13	ὁ	T-NSM	T-NSM	3588	ὁ	ὁ	
Matt 16:13	Ἰησοῦς	N-NSM	N-NSM	2424	Ἰησοῦς	Ἰησοῦς	
Matt 16:13	εἰς	PREP	PREP	1519	εἰς	εἰς	
Matt 16:13	τὰ	T-APN	T-APN	3588	ὁ	τά	
Matt 16:13	μέρη	N-APN	N-APN	3313	μέρος	μέρη	
Matt 16:13	Καισαρίας	N-GSF	N-GSF	2542	Καισάρεια	Καισαρίας	
Matt 16:13	τῆς	T-GSF	T-GSF	3588	ὁ	τῆς	
Matt 16:13	Φιλίππου	N-GSM	N-GSM	5376	Φίλιππος	Φιλίππου	
Matt 16:13	ἠρώτα	V-IAI-3S	V-IAI-3S	2065&5707	ἐρωτάω	ἠρώτα	
Matt 16:13	τοὺς	T-APM	T-APM	3588	ὁ	τούς	
Matt 16:13	μαθητὰς	N-APM	N-APM	3101	μαθητής	μαθητάς	
Matt 16:13	αὐτοῦ	P-GSM	P-GSM	846	αὐτός	αὐτοῦ	
Matt 16:13	λέγων	V-PAP-NSM	V-PAP-NSM	3004&5723	λέγω	λέγων	
Matt 16:13	Τίνα	I-ASM	I-ASM	5101	τίς	Τίνα	
Matt 16:13	λέγουσιν	V-PAI-3P	V-PAI-3P	3004&5719	λέγω	λέγουσιν	
Matt 16:13	οἱ	T-NPM	T-NPM	3588	ὁ	οἱ	
Matt 16:13	ἄνθρωποι	N-NPM	N-NPM	444	ἄνθρωπος	ἄνθρωποι	
Matt 16:13	εἶναι	V-PAN	V-PAN	1510&5721	εἰμί	εἶναι	
Matt 16:13	τὸν	T-ASM	T-ASM	3588	ὁ	τόν	
Matt 16:13	Υἱὸν	N-ASM	N-ASM	5207	υἱός	Υἱόν	
Matt 16:13	τοῦ	T-GSM	T-GSM	3588	ὁ	τοῦ	
Matt 16:13	ἀνθρώπου;	N-GSM	N-GSM	444	ἄνθρωπος	ἀνθρώπου	
Matt 16:14	οἱ	T-NPM	T-NPM	3588	ὁ	οἱ	
Matt 16:14	δὲ	CONJ	CONJ	1161	δέ	δέ	
Matt 16:14	εἶπαν	V-2AAI-3P	V-2AAI-3P	3004&5627	λέγω	εἶπαν	
Matt 16:14	Οἱ	T-NPM	T-NPM	3588	ὁ	Οἱ	
Matt 16:14	μὲν	PRT	PRT	3303	μέν	μέν	
Matt 16:14	Ἰωάνην	N-ASM	N-ASM	2491	Ἰωάννης	Ἰωάνην	
Matt 16:14	τὸν	T-ASM	T-ASM	3588	ὁ	τόν	
Matt 16:14	Βαπτιστήν,	N-ASM	N-ASM	910	βαπτιστής	Βαπτιστήν	
Matt 16:14	ἄλλοι	A-NPM	A-NPM	243	ἄλλος	ἄλλοι	
Matt 16:14	δὲ	CONJ	CONJ	1161	δέ	δέ	
Matt 16:14	Ἡλείαν,	N-ASM	N-ASM	2243	Ἠλίας	Ἡλείαν	
Matt 16:14	ἕτεροι	A-NPM	A-NPM	2087	ἕτερος	ἕτεροι	
Matt 16:14	δὲ	CONJ	CONJ	1161	δέ	δέ	
Matt 16:14	Ἱερεμίαν	N-ASM	N-ASM	2408	Ἰερεμίας	Ἱερεμίαν	
Matt 16:14	ἢ	PRT	PRT	2228	ἤ	ἤ	
Matt 16:14	ἕνα	A-ASM	A-ASM	1520	εἷς	ἕνα	
Matt 16:14	τῶν	T-GPM	T-GPM	3588	ὁ	τῶν	
Matt 16:14	προφητῶν.	N-GPM	N-GPM	4396	προφήτης	προφητῶν	
Matt 16:15	λέγει	V-PAI-3S	V-PAI-3S	3004&5719	λέγω	λέγει	
Matt 16:15	αὐτοῖς	P-DPM	P-DPM	846	αὐτός	αὐτοῖς	
Matt 16:15	Ὑμεῖς	P-2NP	P-2NP	4771	σύ	Ὑμεῖς	
Matt 16:15	δὲ	CONJ	CONJ	1161	δέ	δέ	
Matt 16:15	τίνα	I-ASM	I-ASM	5101	τίς	τίνα	
Matt 16:15	με	P-1AS	P-1AS	1473	ἐγώ	με	
Matt 16:15	λέγετε	V-PAI-2P	V-PAI-2P	3004&5719	λέγω	λέγετε	
Matt 16:15	εἶναι;	V-PAN	V-PAN	1510&5721	εἰμί	εἶναι	
Matt 16:16	ἀποκριθεὶς	V-AOP-NSM	V-AOP-NSM	611&5679	ἀποκρίνομαι	ἀποκριθείς	
Matt 16:16	δὲ	CONJ	CONJ	1161	δέ	δέ	
Matt 16:16	Σίμων	N-NSM	N-NSM	4613	Σίμων	Σίμων	
Matt 16:16	Πέτρος	N-NSM	N-NSM	4074	Πέτρος	Πέτρος	
Matt 16:16	εἶπεν	V-2AAI-3S	V-2AAI-3S	3004&5627	λέγω	εἶπεν	
Matt 16:16	Σὺ	P-2NS	P-2NS	4771	σύ	Σύ	
Matt 16:16	εἶ	V-PAI-2S	V-PAI-2S	1510&5719	εἰμί	εἶ	
Matt 16:16	ὁ	T-NSM	T-NSM	3588	ὁ	ὁ	
Matt 16:16	Χριστὸς	N-NSM	N-NSM	5547	Χριστός	Χριστός	
Matt 16:16	ὁ	T-NSM	T-NSM	3588	ὁ	ὁ	
Matt 16:16	Υἱὸς	N-NSM	N-NSM	5207	υἱός	Υἱός	
Matt 16:16	τοῦ	T-GSM	T-GSM	3588	ὁ	τοῦ	
Matt 16:16	Θεοῦ	N-GSM	N-GSM	2316	θεός	Θεοῦ	
Matt 16:16	τοῦ	T-GSM	T-GSM	3588	ὁ	τοῦ	
Matt 16:16	ζῶντος.	V-PAP-GSM	V-PAP-GSM	2198&5723	ζάω	ζῶντος	
Matt 16:17	ἀποκριθεὶς	V-AOP-NSM	V-AOP-NSM	611&5679	ἀποκρίνομαι	ἀποκριθείς	
Matt 16:17	δὲ	CONJ	CONJ	1161	δέ	δέ	
Matt 16:17	ὁ	T-NSM	T-NSM	3588	ὁ	ὁ	
Matt 16:17	Ἰησοῦς	N-NSM	N-NSM	2424	Ἰησοῦς	Ἰησοῦς	
Matt 16:17	εἶπεν	V-2AAI-3S	V-2AAI-3S	3004&5627	λέγω	εἶπεν	
Matt 16:17	αὐτῷ	P-DSM	P-DSM	846	αὐτός	αὐτῷ	
Matt 16:17	Μακάριος	A-NSM	A-NSM	3107	μακάριος	Μακάριος	
Matt 16:17	εἶ,	V-PAI-2S	V-PAI-2S	1510&5719	εἰμί	εἶ	
Matt 16:17	Σίμων	N-VSM	N-VSM	4613	Σίμων	Σίμων	
Matt 16:17	Βαριωνᾶ,	N-PRI	N-PRI	920	Βαριωνᾶ	Βαριωνᾶ	
Matt 16:17	ὅτι	CONJ	CONJ	3754	ὅτι	ὅτι	
Matt 16:17	σὰρξ	N-NSF	N-NSF	4561	σάρξ	σάρξ	
Matt 16:17	καὶ	CONJ	CONJ	2532	καί	καί	
Matt 16:17	αἷμα	N-NSN	N-NSN	129	αἷμα	αἷμα	
Matt 16:17	οὐκ	PRT-N	PRT-N	3756	οὐ	οὐκ	
Matt 16:17	ἀπεκάλυψέν	V-AAI-3S	V-AAI-3S	601&5656	ἀποκαλύπτω	ἀπεκάλυψεν	
Matt 16:17	σοι	P-2DS	P-2DS	4771	σύ	σοι	
Matt 16:17	ἀλλ’	CONJ	CONJ	235	ἀλλά	ἀλλ’	
Matt 16:17	ὁ	T-NSM	T-NSM	3588	ὁ	ὁ	
Matt 16:17	Πατήρ	N-NSM	N-NSM	3962	πατήρ	Πατήρ	
Matt 16:17	μου	P-1GS	P-1GS	1473	ἐγώ	μου	
Matt 16:17	ὁ	T-NSM	T-NSM	3588	ὁ	ὁ	
Matt 16:17	ἐν	PREP	PREP	1722	ἐν	ἐν	
Matt 16:17	τοῖς	T-DPM	T-DPM	3588	ὁ	τοῖς	
Matt 16:17	οὐρανοῖς.	N-DPM	N-DPM	3772	οὐρανός	οὐρανοῖς	
Matt 16:18	κἀγὼ	P-1NS-K	P-1NS-K	2504	κἀγώ	κἀγώ	
Matt 16:18	δέ	CONJ	CONJ	1161	δέ	δέ	
Matt 16:18	σοι	P-2DS	P-2DS	4771	σύ	σοι	
Matt 16:18	λέγω	V-PAI-1S	V-PAI-1S	3004&5719	λέγω	λέγω	
Matt 16:18	ὅτι	CONJ	CONJ	3754	ὅτι	ὅτι	
Matt 16:18	σὺ	P-2NS	P-2NS	4771	σύ	σύ	
Matt 16:18	εἶ	V-PAI-2S	V-PAI-2S	1510&5719	εἰμί	εἶ	
Matt 16:18	Πέτρος,	N-NSM	N-NSM	4074	Πέτρος	Πέτρος	
Matt 16:18	καὶ	CONJ	CONJ	2532	καί	καί	
Matt 16:18	ἐπὶ	PREP	PREP	1909	ἐπί	ἐπί	
Matt 16:18	ταύτῃ	D-DSF	D-DSF	3778	οὗτος	ταύτῃ	
Matt 16:18	τῇ	T-DSF	T-DSF	3588	ὁ	τῇ	
Matt 16:18	πέτρᾳ	N-DSF	N-DSF	4073	πέτρα	πέτρᾳ	
Matt 16:18	οἰκοδομήσω	V-FAI-1S	V-FAI-1S	3618&5692	οἰκοδομέω	οἰκοδομήσω	
Matt 16:18	μου	P-1GS	P-1GS	1473	ἐγώ	μου	
Matt 16:18	τὴν	T-ASF	T-ASF	3588	ὁ	τήν	
Matt 16:18	ἐκκλησίαν,	N-ASF	N-ASF	1577	ἐκκλησία	ἐκκλησίαν	
Matt 16:18	καὶ	CONJ	CONJ	2532	καί	καί	
Matt 16:18	πύλαι	N-NPF	N-NPF	4439	πύλη	πύλαι	
Matt 16:18	Ἅιδου	N-GSM	N-GSM	86	ᾅδης	Ἅιδου	
Matt 16:18	οὐ	PRT-N	PRT-N	3756	οὐ	οὐ	
Matt 16:18	κατισχύσουσιν	V-FAI-3P	V-FAI-3P	2729&5692	κατισχύω	κατισχύσουσιν	
Matt 16:18	αὐτῆς.	P-GSF	P-GSF	846	αὐτός	αὐτῆς	
Matt 16:19	δώσω	V-FAI-1S	V-FAI-1S	1325&5692	δίδωμι	δώσω	
Matt 16:19	σοι	P-2DS	P-2DS	4771	σύ	σοι	
Matt 16:19	τὰς	T-APF	T-APF	3588	ὁ	τάς	
Matt 16:19	κλεῖδας	N-APF	N-APF	2807	κλείς	κλεῖδας	
Matt 16:19	τῆς	T-GSF	T-GSF	3588	ὁ	τῆς	
Matt 16:19	βασιλείας	N-GSF	N-GSF	932	βασιλεία	βασιλείας	
Matt 16:19	τῶν	T-GPM	T-GPM	3588	ὁ	τῶν	
Matt 16:19	οὐρανῶν,	N-GPM	N-GPM	3772	οὐρανός	οὐρανῶν	
Matt 16:19	καὶ	CONJ	CONJ	2532	καί	καί	
Matt 16:19	ὃ	R-ASN	R-ASN	3739	ὅς	ὅ	
Matt 16:19	ἐὰν	COND	COND	1437	ἐάν	ἐάν	
Matt 16:19	δήσῃς	V-AAS-2S	V-AAS-2S	1210&5661	δέω	δήσῃς	
Matt 16:19	ἐπὶ	PREP	PREP	1909	ἐπί	ἐπί	
Matt 16:19	τῆς	T-GSF	T-GSF	3588	ὁ	τῆς	
Matt 16:19	γῆς	N-GSF	N-GSF	1093	γῆ	γῆς	
Matt 16:19	ἔσται	V-FDI-3S	V-FDI-3S	1510&5695	εἰμί	ἔσται	
Matt 16:19	δεδεμένον	V-RPP-NSN	V-RPP-NSN	1210&5772	δέω	δεδεμένον	
Matt 16:19	ἐν	PREP	PREP	1722	ἐν	ἐν	
Matt 16:19	τοῖς	T-DPM	T-DPM	3588	ὁ	τοῖς	
Matt 16:19	οὐρανοῖς,	N-DPM	N-DPM	3772	οὐρανός	οὐρανοῖς	
Matt 16:19	καὶ	CONJ	CONJ	2532	καί	καί	
Matt 16:19	ὃ	R-ASN	R-ASN	3739	ὅς	ὅ	
Matt 16:19	ἐὰν	COND	COND	1437	ἐάν	ἐάν	
Matt 16:19	λύσῃς	V-AAS-2S	V-AAS-2S	3089&5661	λύω	λύσῃς	
Matt 16:19	ἐπὶ	PREP	PREP	1909	ἐπί	ἐπί	
Matt 16:19	τῆς	T-GSF	T-GSF	3588	ὁ	τῆς	
Matt 16:19	γῆς	N-GSF	N-GSF	1093	γῆ	γῆς	
Matt 16:19	ἔσται	V-FDI-3S	V-FDI-3S	1510&5695	εἰμί	ἔσται	
Matt 16:19	λελυμένον	V-RPP-NSN	V-RPP-NSN	3089&5772	λύω	λελυμένον	
Matt 16:19	ἐν	PREP	PREP	1722	ἐν	ἐν	
Matt 16:19	τοῖς	T-DPM	T-DPM	3588	ὁ	τοῖς	
Matt 16:19	οὐρανοῖς.	N-DPM	N-DPM	3772	οὐρανός	οὐρανοῖς	
Matt 16:20	τότε	ADV	ADV	5119	τότε	τότε	
Matt 16:20	ἐπετίμησεν	V-AAI-3S	V-AAI-3S	2008&5656	ἐπιτιμάω	ἐπετίμησεν	
Matt 16:20	τοῖς	T-DPM	T-DPM	3588	ὁ	τοῖς	
Matt 16:20	μαθηταῖς	N-DPM	N-DPM	3101	μαθητής	μαθηταῖς	
Matt 16:20	ἵνα	CONJ	CONJ	2443	ἵνα	ἵνα	
Matt 16:20	μηδενὶ	A-DSM-N	A-DSM-N	3367	μηδείς	μηδενί	
Matt 16:20	εἴπωσιν	V-2AAS-3P	V-2AAS-3P	3004&5632	λέγω	εἴπωσιν	
Matt 16:20	ὅτι	CONJ	CONJ	3754	ὅτι	ὅτι	
Matt 16:20	αὐτός	P-NSM	P-NSM	846	αὐτός	αὐτός	
Matt 16:20	ἐστιν	V-PAI-3S	V-PAI-3S	1510&5719	εἰμί	ἐστιν	
Matt 16:20	ὁ	T-NSM	T-NSM	3588	ὁ	ὁ	
Matt 16:20	Χριστός.	N-NSM	N-NSM	5547	Χριστός	Χριστός	
Matt 16:21	Ἀπὸ	PREP	PREP	575	ἀπό	Ἀπό	
Matt 16:21	τότε	ADV	ADV	5119	τότε	τότε	
Matt 16:21	ἤρξατο	V-AMI-3S	V-AMI-3S	756&5668	ἄρχω	ἤρξατο	
Matt 16:21	Ἰησοῦς	N-NSM	N-NSM	2424	Ἰησοῦς	Ἰησοῦς	
Matt 16:21	Χριστὸς	N-NSM	N-NSM	5547	Χριστός	Χριστός	
Matt 16:21	δεικνύειν	V-PAN	V-PAN	1166&5721	δείκνυμι	δεικνύειν	
Matt 16:21	τοῖς	T-DPM	T-DPM	3588	ὁ	τοῖς	
Matt 16:21	μαθηταῖς	N-DPM	N-DPM	3101	μαθητής	μαθηταῖς	
Matt 16:21	αὐτοῦ	P-GSM	P-GSM	846	αὐτός	αὐτοῦ	
Matt 16:21	ὅτι	CONJ	CONJ	3754	ὅτι	ὅτι	
Matt 16:21	δεῖ	V-PAI-3S	V-PAI-3S	1163&5719	δεῖ	δεῖ	
Matt 16:21	αὐτὸν	P-ASM	P-ASM	846	αὐτός	αὐτόν	
Matt 16:21	εἰς	PREP	PREP	1519	εἰς	εἰς	
Matt 16:21	Ἱεροσόλυμα	N-APN	N-APN	2414	Ἱεροσόλυμα	Ἱεροσόλυμα	
Matt 16:21	ἀπελθεῖν	V-2AAN	V-2AAN	565&5629	ἀπέρχομαι	ἀπελθεῖν	
Matt 16:21	καὶ	CONJ	CONJ	2532	καί	καί	
Matt 16:21	πολλὰ	A-APN	A-APN	4183	πολύς	πολλά	
Matt 16:21	παθεῖν	V-2AAN	V-2AAN	3958&5629	πάσχω	παθεῖν	
Matt 16:21	ἀπὸ	PREP	PREP	575	ἀπό	ἀπό	
Matt 16:21	τῶν	T-GPM	T-GPM	3588	ὁ	τῶν	
Matt 16:21	πρεσβυτέρων	A-GPM-C	A-GPM-C	4245	πρεσβύτερος	πρεσβυτέρων	
Matt 16:21	καὶ	CONJ	CONJ	2532	καί	καί	
Matt 16:21	ἀρχιερέων	N-GPM	N-GPM	749	ἀρχιερεύς	ἀρχιερέων	
Matt 16:21	καὶ	CONJ	CONJ	2532	καί	καί	
Matt 16:21	γραμματέων	N-GPM	N-GPM	1122	γραμματεύς	γραμματέων	
Matt 16:21	καὶ	CONJ	CONJ	2532	καί	καί	
Matt 16:21	ἀποκτανθῆναι	V-APN	V-APN	615&5683	ἀποκτείνω	ἀποκτανθῆναι	
Matt 16:21	καὶ	CONJ	CONJ	2532	καί	καί	
Matt 16:21	τῇ	T-DSF	T-DSF	3588	ὁ	τῇ	
Matt 16:21	τρίτῃ	A-DSF	A-DSF	5154	τρίτος	τρίτῃ	
Matt 16:21	ἡμέρᾳ	N-DSF	N-DSF	2250	ἡμέρα	ἡμέρᾳ	
Matt 16:21	ἐγερθῆναι.	V-APN	V-APN	1453&5683	ἐγείρω	ἐγερθῆναι	
Matt 16:22	καὶ	CONJ	CONJ	2532	καί	καί	
Matt 16:22	προσλαβόμενος	V-2AMP-NSM	V-2AMP-NSM	4355&5642	προσλαμβάνω	προσλαβόμενος	
Matt 16:22	αὐτὸν	P-ASM	P-ASM	846	αὐτός	αὐτόν	
Matt 16:22	ὁ	T-NSM	T-NSM	3588	ὁ	ὁ	
Matt 16:22	Πέτρος	N-NSM	N-NSM	4074	Πέτρος	Πέτρος	
Matt 16:22	ἤρξατο	V-AMI-3S	V-AMI-3S	756&5668	ἄρχω	ἤρξατο	
Matt 16:22	ἐπιτιμᾶν	V-PAN	V-PAN	2008&5721	ἐπιτιμάω	ἐπιτιμᾶν	
Matt 16:22	αὐτῷ	P-DSM	P-DSM	846	αὐτός	αὐτῷ	
Matt 16:22	λέγων	V-PAP-NSM	V-PAP-NSM	3004&5723	λέγω	λέγων	
Matt 16:22	Ἵλεώς	A-NSM-ATT	A-NSM-ATT	2436	ἵλεως	Ἵλεως	
Matt 16:22	σοι,	P-2DS	P-2DS	4771	σύ	σοι	
Matt 16:22	Κύριε·	N-VSM	N-VSM	2962	κύριος	Κύριε	
Matt 16:22	οὐ	PRT-N	PRT-N	3756	οὐ	οὐ	
Matt 16:22	μὴ	PRT-N	PRT-N	3361	μή	μή	
Matt 16:22	ἔσται	V-FDI-3S	V-FDI-3S	1510&5695	εἰμί	ἔσται	
Matt 16:22	σοι	P-2DS	P-2DS	4771	σύ	σοι	
Matt 16:22	τοῦτο.	D-NSN	D-NSN	3778	οὗτος	τοῦτο	
Matt 16:23	ὁ	T-NSM	T-NSM	3588	ὁ	ὁ	
Matt 16:23	δὲ	CONJ	CONJ	1161	δέ	δέ	
Matt 16:23	στραφεὶς	V-2APP-NSM	V-2APP-NSM	4762&5651	στρέφω	στραφείς	
Matt 16:23	εἶπεν	V-2AAI-3S	V-2AAI-3S	3004&5627	λέγω	εἶπεν	
Matt 16:23	τῷ	T-DSM	T-DSM	3588	ὁ	τῷ	
Matt 16:23	Πέτρῳ	N-DSM	N-DSM	4074	Πέτρος	Πέτρῳ	
Matt 16:23	Ὕπαγε	V-PAM-2S	V-PAM-2S	5217&5720	ὑπάγω	Ὕπαγε	
Matt 16:23	ὀπίσω	ADV	ADV	3694	ὀπίσω	ὀπίσω	
Matt 16:23	μου,	P-1GS	P-1GS	1473	ἐγώ	μου	
Matt 16:23	Σατανᾶ·	N-VSM	N-VSM	4567	Σατανᾶς	Σατανᾶ	
Matt 16:23	σκάνδαλον	N-NSN	N-NSN	4625	σκάνδαλον	σκάνδαλον	
Matt 16:23	εἶ	V-PAI-2S	V-PAI-2S	1510&5719	εἰμί	εἶ	
Matt 16:23	ἐμοῦ,	P-1GS	P-1GS	1473	ἐγώ	ἐμοῦ	
Matt 16:23	ὅτι	CONJ	CONJ	3754	ὅτι	ὅτι	
Matt 16:23	οὐ	PRT-N	PRT-N	3756	οὐ	οὐ	
Matt 16:23	φρονεῖς	V-PAI-2S	V-PAI-2S	5426&5719	φρονέω	φρονεῖς	
Matt 16:23	τὰ	T-APN	T-APN	3588	ὁ	τά	
Matt 16:23	τοῦ	T-GSM	T-GSM	3588	ὁ	τοῦ	
Matt 16:23	Θεοῦ	N-GSM	N-GSM	2316	θεός	Θεοῦ	
Matt 16:23	ἀλλὰ	CONJ	CONJ	235	ἀλλά	ἀλλά	
Matt 16:23	τὰ	T-APN	T-APN	3588	ὁ	τά	
Matt 16:23	τῶν	T-GPM	T-GPM	3588	ὁ	τῶν	
Matt 16:23	ἀνθρώπων.	N-GPM	N-GPM	444	ἄνθρωπος	ἀνθρώπων	
Matt 16:24	Τότε	ADV	ADV	5119	τότε	Τότε	
Matt 16:24	ὁ	T-NSM	T-NSM	3588	ὁ	ὁ	
Matt 16:24	Ἰησοῦς	N-NSM	N-NSM	2424	Ἰησοῦς	Ἰησοῦς	
Matt 16:24	εἶπεν	V-2AAI-3S	V-2AAI-3S	3004&5627	λέγω	εἶπεν	
Matt 16:24	τοῖς	T-DPM	T-DPM	3588	ὁ	τοῖς	
Matt 16:24	μαθηταῖς	N-DPM	N-DPM	3101	μαθητής	μαθηταῖς	
Matt 16:24	αὐτοῦ	P-GSM	P-GSM	846	αὐτός	αὐτοῦ	
Matt 16:24	Εἴ	COND	COND	1487	εἰ	Εἴ	
Matt 16:24	τις	X-NSM	X-NSM	5100	τὶς	τις	
Matt 16:24	θέλει	V-PAI-3S	V-PAI-3S	2309&5719	θέλω	θέλει	
Matt 16:24	ὀπίσω	ADV	ADV	3694	ὀπίσω	ὀπίσω	
Matt 16:24	μου	P-1GS	P-1GS	1473	ἐγώ	μου	
Matt 16:24	ἐλθεῖν,	V-2AAN	V-2AAN	2064&5629	ἔρχομαι	ἐλθεῖν	
Matt 16:24	ἀπαρνησάσθω	V-ADM-3S	V-ADM-3S	533&5663	ἀπαρνέομαι	ἀπαρνησάσθω	
Matt 16:24	ἑαυτὸν	F-3ASM	F-3ASM	1438	ἑαυτοῦ	ἑαυτόν	
Matt 16:24	καὶ	CONJ	CONJ	2532	καί	καί	
Matt 16:24	ἀράτω	V-AAM-3S	V-AAM-3S	142&5657	αἴρω	ἀράτω	
Matt 16:24	τὸν	T-ASM	T-ASM	3588	ὁ	τόν	
Matt 16:24	σταυρὸν	N-ASM	N-ASM	4716	σταυρός	σταυρόν	
Matt 16:24	αὐτοῦ,	P-GSM	P-GSM	846	αὐτός	αὐτοῦ	
Matt 16:24	καὶ	CONJ	CONJ	2532	καί	καί	
Matt 16:24	ἀκολουθείτω	V-PAM-3S	V-PAM-3S	190&5720	ἀκολουθέω	ἀκολουθείτω	
Matt 16:24	μοι.	P-1DS	P-1DS	1473	ἐγώ	μοι	
Matt 16:25	ὃς	R-NSM	R-NSM	3739	ὅς	ὅς	
Matt 16:25	γὰρ	CONJ	CONJ	1063	γάρ	γάρ	
Matt 16:25	ἐὰν	COND	COND	1437	ἐάν	ἐάν	
Matt 16:25	θέλῃ	V-PAS-3S	V-PAS-3S	2309&5725	θέλω	θέλῃ	
Matt 16:25	τὴν	T-ASF	T-ASF	3588	ὁ	τήν	
Matt 16:25	ψυχὴν	N-ASF	N-ASF	5590	ψυχή	ψυχήν	
Matt 16:25	αὐτοῦ	P-GSM	P-GSM	846	αὐτός	αὐτοῦ	
Matt 16:25	σῶσαι,	V-AAN	V-AAN	4982&5658	σῴζω	σῶσαι	
Matt 16:25	ἀπολέσει	V-FAI-3S	V-FAI-3S	622&5692	ἀπόλλυμι	ἀπολέσει	
Matt 16:25	αὐτήν·	P-ASF	P-ASF	846	αὐτός	αὐτήν	
Matt 16:25	ὃς	R-NSM	R-NSM	3739	ὅς	ὅς	
Matt 16:25	δ’	CONJ	CONJ	1161	δέ	δ’	
Matt 16:25	ἂν	PRT	PRT	302	ἄν	ἄν	
Matt 16:25	ἀπολέσῃ	V-AAS-3S	V-AAS-3S	622&5661	ἀπόλλυμι	ἀπολέσῃ	
Matt 16:25	τὴν	T-ASF	T-ASF	3588	ὁ	τήν	
Matt 16:25	ψυχὴν	N-ASF	N-ASF	5590	ψυχή	ψυχήν	
Matt 16:25	αὐτοῦ	P-GSM	P-GSM	846	αὐτός	αὐτοῦ	
Matt 16:25	ἕνεκεν	PREP	PREP	1752	ἕνεκα	ἕνεκεν	
Matt 16:25	ἐμοῦ,	P-1GS	P-1GS	1473	ἐγώ	ἐμοῦ	
Matt 16:25	εὑρήσει	V-FAI-3S	V-FAI-3S	2147&5692	εὑρίσκω	εὑρήσει	
Matt 16:25	αὐτήν.	P-ASF	P-ASF	846	αὐτός	αὐτήν	
Matt 16:26	τί	I-ASN	I-ASN	5101	τίς	τί	
Matt 16:26	γὰρ	CONJ	CONJ	1063	γάρ	γάρ	
Matt 16:26	ὠφεληθήσεται	V-FPI-3S	V-FPI-3S	5623&5701	ὠφελέω	ὠφεληθήσεται	
Matt 16:26	ἄνθρωπος	N-NSM	N-NSM	444	ἄνθρωπος	ἄνθρωπος	
Matt 16:26	ἐὰν	COND	COND	1437	ἐάν	ἐάν	
Matt 16:26	τὸν	T-ASM	T-ASM	3588	ὁ	τόν	
Matt 16:26	κόσμον	N-ASM	N-ASM	2889	κόσμος	κόσμον	
Matt 16:26	ὅλον	A-ASM	A-ASM	3650	ὅλος	ὅλον	
Matt 16:26	κερδήσῃ,	V-AAS-3S	V-AAS-3S	2770&5661	κερδαίνω	κερδήσῃ	
Matt 16:26	τὴν	T-ASF	T-ASF	3588	ὁ	τήν	
Matt 16:26	δὲ	CONJ	CONJ	1161	δέ	δέ	
Matt 16:26	ψυχὴν	N-ASF	N-ASF	5590	ψυχή	ψυχήν	
Matt 16:26	αὐτοῦ	P-GSM	P-GSM	846	αὐτός	αὐτοῦ	
Matt 16:26	ζημιωθῇ;	V-APS-3S	V-APS-3S	2210&5686	ζημιόω	ζημιωθῇ	
Matt 16:26	ἢ	PRT	PRT	2228	ἤ	ἤ	
Matt 16:26	τί	I-ASN	I-ASN	5101	τίς	τί	
Matt 16:26	δώσει	V-FAI-3S	V-FAI-3S	1325&5692	δίδωμι	δώσει	
Matt 16:26	ἄνθρωπος	N-NSM	N-NSM	444	ἄνθρωπος	ἄνθρωπος	
Matt 16:26	ἀντάλλαγμα	N-ASN	N-ASN	465	ἀντάλλαγμα	ἀντάλλαγμα	
Matt 16:26	τῆς	T-GSF	T-GSF	3588	ὁ	τῆς	
Matt 16:26	ψυχῆς	N-GSF	N-GSF	5590	ψυχή	ψυχῆς	
Matt 16:26	αὐτοῦ;	P-GSM	P-GSM	846	αὐτός	αὐτοῦ	
Matt 16:27	μέλλει	V-PAI-3S	V-PAI-3S	3195&5719	μέλλω	μέλλει	
Matt 16:27	γὰρ	CONJ	CONJ	1063	γάρ	γάρ	
Matt 16:27	ὁ	T-NSM	T-NSM	3588	ὁ	ὁ	
Matt 16:27	Υἱὸς	N-NSM	N-NSM	5207	υἱός	Υἱός	
Matt 16:27	τοῦ	T-GSM	T-GSM	3588	ὁ	τοῦ	
Matt 16:27	ἀνθρώπου	N-GSM	N-GSM	444	ἄνθρωπος	ἀνθρώπου	
Matt 16:27	ἔρχεσθαι	V-PNN	V-PNN	2064&5738	ἔρχομαι	ἔρχεσθαι	
Matt 16:27	ἐν	PREP	PREP	1722	ἐν	ἐν	
Matt 16:27	τῇ	T-DSF	T-DSF	3588	ὁ	τῇ	
Matt 16:27	δόξῃ	N-DSF	N-DSF	1391	δόξα	δόξῃ	
Matt 16:27	τοῦ	T-GSM	T-GSM	3588	ὁ	τοῦ	
Matt 16:27	Πατρὸς	N-GSM	N-GSM	3962	πατήρ	Πατρός	
Matt 16:27	αὐτοῦ	P-GSM	P-GSM	846	αὐτός	αὐτοῦ	
Matt 16:27	μετὰ	PREP	PREP	3326	μετά	μετά	
Matt 16:27	τῶν	T-GPM	T-GPM	3588	ὁ	τῶν	
Matt 16:27	ἀγγέλων	N-GPM	N-GPM	32	ἄγγελος	ἀγγέλων	
Matt 16:27	αὐτοῦ,	P-GSM	P-GSM	846	αὐτός	αὐτοῦ	
Matt 16:27	καὶ	CONJ	CONJ	2532	καί	καί	
Matt 16:27	τότε	ADV	ADV	5119	τότε	τότε	
Matt 16:27	ἀποδώσει	V-FAI-3S	V-FAI-3S	591&5692	ἀποδίδωμι	ἀποδώσει	
Matt 16:27	ἑκάστῳ	A-DSM	A-DSM	1538	ἕκαστος	ἑκάστῳ	
Matt 16:27	κατὰ	PREP	PREP	2596	κατά	κατά	
Matt 16:27	τὴν	T-ASF	T-ASF	3588	ὁ	τήν	
Matt 16:27	πρᾶξιν	N-ASF	N-ASF	4234	πρᾶξις	πρᾶξιν	
Matt 16:27	αὐτοῦ.	P-GSM	P-GSM	846	αὐτός	αὐτοῦ	
Matt 16:28	ἀμὴν	HEB	HEB	281	ἀμήν	ἀμήν	
Matt 16:28	λέγω	V-PAI-1S	V-PAI-1S	3004&5719	λέγω	λέγω	
Matt 16:28	ὑμῖν	P-2DP	P-2DP	4771	σύ	ὑμῖν	
Matt 16:28	ὅτι	CONJ	CONJ	3754	ὅτι	ὅτι	
Matt 16:28	εἰσίν	V-PAI-3P	V-PAI-3P	1510&5719	εἰμί	εἰσίν	
Matt 16:28	τινες	X-NPM	X-NPM	5100	τὶς	τινες	
Matt 16:28	τῶν	T-GPM	T-GPM	3588	ὁ	τῶν	
Matt 16:28	ὧδε	ADV	ADV	5602	ὧδε	ὧδε	
Matt 16:28	ἑστώτων	V-RAP-GPM	V-RAP-GPM	2476&5761	ἵστημι	ἑστώτων	
Matt 16:28	οἵτινες	R-NPM	R-NPM	3748	ὅστις	οἵτινες	
Matt 16:28	οὐ	PRT-N	PRT-N	3756	οὐ	οὐ	
Matt 16:28	μὴ	PRT-N	PRT-N	3361	μή	μή	
Matt 16:28	γεύσωνται	V-ADS-3P	V-ADS-3P	1089&5667	γεύομαι	γεύσωνται	
Matt 16:28	θανάτου	N-GSM	N-GSM	2288	θάνατος	θανάτου	
Matt 16:28	ἕως	ADV	ADV	2193	ἕως	ἕως	
Matt 16:28	ἂν	PRT	PRT	302	ἄν	ἄν	
Matt 16:28	ἴδωσιν	V-2AAS-3P	V-2AAS-3P	3708&5632	ὁράω	ἴδωσιν	
Matt 16:28	τὸν	T-ASM	T-ASM	3588	ὁ	τόν	
Matt 16:28	Υἱὸν	N-ASM	N-ASM	5207	υἱός	Υἱόν	
Matt 16:28	τοῦ	T-GSM	T-GSM	3588	ὁ	τοῦ	
Matt 16:28	ἀνθρώπου	N-GSM	N-GSM	444	ἄνθρωπος	ἀνθρώπου	
Matt 16:28	ἐρχόμενον	V-PNP-ASM	V-PNP-ASM	2064&5740	ἔρχομαι	ἐρχόμενον	
Matt 16:28	ἐν	PREP	PREP	1722	ἐν	ἐν	
Matt 16:28	τῇ	T-DSF	T-DSF	3588	ὁ	τῇ	
Matt 16:28	βασιλείᾳ	N-DSF	N-DSF	932	βασιλεία	βασιλείᾳ	
Matt 16:28	αὐτοῦ.	P-GSM	P-GSM	846	αὐτός	αὐτοῦ	
Matt 17:1	Καὶ	CONJ	CONJ	2532	καί	Καί	
Matt 17:1	μεθ’	PREP	PREP	3326	μετά	μεθ’	
Matt 17:1	ἡμέρας	N-APF	N-APF	2250	ἡμέρα	ἡμέρας	
Matt 17:1	ἓξ	A-NUI	A-NUI	1803	ἕξ	ἕξ	
Matt 17:1	παραλαμβάνει	V-PAI-3S	V-PAI-3S	3880&5719	παραλαμβάνω	παραλαμβάνει	
Matt 17:1	ὁ	T-NSM	T-NSM	3588	ὁ	ὁ	
Matt 17:1	Ἰησοῦς	N-NSM	N-NSM	2424	Ἰησοῦς	Ἰησοῦς	
Matt 17:1	τὸν	T-ASM	T-ASM	3588	ὁ	τόν	
Matt 17:1	Πέτρον	N-ASM	N-ASM	4074	Πέτρος	Πέτρον	
Matt 17:1	καὶ	CONJ	CONJ	2532	καί	καί	
Matt 17:1	Ἰάκωβον	N-ASM	N-ASM	2385	Ἰάκωβος	Ἰάκωβον	
Matt 17:1	καὶ	CONJ	CONJ	2532	καί	καί	
Matt 17:1	Ἰωάνην	N-ASM	N-ASM	2491	Ἰωάννης	Ἰωάνην	
Matt 17:1	τὸν	T-ASM	T-ASM	3588	ὁ	τόν	
Matt 17:1	ἀδελφὸν	N-ASM	N-ASM	80	ἀδελφός	ἀδελφόν	
Matt 17:1	αὐτοῦ,	P-GSM	P-GSM	846	αὐτός	αὐτοῦ	
Matt 17:1	καὶ	CONJ	CONJ	2532	καί	καί	
Matt 17:1	ἀναφέρει	V-PAI-3S	V-PAI-3S	399&5719	ἀναφέρω	ἀναφέρει	
Matt 17:1	αὐτοὺς	P-APM	P-APM	846	αὐτός	αὐτούς	
Matt 17:1	εἰς	PREP	PREP	1519	εἰς	εἰς	
Matt 17:1	ὄρος	N-ASN	N-ASN	3735	ὄρος	ὄρος	
Matt 17:1	ὑψηλὸν	A-ASN	A-ASN	5308	ὑψηλός	ὑψηλόν	
Matt 17:1	κατ’	PREP	PREP	2596	κατά	κατ’	
Matt 17:1	ἰδίαν.	A-ASF	A-ASF	2398	ἴδιος	ἰδίαν	
Matt 17:2	καὶ	CONJ	CONJ	2532	καί	καί	
Matt 17:2	μετεμορφώθη	V-API-3S	V-API-3S	3339&5681	μεταμορφόω	μετεμορφώθη	
Matt 17:2	ἔμπροσθεν	PREP	PREP	1715	ἔμπροσθεν	ἔμπροσθεν	
Matt 17:2	αὐτῶν,	P-GPM	P-GPM	846	αὐτός	αὐτῶν	
Matt 17:2	καὶ	CONJ	CONJ	2532	καί	καί	
Matt 17:2	ἔλαμψεν	V-AAI-3S	V-AAI-3S	2989&5656	λάμπω	ἔλαμψεν	
Matt 17:2	τὸ	T-NSN	T-NSN	3588	ὁ	τό	
Matt 17:2	πρόσωπον	N-NSN	N-NSN	4383	πρόσωπον	πρόσωπον	
Matt 17:2	αὐτοῦ	P-GSM	P-GSM	846	αὐτός	αὐτοῦ	
Matt 17:2	ὡς	ADV	ADV	5613	ὡς	ὡς	
Matt 17:2	ὁ	T-NSM	T-NSM	3588	ὁ	ὁ	
Matt 17:2	ἥλιος,	N-NSM	N-NSM	2246	ἥλιος	ἥλιος	
Matt 17:2	τὰ	T-NPN	T-NPN	3588	ὁ	τά	
Matt 17:2	δὲ	CONJ	CONJ	1161	δέ	δέ	
Matt 17:2	ἱμάτια	N-NPN	N-NPN	2440	ἱμάτιον	ἱμάτια	
Matt 17:2	αὐτοῦ	P-GSM	P-GSM	846	αὐτός	αὐτοῦ	
Matt 17:2	ἐγένετο	V-2ADI-3S	V-2ADI-3S	1096&5633	γίνομαι	ἐγένετο	
Matt 17:2	λευκὰ	A-NPN	A-NPN	3022	λευκός	λευκά	
Matt 17:2	ὡς	ADV	ADV	5613	ὡς	ὡς	
Matt 17:2	τὸ	T-NSN	T-NSN	3588	ὁ	τό	
Matt 17:2	φῶς.	N-NSN	N-NSN	5457	φῶς	φῶς	
Matt 17:3	καὶ	CONJ	CONJ	2532	καί	καί	
Matt 17:3	ἰδοὺ	V-2AMM-2S	V-2AMM-2S	3708&5640	ὁράω	ἰδού	
Matt 17:3	ὤφθη	V-API-3S	V-API-3S	3708&5681	ὁράω	ὤφθη	
Matt 17:3	αὐτοῖς	P-DPM	P-DPM	846	αὐτός	αὐτοῖς	
Matt 17:3	Μωϋσῆς	N-NSM	N-NSM	3475	Μωϋσῆς	Μωϋσῆς	
Matt 17:3	καὶ	CONJ	CONJ	2532	καί	καί	
Matt 17:3	Ἡλείας	N-NSM	N-NSM	2243	Ἠλίας	Ἡλείας	
Matt 17:3	συνλαλοῦντες	V-PAP-NPM	V-PAP-NPM	4814&5723	συλλαλέω	συνλαλοῦντες	
Matt 17:3	μετ’	PREP	PREP	3326	μετά	μετ’	
Matt 17:3	αὐτοῦ.	P-GSM	P-GSM	846	αὐτός	αὐτοῦ	
Matt 17:4	ἀποκριθεὶς	V-AOP-NSM	V-AOP-NSM	611&5679	ἀποκρίνομαι	ἀποκριθείς	
Matt 17:4	δὲ	CONJ	CONJ	1161	δέ	δέ	
Matt 17:4	ὁ	T-NSM	T-NSM	3588	ὁ	ὁ	
Matt 17:4	Πέτρος	N-NSM	N-NSM	4074	Πέτρος	Πέτρος	
Matt 17:4	εἶπεν	V-2AAI-3S	V-2AAI-3S	3004&5627	λέγω	εἶπεν	
Matt 17:4	τῷ	T-DSM	T-DSM	3588	ὁ	τῷ	
Matt 17:4	Ἰησοῦ	N-DSM	N-DSM	2424	Ἰησοῦς	Ἰησοῦ	
Matt 17:4	Κύριε,	N-VSM	N-VSM	2962	κύριος	Κύριε	
Matt 17:4	καλόν	A-NSN	A-NSN	2570	καλός	καλόν	
Matt 17:4	ἐστιν	V-PAI-3S	V-PAI-3S	1510&5719	εἰμί	ἐστιν	
Matt 17:4	ἡμᾶς	P-1AP	P-1AP	1473	ἐγώ	ἡμᾶς	
Matt 17:4	ὧδε	ADV	ADV	5602	ὧδε	ὧδε	
Matt 17:4	εἶναι·	V-PAN	V-PAN	1510&5721	εἰμί	εἶναι	
Matt 17:4	εἰ	COND	COND	1487	εἰ	εἰ	
Matt 17:4	θέλεις,	V-PAI-2S	V-PAI-2S	2309&5719	θέλω	θέλεις	
Matt 17:4	ποιήσω	V-FAI-1S	V-FAI-1S	4160&5692	ποιέω	ποιήσω	
Matt 17:4	ὧδε	ADV	ADV	5602	ὧδε	ὧδε	
Matt 17:4	τρεῖς	A-APF	A-APF	5140	τρεῖς	τρεῖς	
Matt 17:4	σκηνάς,	N-APF	N-APF	4633	σκηνή	σκηνάς	
Matt 17:4	σοὶ	P-2DS	P-2DS	4771	σύ	σοί	
Matt 17:4	μίαν	A-ASF	A-ASF	1520	εἷς	μίαν	
Matt 17:4	καὶ	CONJ	CONJ	2532	καί	καί	
Matt 17:4	Μωϋσεῖ	N-DSM	N-DSM	3475	Μωϋσῆς	Μωϋσεῖ	
Matt 17:4	μίαν	A-ASF	A-ASF	1520	εἷς	μίαν	
Matt 17:4	καὶ	CONJ	CONJ	2532	καί	καί	
Matt 17:4	Ἡλείᾳ	N-DSM	N-DSM	2243	Ἠλίας	Ἡλείᾳ	
Matt 17:4	μίαν.	A-ASF	A-ASF	1520	εἷς	μίαν	
Matt 17:5	ἔτι	ADV	ADV	2089	ἔτι	ἔτι	
Matt 17:5	αὐτοῦ	P-GSM	P-GSM	846	αὐτός	αὐτοῦ	
Matt 17:5	λαλοῦντος,	V-PAP-GSM	V-PAP-GSM	2980&5723	λαλέω	λαλοῦντος	
Matt 17:5	ἰδοὺ	V-2AMM-2S	V-2AMM-2S	3708&5640	ὁράω	ἰδού	
Matt 17:5	νεφέλη	N-NSF	N-NSF	3507	νεφέλη	νεφέλη	
Matt 17:5	φωτεινὴ	A-NSF	A-NSF	5460	φωτεινός	φωτεινή	
Matt 17:5	ἐπεσκίασεν	V-AAI-3S	V-AAI-3S	1982&5656	ἐπισκιάζω	ἐπεσκίασεν	
Matt 17:5	αὐτούς,	P-APM	P-APM	846	αὐτός	αὐτούς	
Matt 17:5	καὶ	CONJ	CONJ	2532	καί	καί	
Matt 17:5	ἰδοὺ	V-2AMM-2S	V-2AMM-2S	3708&5640	ὁράω	ἰδού	
Matt 17:5	φωνὴ	N-NSF	N-NSF	5456	φωνή	φωνή	
Matt 17:5	ἐκ	PREP	PREP	1537	ἐκ	ἐκ	
Matt 17:5	τῆς	T-GSF	T-GSF	3588	ὁ	τῆς	
Matt 17:5	νεφέλης	N-GSF	N-GSF	3507	νεφέλη	νεφέλης	
Matt 17:5	λέγουσα	V-PAP-NSF	V-PAP-NSF	3004&5723	λέγω	λέγουσα	
Matt 17:5	Οὗτός	D-NSM	D-NSM	3778	οὗτος	Οὗτος	
Matt 17:5	ἐστιν	V-PAI-3S	V-PAI-3S	1510&5719	εἰμί	ἐστιν	
Matt 17:5	ὁ	T-NSM	T-NSM	3588	ὁ	ὁ	
Matt 17:5	Υἱός	N-NSM	N-NSM	5207	υἱός	Υἱός	
Matt 17:5	μου	P-1GS	P-1GS	1473	ἐγώ	μου	
Matt 17:5	ὁ	T-NSM	T-NSM	3588	ὁ	ὁ	
Matt 17:5	ἀγαπητός,	A-NSM	A-NSM	27	ἀγαπητός	ἀγαπητός	
Matt 17:5	ἐν	PREP	PREP	1722	ἐν	ἐν	
Matt 17:5	ᾧ	R-DSM	R-DSM	3739	ὅς	ᾧ	
Matt 17:5	εὐδόκησα·	V-AAI-1S	V-AAI-1S	2106&5656	εὐδοκέω	εὐδόκησα	
Matt 17:5	ἀκούετε	V-PAM-2P	V-PAM-2P	191&5720	ἀκούω	ἀκούετε	
Matt 17:5	αὐτοῦ.	P-GSM	P-GSM	846	αὐτός	αὐτοῦ	
Matt 17:6	καὶ	CONJ	CONJ	2532	καί	καί	
Matt 17:6	ἀκούσαντες	V-AAP-NPM	V-AAP-NPM	191&5660	ἀκούω	ἀκούσαντες	
Matt 17:6	οἱ	T-NPM	T-NPM	3588	ὁ	οἱ	
Matt 17:6	μαθηταὶ	N-NPM	N-NPM	3101	μαθητής	μαθηταί	
Matt 17:6	ἔπεσαν	V-2AAI-3P	V-2AAI-3P	4098&5627	πίπτω	ἔπεσαν	
Matt 17:6	ἐπὶ	PREP	PREP	1909	ἐπί	ἐπί	
Matt 17:6	πρόσωπον	N-ASN	N-ASN	4383	πρόσωπον	πρόσωπον	
Matt 17:6	αὐτῶν	P-GPM	P-GPM	846	αὐτός	αὐτῶν	
Matt 17:6	καὶ	CONJ	CONJ	2532	καί	καί	
Matt 17:6	ἐφοβήθησαν	V-AOI-3P	V-AOI-3P	5399&5675	φοβέω	ἐφοβήθησαν	
Matt 17:6	σφόδρα.	ADV	ADV	4970	σφόδρα	σφόδρα	
Matt 17:7	καὶ	CONJ	CONJ	2532	καί	καί	
Matt 17:7	προσῆλθεν	V-2AAI-3S	V-2AAI-3S	4334&5627	προσέρχομαι	προσῆλθεν	
Matt 17:7	ὁ	T-NSM	T-NSM	3588	ὁ	ὁ	
Matt 17:7	Ἰησοῦς	N-NSM	N-NSM	2424	Ἰησοῦς	Ἰησοῦς	
Matt 17:7	καὶ	CONJ	CONJ	2532	καί	καί	
Matt 17:7	ἁψάμενος	V-AMP-NSM	V-AMP-NSM	680&5671	ἅπτω	ἁψάμενος	
Matt 17:7	αὐτῶν	P-GPM	P-GPM	846	αὐτός	αὐτῶν	
Matt 17:7	εἶπεν	V-2AAI-3S	V-2AAI-3S	3004&5627	λέγω	εἶπεν	
Matt 17:7	Ἐγέρθητε	V-APM-2P	V-APM-2P	1453&5682	ἐγείρω	Ἐγέρθητε	
Matt 17:7	καὶ	CONJ	CONJ	2532	καί	καί	
Matt 17:7	μὴ	PRT-N	PRT-N	3361	μή	μή	
Matt 17:7	φοβεῖσθε.	V-PNM-2P	V-PNM-2P	5399&5737	φοβέω	φοβεῖσθε	
Matt 17:8	ἐπάραντες	V-AAP-NPM	V-AAP-NPM	1869&5660	ἐπαίρω	ἐπάραντες	
Matt 17:8	δὲ	CONJ	CONJ	1161	δέ	δέ	
Matt 17:8	τοὺς	T-APM	T-APM	3588	ὁ	τούς	
Matt 17:8	ὀφθαλμοὺς	N-APM	N-APM	3788	ὀφθαλμός	ὀφθαλμούς	
Matt 17:8	αὐτῶν	P-GPM	P-GPM	846	αὐτός	αὐτῶν	
Matt 17:8	οὐδένα	A-ASM-N	A-ASM-N	3762	οὐδείς	οὐδένα	
Matt 17:8	εἶδον	V-2AAI-3P	V-2AAI-3P	3708&5627	ὁράω	εἶδον	
Matt 17:8	εἰ	COND	COND	1487	εἰ	εἰ	
Matt 17:8	μὴ	PRT-N	PRT-N	3361	μή	μή	
Matt 17:8	αὐτὸν	P-ASM	P-ASM	846	αὐτός	αὐτόν	
Matt 17:8	Ἰησοῦν	N-ASM	N-ASM	2424	Ἰησοῦς	Ἰησοῦν	
Matt 17:8	μόνον.	ADV	ADV	3440	μόνος	μόνον	
Matt 17:9	Καὶ	CONJ	CONJ	2532	καί	Καί	
Matt 17:9	καταβαινόντων	V-PAP-GPM	V-PAP-GPM	2597&5723	καταβαίνω	καταβαινόντων	
Matt 17:9	αὐτῶν	P-GPM	P-GPM	846	αὐτός	αὐτῶν	
Matt 17:9	ἐκ	PREP	PREP	1537	ἐκ	ἐκ	
Matt 17:9	τοῦ	T-GSN	T-GSN	3588	ὁ	τοῦ	
Matt 17:9	ὄρους	N-GSN	N-GSN	3735	ὄρος	ὄρους	
Matt 17:9	ἐνετείλατο	V-ADI-3S	V-ADI-3S	1781&5662	ἐντέλλομαι	ἐνετείλατο	
Matt 17:9	αὐτοῖς	P-DPM	P-DPM	846	αὐτός	αὐτοῖς	
Matt 17:9	ὁ	T-NSM	T-NSM	3588	ὁ	ὁ	
Matt 17:9	Ἰησοῦς	N-NSM	N-NSM	2424	Ἰησοῦς	Ἰησοῦς	
Matt 17:9	λέγων	V-PAP-NSM	V-PAP-NSM	3004&5723	λέγω	λέγων	
Matt 17:9	Μηδενὶ	A-DSM-N	A-DSM-N	3367	μηδείς	Μηδενί	
Matt 17:9	εἴπητε	V-2AAS-2P	V-2AAS-2P	3004&5632	λέγω	εἴπητε	
Matt 17:9	τὸ	T-ASN	T-ASN	3588	ὁ	τό	
Matt 17:9	ὅραμα	N-ASN	N-ASN	3705	ὅραμα	ὅραμα	
Matt 17:9	ἕως	ADV	ADV	2193	ἕως	ἕως	
Matt 17:9	οὗ	R-GSM	R-GSM	3739	ὅς	οὗ	
Matt 17:9	ὁ	T-NSM	T-NSM	3588	ὁ	ὁ	
Matt 17:9	Υἱὸς	N-NSM	N-NSM	5207	υἱός	Υἱός	
Matt 17:9	τοῦ	T-GSM	T-GSM	3588	ὁ	τοῦ	
Matt 17:9	ἀνθρώπου	N-GSM	N-GSM	444	ἄνθρωπος	ἀνθρώπου	
Matt 17:9	ἐκ	PREP	PREP	1537	ἐκ	ἐκ	
Matt 17:9	νεκρῶν	A-GPM	A-GPM	3498	νεκρός	νεκρῶν	
Matt 17:9	ἐγερθῇ.	V-APS-3S	V-APS-3S	1453&5686	ἐγείρω	ἐγερθῇ	
Matt 17:10	Καὶ	CONJ	CONJ	2532	καί	Καί	
Matt 17:10	ἐπηρώτησαν	V-AAI-3P	V-AAI-3P	1905&5656	ἐπερωτάω	ἐπηρώτησαν	
Matt 17:10	αὐτὸν	P-ASM	P-ASM	846	αὐτός	αὐτόν	
Matt 17:10	οἱ	T-NPM	T-NPM	3588	ὁ	οἱ	
Matt 17:10	μαθηταὶ	N-NPM	N-NPM	3101	μαθητής	μαθηταί	
Matt 17:10	λέγοντες	V-PAP-NPM	V-PAP-NPM	3004&5723	λέγω	λέγοντες	
Matt 17:10	Τί	I-ASN	I-ASN	5101	τίς	Τί	
Matt 17:10	οὖν	CONJ	CONJ	3767	οὖν	οὖν	
Matt 17:10	οἱ	T-NPM	T-NPM	3588	ὁ	οἱ	
Matt 17:10	γραμματεῖς	N-NPM	N-NPM	1122	γραμματεύς	γραμματεῖς	
Matt 17:10	λέγουσιν	V-PAI-3P	V-PAI-3P	3004&5719	λέγω	λέγουσιν	
Matt 17:10	ὅτι	CONJ	CONJ	3754	ὅτι	ὅτι	
Matt 17:10	Ἡλείαν	N-ASM	N-ASM	2243	Ἠλίας	Ἡλείαν	
Matt 17:10	δεῖ	V-PAI-3S	V-PAI-3S	1163&5719	δεῖ	δεῖ	
Matt 17:10	ἐλθεῖν	V-2AAN	V-2AAN	2064&5629	ἔρχομαι	ἐλθεῖν	
Matt 17:10	πρῶτον;	ADV-S	ADV-S	4412	πρῶτος	πρῶτον	
Matt 17:11	ὁ	T-NSM	T-NSM	3588	ὁ	ὁ	
Matt 17:11	δὲ	CONJ	CONJ	1161	δέ	δέ	
Matt 17:11	ἀποκριθεὶς	V-AOP-NSM	V-AOP-NSM	611&5679	ἀποκρίνομαι	ἀποκριθείς	
Matt 17:11	εἶπεν	V-2AAI-3S	V-2AAI-3S	3004&5627	λέγω	εἶπεν	
Matt 17:11	Ἡλείας	N-NSM	N-NSM	2243	Ἠλίας	Ἡλείας	
Matt 17:11	μὲν	PRT	PRT	3303	μέν	μέν	
Matt 17:11	ἔρχεται	V-PNI-3S	V-PNI-3S	2064&5736	ἔρχομαι	ἔρχεται	
Matt 17:11	καὶ	CONJ	CONJ	2532	καί	καί	
Matt 17:11	ἀποκαταστήσει	V-FAI-3S	V-FAI-3S	600&5692	ἀποκαθιστάνω	ἀποκαταστήσει	
Matt 17:11	πάντα·	A-APN	A-APN	3956	πᾶς	πάντα	
Matt 17:12	λέγω	V-PAI-1S	V-PAI-1S	3004&5719	λέγω	λέγω	
Matt 17:12	δὲ	CONJ	CONJ	1161	δέ	δέ	
Matt 17:12	ὑμῖν	P-2DP	P-2DP	4771	σύ	ὑμῖν	
Matt 17:12	ὅτι	CONJ	CONJ	3754	ὅτι	ὅτι	
Matt 17:12	Ἡλείας	N-NSM	N-NSM	2243	Ἠλίας	Ἡλείας	
Matt 17:12	ἤδη	ADV	ADV	2235	ἤδη	ἤδη	
Matt 17:12	ἦλθεν,	V-2AAI-3S	V-2AAI-3S	2064&5627	ἔρχομαι	ἦλθεν	
Matt 17:12	καὶ	CONJ	CONJ	2532	καί	καί	
Matt 17:12	οὐκ	PRT-N	PRT-N	3756	οὐ	οὐκ	
Matt 17:12	ἐπέγνωσαν	V-2AAI-3P	V-2AAI-3P	1921&5627	ἐπιγινώσκω	ἐπέγνωσαν	
Matt 17:12	αὐτὸν,	P-ASM	P-ASM	846	αὐτός	αὐτόν	
Matt 17:12	ἀλλ’	CONJ	CONJ	235	ἀλλά	ἀλλ’	
Matt 17:12	ἐποίησαν	V-AAI-3P	V-AAI-3P	4160&5656	ποιέω	ἐποίησαν	
Matt 17:12	ἐν	PREP	PREP	1722	ἐν	ἐν	
Matt 17:12	αὐτῷ	P-DSM	P-DSM	846	αὐτός	αὐτῷ	
Matt 17:12	ὅσα	K-APN	K-APN	3745	ὅσος	ὅσα	
Matt 17:12	ἠθέλησαν·	V-AAI-3P	V-AAI-3P	2309&5656	θέλω	ἠθέλησαν	
Matt 17:12	οὕτως	ADV	ADV	3779	οὕτω	οὕτως	
Matt 17:12	καὶ	CONJ	CONJ	2532	καί	καί	
Matt 17:12	ὁ	T-NSM	T-NSM	3588	ὁ	ὁ	
Matt 17:12	Υἱὸς	N-NSM	N-NSM	5207	υἱός	Υἱός	
Matt 17:12	τοῦ	T-GSM	T-GSM	3588	ὁ	τοῦ	
Matt 17:12	ἀνθρώπου	N-GSM	N-GSM	444	ἄνθρωπος	ἀνθρώπου	
Matt 17:12	μέλλει	V-PAI-3S	V-PAI-3S	3195&5719	μέλλω	μέλλει	
Matt 17:12	πάσχειν	V-PAN	V-PAN	3958&5721	πάσχω	πάσχειν	
Matt 17:12	ὑπ’	PREP	PREP	5259	ὑπό	ὑπ’	
Matt 17:12	αὐτῶν.	P-GPM	P-GPM	846	αὐτός	αὐτῶν	
Matt 17:13	τότε	ADV	ADV	5119	τότε	τότε	
Matt 17:13	συνῆκαν	V-AAI-3P	V-AAI-3P	4920&5656	συνίημι	συνῆκαν	
Matt 17:13	οἱ	T-NPM	T-NPM	3588	ὁ	οἱ	
Matt 17:13	μαθηταὶ	N-NPM	N-NPM	3101	μαθητής	μαθηταί	
Matt 17:13	ὅτι	CONJ	CONJ	3754	ὅτι	ὅτι	
Matt 17:13	περὶ	PREP	PREP	4012	περί	περί	
Matt 17:13	Ἰωάνου	N-GSM	N-GSM	2491	Ἰωάννης	Ἰωάνου	
Matt 17:13	τοῦ	T-GSM	T-GSM	3588	ὁ	τοῦ	
Matt 17:13	Βαπτιστοῦ	N-GSM	N-GSM	910	βαπτιστής	Βαπτιστοῦ	
Matt 17:13	εἶπεν	V-2AAI-3S	V-2AAI-3S	3004&5627	λέγω	εἶπεν	
Matt 17:13	αὐτοῖς.	P-DPM	P-DPM	846	αὐτός	αὐτοῖς	
Matt 17:14	Καὶ	CONJ	CONJ	2532	καί	Καί	
Matt 17:14	ἐλθόντων	V-2AAP-GPM	V-2AAP-GPM	2064&5631	ἔρχομαι	ἐλθόντων	
Matt 17:14	πρὸς	PREP	PREP	4314	πρός	πρός	
Matt 17:14	τὸν	T-ASM	T-ASM	3588	ὁ	τόν	
Matt 17:14	ὄχλον	N-ASM	N-ASM	3793	ὄχλος	ὄχλον	
Matt 17:14	προσῆλθεν	V-2AAI-3S	V-2AAI-3S	4334&5627	προσέρχομαι	προσῆλθεν	
Matt 17:14	αὐτῷ	P-DSM	P-DSM	846	αὐτός	αὐτῷ	
Matt 17:14	ἄνθρωπος	N-NSM	N-NSM	444	ἄνθρωπος	ἄνθρωπος	
Matt 17:14	γονυπετῶν	V-PAP-NSM	V-PAP-NSM	1120&5723	γονυπετέω	γονυπετῶν	
Matt 17:14	αὐτὸν	P-ASM	P-ASM	846	αὐτός	αὐτόν	
Matt 17:15	καὶ	CONJ	CONJ	2532	καί	καί	
Matt 17:15	λέγων	V-PAP-NSM	V-PAP-NSM	3004&5723	λέγω	λέγων	
Matt 17:15	Κύριε,	N-VSM	N-VSM	2962	κύριος	Κύριε	
Matt 17:15	ἐλέησόν	V-AAM-2S	V-AAM-2S	1653&5657	ἐλεέω	ἐλέησον	
Matt 17:15	μου	P-1GS	P-1GS	1473	ἐγώ	μου	
Matt 17:15	τὸν	T-ASM	T-ASM	3588	ὁ	τόν	
Matt 17:15	υἱόν,	N-ASM	N-ASM	5207	υἱός	υἱόν	
Matt 17:15	ὅτι	CONJ	CONJ	3754	ὅτι	ὅτι	
Matt 17:15	σεληνιάζεται	V-PNI-3S	V-PNI-3S	4583&5736	σεληνιάζομαι	σεληνιάζεται	
Matt 17:15	καὶ	CONJ	CONJ	2532	καί	καί	
Matt 17:15	κακῶς	ADV	ADV	2560	κακῶς	κακῶς	
Matt 17:15	ἔχει·	V-PAI-3S	V-PAI-3S	2192&5719	ἔχω	ἔχει	
Matt 17:15	πολλάκις	ADV	ADV	4178	πολλάκις	πολλάκις	
Matt 17:15	γὰρ	CONJ	CONJ	1063	γάρ	γάρ	
Matt 17:15	πίπτει	V-PAI-3S	V-PAI-3S	4098&5719	πίπτω	πίπτει	
Matt 17:15	εἰς	PREP	PREP	1519	εἰς	εἰς	
Matt 17:15	τὸ	T-ASN	T-ASN	3588	ὁ	τό	
Matt 17:15	πῦρ	N-ASN	N-ASN	4442	πῦρ	πῦρ	
Matt 17:15	καὶ	CONJ	CONJ	2532	καί	καί	
Matt 17:15	πολλάκις	ADV	ADV	4178	πολλάκις	πολλάκις	
Matt 17:15	εἰς	PREP	PREP	1519	εἰς	εἰς	
Matt 17:15	τὸ	T-ASN	T-ASN	3588	ὁ	τό	
Matt 17:15	ὕδωρ.	N-ASN	N-ASN	5204	ὕδωρ	ὕδωρ	
Matt 17:16	καὶ	CONJ	CONJ	2532	καί	καί	
Matt 17:16	προσήνεγκα	V-AAI-1S	V-AAI-1S	4374&5656	προσφέρω	προσήνεγκα	
Matt 17:16	αὐτὸν	P-ASM	P-ASM	846	αὐτός	αὐτόν	
Matt 17:16	τοῖς	T-DPM	T-DPM	3588	ὁ	τοῖς	
Matt 17:16	μαθηταῖς	N-DPM	N-DPM	3101	μαθητής	μαθηταῖς	
Matt 17:16	σου,	P-2GS	P-2GS	4771	σύ	σου	
Matt 17:16	καὶ	CONJ	CONJ	2532	καί	καί	
Matt 17:16	οὐκ	PRT-N	PRT-N	3756	οὐ	οὐκ	
Matt 17:16	ἠδυνήθησαν	V-AOI-3P-ATT	V-AOI-3P-ATT	1410&5675	δύναμαι	ἠδυνήθησαν	
Matt 17:16	αὐτὸν	P-ASM	P-ASM	846	αὐτός	αὐτόν	
Matt 17:16	θεραπεῦσαι.	V-AAN	V-AAN	2323&5658	θεραπεύω	θεραπεῦσαι	
Matt 17:17	ἀποκριθεὶς	V-AOP-NSM	V-AOP-NSM	611&5679	ἀποκρίνομαι	ἀποκριθείς	
Matt 17:17	δὲ	CONJ	CONJ	1161	δέ	δέ	
Matt 17:17	ὁ	T-NSM	T-NSM	3588	ὁ	ὁ	
Matt 17:17	Ἰησοῦς	N-NSM	N-NSM	2424	Ἰησοῦς	Ἰησοῦς	
Matt 17:17	εἶπεν	V-2AAI-3S	V-2AAI-3S	3004&5627	λέγω	εἶπεν	
Matt 17:17	Ὦ	INJ	INJ	5599	ὦ	Ὦ	
Matt 17:17	γενεὰ	N-VSF	N-VSF	1074	γενεά	γενεά	
Matt 17:17	ἄπιστος	A-VSF	A-VSF	571	ἄπιστος	ἄπιστος	
Matt 17:17	καὶ	CONJ	CONJ	2532	καί	καί	
Matt 17:17	διεστραμμένη,	V-RPP-NSF	V-RPP-NSF	1294&5772	διαστρέφω	διεστραμμένη	
Matt 17:17	ἕως	ADV	ADV	2193	ἕως	ἕως	
Matt 17:17	πότε	PRT-I	PRT-I	4219	πότε	πότε	
Matt 17:17	μεθ’	PREP	PREP	3326	μετά	μεθ’	
Matt 17:17	ὑμῶν	P-2GP	P-2GP	4771	σύ	ὑμῶν	
Matt 17:17	ἔσομαι;	V-FDI-1S	V-FDI-1S	1510&5695	εἰμί	ἔσομαι	
Matt 17:17	ἕως	ADV	ADV	2193	ἕως	ἕως	
Matt 17:17	πότε	PRT-I	PRT-I	4219	πότε	πότε	
Matt 17:17	ἀνέξομαι	V-FDI-1S	V-FDI-1S	430&5695	ἀνέχω	ἀνέξομαι	
Matt 17:17	ὑμῶν;	P-2GP	P-2GP	4771	σύ	ὑμῶν	
Matt 17:17	φέρετέ	V-PAM-2P	V-PAM-2P	5342&5720	φέρω	φέρετε	
Matt 17:17	μοι	P-1DS	P-1DS	1473	ἐγώ	μοι	
Matt 17:17	αὐτὸν	P-ASM	P-ASM	846	αὐτός	αὐτόν	
Matt 17:17	ὧδε.	ADV	ADV	5602	ὧδε	ὧδε	
Matt 17:18	καὶ	CONJ	CONJ	2532	καί	καί	
Matt 17:18	ἐπετίμησεν	V-AAI-3S	V-AAI-3S	2008&5656	ἐπιτιμάω	ἐπετίμησεν	
Matt 17:18	αὐτῷ	P-DSN	P-DSN	846	αὐτός	αὐτῷ	
Matt 17:18	ὁ	T-NSM	T-NSM	3588	ὁ	ὁ	
Matt 17:18	Ἰησοῦς,	N-NSM	N-NSM	2424	Ἰησοῦς	Ἰησοῦς	
Matt 17:18	καὶ	CONJ	CONJ	2532	καί	καί	
Matt 17:18	ἐξῆλθεν	V-2AAI-3S	V-2AAI-3S	1831&5627	ἐξέρχομαι	ἐξῆλθεν	
Matt 17:18	ἀπ’	PREP	PREP	575	ἀπό	ἀπ’	
Matt 17:18	αὐτοῦ	P-GSM	P-GSM	846	αὐτός	αὐτοῦ	
Matt 17:18	τὸ	T-NSN	T-NSN	3588	ὁ	τό	
Matt 17:18	δαιμόνιον,	N-NSN	N-NSN	1140	δαιμόνιον	δαιμόνιον	
Matt 17:18	καὶ	CONJ	CONJ	2532	καί	καί	
Matt 17:18	ἐθεραπεύθη	V-API-3S	V-API-3S	2323&5681	θεραπεύω	ἐθεραπεύθη	
Matt 17:18	ὁ	T-NSM	T-NSM	3588	ὁ	ὁ	
Matt 17:18	παῖς	N-NSM	N-NSM	3816	παῖς	παῖς	
Matt 17:18	ἀπὸ	PREP	PREP	575	ἀπό	ἀπό	
Matt 17:18	τῆς	T-GSF	T-GSF	3588	ὁ	τῆς	
Matt 17:18	ὥρας	N-GSF	N-GSF	5610	ὥρα	ὥρας	
Matt 17:18	ἐκείνης.	D-GSF	D-GSF	1565	ἐκεῖνος	ἐκείνης	
Matt 17:19	Τότε	ADV	ADV	5119	τότε	Τότε	
Matt 17:19	προσελθόντες	V-2AAP-NPM	V-2AAP-NPM	4334&5631	προσέρχομαι	προσελθόντες	
Matt 17:19	οἱ	T-NPM	T-NPM	3588	ὁ	οἱ	
Matt 17:19	μαθηταὶ	N-NPM	N-NPM	3101	μαθητής	μαθηταί	
Matt 17:19	τῷ	T-DSM	T-DSM	3588	ὁ	τῷ	
Matt 17:19	Ἰησοῦ	N-DSM	N-DSM	2424	Ἰησοῦς	Ἰησοῦ	
Matt 17:19	κατ’	PREP	PREP	2596	κατά	κατ’	
Matt 17:19	ἰδίαν	A-ASF	A-ASF	2398	ἴδιος	ἰδίαν	
Matt 17:19	εἶπον	V-2AAI-3P	V-2AAI-3P	3004	λέγω	εἶπον	
Matt 17:19	Διὰ	PREP	PREP	1223	διά	Διά	
Matt 17:19	τί	I-ASN	I-ASN	5101	τίς	τί	
Matt 17:19	ἡμεῖς	P-1NP	P-1NP	1473	ἐγώ	ἡμεῖς	
Matt 17:19	οὐκ	PRT-N	PRT-N	3756	οὐ	οὐκ	
Matt 17:19	ἠδυνήθημεν	V-AOI-1P-ATT	V-AOI-1P-ATT	1410&5675	δύναμαι	ἠδυνήθημεν	
Matt 17:19	ἐκβαλεῖν	V-2AAN	V-2AAN	1544&5629	ἐκβάλλω	ἐκβαλεῖν	
Matt 17:19	αὐτό;	P-ASN	P-ASN	846	αὐτός	αὐτό	
Matt 17:20	ὁ	T-NSM	T-NSM	3588	ὁ	ὁ	
Matt 17:20	δὲ	CONJ	CONJ	1161	δέ	δέ	
Matt 17:20	λέγει	V-PAI-3S	V-PAI-3S	3004&5719	λέγω	λέγει	
Matt 17:20	αὐτοῖς	P-DPM	P-DPM	846	αὐτός	αὐτοῖς	
Matt 17:20	Διὰ	PREP	PREP	1223	διά	Διά	
Matt 17:20	τὴν	T-ASF	T-ASF	3588	ὁ	τήν	
Matt 17:20	ὀλιγοπιστίαν	N-ASF	N-ASF	03640	ὀλιγοπιστία	ὀλιγοπιστίαν	
Matt 17:20	ὑμῶν·	P-2GP	P-2GP	4771	σύ	ὑμῶν	
Matt 17:20	ἀμὴν	HEB	HEB	281	ἀμήν	ἀμήν	
Matt 17:20	γὰρ	CONJ	CONJ	1063	γάρ	γάρ	
Matt 17:20	λέγω	V-PAI-1S	V-PAI-1S	3004&5719	λέγω	λέγω	
Matt 17:20	ὑμῖν,	P-2DP	P-2DP	4771	σύ	ὑμῖν	
Matt 17:20	ἐὰν	COND	COND	1437	ἐάν	ἐάν	
Matt 17:20	ἔχητε	V-PAS-2P	V-PAS-2P	2192&5725	ἔχω	ἔχητε	
Matt 17:20	πίστιν	N-ASF	N-ASF	4102	πίστις	πίστιν	
Matt 17:20	ὡς	ADV	ADV	5613	ὡς	ὡς	
Matt 17:20	κόκκον	N-ASM	N-ASM	2848	κόκκος	κόκκον	
Matt 17:20	σινάπεως,	N-GSN	N-GSN	4615	σίναπι	σινάπεως	
Matt 17:20	ἐρεῖτε	V-FAI-2P	V-FAI-2P	2046&5692	εἶπον	ἐρεῖτε	
Matt 17:20	τῷ	T-DSN	T-DSN	3588	ὁ	τῷ	
Matt 17:20	ὄρει	N-DSN	N-DSN	3735	ὄρος	ὄρει	
Matt 17:20	τούτῳ	D-DSN	D-DSN	3778	οὗτος	τούτῳ	
Matt 17:20	Μετάβα	V-2AAM-2S	V-2AAM-2S	3327&5628	μεταβαίνω	Μετάβα	
Matt 17:20	ἔνθεν	ADV	ADV	01759	ἔνθεν	ἔνθεν	
Matt 17:20	ἐκεῖ,	ADV	ADV	1563	ἐκεῖ	ἐκεῖ	
Matt 17:20	καὶ	CONJ	CONJ	2532	καί	καί	
Matt 17:20	μεταβήσεται,	V-FDI-3S	V-FDI-3S	3327&5695	μεταβαίνω	μεταβήσεται	
Matt 17:20	καὶ	CONJ	CONJ	2532	καί	καί	
Matt 17:20	οὐδὲν	A-NSN-N	A-NSN-N	3762	οὐδείς	οὐδέν	
Matt 17:20	ἀδυνατήσει	V-FAI-3S	V-FAI-3S	101&5692	ἀδυνατέω	ἀδυνατήσει	
Matt 17:20	ὑμῖν.	P-2DP	P-2DP	4771	σύ	ὑμῖν	
Matt 17:22	Συστρεφομένων	V-PPP-GPM	V-PEP-GPM	4962&5746	συστρέφω	Συστρεφομένων	
Matt 17:22	δὲ	CONJ	CONJ	1161	δέ	δέ	
Matt 17:22	αὐτῶν	P-GPM	P-GPM	846	αὐτός	αὐτῶν	
Matt 17:22	ἐν	PREP	PREP	1722	ἐν	ἐν	
Matt 17:22	τῇ	T-DSF	T-DSF	3588	ὁ	τῇ	
Matt 17:22	Γαλιλαίᾳ	N-DSF	N-DSF	1056	Γαλιλαία	Γαλιλαίᾳ	
Matt 17:22	εἶπεν	V-2AAI-3S	V-2AAI-3S	3004&5627	λέγω	εἶπεν	
Matt 17:22	αὐτοῖς	P-DPM	P-DPM	846	αὐτός	αὐτοῖς	
Matt 17:22	ὁ	T-NSM	T-NSM	3588	ὁ	ὁ	
Matt 17:22	Ἰησοῦς	N-NSM	N-NSM	2424	Ἰησοῦς	Ἰησοῦς	
Matt 17:22	Μέλλει	V-PAI-3S	V-PAI-3S	3195&5719	μέλλω	Μέλλει	
Matt 17:22	ὁ	T-NSM	T-NSM	3588	ὁ	ὁ	
Matt 17:22	Υἱὸς	N-NSM	N-NSM	5207	υἱός	Υἱός	
Matt 17:22	τοῦ	T-GSM	T-GSM	3588	ὁ	τοῦ	
Matt 17:22	ἀνθρώπου	N-GSM	N-GSM	444	ἄνθρωπος	ἀνθρώπου	
Matt 17:22	παραδίδοσθαι	V-PPN	V-PEN	3860&5745	παραδίδωμι	παραδίδοσθαι	
Matt 17:22	εἰς	PREP	PREP	1519	εἰς	εἰς	
Matt 17:22	χεῖρας	N-APF	N-APF	5495	χείρ	χεῖρας	
Matt 17:22	ἀνθρώπων,	N-GPM	N-GPM	444	ἄνθρωπος	ἀνθρώπων	
Matt 17:23	καὶ	CONJ	CONJ	2532	καί	καί	
Matt 17:23	ἀποκτενοῦσιν	V-FAI-3P	V-FAI-3P	615&5692	ἀποκτείνω	ἀποκτενοῦσιν	
Matt 17:23	αὐτόν,	P-ASM	P-ASM	846	αὐτός	αὐτόν	
Matt 17:23	καὶ	CONJ	CONJ	2532	καί	καί	
Matt 17:23	τῇ	T-DSF	T-DSF	3588	ὁ	τῇ	
Matt 17:23	τρίτῃ	A-DSF	A-DSF	5154	τρίτος	τρίτῃ	
Matt 17:23	ἡμέρᾳ	N-DSF	N-DSF	2250	ἡμέρα	ἡμέρᾳ	
Matt 17:23	ἐγερθήσεται.	V-FPI-3S	V-FPI-3S	1453&5701	ἐγείρω	ἐγερθήσεται	
Matt 17:23	καὶ	CONJ	CONJ	2532	καί	καί	
Matt 17:23	ἐλυπήθησαν	V-API-3P	V-API-3P	3076&5681	λυπέω	ἐλυπήθησαν	
Matt 17:23	σφόδρα.	ADV	ADV	4970	σφόδρα	σφόδρα	
Matt 17:24	Ἐλθόντων	V-2AAP-GPM	V-2AAP-GPM	2064&5631	ἔρχομαι	Ἐλθόντων	
Matt 17:24	δὲ	CONJ	CONJ	1161	δέ	δέ	
Matt 17:24	αὐτῶν	P-GPM	P-GPM	846	αὐτός	αὐτῶν	
Matt 17:24	εἰς	PREP	PREP	1519	εἰς	εἰς	
Matt 17:24	Καφαρναοὺμ	N-PRI	N-PRI	2584	Καφαρναούμ	Καφαρναούμ	
Matt 17:24	προσῆλθον	V-2AAI-3P	V-2AAI-3P	4334&5627	προσέρχομαι	προσῆλθον	
Matt 17:24	οἱ	T-NPM	T-NPM	3588	ὁ	οἱ	
Matt 17:24	τὰ	T-APN	T-APN	3588	ὁ	τά	
Matt 17:24	δίδραχμα	N-APN	N-APN	1323	δίδραχμον	δίδραχμα	
Matt 17:24	λαμβάνοντες	V-PAP-NPM	V-PAP-NPM	2983&5723	λαμβάνω	λαμβάνοντες	
Matt 17:24	τῷ	T-DSM	T-DSM	3588	ὁ	τῷ	
Matt 17:24	Πέτρῳ	N-DSM	N-DSM	4074	Πέτρος	Πέτρῳ	
Matt 17:24	καὶ	CONJ	CONJ	2532	καί	καί	
Matt 17:24	εἶπαν	V-2AAI-3P	V-2AAI-3P	3004&5627	λέγω	εἶπαν	
Matt 17:24	Ὁ	T-NSM	T-NSM	3588	ὁ	Ὁ	
Matt 17:24	διδάσκαλος	N-NSM	N-NSM	1320	διδάσκαλος	διδάσκαλος	
Matt 17:24	ὑμῶν	P-2GP	P-2GP	4771	σύ	ὑμῶν	
Matt 17:24	οὐ	PRT-N	PRT-N	3756	οὐ	οὐ	
Matt 17:24	τελεῖ	V-PAI-3S	V-PAI-3S	5055&5719	τελέω	τελεῖ	
Matt 17:24	δίδραχμα;	N-APN	N-APN	1323	δίδραχμον	δίδραχμα	
Matt 17:25	λέγει	V-PAI-3S	V-PAI-3S	3004&5719	λέγω	λέγει	
Matt 17:25	Ναί.	PRT	PRT	3483	ναί	Ναί	
Matt 17:25	καὶ	CONJ	CONJ	2532	καί	καί	
Matt 17:25	ἐλθόντα	V-2AAP-ASM	V-2AAP-ASM	2064&5631	ἔρχομαι	ἐλθόντα	
Matt 17:25	εἰς	PREP	PREP	1519	εἰς	εἰς	
Matt 17:25	τὴν	T-ASF	T-ASF	3588	ὁ	τήν	
Matt 17:25	οἰκίαν	N-ASF	N-ASF	3614	οἰκία	οἰκίαν	
Matt 17:25	προέφθασεν	V-AAI-3S	V-AAI-3S	4399&5656	προφθάνω	προέφθασεν	
Matt 17:25	αὐτὸν	P-ASM	P-ASM	846	αὐτός	αὐτόν	
Matt 17:25	ὁ	T-NSM	T-NSM	3588	ὁ	ὁ	
Matt 17:25	Ἰησοῦς	N-NSM	N-NSM	2424	Ἰησοῦς	Ἰησοῦς	
Matt 17:25	λέγων	V-PAP-NSM	V-PAP-NSM	3004&5723	λέγω	λέγων	
Matt 17:25	Τί	I-NSN	I-NSN	5101	τίς	Τί	
Matt 17:25	σοι	P-2DS	P-2DS	4771	σύ	σοι	
Matt 17:25	δοκεῖ,	V-PAI-3S	V-PAI-3S	1380&5719	δοκέω	δοκεῖ	
Matt 17:25	Σίμων;	N-VSM	N-VSM	4613	Σίμων	Σίμων	
Matt 17:25	οἱ	T-NPM	T-NPM	3588	ὁ	οἱ	
Matt 17:25	βασιλεῖς	N-NPM	N-NPM	935	βασιλεύς	βασιλεῖς	
Matt 17:25	τῆς	T-GSF	T-GSF	3588	ὁ	τῆς	
Matt 17:25	γῆς	N-GSF	N-GSF	1093	γῆ	γῆς	
Matt 17:25	ἀπὸ	PREP	PREP	575	ἀπό	ἀπό	
Matt 17:25	τίνων	I-GPM	I-GPM	5101	τίς	τίνων	
Matt 17:25	λαμβάνουσιν	V-PAI-3P	V-PAI-3P	2983&5719	λαμβάνω	λαμβάνουσιν	
Matt 17:25	τέλη	N-APN	N-APN	5056	τέλος	τέλη	
Matt 17:25	ἢ	PRT	PRT	2228	ἤ	ἤ	
Matt 17:25	κῆνσον;	N-ASM	N-ASM	2778	κῆνσος	κῆνσον	
Matt 17:25	ἀπὸ	PREP	PREP	575	ἀπό	ἀπό	
Matt 17:25	τῶν	T-GPM	T-GPM	3588	ὁ	τῶν	
Matt 17:25	υἱῶν	N-GPM	N-GPM	5207	υἱός	υἱῶν	
Matt 17:25	αὐτῶν	P-GPM	P-GPM	846	αὐτός	αὐτῶν	
Matt 17:25	ἢ	PRT	PRT	2228	ἤ	ἤ	
Matt 17:25	ἀπὸ	PREP	PREP	575	ἀπό	ἀπό	
Matt 17:25	τῶν	T-GPM	T-GPM	3588	ὁ	τῶν	
Matt 17:25	ἀλλοτρίων;	A-GPM	A-GPM	245	ἀλλότριος	ἀλλοτρίων	
Matt 17:26	εἰπόντος	V-2AAP-GSM	V-2AAP-GSM	3004&5631	λέγω	εἰπόντος	
Matt 17:26	δέ	CONJ	CONJ	1161	δέ	δέ	
Matt 17:26	Ἀπὸ	PREP	PREP	575	ἀπό	Ἀπό	
Matt 17:26	τῶν	T-GPM	T-GPM	3588	ὁ	τῶν	
Matt 17:26	ἀλλοτρίων,	A-GPM	A-GPM	245	ἀλλότριος	ἀλλοτρίων	
Matt 17:26	ἔφη	V-IAI-3S	V-IAI-3S	5346&5707	φημί	ἔφη	
Matt 17:26	αὐτῷ	P-DSM	P-DSM	846	αὐτός	αὐτῷ	
Matt 17:26	ὁ	T-NSM	T-NSM	3588	ὁ	ὁ	
Matt 17:26	Ἰησοῦς	N-NSM	N-NSM	2424	Ἰησοῦς	Ἰησοῦς	
Matt 17:26	Ἄραγε	PRT	PRT	686&1065	ἄρα	Ἄραγε	
Matt 17:26	ἐλεύθεροί	A-NPM	A-NPM	1658	ἐλεύθερος	ἐλεύθεροι	
Matt 17:26	εἰσιν	V-PAI-3P	V-PAI-3P	1510&5719	εἰμί	εἰσιν	
Matt 17:26	οἱ	T-NPM	T-NPM	3588	ὁ	οἱ	
Matt 17:26	υἱοί.	N-NPM	N-NPM	5207	υἱός	υἱοί	
Matt 17:27	ἵνα	CONJ	CONJ	2443	ἵνα	ἵνα	
Matt 17:27	δὲ	CONJ	CONJ	1161	δέ	δέ	
Matt 17:27	μὴ	PRT-N	PRT-N	3361	μή	μή	
Matt 17:27	σκανδαλίσωμεν	V-AAS-1P	V-AAS-1P	4624&5661	σκανδαλίζω	σκανδαλίσωμεν	
Matt 17:27	αὐτούς,	P-APM	P-APM	846	αὐτός	αὐτούς	
Matt 17:27	πορευθεὶς	V-AOP-NSM	V-AOP-NSM	4198&5679	πορεύομαι	πορευθείς	
Matt 17:27	εἰς	PREP	PREP	1519	εἰς	εἰς	
Matt 17:27	θάλασσαν	N-ASF	N-ASF	2281	θάλασσα	θάλασσαν	
Matt 17:27	βάλε	V-2AAM-2S	V-2AAM-2S	906&5628	βάλλω	βάλε	
Matt 17:27	ἄγκιστρον	N-ASN	N-ASN	44	ἄγκιστρον	ἄγκιστρον	
Matt 17:27	καὶ	CONJ	CONJ	2532	καί	καί	
Matt 17:27	τὸν	T-ASM	T-ASM	3588	ὁ	τόν	
Matt 17:27	ἀναβάντα	V-2AAP-ASM	V-2AAP-ASM	305&5631	ἀναβαίνω	ἀναβάντα	
Matt 17:27	πρῶτον	ADV-S	ADV-S	4412	πρῶτος	πρῶτον	
Matt 17:27	ἰχθὺν	N-ASM	N-ASM	2486	ἰχθύς	ἰχθύν	
Matt 17:27	ἆρον,	V-AAM-2S	V-AAM-2S	142&5657	αἴρω	ἆρον	
Matt 17:27	καὶ	CONJ	CONJ	2532	καί	καί	
Matt 17:27	ἀνοίξας	V-AAP-NSM	V-AAP-NSM	455&5660	ἀνοίγω	ἀνοίξας	
Matt 17:27	τὸ	T-ASN	T-ASN	3588	ὁ	τό	
Matt 17:27	στόμα	N-ASN	N-ASN	4750	στόμα	στόμα	
Matt 17:27	αὐτοῦ	P-GSM	P-GSM	846	αὐτός	αὐτοῦ	
Matt 17:27	εὑρήσεις	V-FAI-2S	V-FAI-2S	2147&5692	εὑρίσκω	εὑρήσεις	
Matt 17:27	στατῆρα·	N-ASM	N-ASM	4715	στατήρ	στατῆρα	
Matt 17:27	ἐκεῖνον	D-ASM	D-ASM	1565	ἐκεῖνος	ἐκεῖνον	
Matt 17:27	λαβὼν	V-2AAP-NSM	V-2AAP-NSM	2983&5631	λαμβάνω	λαβών	
Matt 17:27	δὸς	V-2AAM-2S	V-2AAM-2S	1325&5628	δίδωμι	δός	
Matt 17:27	αὐτοῖς	P-DPM	P-DPM	846	αὐτός	αὐτοῖς	
Matt 17:27	ἀντὶ	PREP	PREP	473	ἀντί	ἀντί	
Matt 17:27	ἐμοῦ	P-1GS	P-1GS	1473	ἐγώ	ἐμοῦ	
Matt 17:27	καὶ	CONJ	CONJ	2532	καί	καί	
Matt 17:27	σοῦ.	P-2GS	P-2GS	4771	σύ	σοῦ	
Matt 18:1	Ἐν	PREP	PREP	1722	ἐν	Ἐν	
Matt 18:1	ἐκείνῃ	D-DSF	D-DSF	1565	ἐκεῖνος	ἐκείνῃ	
Matt 18:1	τῇ	T-DSF	T-DSF	3588	ὁ	τῇ	
Matt 18:1	ὥρᾳ	N-DSF	N-DSF	5610	ὥρα	ὥρᾳ	
Matt 18:1	προσῆλθον	V-2AAI-3P	V-2AAI-3P	4334&5627	προσέρχομαι	προσῆλθον	
Matt 18:1	οἱ	T-NPM	T-NPM	3588	ὁ	οἱ	
Matt 18:1	μαθηταὶ	N-NPM	N-NPM	3101	μαθητής	μαθηταί	
Matt 18:1	τῷ	T-DSM	T-DSM	3588	ὁ	τῷ	
Matt 18:1	Ἰησοῦ	N-DSM	N-DSM	2424	Ἰησοῦς	Ἰησοῦ	
Matt 18:1	λέγοντες	V-PAP-NPM	V-PAP-NPM	3004&5723	λέγω	λέγοντες	
Matt 18:1	Τίς	I-NSM	I-NSM	5101	τίς	Τίς	
Matt 18:1	ἄρα	PRT-I	PRT-I	687	ἆρα	ἄρα	
Matt 18:1	μείζων	A-NSM-C	A-NSM-C	3173	μέγας	μείζων	
Matt 18:1	ἐστὶν	V-PAI-3S	V-PAI-3S	1510&5719	εἰμί	ἐστίν	
Matt 18:1	ἐν	PREP	PREP	1722	ἐν	ἐν	
Matt 18:1	τῇ	T-DSF	T-DSF	3588	ὁ	τῇ	
Matt 18:1	βασιλείᾳ	N-DSF	N-DSF	932	βασιλεία	βασιλείᾳ	
Matt 18:1	τῶν	T-GPM	T-GPM	3588	ὁ	τῶν	
Matt 18:1	οὐρανῶν;	N-GPM	N-GPM	3772	οὐρανός	οὐρανῶν	
Matt 18:2	καὶ	CONJ	CONJ	2532	καί	καί	
Matt 18:2	προσκαλεσάμενος	V-ADP-NSM	V-ADP-NSM	4341&5666	προσκαλέω	προσκαλεσάμενος	
Matt 18:2	παιδίον	N-ASN	N-ASN	3813	παιδίον	παιδίον	
Matt 18:2	ἔστησεν	V-AAI-3S	V-AAI-3S	2476&5656	ἵστημι	ἔστησεν	
Matt 18:2	αὐτὸ	P-ASN	P-ASN	846	αὐτός	αὐτό	
Matt 18:2	ἐν	PREP	PREP	1722	ἐν	ἐν	
Matt 18:2	μέσῳ	A-DSN	A-DSN	3319	μέσος	μέσῳ	
Matt 18:2	αὐτῶν	P-GPM	P-GPM	846	αὐτός	αὐτῶν	
Matt 18:3	καὶ	CONJ	CONJ	2532	καί	καί	
Matt 18:3	εἶπεν	V-2AAI-3S	V-2AAI-3S	3004&5627	λέγω	εἶπεν	
Matt 18:3	Ἀμὴν	HEB	HEB	281	ἀμήν	Ἀμήν	
Matt 18:3	λέγω	V-PAI-1S	V-PAI-1S	3004&5719	λέγω	λέγω	
Matt 18:3	ὑμῖν,	P-2DP	P-2DP	4771	σύ	ὑμῖν	
Matt 18:3	ἐὰν	COND	COND	1437	ἐάν	ἐάν	
Matt 18:3	μὴ	PRT-N	PRT-N	3361	μή	μή	
Matt 18:3	στραφῆτε	V-2APS-2P	V-2APS-2P	4762&5652	στρέφω	στραφῆτε	
Matt 18:3	καὶ	CONJ	CONJ	2532	καί	καί	
Matt 18:3	γένησθε	V-2ADS-2P	V-2ADS-2P	1096&5638	γίνομαι	γένησθε	
Matt 18:3	ὡς	ADV	ADV	5613	ὡς	ὡς	
Matt 18:3	τὰ	T-NPN	T-NPN	3588	ὁ	τά	
Matt 18:3	παιδία,	N-NPN	N-NPN	3813	παιδίον	παιδία	
Matt 18:3	οὐ	PRT-N	PRT-N	3756	οὐ	οὐ	
Matt 18:3	μὴ	PRT-N	PRT-N	3361	μή	μή	
Matt 18:3	εἰσέλθητε	V-2AAS-2P	V-2AAS-2P	1525&5632	εἰσέρχομαι	εἰσέλθητε	
Matt 18:3	εἰς	PREP	PREP	1519	εἰς	εἰς	
Matt 18:3	τὴν	T-ASF	T-ASF	3588	ὁ	τήν	
Matt 18:3	βασιλείαν	N-ASF	N-ASF	932	βασιλεία	βασιλείαν	
Matt 18:3	τῶν	T-GPM	T-GPM	3588	ὁ	τῶν	
Matt 18:3	οὐρανῶν.	N-GPM	N-GPM	3772	οὐρανός	οὐρανῶν	
Matt 18:4	ὅστις	R-NSM	R-NSM	3748	ὅστις	ὅστις	
Matt 18:4	οὖν	CONJ	CONJ	3767	οὖν	οὖν	
Matt 18:4	ταπεινώσει	V-FAI-3S	V-FAI-3S	5013&5692	ταπεινόω	ταπεινώσει	
Matt 18:4	ἑαυτὸν	F-3ASM	F-3ASM	1438	ἑαυτοῦ	ἑαυτόν	
Matt 18:4	ὡς	ADV	ADV	5613	ὡς	ὡς	
Matt 18:4	τὸ	T-NSN	T-NSN	3588	ὁ	τό	
Matt 18:4	παιδίον	N-NSN	N-NSN	3813	παιδίον	παιδίον	
Matt 18:4	τοῦτο,	D-NSN	D-NSN	3778	οὗτος	τοῦτο	
Matt 18:4	οὗτός	D-NSM	D-NSM	3778	οὗτος	οὗτος	
Matt 18:4	ἐστιν	V-PAI-3S	V-PAI-3S	1510&5719	εἰμί	ἐστιν	
Matt 18:4	ὁ	T-NSM	T-NSM	3588	ὁ	ὁ	
Matt 18:4	μείζων	A-NSM-C	A-NSM-C	3173	μέγας	μείζων	
Matt 18:4	ἐν	PREP	PREP	1722	ἐν	ἐν	
Matt 18:4	τῇ	T-DSF	T-DSF	3588	ὁ	τῇ	
Matt 18:4	βασιλείᾳ	N-DSF	N-DSF	932	βασιλεία	βασιλείᾳ	
Matt 18:4	τῶν	T-GPM	T-GPM	3588	ὁ	τῶν	
Matt 18:4	οὐρανῶν.	N-GPM	N-GPM	3772	οὐρανός	οὐρανῶν	
Matt 18:5	καὶ	CONJ	CONJ	2532	καί	καί	
Matt 18:5	ὃς	R-NSM	R-NSM	3739	ὅς	ὅς	
Matt 18:5	ἐὰν	COND	COND	1437	ἐάν	ἐάν	
Matt 18:5	δέξηται	V-ADS-3S	V-ADS-3S	1209&5667	δέχομαι	δέξηται	
Matt 18:5	ἓν	A-ASN	A-ASN	1520	εἷς	ἕν	
Matt 18:5	παιδίον	N-ASN	N-ASN	3813	παιδίον	παιδίον	
Matt 18:5	τοιοῦτο	D-ASN	D-ASN	5108	τοιοῦτος	τοιοῦτο	
Matt 18:5	ἐπὶ	PREP	PREP	1909	ἐπί	ἐπί	
Matt 18:5	τῷ	T-DSN	T-DSN	3588	ὁ	τῷ	
Matt 18:5	ὀνόματί	N-DSN	N-DSN	3686	ὄνομα	ὀνόματι	
Matt 18:5	μου,	P-1GS	P-1GS	1473	ἐγώ	μου	
Matt 18:5	ἐμὲ	P-1AS	P-1AS	1473	ἐγώ	ἐμέ	
Matt 18:5	δέχεται·	V-PNI-3S	V-PNI-3S	1209&5736	δέχομαι	δέχεται	
Matt 18:6	ὃς	R-NSM	R-NSM	3739	ὅς	ὅς	
Matt 18:6	δ’	CONJ	CONJ	1161	δέ	δ’	
Matt 18:6	ἂν	PRT	PRT	302	ἄν	ἄν	
Matt 18:6	σκανδαλίσῃ	V-AAS-3S	V-AAS-3S	4624&5661	σκανδαλίζω	σκανδαλίσῃ	
Matt 18:6	ἕνα	A-ASM	A-ASM	1520	εἷς	ἕνα	
Matt 18:6	τῶν	T-GPM	T-GPM	3588	ὁ	τῶν	
Matt 18:6	μικρῶν	A-GPM	A-GPM	3398	μικρός	μικρῶν	
Matt 18:6	τούτων	D-GPM	D-GPM	3778	οὗτος	τούτων	
Matt 18:6	τῶν	T-GPM	T-GPM	3588	ὁ	τῶν	
Matt 18:6	πιστευόντων	V-PAP-GPM	V-PAP-GPM	4100&5723	πιστεύω	πιστευόντων	
Matt 18:6	εἰς	PREP	PREP	1519	εἰς	εἰς	
Matt 18:6	ἐμέ,	P-1AS	P-1AS	1473	ἐγώ	ἐμέ	
Matt 18:6	συμφέρει	V-PAI-3S	V-PAI-3S	4851&5719	συμφέρω	συμφέρει	
Matt 18:6	αὐτῷ	P-DSM	P-DSM	846	αὐτός	αὐτῷ	
Matt 18:6	ἵνα	CONJ	CONJ	2443	ἵνα	ἵνα	
Matt 18:6	κρεμασθῇ	V-APS-3S	V-APS-3S	2910&5686	κρεμάννυμι	κρεμασθῇ	
Matt 18:6	μύλος	N-NSM	N-NSM	3458	μύλος	μύλος	
Matt 18:6	ὀνικὸς	A-NSM	A-NSM	3684	ὀνικός	ὀνικός	
Matt 18:6	περὶ	PREP	PREP	4012	περί	περί	
Matt 18:6	τὸν	T-ASM	T-ASM	3588	ὁ	τόν	
Matt 18:6	τράχηλον	N-ASM	N-ASM	5137	τράχηλος	τράχηλον	
Matt 18:6	αὐτοῦ	P-GSM	P-GSM	846	αὐτός	αὐτοῦ	
Matt 18:6	καὶ	CONJ	CONJ	2532	καί	καί	
Matt 18:6	καταποντισθῇ	V-APS-3S	V-APS-3S	2670&5686	καταποντίζω	καταποντισθῇ	
Matt 18:6	ἐν	PREP	PREP	1722	ἐν	ἐν	
Matt 18:6	τῷ	T-DSN	T-DSN	3588	ὁ	τῷ	
Matt 18:6	πελάγει	N-DSN	N-DSN	3989	πέλαγος	πελάγει	
Matt 18:6	τῆς	T-GSF	T-GSF	3588	ὁ	τῆς	
Matt 18:6	θαλάσσης.	N-GSF	N-GSF	2281	θάλασσα	θαλάσσης	
Matt 18:7	Οὐαὶ	INJ	INJ	3759	οὐαί	Οὐαί	
Matt 18:7	τῷ	T-DSM	T-DSM	3588	ὁ	τῷ	
Matt 18:7	κόσμῳ	N-DSM	N-DSM	2889	κόσμος	κόσμῳ	
Matt 18:7	ἀπὸ	PREP	PREP	575	ἀπό	ἀπό	
Matt 18:7	τῶν	T-GPN	T-GPN	3588	ὁ	τῶν	
Matt 18:7	σκανδάλων·	N-GPN	N-GPN	4625	σκάνδαλον	σκανδάλων	
Matt 18:7	ἀνάγκη	N-NSF	N-NSF	318	ἀνάγκη	ἀνάγκη	
Matt 18:7	γὰρ	CONJ	CONJ	1063	γάρ	γάρ	
Matt 18:7	ἐλθεῖν	V-2AAN	V-2AAN	2064&5629	ἔρχομαι	ἐλθεῖν	
Matt 18:7	τὰ	T-APN	T-APN	3588	ὁ	τά	
Matt 18:7	σκάνδαλα,	N-APN	N-APN	4625	σκάνδαλον	σκάνδαλα	
Matt 18:7	πλὴν	ADV	ADV	4133	πλήν	πλήν	
Matt 18:7	οὐαὶ	INJ	INJ	3759	οὐαί	οὐαί	
Matt 18:7	τῷ	T-DSM	T-DSM	3588	ὁ	τῷ	
Matt 18:7	ἀνθρώπῳ	N-DSM	N-DSM	444	ἄνθρωπος	ἀνθρώπῳ	
Matt 18:7	δι’	PREP	PREP	1223	διά	δι’	
Matt 18:7	οὗ	R-GSM	R-GSM	3739	ὅς	οὗ	
Matt 18:7	τὸ	T-NSN	T-NSN	3588	ὁ	τό	
Matt 18:7	σκάνδαλον	N-NSN	N-NSN	4625	σκάνδαλον	σκάνδαλον	
Matt 18:7	ἔρχεται.	V-PNI-3S	V-PNI-3S	2064&5736	ἔρχομαι	ἔρχεται	
Matt 18:8	Εἰ	COND	COND	1487	εἰ	Εἰ	
Matt 18:8	δὲ	CONJ	CONJ	1161	δέ	δέ	
Matt 18:8	ἡ	T-NSF	T-NSF	3588	ὁ	ἡ	
Matt 18:8	χείρ	N-NSF	N-NSF	5495	χείρ	χείρ	
Matt 18:8	σου	P-2GS	P-2GS	4771	σύ	σου	
Matt 18:8	ἢ	PRT	PRT	2228	ἤ	ἤ	
Matt 18:8	ὁ	T-NSM	T-NSM	3588	ὁ	ὁ	
Matt 18:8	πούς	N-NSM	N-NSM	4228	πούς	πούς	
Matt 18:8	σου	P-2GS	P-2GS	4771	σύ	σου	
Matt 18:8	σκανδαλίζει	V-PAI-3S	V-PAI-3S	4624&5719	σκανδαλίζω	σκανδαλίζει	
Matt 18:8	σε,	P-2AS	P-2AS	4771	σύ	σε	
Matt 18:8	ἔκκοψον	V-AAM-2S	V-AAM-2S	1581&5657	ἐκκόπτω	ἔκκοψον	
Matt 18:8	αὐτὸν	P-ASM	P-ASM	846	αὐτός	αὐτόν	
Matt 18:8	καὶ	CONJ	CONJ	2532	καί	καί	
Matt 18:8	βάλε	V-2AAM-2S	V-2AAM-2S	906&5628	βάλλω	βάλε	
Matt 18:8	ἀπὸ	PREP	PREP	575	ἀπό	ἀπό	
Matt 18:8	σοῦ·	P-2GS	P-2GS	4771	σύ	σοῦ	
Matt 18:8	καλόν	A-NSN	A-NSN	2570	καλός	καλόν	
Matt 18:8	σοί	P-2DS	P-2DS	4771	σύ	σοί	
Matt 18:8	ἐστιν	V-PAI-3S	V-PAI-3S	1510&5719	εἰμί	ἐστιν	
Matt 18:8	εἰσελθεῖν	V-2AAN	V-2AAN	1525&5629	εἰσέρχομαι	εἰσελθεῖν	
Matt 18:8	εἰς	PREP	PREP	1519	εἰς	εἰς	
Matt 18:8	τὴν	T-ASF	T-ASF	3588	ὁ	τήν	
Matt 18:8	ζωὴν	N-ASF	N-ASF	2222	ζωή	ζωήν	
Matt 18:8	κυλλὸν	A-ASM	A-ASM	2948	κυλλός	κυλλόν	
Matt 18:8	ἢ	PRT	PRT	2228	ἤ	ἤ	
Matt 18:8	χωλόν,	A-ASM	A-ASM	5560	χωλός	χωλόν	
Matt 18:8	ἢ	PRT	PRT	2228	ἤ	ἤ	
Matt 18:8	δύο	A-NUI	A-NUI	1417	δύο	δύο	
Matt 18:8	χεῖρας	N-APF	N-APF	5495	χείρ	χεῖρας	
Matt 18:8	ἢ	PRT	PRT	2228	ἤ	ἤ	
Matt 18:8	δύο	A-NUI	A-NUI	1417	δύο	δύο	
Matt 18:8	πόδας	N-APM	N-APM	4228	πούς	πόδας	
Matt 18:8	ἔχοντα	V-PAP-ASM	V-PAP-ASM	2192&5723	ἔχω	ἔχοντα	
Matt 18:8	βληθῆναι	V-APN	V-APN	906&5683	βάλλω	βληθῆναι	
Matt 18:8	εἰς	PREP	PREP	1519	εἰς	εἰς	
Matt 18:8	τὸ	T-ASN	T-ASN	3588	ὁ	τό	
Matt 18:8	πῦρ	N-ASN	N-ASN	4442	πῦρ	πῦρ	
Matt 18:8	τὸ	T-ASN	T-ASN	3588	ὁ	τό	
Matt 18:8	αἰώνιον.	A-ASN	A-ASN	166	αἰώνιος	αἰώνιον	
Matt 18:9	καὶ	CONJ	CONJ	2532	καί	καί	
Matt 18:9	εἰ	COND	COND	1487	εἰ	εἰ	
Matt 18:9	ὁ	T-NSM	T-NSM	3588	ὁ	ὁ	
Matt 18:9	ὀφθαλμός	N-NSM	N-NSM	3788	ὀφθαλμός	ὀφθαλμός	
Matt 18:9	σου	P-2GS	P-2GS	4771	σύ	σου	
Matt 18:9	σκανδαλίζει	V-PAI-3S	V-PAI-3S	4624&5719	σκανδαλίζω	σκανδαλίζει	
Matt 18:9	σε,	P-2AS	P-2AS	4771	σύ	σε	
Matt 18:9	ἔξελε	V-2AAM-2S	V-2AAM-2S	1807&5628	ἐξαιρέω	ἔξελε	
Matt 18:9	αὐτὸν	P-ASM	P-ASM	846	αὐτός	αὐτόν	
Matt 18:9	καὶ	CONJ	CONJ	2532	καί	καί	
Matt 18:9	βάλε	V-2AAM-2S	V-2AAM-2S	906&5628	βάλλω	βάλε	
Matt 18:9	ἀπὸ	PREP	PREP	575	ἀπό	ἀπό	
Matt 18:9	σοῦ·	P-2GS	P-2GS	4771	σύ	σοῦ	
Matt 18:9	καλόν	A-NSN	A-NSN	2570	καλός	καλόν	
Matt 18:9	σοί	P-2DS	P-2DS	4771	σύ	σοί	
Matt 18:9	ἐστιν	V-PAI-3S	V-PAI-3S	1510&5719	εἰμί	ἐστιν	
Matt 18:9	μονόφθαλμον	A-ASM	A-ASM	3442	μονόφθαλμος	μονόφθαλμον	
Matt 18:9	εἰς	PREP	PREP	1519	εἰς	εἰς	
Matt 18:9	τὴν	T-ASF	T-ASF	3588	ὁ	τήν	
Matt 18:9	ζωὴν	N-ASF	N-ASF	2222	ζωή	ζωήν	
Matt 18:9	εἰσελθεῖν,	V-2AAN	V-2AAN	1525&5629	εἰσέρχομαι	εἰσελθεῖν	
Matt 18:9	ἢ	PRT	PRT	2228	ἤ	ἤ	
Matt 18:9	δύο	A-NUI	A-NUI	1417	δύο	δύο	
Matt 18:9	ὀφθαλμοὺς	N-APM	N-APM	3788	ὀφθαλμός	ὀφθαλμούς	
Matt 18:9	ἔχοντα	V-PAP-ASM	V-PAP-ASM	2192&5723	ἔχω	ἔχοντα	
Matt 18:9	βληθῆναι	V-APN	V-APN	906&5683	βάλλω	βληθῆναι	
Matt 18:9	εἰς	PREP	PREP	1519	εἰς	εἰς	
Matt 18:9	τὴν	T-ASF	T-ASF	3588	ὁ	τήν	
Matt 18:9	γέενναν	N-ASF	N-ASF	1067	γέεννα	γέενναν	
Matt 18:9	τοῦ	T-GSN	T-GSN	3588	ὁ	τοῦ	
Matt 18:9	πυρός.	N-GSN	N-GSN	4442	πῦρ	πυρός	
Matt 18:10	Ὁρᾶτε	V-PAM-2P	V-PAM-2P	3708&5720	ὁράω	Ὁρᾶτε	
Matt 18:10	μὴ	PRT-N	PRT-N	3361	μή	μή	
Matt 18:10	καταφρονήσητε	V-AAS-2P	V-AAS-2P	2706&5661	καταφρονέω	καταφρονήσητε	
Matt 18:10	ἑνὸς	A-GSN	A-GSN	1520	εἷς	ἑνός	
Matt 18:10	τῶν	T-GPN	T-GPN	3588	ὁ	τῶν	
Matt 18:10	μικρῶν	A-GPN	A-GPN	3398	μικρός	μικρῶν	
Matt 18:10	τούτων·	D-GPN	D-GPN	3778	οὗτος	τούτων	
Matt 18:10	λέγω	V-PAI-1S	V-PAI-1S	3004&5719	λέγω	λέγω	
Matt 18:10	γὰρ	CONJ	CONJ	1063	γάρ	γάρ	
Matt 18:10	ὑμῖν	P-2DP	P-2DP	4771	σύ	ὑμῖν	
Matt 18:10	ὅτι	CONJ	CONJ	3754	ὅτι	ὅτι	
Matt 18:10	οἱ	T-NPM	T-NPM	3588	ὁ	οἱ	
Matt 18:10	ἄγγελοι	N-NPM	N-NPM	32	ἄγγελος	ἄγγελοι	
Matt 18:10	αὐτῶν	P-GPN	P-GPN	846	αὐτός	αὐτῶν	
Matt 18:10	ἐν	PREP	PREP	1722	ἐν	ἐν	
Matt 18:10	οὐρανοῖς	N-DPM	N-DPM	3772	οὐρανός	οὐρανοῖς	
Matt 18:10	διὰ	PREP	PREP	1223	διά	διά	
Matt 18:10	παντὸς	A-GSN	A-GSN	3956	πᾶς	παντός	
Matt 18:10	βλέπουσι	V-PAI-3P	V-PAI-3P	991&5719	βλέπω	βλέπουσι	
Matt 18:10	τὸ	T-ASN	T-ASN	3588	ὁ	τό	
Matt 18:10	πρόσωπον	N-ASN	N-ASN	4383	πρόσωπον	πρόσωπον	
Matt 18:10	τοῦ	T-GSM	T-GSM	3588	ὁ	τοῦ	
Matt 18:10	Πατρός	N-GSM	N-GSM	3962	πατήρ	Πατρός	
Matt 18:10	μου	P-1GS	P-1GS	1473	ἐγώ	μου	
Matt 18:10	τοῦ	T-GSM	T-GSM	3588	ὁ	τοῦ	
Matt 18:10	ἐν	PREP	PREP	1722	ἐν	ἐν	
Matt 18:10	οὐρανοῖς.	N-DPM	N-DPM	3772	οὐρανός	οὐρανοῖς	
Matt 18:12	Τί	I-NSN	I-NSN	5101	τίς	Τί	
Matt 18:12	ὑμῖν	P-2DP	P-2DP	4771	σύ	ὑμῖν	
Matt 18:12	δοκεῖ;	V-PAI-3S	V-PAI-3S	1380&5719	δοκέω	δοκεῖ	
Matt 18:12	ἐὰν	COND	COND	1437	ἐάν	ἐάν	
Matt 18:12	γένηταί	V-2ADS-3S	V-2ADS-3S	1096&5638	γίνομαι	γένηται	
Matt 18:12	τινι	X-DSM	X-DSM	5100	τὶς	τινι	
Matt 18:12	ἀνθρώπῳ	N-DSM	N-DSM	444	ἄνθρωπος	ἀνθρώπῳ	
Matt 18:12	ἑκατὸν	A-NUI	A-NUI	1540	ἑκατόν	ἑκατόν	
Matt 18:12	πρόβατα	N-NPN	N-NPN	4263	πρόβατον	πρόβατα	
Matt 18:12	καὶ	CONJ	CONJ	2532	καί	καί	
Matt 18:12	πλανηθῇ	V-APS-3S	V-APS-3S	4105&5686	πλανάω	πλανηθῇ	
Matt 18:12	ἓν	A-NSN	A-NSN	1520	εἷς	ἕν	
Matt 18:12	ἐξ	PREP	PREP	1537	ἐκ	ἐξ	
Matt 18:12	αὐτῶν,	P-GPN	P-GPN	846	αὐτός	αὐτῶν	
Matt 18:12	οὐχὶ	PRT-I	PRT-I	3780	οὐχί	οὐχί	
Matt 18:12	ἀφήσει	V-FAI-3S	V-FAI-3S	863&5692	ἀφίημι	ἀφήσει	
Matt 18:12	τὰ	T-APN	T-APN	3588	ὁ	τά	
Matt 18:12	ἐνενήκοντα	A-NUI	A-NUI	01768	ἐνενήκοντα	ἐνενήκοντα	
Matt 18:12	ἐννέα	A-NUI	A-NUI	1767	ἐννέα	ἐννέα	
Matt 18:12	ἐπὶ	PREP	PREP	1909	ἐπί	ἐπί	
Matt 18:12	τὰ	T-APN	T-APN	3588	ὁ	τά	
Matt 18:12	ὄρη	N-APN	N-APN	3735	ὄρος	ὄρη	
Matt 18:12	καὶ	CONJ	CONJ	2532	καί	καί	
Matt 18:12	πορευθεὶς	V-AOP-NSM	V-AOP-NSM	4198&5679	πορεύομαι	πορευθείς	
Matt 18:12	ζητεῖ	V-PAI-3S	V-PAI-3S	2212&5719	ζητέω	ζητεῖ	
Matt 18:12	τὸ	T-ASN	T-ASN	3588	ὁ	τό	
Matt 18:12	πλανώμενον;	V-PPP-ASN	V-PEP-ASN	4105&5746	πλανάω	πλανώμενον	
Matt 18:13	καὶ	CONJ	CONJ	2532	καί	καί	
Matt 18:13	ἐὰν	COND	COND	1437	ἐάν	ἐάν	
Matt 18:13	γένηται	V-2ADS-3S	V-2ADS-3S	1096&5638	γίνομαι	γένηται	
Matt 18:13	εὑρεῖν	V-2AAN	V-2AAN	2147&5629	εὑρίσκω	εὑρεῖν	
Matt 18:13	αὐτό,	P-ASN	P-ASN	846	αὐτός	αὐτό	
Matt 18:13	ἀμὴν	HEB	HEB	281	ἀμήν	ἀμήν	
Matt 18:13	λέγω	V-PAI-1S	V-PAI-1S	3004&5719	λέγω	λέγω	
Matt 18:13	ὑμῖν	P-2DP	P-2DP	4771	σύ	ὑμῖν	
Matt 18:13	ὅτι	CONJ	CONJ	3754	ὅτι	ὅτι	
Matt 18:13	χαίρει	V-PAI-3S	V-PAI-3S	5463&5719	χαίρω	χαίρει	
Matt 18:13	ἐπ’	PREP	PREP	1909	ἐπί	ἐπ’	
Matt 18:13	αὐτῷ	P-DSN	P-DSN	846	αὐτός	αὐτῷ	
Matt 18:13	μᾶλλον	ADV	ADV	3123	μᾶλλον	μᾶλλον	
Matt 18:13	ἢ	PRT	PRT	2228	ἤ	ἤ	
Matt 18:13	ἐπὶ	PREP	PREP	1909	ἐπί	ἐπί	
Matt 18:13	τοῖς	T-DPN	T-DPN	3588	ὁ	τοῖς	
Matt 18:13	ἐνενήκοντα	A-NUI	A-NUI	01768	ἐνενήκοντα	ἐνενήκοντα	
Matt 18:13	ἐννέα	A-NUI	A-NUI	1767	ἐννέα	ἐννέα	
Matt 18:13	τοῖς	T-DPN	T-DPN	3588	ὁ	τοῖς	
Matt 18:13	μὴ	PRT-N	PRT-N	3361	μή	μή	
Matt 18:13	πεπλανημένοις.	V-RPP-DPN	V-RPP-DPN	4105&5772	πλανάω	πεπλανημένοις	
Matt 18:14	οὕτως	ADV	ADV	3779	οὕτω	οὕτως	
Matt 18:14	οὐκ	PRT-N	PRT-N	3756	οὐ	οὐκ	
Matt 18:14	ἔστιν	V-PAI-3S	V-PAI-3S	1510&5719	εἰμί	ἔστιν	
Matt 18:14	θέλημα	N-NSN	N-NSN	2307	θέλημα	θέλημα	
Matt 18:14	ἔμπροσθεν	PREP	PREP	1715	ἔμπροσθεν	ἔμπροσθεν	
Matt 18:14	τοῦ	T-GSM	T-GSM	3588	ὁ	τοῦ	
Matt 18:14	Πατρὸς	N-GSM	N-GSM	3962	πατήρ	Πατρός	
Matt 18:14	ὑμῶν	P-2GP	P-2GP	4771	σύ	ὑμῶν	
Matt 18:14	τοῦ	T-GSM	T-GSM	3588	ὁ	τοῦ	
Matt 18:14	ἐν	PREP	PREP	1722	ἐν	ἐν	
Matt 18:14	οὐρανοῖς	N-DPM	N-DPM	3772	οὐρανός	οὐρανοῖς	
Matt 18:14	ἵνα	CONJ	CONJ	2443	ἵνα	ἵνα	
Matt 18:14	ἀπόληται	V-2AMS-3S	V-2AMS-3S	622&5643	ἀπόλλυμι	ἀπόληται	
Matt 18:14	ἓν	A-NSN	A-NSN	1520	εἷς	ἕν	
Matt 18:14	τῶν	T-GPN	T-GPN	3588	ὁ	τῶν	
Matt 18:14	μικρῶν	A-GPN	A-GPN	3398	μικρός	μικρῶν	
Matt 18:14	τούτων.	D-GPN	D-GPN	3778	οὗτος	τούτων	
Matt 18:15	Ἐὰν	COND	COND	1437	ἐάν	Ἐάν	
Matt 18:15	δὲ	CONJ	CONJ	1161	δέ	δέ	
Matt 18:15	ἁμαρτήσῃ	V-AAS-3S	V-AAS-3S	264&5661	ἁμαρτάνω	ἁμαρτήσῃ	
Matt 18:15	ὁ	T-NSM	T-NSM	3588	ὁ	ὁ	
Matt 18:15	ἀδελφός	N-NSM	N-NSM	80	ἀδελφός	ἀδελφός	
Matt 18:15	σου,	P-2GS	P-2GS	4771	σύ	σου	
Matt 18:15	ὕπαγε	V-PAM-2S	V-PAM-2S	5217&5720	ὑπάγω	ὕπαγε	
Matt 18:15	ἔλεγξον	V-AAM-2S	V-AAM-2S	1651&5657	ἐλέγχω	ἔλεγξον	
Matt 18:15	αὐτὸν	P-ASM	P-ASM	846	αὐτός	αὐτόν	
Matt 18:15	μεταξὺ	ADV	ADV	3342	μεταξύ	μεταξύ	
Matt 18:15	σοῦ	P-2GS	P-2GS	4771	σύ	σοῦ	
Matt 18:15	καὶ	CONJ	CONJ	2532	καί	καί	
Matt 18:15	αὐτοῦ	P-GSM	P-GSM	846	αὐτός	αὐτοῦ	
Matt 18:15	μόνου.	A-GSM	A-GSM	3441	μόνος	μόνου	
Matt 18:15	ἐάν	COND	COND	1437	ἐάν	ἐάν	
Matt 18:15	σου	P-2GS	P-2GS	4771	σύ	σου	
Matt 18:15	ἀκούσῃ,	V-AAS-3S	V-AAS-3S	191&5661	ἀκούω	ἀκούσῃ	
Matt 18:15	ἐκέρδησας	V-AAI-2S	V-AAI-2S	2770&5656	κερδαίνω	ἐκέρδησας	
Matt 18:15	τὸν	T-ASM	T-ASM	3588	ὁ	τόν	
Matt 18:15	ἀδελφόν	N-ASM	N-ASM	80	ἀδελφός	ἀδελφόν	
Matt 18:15	σου·	P-2GS	P-2GS	4771	σύ	σου	
Matt 18:16	ἐὰν	COND	COND	1437	ἐάν	ἐάν	
Matt 18:16	δὲ	CONJ	CONJ	1161	δέ	δέ	
Matt 18:16	μὴ	PRT-N	PRT-N	3361	μή	μή	
Matt 18:16	ἀκούσῃ,	V-AAS-3S	V-AAS-3S	191&5661	ἀκούω	ἀκούσῃ	
Matt 18:16	παράλαβε	V-2AAM-2S	V-2AAM-2S	3880&5628	παραλαμβάνω	παράλαβε	
Matt 18:16	μετὰ	PREP	PREP	3326	μετά	μετά	
Matt 18:16	σοῦ	P-2GS	P-2GS	4771	σύ	σοῦ	
Matt 18:16	ἔτι	ADV	ADV	2089	ἔτι	ἔτι	
Matt 18:16	ἕνα	A-ASM	A-ASM	1520	εἷς	ἕνα	
Matt 18:16	ἢ	PRT	PRT	2228	ἤ	ἤ	
Matt 18:16	δύο,	A-NUI	A-NUI	1417	δύο	δύο	
Matt 18:16	ἵνα	CONJ	CONJ	2443	ἵνα	ἵνα	
Matt 18:16	ἐπὶ	PREP	PREP	1909	ἐπί	ἐπί	
Matt 18:16	στόματος	N-GSN	N-GSN	4750	στόμα	στόματος	
Matt 18:16	δύο	A-NUI	A-NUI	1417	δύο	δύο	
Matt 18:16	μαρτύρων	N-GPM	N-GPM	3144	μάρτυς	μαρτύρων	
Matt 18:16	ἢ	PRT	PRT	2228	ἤ	ἤ	
Matt 18:16	τριῶν	A-GPM	A-GPM	5140	τρεῖς	τριῶν	
Matt 18:16	σταθῇ	V-APS-3S	V-APS-3S	2476&5686	ἵστημι	σταθῇ	
Matt 18:16	πᾶν	A-NSN	A-NSN	3956	πᾶς	πᾶν	
Matt 18:16	ῥῆμα·	N-NSN	N-NSN	4487	ῥῆμα	ῥῆμα	
Matt 18:17	ἐὰν	COND	COND	1437	ἐάν	ἐάν	
Matt 18:17	δὲ	CONJ	CONJ	1161	δέ	δέ	
Matt 18:17	παρακούσῃ	V-AAS-3S	V-AAS-3S	3878&5661	παρακούω	παρακούσῃ	
Matt 18:17	αὐτῶν,	P-GPM	P-GPM	846	αὐτός	αὐτῶν	
Matt 18:17	εἰπὸν	V-2AAM-2S	V-2AAM-2S	3004&5628	λέγω	εἰπόν	
Matt 18:17	τῇ	T-DSF	T-DSF	3588	ὁ	τῇ	
Matt 18:17	ἐκκλησίᾳ·	N-DSF	N-DSF	1577	ἐκκλησία	ἐκκλησίᾳ	
Matt 18:17	ἐὰν	COND	COND	1437	ἐάν	ἐάν	
Matt 18:17	δὲ	CONJ	CONJ	1161	δέ	δέ	
Matt 18:17	καὶ	CONJ	CONJ	2532	καί	καί	
Matt 18:17	τῆς	T-GSF	T-GSF	3588	ὁ	τῆς	
Matt 18:17	ἐκκλησίας	N-GSF	N-GSF	1577	ἐκκλησία	ἐκκλησίας	
Matt 18:17	παρακούσῃ,	V-AAS-3S	V-AAS-3S	3878&5661	παρακούω	παρακούσῃ	
Matt 18:17	ἔστω	V-PAM-3S	V-PAM-3S	1510&5720	εἰμί	ἔστω	
Matt 18:17	σοι	P-2DS	P-2DS	4771	σύ	σοι	
Matt 18:17	ὥσπερ	ADV	ADV	5618	ὥσπερ	ὥσπερ	
Matt 18:17	ὁ	T-NSM	T-NSM	3588	ὁ	ὁ	
Matt 18:17	ἐθνικὸς	A-NSM	A-NSM	1482	ἐθνικός	ἐθνικός	
Matt 18:17	καὶ	CONJ	CONJ	2532	καί	καί	
Matt 18:17	ὁ	T-NSM	T-NSM	3588	ὁ	ὁ	
Matt 18:17	τελώνης.	N-NSM	N-NSM	5057	τελώνης	τελώνης	
Matt 18:18	Ἀμὴν	HEB	HEB	281	ἀμήν	Ἀμήν	
Matt 18:18	λέγω	V-PAI-1S	V-PAI-1S	3004&5719	λέγω	λέγω	
Matt 18:18	ὑμῖν,	P-2DP	P-2DP	4771	σύ	ὑμῖν	
Matt 18:18	ὅσα	K-APN	K-APN	3745	ὅσος	ὅσα	
Matt 18:18	ἐὰν	COND	COND	1437	ἐάν	ἐάν	
Matt 18:18	δήσητε	V-AAS-2P	V-AAS-2P	1210&5661	δέω	δήσητε	
Matt 18:18	ἐπὶ	PREP	PREP	1909	ἐπί	ἐπί	
Matt 18:18	τῆς	T-GSF	T-GSF	3588	ὁ	τῆς	
Matt 18:18	γῆς	N-GSF	N-GSF	1093	γῆ	γῆς	
Matt 18:18	ἔσται	V-FDI-3S	V-FDI-3S	1510&5695	εἰμί	ἔσται	
Matt 18:18	δεδεμένα	V-RPP-NPN	V-RPP-NPN	1210&5772	δέω	δεδεμένα	
Matt 18:18	ἐν	PREP	PREP	1722	ἐν	ἐν	
Matt 18:18	οὐρανῷ,	N-DSM	N-DSM	3772	οὐρανός	οὐρανῷ	
Matt 18:18	καὶ	CONJ	CONJ	2532	καί	καί	
Matt 18:18	ὅσα	K-APN	K-APN	3745	ὅσος	ὅσα	
Matt 18:18	ἐὰν	COND	COND	1437	ἐάν	ἐάν	
Matt 18:18	λύσητε	V-AAS-2P	V-AAS-2P	3089&5661	λύω	λύσητε	
Matt 18:18	ἐπὶ	PREP	PREP	1909	ἐπί	ἐπί	
Matt 18:18	τῆς	T-GSF	T-GSF	3588	ὁ	τῆς	
Matt 18:18	γῆς	N-GSF	N-GSF	1093	γῆ	γῆς	
Matt 18:18	ἔσται	V-FDI-3S	V-FDI-3S	1510&5695	εἰμί	ἔσται	
Matt 18:18	λελυμένα	V-RPP-NPN	V-RPP-NPN	3089&5772	λύω	λελυμένα	
Matt 18:18	ἐν	PREP	PREP	1722	ἐν	ἐν	
Matt 18:18	οὐρανῷ.	N-DSM	N-DSM	3772	οὐρανός	οὐρανῷ	
Matt 18:19	Πάλιν	ADV	ADV	3825	πάλιν	Πάλιν	
Matt 18:19	ἀμὴν	HEB	HEB	281	ἀμήν	ἀμήν	
Matt 18:19	λέγω	V-PAI-1S	V-PAI-1S	3004&5719	λέγω	λέγω	
Matt 18:19	ὑμῖν	P-2DP	P-2DP	4771	σύ	ὑμῖν	
Matt 18:19	ὅτι	CONJ	CONJ	3754	ὅτι	ὅτι	
Matt 18:19	ἐὰν	COND	COND	1437	ἐάν	ἐάν	
Matt 18:19	δύο	A-NUI	A-NUI	1417	δύο	δύο	
Matt 18:19	συμφωνήσωσιν	V-AAS-3P	V-AAS-3P	4856&5661	συμφωνέω	συμφωνήσωσιν	
Matt 18:19	ἐξ	PREP	PREP	1537	ἐκ	ἐξ	
Matt 18:19	ὑμῶν	P-2GP	P-2GP	4771	σύ	ὑμῶν	
Matt 18:19	ἐπὶ	PREP	PREP	1909	ἐπί	ἐπί	
Matt 18:19	τῆς	T-GSF	T-GSF	3588	ὁ	τῆς	
Matt 18:19	γῆς	N-GSF	N-GSF	1093	γῆ	γῆς	
Matt 18:19	περὶ	PREP	PREP	4012	περί	περί	
Matt 18:19	παντὸς	A-GSN	A-GSN	3956	πᾶς	παντός	
Matt 18:19	πράγματος	N-GSN	N-GSN	4229	πρᾶγμα	πράγματος	
Matt 18:19	οὗ	R-GSN	R-GSN	3739	ὅς	οὗ	
Matt 18:19	ἐὰν	COND	COND	1437	ἐάν	ἐάν	
Matt 18:19	αἰτήσωνται,	V-AMS-3P	V-AMS-3P	154&5672	αἰτέω	αἰτήσωνται	
Matt 18:19	γενήσεται	V-FDI-3S	V-FDI-3S	1096&5695	γίνομαι	γενήσεται	
Matt 18:19	αὐτοῖς	P-DPM	P-DPM	846	αὐτός	αὐτοῖς	
Matt 18:19	παρὰ	PREP	PREP	3844	παρά	παρά	
Matt 18:19	τοῦ	T-GSM	T-GSM	3588	ὁ	τοῦ	
Matt 18:19	Πατρός	N-GSM	N-GSM	3962	πατήρ	Πατρός	
Matt 18:19	μου	P-1GS	P-1GS	1473	ἐγώ	μου	
Matt 18:19	τοῦ	T-GSM	T-GSM	3588	ὁ	τοῦ	
Matt 18:19	ἐν	PREP	PREP	1722	ἐν	ἐν	
Matt 18:19	οὐρανοῖς.	N-DPM	N-DPM	3772	οὐρανός	οὐρανοῖς	
Matt 18:20	οὗ	ADV	ADV	3757	οὗ	οὗ	
Matt 18:20	γάρ	CONJ	CONJ	1063	γάρ	γάρ	
Matt 18:20	εἰσιν	V-PAI-3P	V-PAI-3P	1510&5719	εἰμί	εἰσιν	
Matt 18:20	δύο	A-NUI	A-NUI	1417	δύο	δύο	
Matt 18:20	ἢ	PRT	PRT	2228	ἤ	ἤ	
Matt 18:20	τρεῖς	A-NPM	A-NPM	5140	τρεῖς	τρεῖς	
Matt 18:20	συνηγμένοι	V-RPP-NPM	V-RPP-NPM	4863&5772	συνάγω	συνηγμένοι	
Matt 18:20	εἰς	PREP	PREP	1519	εἰς	εἰς	
Matt 18:20	τὸ	T-ASN	T-ASN	3588	ὁ	τό	
Matt 18:20	ἐμὸν	S-1SASN	S-1SASN	1699	ἐμός	ἐμόν	
Matt 18:20	ὄνομα,	N-ASN	N-ASN	3686	ὄνομα	ὄνομα	
Matt 18:20	ἐκεῖ	ADV	ADV	1563	ἐκεῖ	ἐκεῖ	
Matt 18:20	εἰμι	V-PAI-1S	V-PAI-1S	1510	εἰμί	εἰμι	
Matt 18:20	ἐν	PREP	PREP	1722	ἐν	ἐν	
Matt 18:20	μέσῳ	A-DSN	A-DSN	3319	μέσος	μέσῳ	
Matt 18:20	αὐτῶν.	P-GPM	P-GPM	846	αὐτός	αὐτῶν	
Matt 18:21	Τότε	ADV	ADV	5119	τότε	Τότε	
Matt 18:21	προσελθὼν	V-2AAP-NSM	V-2AAP-NSM	4334&5631	προσέρχομαι	προσελθών	
Matt 18:21	ὁ	T-NSM	T-NSM	3588	ὁ	ὁ	
Matt 18:21	Πέτρος	N-NSM	N-NSM	4074	Πέτρος	Πέτρος	
Matt 18:21	εἶπεν	V-2AAI-3S	V-2AAI-3S	3004&5627	λέγω	εἶπεν	
Matt 18:21	αὐτῷ	P-DSM	P-DSM	846	αὐτός	αὐτῷ	
Matt 18:21	Κύριε,	N-VSM	N-VSM	2962	κύριος	Κύριε	
Matt 18:21	ποσάκις	ADV	ADV	4212	ποσάκις	ποσάκις	
Matt 18:21	ἁμαρτήσει	V-FAI-3S	V-FAI-3S	264&5692	ἁμαρτάνω	ἁμαρτήσει	
Matt 18:21	εἰς	PREP	PREP	1519	εἰς	εἰς	
Matt 18:21	ἐμὲ	P-1AS	P-1AS	1473	ἐγώ	ἐμέ	
Matt 18:21	ὁ	T-NSM	T-NSM	3588	ὁ	ὁ	
Matt 18:21	ἀδελφός	N-NSM	N-NSM	80	ἀδελφός	ἀδελφός	
Matt 18:21	μου	P-1GS	P-1GS	1473	ἐγώ	μου	
Matt 18:21	καὶ	CONJ	CONJ	2532	καί	καί	
Matt 18:21	ἀφήσω	V-FAI-1S	V-FAI-1S	863&5692	ἀφίημι	ἀφήσω	
Matt 18:21	αὐτῷ;	P-DSM	P-DSM	846	αὐτός	αὐτῷ	
Matt 18:21	ἕως	ADV	ADV	2193	ἕως	ἕως	
Matt 18:21	ἑπτάκις;	ADV	ADV	2034	ἑπτάκις	ἑπτάκις	
Matt 18:22	λέγει	V-PAI-3S	V-PAI-3S	3004&5719	λέγω	λέγει	
Matt 18:22	αὐτῷ	P-DSM	P-DSM	846	αὐτός	αὐτῷ	
Matt 18:22	ὁ	T-NSM	T-NSM	3588	ὁ	ὁ	
Matt 18:22	Ἰησοῦς	N-NSM	N-NSM	2424	Ἰησοῦς	Ἰησοῦς	
Matt 18:22	Οὐ	PRT-N	PRT-N	3756	οὐ	Οὐ	
Matt 18:22	λέγω	V-PAI-1S	V-PAI-1S	3004&5719	λέγω	λέγω	
Matt 18:22	σοι	P-2DS	P-2DS	4771	σύ	σοι	
Matt 18:22	ἕως	ADV	ADV	2193	ἕως	ἕως	
Matt 18:22	ἑπτάκις,	ADV	ADV	2034	ἑπτάκις	ἑπτάκις	
Matt 18:22	ἀλλὰ	CONJ	CONJ	235	ἀλλά	ἀλλά	
Matt 18:22	ἕως	ADV	ADV	2193	ἕως	ἕως	
Matt 18:22	ἑβδομηκοντάκις	ADV	ADV	1441	ἑβδομηκοντάκις	ἑβδομηκοντάκις	
Matt 18:22	ἑπτά.	A-NUI	A-NUI	2033	ἑπτά	ἑπτά	
Matt 18:23	Διὰ	PREP	PREP	1223	διά	Διά	
Matt 18:23	τοῦτο	D-ASN	D-ASN	3778	οὗτος	τοῦτο	
Matt 18:23	ὡμοιώθη	V-API-3S	V-API-3S	3666&5681	ὁμοιόω	ὡμοιώθη	
Matt 18:23	ἡ	T-NSF	T-NSF	3588	ὁ	ἡ	
Matt 18:23	βασιλεία	N-NSF	N-NSF	932	βασιλεία	βασιλεία	
Matt 18:23	τῶν	T-GPM	T-GPM	3588	ὁ	τῶν	
Matt 18:23	οὐρανῶν	N-GPM	N-GPM	3772	οὐρανός	οὐρανῶν	
Matt 18:23	ἀνθρώπῳ	N-DSM	N-DSM	444	ἄνθρωπος	ἀνθρώπῳ	
Matt 18:23	βασιλεῖ	N-DSM	N-DSM	935	βασιλεύς	βασιλεῖ	
Matt 18:23	ὃς	R-NSM	R-NSM	3739	ὅς	ὅς	
Matt 18:23	ἠθέλησεν	V-AAI-3S	V-AAI-3S	2309&5656	θέλω	ἠθέλησεν	
Matt 18:23	συνᾶραι	V-AAN	V-AAN	4868&5658	συναίρω	συνᾶραι	
Matt 18:23	λόγον	N-ASM	N-ASM	3056	λόγος	λόγον	
Matt 18:23	μετὰ	PREP	PREP	3326	μετά	μετά	
Matt 18:23	τῶν	T-GPM	T-GPM	3588	ὁ	τῶν	
Matt 18:23	δούλων	N-GPM	N-GPM	1401	δοῦλος (II)	δούλων	
Matt 18:23	αὐτοῦ.	P-GSM	P-GSM	846	αὐτός	αὐτοῦ	
Matt 18:24	ἀρξαμένου	V-AMP-GSM	V-AMP-GSM	756&5671	ἄρχω	ἀρξαμένου	
Matt 18:24	δὲ	CONJ	CONJ	1161	δέ	δέ	
Matt 18:24	αὐτοῦ	P-GSM	P-GSM	846	αὐτός	αὐτοῦ	
Matt 18:24	συναίρειν	V-PAN	V-PAN	4868&5721	συναίρω	συναίρειν	
Matt 18:24	προσήχθη	V-API-3S	V-API-3S	4317&5681	προσάγω	προσήχθη	
Matt 18:24	εἷς	A-NSM	A-NSM	1520	εἷς	εἷς	
Matt 18:24	αὐτῷ	P-DSM	P-DSM	846	αὐτός	αὐτῷ	
Matt 18:24	ὀφειλέτης	N-NSM	N-NSM	3781	ὀφειλέτης	ὀφειλέτης	
Matt 18:24	μυρίων	A-GPN	A-GPN	3463	μύριοι	μυρίων	
Matt 18:24	ταλάντων.	N-GPN	N-GPN	5007	τάλαντον	ταλάντων	
Matt 18:25	μὴ	PRT-N	PRT-N	3361	μή	μή	
Matt 18:25	ἔχοντος	V-PAP-GSM	V-PAP-GSM	2192&5723	ἔχω	ἔχοντος	
Matt 18:25	δὲ	CONJ	CONJ	1161	δέ	δέ	
Matt 18:25	αὐτοῦ	P-GSM	P-GSM	846	αὐτός	αὐτοῦ	
Matt 18:25	ἀποδοῦναι	V-2AAN	V-2AAN	591&5629	ἀποδίδωμι	ἀποδοῦναι	
Matt 18:25	ἐκέλευσεν	V-AAI-3S	V-AAI-3S	2753&5656	κελεύω	ἐκέλευσεν	
Matt 18:25	αὐτὸν	P-ASM	P-ASM	846	αὐτός	αὐτόν	
Matt 18:25	ὁ	T-NSM	T-NSM	3588	ὁ	ὁ	
Matt 18:25	κύριος	N-NSM	N-NSM	2962	κύριος	κύριος	
Matt 18:25	πραθῆναι	V-APN	V-APN	4097&5683	πιπράσκω	πραθῆναι	
Matt 18:25	καὶ	CONJ	CONJ	2532	καί	καί	
Matt 18:25	τὴν	T-ASF	T-ASF	3588	ὁ	τήν	
Matt 18:25	γυναῖκα	N-ASF	N-ASF	1135	γυνή	γυναῖκα	
Matt 18:25	καὶ	CONJ	CONJ	2532	καί	καί	
Matt 18:25	τὰ	T-APN	T-APN	3588	ὁ	τά	
Matt 18:25	τέκνα	N-APN	N-APN	5043	τέκνον	τέκνα	
Matt 18:25	καὶ	CONJ	CONJ	2532	καί	καί	
Matt 18:25	πάντα	A-APN	A-APN	3956	πᾶς	πάντα	
Matt 18:25	ὅσα	K-APN	K-APN	3745	ὅσος	ὅσα	
Matt 18:25	ἔχει,	V-PAI-3S	V-PAI-3S	2192&5719	ἔχω	ἔχει	
Matt 18:25	καὶ	CONJ	CONJ	2532	καί	καί	
Matt 18:25	ἀποδοθῆναι.	V-APN	V-APN	591&5683	ἀποδίδωμι	ἀποδοθῆναι	
Matt 18:26	πεσὼν	V-2AAP-NSM	V-2AAP-NSM	4098&5631	πίπτω	πεσών	
Matt 18:26	οὖν	CONJ	CONJ	3767	οὖν	οὖν	
Matt 18:26	ὁ	T-NSM	T-NSM	3588	ὁ	ὁ	
Matt 18:26	δοῦλος	N-NSM	N-NSM	1401	δοῦλος (II)	δοῦλος	
Matt 18:26	προσεκύνει	V-IAI-3S	V-IAI-3S	4352&5707	προσκυνέω	προσεκύνει	
Matt 18:26	αὐτῷ	P-DSM	P-DSM	846	αὐτός	αὐτῷ	
Matt 18:26	λέγων	V-PAP-NSM	V-PAP-NSM	3004&5723	λέγω	λέγων	
Matt 18:26	Μακροθύμησον	V-AAM-2S	V-AAM-2S	3114&5657	μακροθυμέω	Μακροθύμησον	
Matt 18:26	ἐπ’	PREP	PREP	1909	ἐπί	ἐπ’	
Matt 18:26	ἐμοί,	P-1DS	P-1DS	1473	ἐγώ	ἐμοί	
Matt 18:26	καὶ	CONJ	CONJ	2532	καί	καί	
Matt 18:26	πάντα	A-APN	A-APN	3956	πᾶς	πάντα	
Matt 18:26	ἀποδώσω	V-FAI-1S	V-FAI-1S	591&5692	ἀποδίδωμι	ἀποδώσω	
Matt 18:26	σοι.	P-2DS	P-2DS	4771	σύ	σοι	
Matt 18:27	σπλαγχνισθεὶς	V-AOP-NSM	V-AOP-NSM	4697&5679	σπλαγχνίζομαι	σπλαγχνισθείς	
Matt 18:27	δὲ	CONJ	CONJ	1161	δέ	δέ	
Matt 18:27	ὁ	T-NSM	T-NSM	3588	ὁ	ὁ	
Matt 18:27	κύριος	N-NSM	N-NSM	2962	κύριος	κύριος	
Matt 18:27	τοῦ	T-GSM	T-GSM	3588	ὁ	τοῦ	
Matt 18:27	δούλου	N-GSM	N-GSM	1401	δοῦλος (II)	δούλου	
Matt 18:27	ἐκείνου	D-GSM	D-GSM	1565	ἐκεῖνος	ἐκείνου	
Matt 18:27	ἀπέλυσεν	V-AAI-3S	V-AAI-3S	630&5656	ἀπολύω	ἀπέλυσεν	
Matt 18:27	αὐτόν,	P-ASM	P-ASM	846	αὐτός	αὐτόν	
Matt 18:27	καὶ	CONJ	CONJ	2532	καί	καί	
Matt 18:27	τὸ	T-ASN	T-ASN	3588	ὁ	τό	
Matt 18:27	δάνειον	N-ASN	N-ASN	1156	δάνειον	δάνειον	
Matt 18:27	ἀφῆκεν	V-AAI-3S	V-AAI-3S	863&5656	ἀφίημι	ἀφῆκεν	
Matt 18:27	αὐτῷ.	P-DSM	P-DSM	846	αὐτός	αὐτῷ	
Matt 18:28	ἐξελθὼν	V-2AAP-NSM	V-2AAP-NSM	1831&5631	ἐξέρχομαι	ἐξελθών	
Matt 18:28	δὲ	CONJ	CONJ	1161	δέ	δέ	
Matt 18:28	ὁ	T-NSM	T-NSM	3588	ὁ	ὁ	
Matt 18:28	δοῦλος	N-NSM	N-NSM	1401	δοῦλος (II)	δοῦλος	
Matt 18:28	ἐκεῖνος	D-NSM	D-NSM	1565	ἐκεῖνος	ἐκεῖνος	
Matt 18:28	εὗρεν	V-2AAI-3S	V-2AAI-3S	2147&5627	εὑρίσκω	εὗρεν	
Matt 18:28	ἕνα	A-ASM	A-ASM	1520	εἷς	ἕνα	
Matt 18:28	τῶν	T-GPM	T-GPM	3588	ὁ	τῶν	
Matt 18:28	συνδούλων	N-GPM	N-GPM	4889	σύνδουλος	συνδούλων	
Matt 18:28	αὐτοῦ,	P-GSM	P-GSM	846	αὐτός	αὐτοῦ	
Matt 18:28	ὃς	R-NSM	R-NSM	3739	ὅς	ὅς	
Matt 18:28	ὤφειλεν	V-IAI-3S	V-IAI-3S	3784&5707	ὀφείλω	ὤφειλεν	
Matt 18:28	αὐτῷ	P-DSM	P-DSM	846	αὐτός	αὐτῷ	
Matt 18:28	ἑκατὸν	A-NUI	A-NUI	1540	ἑκατόν	ἑκατόν	
Matt 18:28	δηνάρια,	N-APN	N-APN	1220	δηνάριον	δηνάρια	
Matt 18:28	καὶ	CONJ	CONJ	2532	καί	καί	
Matt 18:28	κρατήσας	V-AAP-NSM	V-AAP-NSM	2902&5660	κρατέω	κρατήσας	
Matt 18:28	αὐτὸν	P-ASM	P-ASM	846	αὐτός	αὐτόν	
Matt 18:28	ἔπνιγεν	V-IAI-3S	V-IAI-3S	4155&5707	πνίγω	ἔπνιγεν	
Matt 18:28	λέγων	V-PAP-NSM	V-PAP-NSM	3004&5723	λέγω	λέγων	
Matt 18:28	Ἀπόδος	V-2AAM-2S	V-2AAM-2S	591&5628	ἀποδίδωμι	Ἀπόδος	
Matt 18:28	εἴ	COND	COND	1487	εἰ	εἴ	
Matt 18:28	τι	X-ASN	X-ASN	5100	τὶς	τι	
Matt 18:28	ὀφείλεις.	V-PAI-2S	V-PAI-2S	3784&5719	ὀφείλω	ὀφείλεις	
Matt 18:29	πεσὼν	V-2AAP-NSM	V-2AAP-NSM	4098&5631	πίπτω	πεσών	
Matt 18:29	οὖν	CONJ	CONJ	3767	οὖν	οὖν	
Matt 18:29	ὁ	T-NSM	T-NSM	3588	ὁ	ὁ	
Matt 18:29	σύνδουλος	N-NSM	N-NSM	4889	σύνδουλος	σύνδουλος	
Matt 18:29	αὐτοῦ	P-GSM	P-GSM	846	αὐτός	αὐτοῦ	
Matt 18:29	παρεκάλει	V-IAI-3S	V-IAI-3S	3870&5707	παρακαλέω	παρεκάλει	
Matt 18:29	αὐτὸν	P-ASM	P-ASM	846	αὐτός	αὐτόν	
Matt 18:29	λέγων	V-PAP-NSM	V-PAP-NSM	3004&5723	λέγω	λέγων	
Matt 18:29	Μακροθύμησον	V-AAM-2S	V-AAM-2S	3114&5657	μακροθυμέω	Μακροθύμησον	
Matt 18:29	ἐπ’	PREP	PREP	1909	ἐπί	ἐπ’	
Matt 18:29	ἐμοί,	P-1DS	P-1DS	1473	ἐγώ	ἐμοί	
Matt 18:29	καὶ	CONJ	CONJ	2532	καί	καί	
Matt 18:29	ἀποδώσω	V-FAI-1S	V-FAI-1S	591&5692	ἀποδίδωμι	ἀποδώσω	
Matt 18:29	σοι.	P-2DS	P-2DS	4771	σύ	σοι	
Matt 18:30	ὁ	T-NSM	T-NSM	3588	ὁ	ὁ	
Matt 18:30	δὲ	CONJ	CONJ	1161	δέ	δέ	
Matt 18:30	οὐκ	PRT-N	PRT-N	3756	οὐ	οὐκ	
Matt 18:30	ἤθελεν,	V-IAI-3S	V-IAI-3S	2309&5707	θέλω	ἤθελεν	
Matt 18:30	ἀλλὰ	CONJ	CONJ	235	ἀλλά	ἀλλά	
Matt 18:30	ἀπελθὼν	V-2AAP-NSM	V-2AAP-NSM	565&5631	ἀπέρχομαι	ἀπελθών	
Matt 18:30	ἔβαλεν	V-2AAI-3S	V-2AAI-3S	906&5627	βάλλω	ἔβαλεν	
Matt 18:30	αὐτὸν	P-ASM	P-ASM	846	αὐτός	αὐτόν	
Matt 18:30	εἰς	PREP	PREP	1519	εἰς	εἰς	
Matt 18:30	φυλακὴν	N-ASF	N-ASF	5438	φυλακή	φυλακήν	
Matt 18:30	ἕως	ADV	ADV	2193	ἕως	ἕως	
Matt 18:30	ἀποδῷ	V-2AAS-3S	V-2AAS-3S	591&5632	ἀποδίδωμι	ἀποδῷ	
Matt 18:30	τὸ	T-ASN	T-ASN	3588	ὁ	τό	
Matt 18:30	ὀφειλόμενον.	V-PPP-ASN	V-PEP-ASN	3784&5746	ὀφείλω	ὀφειλόμενον	
Matt 18:31	ἰδόντες	V-2AAP-NPM	V-2AAP-NPM	3708&5631	ὁράω	ἰδόντες	
Matt 18:31	οὖν	CONJ	CONJ	3767	οὖν	οὖν	
Matt 18:31	οἱ	T-NPM	T-NPM	3588	ὁ	οἱ	
Matt 18:31	σύνδουλοι	N-NPM	N-NPM	4889	σύνδουλος	σύνδουλοι	
Matt 18:31	αὐτοῦ	P-GSM	P-GSM	846	αὐτός	αὐτοῦ	
Matt 18:31	τὰ	T-APN	T-APN	3588	ὁ	τά	
Matt 18:31	γενόμενα	V-2ADP-APN	V-2ADP-APN	1096&5637	γίνομαι	γενόμενα	
Matt 18:31	ἐλυπήθησαν	V-API-3P	V-API-3P	3076&5681	λυπέω	ἐλυπήθησαν	
Matt 18:31	σφόδρα,	ADV	ADV	4970	σφόδρα	σφόδρα	
Matt 18:31	καὶ	CONJ	CONJ	2532	καί	καί	
Matt 18:31	ἐλθόντες	V-2AAP-NPM	V-2AAP-NPM	2064&5631	ἔρχομαι	ἐλθόντες	
Matt 18:31	διεσάφησαν	V-AAI-3P	V-AAI-3P	1285&5656	διασαφέω	διεσάφησαν	
Matt 18:31	τῷ	T-DSM	T-DSM	3588	ὁ	τῷ	
Matt 18:31	κυρίῳ	N-DSM	N-DSM	2962	κύριος	κυρίῳ	
Matt 18:31	ἑαυτῶν	F-3GPM	F-3GPM	1438	ἑαυτοῦ	ἑαυτῶν	
Matt 18:31	πάντα	A-APN	A-APN	3956	πᾶς	πάντα	
Matt 18:31	τὰ	T-APN	T-APN	3588	ὁ	τά	
Matt 18:31	γενόμενα.	V-2ADP-APN	V-2ADP-APN	1096&5637	γίνομαι	γενόμενα	
Matt 18:32	τότε	ADV	ADV	5119	τότε	τότε	
Matt 18:32	προσκαλεσάμενος	V-ADP-NSM	V-ADP-NSM	4341&5666	προσκαλέω	προσκαλεσάμενος	
Matt 18:32	αὐτὸν	P-ASM	P-ASM	846	αὐτός	αὐτόν	
Matt 18:32	ὁ	T-NSM	T-NSM	3588	ὁ	ὁ	
Matt 18:32	κύριος	N-NSM	N-NSM	2962	κύριος	κύριος	
Matt 18:32	αὐτοῦ	P-GSM	P-GSM	846	αὐτός	αὐτοῦ	
Matt 18:32	λέγει	V-PAI-3S	V-PAI-3S	3004&5719	λέγω	λέγει	
Matt 18:32	αὐτῷ	P-DSM	P-DSM	846	αὐτός	αὐτῷ	
Matt 18:32	Δοῦλε	N-VSM	N-VSM	1401	δοῦλος (II)	Δοῦλε	
Matt 18:32	πονηρέ,	A-VSM	A-VSM	4190	πονηρός	πονηρέ	
Matt 18:32	πᾶσαν	A-ASF	A-ASF	3956	πᾶς	πᾶσαν	
Matt 18:32	τὴν	T-ASF	T-ASF	3588	ὁ	τήν	
Matt 18:32	ὀφειλὴν	N-ASF	N-ASF	3782	ὀφειλή	ὀφειλήν	
Matt 18:32	ἐκείνην	D-ASF	D-ASF	1565	ἐκεῖνος	ἐκείνην	
Matt 18:32	ἀφῆκά	V-AAI-1S	V-AAI-1S	863&5656	ἀφίημι	ἀφῆκα	
Matt 18:32	σοι,	P-2DS	P-2DS	4771	σύ	σοι	
Matt 18:32	ἐπεὶ	CONJ	CONJ	1893	ἐπεί	ἐπεί	
Matt 18:32	παρεκάλεσάς	V-AAI-2S	V-AAI-2S	3870&5656	παρακαλέω	παρεκάλεσας	
Matt 18:32	με·	P-1AS	P-1AS	1473	ἐγώ	με	
Matt 18:33	οὐκ	PRT-N	PRT-N	3756	οὐ	οὐκ	
Matt 18:33	ἔδει	V-IAI-3S	V-IAI-3S	1163&5707	δεῖ	ἔδει	
Matt 18:33	καὶ	CONJ	CONJ	2532	καί	καί	
Matt 18:33	σὲ	P-2AS	P-2AS	4771	σύ	σέ	
Matt 18:33	ἐλεῆσαι	V-AAN	V-AAN	1653&5658	ἐλεέω	ἐλεῆσαι	
Matt 18:33	τὸν	T-ASM	T-ASM	3588	ὁ	τόν	
Matt 18:33	σύνδουλόν	N-ASM	N-ASM	4889	σύνδουλος	σύνδουλον	
Matt 18:33	σου,	P-2GS	P-2GS	4771	σύ	σου	
Matt 18:33	ὡς	ADV	ADV	5613	ὡς	ὡς	
Matt 18:33	κἀγὼ	P-1NS-K	P-1NS-K	2504	κἀγώ	κἀγώ	
Matt 18:33	σὲ	P-2AS	P-2AS	4771	σύ	σέ	
Matt 18:33	ἠλέησα;	V-AAI-1S	V-AAI-1S	1653&5656	ἐλεέω	ἠλέησα	
Matt 18:34	καὶ	CONJ	CONJ	2532	καί	καί	
Matt 18:34	ὀργισθεὶς	V-APP-NSM	V-APP-NSM	3710&5685	ὀργίζω	ὀργισθείς	
Matt 18:34	ὁ	T-NSM	T-NSM	3588	ὁ	ὁ	
Matt 18:34	κύριος	N-NSM	N-NSM	2962	κύριος	κύριος	
Matt 18:34	αὐτοῦ	P-GSM	P-GSM	846	αὐτός	αὐτοῦ	
Matt 18:34	παρέδωκεν	V-AAI-3S	V-AAI-3S	3860&5656	παραδίδωμι	παρέδωκεν	
Matt 18:34	αὐτὸν	P-ASM	P-ASM	846	αὐτός	αὐτόν	
Matt 18:34	τοῖς	T-DPM	T-DPM	3588	ὁ	τοῖς	
Matt 18:34	βασανισταῖς	N-DPM	N-DPM	930	βασανιστής	βασανισταῖς	
Matt 18:34	ἕως	ADV	ADV	2193	ἕως	ἕως	
Matt 18:34	οὗ	R-GSM	R-GSM	3739	ὅς	οὗ	
Matt 18:34	ἀποδῷ	V-2AAS-3S	V-2AAS-3S	591&5632	ἀποδίδωμι	ἀποδῷ	
Matt 18:34	πᾶν	A-ASN	A-ASN	3956	πᾶς	πᾶν	
Matt 18:34	τὸ	T-ASN	T-ASN	3588	ὁ	τό	
Matt 18:34	ὀφειλόμενον	V-PPP-ASN	V-PEP-ASN	3784&5746	ὀφείλω	ὀφειλόμενον	
Matt 18:34	αὐτῷ.	P-DSM	P-DSM	846	αὐτός	αὐτῷ	
Matt 18:35	Οὕτως	ADV	ADV	3779	οὕτω	Οὕτως	
Matt 18:35	καὶ	CONJ	CONJ	2532	καί	καί	
Matt 18:35	ὁ	T-NSM	T-NSM	3588	ὁ	ὁ	
Matt 18:35	Πατήρ	N-NSM	N-NSM	3962	πατήρ	Πατήρ	
Matt 18:35	μου	P-1GS	P-1GS	1473	ἐγώ	μου	
Matt 18:35	ὁ	T-NSM	T-NSM	3588	ὁ	ὁ	
Matt 18:35	οὐράνιος	A-NSM	A-NSM	3770	οὐράνιος	οὐράνιος	
Matt 18:35	ποιήσει	V-FAI-3S	V-FAI-3S	4160&5692	ποιέω	ποιήσει	
Matt 18:35	ὑμῖν,	P-2DP	P-2DP	4771	σύ	ὑμῖν	
Matt 18:35	ἐὰν	COND	COND	1437	ἐάν	ἐάν	
Matt 18:35	μὴ	PRT-N	PRT-N	3361	μή	μή	
Matt 18:35	ἀφῆτε	V-2AAS-2P	V-2AAS-2P	863&5632	ἀφίημι	ἀφῆτε	
Matt 18:35	ἕκαστος	A-NSM	A-NSM	1538	ἕκαστος	ἕκαστος	
Matt 18:35	τῷ	T-DSM	T-DSM	3588	ὁ	τῷ	
Matt 18:35	ἀδελφῷ	N-DSM	N-DSM	80	ἀδελφός	ἀδελφῷ	
Matt 18:35	αὐτοῦ	P-GSM	P-GSM	846	αὐτός	αὐτοῦ	
Matt 18:35	ἀπὸ	PREP	PREP	575	ἀπό	ἀπό	
Matt 18:35	τῶν	T-GPF	T-GPF	3588	ὁ	τῶν	
Matt 18:35	καρδιῶν	N-GPF	N-GPF	2588	καρδία	καρδιῶν	
Matt 18:35	ὑμῶν.	P-2GP	P-2GP	4771	σύ	ὑμῶν	
Matt 19:1	Καὶ	CONJ	CONJ	2532	καί	Καί	
Matt 19:1	ἐγένετο	V-2ADI-3S	V-2ADI-3S	1096&5633	γίνομαι	ἐγένετο	
Matt 19:1	ὅτε	ADV	ADV	3753	ὅτε	ὅτε	
Matt 19:1	ἐτέλεσεν	V-AAI-3S	V-AAI-3S	5055&5656	τελέω	ἐτέλεσεν	
Matt 19:1	ὁ	T-NSM	T-NSM	3588	ὁ	ὁ	
Matt 19:1	Ἰησοῦς	N-NSM	N-NSM	2424	Ἰησοῦς	Ἰησοῦς	
Matt 19:1	τοὺς	T-APM	T-APM	3588	ὁ	τούς	
Matt 19:1	λόγους	N-APM	N-APM	3056	λόγος	λόγους	
Matt 19:1	τούτους,	D-APM	D-APM	3778	οὗτος	τούτους	
Matt 19:1	μετῆρεν	V-AAI-3S	V-AAI-3S	3332&5656	μεταίρω	μετῆρεν	
Matt 19:1	ἀπὸ	PREP	PREP	575	ἀπό	ἀπό	
Matt 19:1	τῆς	T-GSF	T-GSF	3588	ὁ	τῆς	
Matt 19:1	Γαλιλαίας	N-GSF	N-GSF	1056	Γαλιλαία	Γαλιλαίας	
Matt 19:1	καὶ	CONJ	CONJ	2532	καί	καί	
Matt 19:1	ἦλθεν	V-2AAI-3S	V-2AAI-3S	2064&5627	ἔρχομαι	ἦλθεν	
Matt 19:1	εἰς	PREP	PREP	1519	εἰς	εἰς	
Matt 19:1	τὰ	T-APN	T-APN	3588	ὁ	τά	
Matt 19:1	ὅρια	N-APN	N-APN	3725	ὅριον	ὅρια	
Matt 19:1	τῆς	T-GSF	T-GSF	3588	ὁ	τῆς	
Matt 19:1	Ἰουδαίας	N-GSF	N-GSF	2449	Ἰουδαία	Ἰουδαίας	
Matt 19:1	πέραν	ADV	ADV	4008	πέραν	πέραν	
Matt 19:1	τοῦ	T-GSM	T-GSM	3588	ὁ	τοῦ	
Matt 19:1	Ἰορδάνου.	N-GSM	N-GSM	2446	Ἰορδάνης	Ἰορδάνου	
Matt 19:2	καὶ	CONJ	CONJ	2532	καί	καί	
Matt 19:2	ἠκολούθησαν	V-AAI-3P	V-AAI-3P	190&5656	ἀκολουθέω	ἠκολούθησαν	
Matt 19:2	αὐτῷ	P-DSM	P-DSM	846	αὐτός	αὐτῷ	
Matt 19:2	ὄχλοι	N-NPM	N-NPM	3793	ὄχλος	ὄχλοι	
Matt 19:2	πολλοί,	A-NPM	A-NPM	4183	πολύς	πολλοί	
Matt 19:2	καὶ	CONJ	CONJ	2532	καί	καί	
Matt 19:2	ἐθεράπευσεν	V-AAI-3S	V-AAI-3S	2323&5656	θεραπεύω	ἐθεράπευσεν	
Matt 19:2	αὐτοὺς	P-APM	P-APM	846	αὐτός	αὐτούς	
Matt 19:2	ἐκεῖ.	ADV	ADV	1563	ἐκεῖ	ἐκεῖ	
Matt 19:3	Καὶ	CONJ	CONJ	2532	καί	Καί	
Matt 19:3	προσῆλθον	V-2AAI-3P	V-2AAI-3P	4334	προσέρχομαι	προσῆλθον	
Matt 19:3	αὐτῷ	P-DSM	P-DSM	846	αὐτός	αὐτῷ	
Matt 19:3	Φαρισαῖοι	N-NPM	N-NPM	5330	Φαρισαῖος	Φαρισαῖοι	
Matt 19:3	πειράζοντες	V-PAP-NPM	V-PAP-NPM	3985&5723	πειράζω	πειράζοντες	
Matt 19:3	αὐτὸν	P-ASM	P-ASM	846	αὐτός	αὐτόν	
Matt 19:3	καὶ	CONJ	CONJ	2532	καί	καί	
Matt 19:3	λέγοντες	V-PAP-NPM	V-PAP-NPM	3004&5723	λέγω	λέγοντες	
Matt 19:3	Εἰ	COND	COND	1487	εἰ	Εἰ	
Matt 19:3	ἔξεστιν	V-PAI-3S	V-PAI-3S	1832&5719	ἔξεστι(ν)	ἔξεστιν	
Matt 19:3	ἀπολῦσαι	V-AAN	V-AAN	630&5658	ἀπολύω	ἀπολῦσαι	
Matt 19:3	τὴν	T-ASF	T-ASF	3588	ὁ	τήν	
Matt 19:3	γυναῖκα	N-ASF	N-ASF	1135	γυνή	γυναῖκα	
Matt 19:3	αὐτοῦ	P-GSM	P-GSM	846	αὐτός	αὐτοῦ	
Matt 19:3	κατὰ	PREP	PREP	2596	κατά	κατά	
Matt 19:3	πᾶσαν	A-ASF	A-ASF	3956	πᾶς	πᾶσαν	
Matt 19:3	αἰτίαν;	N-ASF	N-ASF	156	αἰτία	αἰτίαν	
Matt 19:4	ὁ	T-NSM	T-NSM	3588	ὁ	ὁ	
Matt 19:4	δὲ	CONJ	CONJ	1161	δέ	δέ	
Matt 19:4	ἀποκριθεὶς	V-AOP-NSM	V-AOP-NSM	611&5679	ἀποκρίνομαι	ἀποκριθείς	
Matt 19:4	εἶπεν	V-2AAI-3S	V-2AAI-3S	3004&5627	λέγω	εἶπεν	
Matt 19:4	Οὐκ	PRT-N	PRT-N	3756	οὐ	Οὐκ	
Matt 19:4	ἀνέγνωτε	V-2AAI-2P	V-2AAI-2P	314&5627	ἀναγινώσκω	ἀνέγνωτε	
Matt 19:4	ὅτι	CONJ	CONJ	3754	ὅτι	ὅτι	
Matt 19:4	ὁ	T-NSM	T-NSM	3588	ὁ	ὁ	
Matt 19:4	κτίσας	V-AAP-NSM	V-AAP-NSM	2936&5660	κτίζω	κτίσας	
Matt 19:4	ἀπ’	PREP	PREP	575	ἀπό	ἀπ’	
Matt 19:4	ἀρχῆς	N-GSF	N-GSF	746	ἀρχή	ἀρχῆς	
Matt 19:4	ἄρσεν	A-ASN	A-ASN	730	ἄρσην	ἄρσεν	
Matt 19:4	καὶ	CONJ	CONJ	2532	καί	καί	
Matt 19:4	θῆλυ	A-ASN	A-ASN	2338	θῆλυς	θῆλυ	
Matt 19:4	ἐποίησεν	V-AAI-3S	V-AAI-3S	4160&5656	ποιέω	ἐποίησεν	
Matt 19:4	αὐτοὺς	P-APM	P-APM	846	αὐτός	αὐτούς	
Matt 19:5	καὶ	CONJ	CONJ	2532	καί	καί	
Matt 19:5	εἶπεν	V-2AAI-3S	V-2AAI-3S	3004&5627	λέγω	εἶπεν	
Matt 19:5	Ἕνεκα	PREP	PREP	1752	ἕνεκα	Ἕνεκα	
Matt 19:5	τούτου	D-GSN	D-GSN	3778	οὗτος	τούτου	
Matt 19:5	καταλείψει	V-FAI-3S	V-FAI-3S	2641&5692	καταλείπω	καταλείψει	
Matt 19:5	ἄνθρωπος	N-NSM	N-NSM	444	ἄνθρωπος	ἄνθρωπος	
Matt 19:5	τὸν	T-ASM	T-ASM	3588	ὁ	τόν	
Matt 19:5	πατέρα	N-ASM	N-ASM	3962	πατήρ	πατέρα	
Matt 19:5	καὶ	CONJ	CONJ	2532	καί	καί	
Matt 19:5	τὴν	T-ASF	T-ASF	3588	ὁ	τήν	
Matt 19:5	μητέρα	N-ASF	N-ASF	3384	μήτηρ	μητέρα	
Matt 19:5	καὶ	CONJ	CONJ	2532	καί	καί	
Matt 19:5	κολληθήσεται	V-FPI-3S	V-FPI-3S	2853&5701	κολλάω	κολληθήσεται	
Matt 19:5	τῇ	T-DSF	T-DSF	3588	ὁ	τῇ	
Matt 19:5	γυναικὶ	N-DSF	N-DSF	1135	γυνή	γυναικί	
Matt 19:5	αὐτοῦ,	P-GSM	P-GSM	846	αὐτός	αὐτοῦ	
Matt 19:5	καὶ	CONJ	CONJ	2532	καί	καί	
Matt 19:5	ἔσονται	V-FDI-3P	V-FDI-3P	1510&5695	εἰμί	ἔσονται	
Matt 19:5	οἱ	T-NPM	T-NPM	3588	ὁ	οἱ	
Matt 19:5	δύο	A-NUI	A-NUI	1417	δύο	δύο	
Matt 19:5	εἰς	PREP	PREP	1519	εἰς	εἰς	
Matt 19:5	σάρκα	N-ASF	N-ASF	4561	σάρξ	σάρκα	
Matt 19:5	μίαν;	A-ASF	A-ASF	1520	εἷς	μίαν	
Matt 19:6	ὥστε	CONJ	CONJ	5620	ὥστε	ὥστε	
Matt 19:6	οὐκέτι	ADV-N	ADV-N	3765	οὐκέτι	οὐκέτι	
Matt 19:6	εἰσὶν	V-PAI-3P	V-PAI-3P	1510&5719	εἰμί	εἰσίν	
Matt 19:6	δύο	A-NUI	A-NUI	1417	δύο	δύο	
Matt 19:6	ἀλλὰ	CONJ	CONJ	235	ἀλλά	ἀλλά	
Matt 19:6	σὰρξ	N-NSF	N-NSF	4561	σάρξ	σάρξ	
Matt 19:6	μία.	A-NSF	A-NSF	1520	εἷς	μία	
Matt 19:6	ὃ	R-ASN	R-ASN	3739	ὅς	ὅ	
Matt 19:6	οὖν	CONJ	CONJ	3767	οὖν	οὖν	
Matt 19:6	ὁ	T-NSM	T-NSM	3588	ὁ	ὁ	
Matt 19:6	Θεὸς	N-NSM	N-NSM	2316	θεός	Θεός	
Matt 19:6	συνέζευξεν,	V-AAI-3S	V-AAI-3S	4801&5656	συζεύγνυμι	συνέζευξεν	
Matt 19:6	ἄνθρωπος	N-NSM	N-NSM	444	ἄνθρωπος	ἄνθρωπος	
Matt 19:6	μὴ	PRT-N	PRT-N	3361	μή	μή	
Matt 19:6	χωριζέτω.	V-PAM-3S	V-PAM-3S	5563&5720	χωρίζω	χωριζέτω	
Matt 19:7	λέγουσιν	V-PAI-3P	V-PAI-3P	3004&5719	λέγω	λέγουσιν	
Matt 19:7	αὐτῷ	P-DSM	P-DSM	846	αὐτός	αὐτῷ	
Matt 19:7	Τί	I-ASN	I-ASN	5101	τίς	Τί	
Matt 19:7	οὖν	CONJ	CONJ	3767	οὖν	οὖν	
Matt 19:7	Μωϋσῆς	N-NSM	N-NSM	3475	Μωϋσῆς	Μωϋσῆς	
Matt 19:7	ἐνετείλατο	V-ADI-3S	V-ADI-3S	1781&5662	ἐντέλλομαι	ἐνετείλατο	
Matt 19:7	δοῦναι	V-2AAN	V-2AAN	1325&5629	δίδωμι	δοῦναι	
Matt 19:7	βιβλίον	N-ASN	N-ASN	975	βιβλίον	βιβλίον	
Matt 19:7	ἀποστασίου	N-GSN	N-GSN	647	ἀποστάσιον	ἀποστασίου	
Matt 19:7	καὶ	CONJ	CONJ	2532	καί	καί	
Matt 19:7	ἀπολῦσαι;	V-AAN	V-AAN	630&5658	ἀπολύω	ἀπολῦσαι	
Matt 19:8	λέγει	V-PAI-3S	V-PAI-3S	3004&5719	λέγω	λέγει	
Matt 19:8	αὐτοῖς	P-DPM	P-DPM	846	αὐτός	αὐτοῖς	
Matt 19:8	Ὅτι	CONJ	CONJ	3754	ὅτι	Ὅτι	
Matt 19:8	Μωϋσῆς	N-NSM	N-NSM	3475	Μωϋσῆς	Μωϋσῆς	
Matt 19:8	πρὸς	PREP	PREP	4314	πρός	πρός	
Matt 19:8	τὴν	T-ASF	T-ASF	3588	ὁ	τήν	
Matt 19:8	σκληροκαρδίαν	N-ASF	N-ASF	4641	σκληροκαρδία	σκληροκαρδίαν	
Matt 19:8	ὑμῶν	P-2GP	P-2GP	4771	σύ	ὑμῶν	
Matt 19:8	ἐπέτρεψεν	V-AAI-3S	V-AAI-3S	2010&5656	ἐπιτρέπω	ἐπέτρεψεν	
Matt 19:8	ὑμῖν	P-2DP	P-2DP	4771	σύ	ὑμῖν	
Matt 19:8	ἀπολῦσαι	V-AAN	V-AAN	630&5658	ἀπολύω	ἀπολῦσαι	
Matt 19:8	τὰς	T-APF	T-APF	3588	ὁ	τάς	
Matt 19:8	γυναῖκας	N-APF	N-APF	1135	γυνή	γυναῖκας	
Matt 19:8	ὑμῶν·	P-2GP	P-2GP	4771	σύ	ὑμῶν	
Matt 19:8	ἀπ’	PREP	PREP	575	ἀπό	ἀπ’	
Matt 19:8	ἀρχῆς	N-GSF	N-GSF	746	ἀρχή	ἀρχῆς	
Matt 19:8	δὲ	CONJ	CONJ	1161	δέ	δέ	
Matt 19:8	οὐ	PRT-N	PRT-N	3756	οὐ	οὐ	
Matt 19:8	γέγονεν	V-2RAI-3S	V-2RAI-3S	1096&5754	γίνομαι	γέγονεν	
Matt 19:8	οὕτως.	ADV	ADV	3779	οὕτω	οὕτως	
Matt 19:9	λέγω	V-PAI-1S	V-PAI-1S	3004&5719	λέγω	λέγω	
Matt 19:9	δὲ	CONJ	CONJ	1161	δέ	δέ	
Matt 19:9	ὑμῖν	P-2DP	P-2DP	4771	σύ	ὑμῖν	
Matt 19:9	ὅτι	CONJ	CONJ	3754	ὅτι	ὅτι	
Matt 19:9	ὃς	R-NSM	R-NSM	3739	ὅς	ὅς	
Matt 19:9	ἂν	PRT	PRT	302	ἄν	ἄν	
Matt 19:9	ἀπολύσῃ	V-AAS-3S	V-AAS-3S	630&5661	ἀπολύω	ἀπολύσῃ	
Matt 19:9	τὴν	T-ASF	T-ASF	3588	ὁ	τήν	
Matt 19:9	γυναῖκα	N-ASF	N-ASF	1135	γυνή	γυναῖκα	
Matt 19:9	αὐτοῦ	P-GSM	P-GSM	846	αὐτός	αὐτοῦ	
Matt 19:9	μὴ	PRT-N	PRT-N	3361	μή	μή	
Matt 19:9	ἐπὶ	PREP	PREP	1909	ἐπί	ἐπί	
Matt 19:9	πορνείᾳ	N-DSF	N-DSF	4202	πορνεία	πορνείᾳ	
Matt 19:9	καὶ	CONJ	CONJ	2532	καί	καί	
Matt 19:9	γαμήσῃ	V-AAS-3S	V-AAS-3S	1060&5661	γαμέω	γαμήσῃ	
Matt 19:9	ἄλλην,	A-ASF	A-ASF	243	ἄλλος	ἄλλην	
Matt 19:9	μοιχᾶται.	V-PNI-3S	V-PNI-3S	3429&5736	μοιχάω	μοιχᾶται	
Matt 19:10	λέγουσιν	V-PAI-3P	V-PAI-3P	3004&5719	λέγω	λέγουσιν	
Matt 19:10	αὐτῷ	P-DSM	P-DSM	846	αὐτός	αὐτῷ	
Matt 19:10	οἱ	T-NPM	T-NPM	3588	ὁ	οἱ	
Matt 19:10	μαθηταί	N-NPM	N-NPM	3101	μαθητής	μαθηταί	
Matt 19:10	Εἰ	COND	COND	1487	εἰ	Εἰ	
Matt 19:10	οὕτως	ADV	ADV	3779	οὕτω	οὕτως	
Matt 19:10	ἐστὶν	V-PAI-3S	V-PAI-3S	1510&5719	εἰμί	ἐστίν	
Matt 19:10	ἡ	T-NSF	T-NSF	3588	ὁ	ἡ	
Matt 19:10	αἰτία	N-NSF	N-NSF	156	αἰτία	αἰτία	
Matt 19:10	τοῦ	T-GSM	T-GSM	3588	ὁ	τοῦ	
Matt 19:10	ἀνθρώπου	N-GSM	N-GSM	444	ἄνθρωπος	ἀνθρώπου	
Matt 19:10	μετὰ	PREP	PREP	3326	μετά	μετά	
Matt 19:10	τῆς	T-GSF	T-GSF	3588	ὁ	τῆς	
Matt 19:10	γυναικός,	N-GSF	N-GSF	1135	γυνή	γυναικός	
Matt 19:10	οὐ	PRT-N	PRT-N	3756	οὐ	οὐ	
Matt 19:10	συμφέρει	V-PAI-3S	V-PAI-3S	4851&5719	συμφέρω	συμφέρει	
Matt 19:10	γαμῆσαι.	V-AAN	V-AAN	1060&5658	γαμέω	γαμῆσαι	
Matt 19:11	ὁ	T-NSM	T-NSM	3588	ὁ	ὁ	
Matt 19:11	δὲ	CONJ	CONJ	1161	δέ	δέ	
Matt 19:11	εἶπεν	V-2AAI-3S	V-2AAI-3S	3004&5627	λέγω	εἶπεν	
Matt 19:11	αὐτοῖς	P-DPM	P-DPM	846	αὐτός	αὐτοῖς	
Matt 19:11	Οὐ	PRT-N	PRT-N	3756	οὐ	Οὐ	
Matt 19:11	πάντες	A-NPM	A-NPM	3956	πᾶς	πάντες	
Matt 19:11	χωροῦσιν	V-PAI-3P	V-PAI-3P	5562&5719	χωρέω	χωροῦσιν	
Matt 19:11	τὸν	T-ASM	T-ASM	3588	ὁ	τόν	
Matt 19:11	λόγον	N-ASM	N-ASM	3056	λόγος	λόγον	
Matt 19:11	τοῦτον	D-ASM	D-ASM	3778	οὗτος	τοῦτον	
Matt 19:11	ἀλλ’	CONJ	CONJ	235	ἀλλά	ἀλλ’	
Matt 19:11	οἷς	R-DPM	R-DPM	3739	ὅς	οἷς	
Matt 19:11	δέδοται.	V-RPI-3S	V-RPI-3S	1325&5769	δίδωμι	δέδοται	
Matt 19:12	εἰσὶν	V-PAI-3P	V-PAI-3P	1510&5719	εἰμί	εἰσίν	
Matt 19:12	γὰρ	CONJ	CONJ	1063	γάρ	γάρ	
Matt 19:12	εὐνοῦχοι	N-NPM	N-NPM	2135	εὐνοῦχος	εὐνοῦχοι	
Matt 19:12	οἵτινες	R-NPM	R-NPM	3748	ὅστις	οἵτινες	
Matt 19:12	ἐκ	PREP	PREP	1537	ἐκ	ἐκ	
Matt 19:12	κοιλίας	N-GSF	N-GSF	2836	κοιλία	κοιλίας	
Matt 19:12	μητρὸς	N-GSF	N-GSF	3384	μήτηρ	μητρός	
Matt 19:12	ἐγεννήθησαν	V-API-3P	V-API-3P	1080&5681	γεννάω	ἐγεννήθησαν	
Matt 19:12	οὕτως,	ADV	ADV	3779	οὕτω	οὕτως	
Matt 19:12	καὶ	CONJ	CONJ	2532	καί	καί	
Matt 19:12	εἰσὶν	V-PAI-3P	V-PAI-3P	1510&5719	εἰμί	εἰσίν	
Matt 19:12	εὐνοῦχοι	N-NPM	N-NPM	2135	εὐνοῦχος	εὐνοῦχοι	
Matt 19:12	οἵτινες	R-NPM	R-NPM	3748	ὅστις	οἵτινες	
Matt 19:12	εὐνουχίσθησαν	V-API-3P	V-API-3P	2134&5681	εὐνουχίζω	εὐνουχίσθησαν	
Matt 19:12	ὑπὸ	PREP	PREP	5259	ὑπό	ὑπό	
Matt 19:12	τῶν	T-GPM	T-GPM	3588	ὁ	τῶν	
Matt 19:12	ἀνθρώπων,	N-GPM	N-GPM	444	ἄνθρωπος	ἀνθρώπων	
Matt 19:12	καὶ	CONJ	CONJ	2532	καί	καί	
Matt 19:12	εἰσὶν	V-PAI-3P	V-PAI-3P	1510&5719	εἰμί	εἰσίν	
Matt 19:12	εὐνοῦχοι	N-NPM	N-NPM	2135	εὐνοῦχος	εὐνοῦχοι	
Matt 19:12	οἵτινες	R-NPM	R-NPM	3748	ὅστις	οἵτινες	
Matt 19:12	εὐνούχισαν	V-AAI-3P	V-AAI-3P	2134&5656	εὐνουχίζω	εὐνούχισαν	
Matt 19:12	ἑαυτοὺς	F-3APM	F-3APM	1438	ἑαυτοῦ	ἑαυτούς	
Matt 19:12	διὰ	PREP	PREP	1223	διά	διά	
Matt 19:12	τὴν	T-ASF	T-ASF	3588	ὁ	τήν	
Matt 19:12	βασιλείαν	N-ASF	N-ASF	932	βασιλεία	βασιλείαν	
Matt 19:12	τῶν	T-GPM	T-GPM	3588	ὁ	τῶν	
Matt 19:12	οὐρανῶν.	N-GPM	N-GPM	3772	οὐρανός	οὐρανῶν	
Matt 19:12	ὁ	T-NSM	T-NSM	3588	ὁ	ὁ	
Matt 19:12	δυνάμενος	V-PNP-NSM	V-PNP-NSM	1410&5740	δύναμαι	δυνάμενος	
Matt 19:12	χωρεῖν	V-PAN	V-PAN	5562&5721	χωρέω	χωρεῖν	
Matt 19:12	χωρείτω.	V-PAM-3S	V-PAM-3S	5562&5720	χωρέω	χωρείτω	
Matt 19:13	Τότε	ADV	ADV	5119	τότε	Τότε	
Matt 19:13	προσηνέχθησαν	V-API-3P	V-API-3P	4374&5681	προσφέρω	προσηνέχθησαν	
Matt 19:13	αὐτῷ	P-DSM	P-DSM	846	αὐτός	αὐτῷ	
Matt 19:13	παιδία,	N-NPN	N-NPN	3813	παιδίον	παιδία	
Matt 19:13	ἵνα	CONJ	CONJ	2443	ἵνα	ἵνα	
Matt 19:13	τὰς	T-APF	T-APF	3588	ὁ	τάς	
Matt 19:13	χεῖρας	N-APF	N-APF	5495	χείρ	χεῖρας	
Matt 19:13	ἐπιθῇ	V-2AAS-3S	V-2AAS-3S	2007&5632	ἐπιτίθημι	ἐπιθῇ	
Matt 19:13	αὐτοῖς	P-DPN	P-DPN	846	αὐτός	αὐτοῖς	
Matt 19:13	καὶ	CONJ	CONJ	2532	καί	καί	
Matt 19:13	προσεύξηται·	V-ADS-3S	V-ADS-3S	4336&5667	προσεύχομαι	προσεύξηται	
Matt 19:13	οἱ	T-NPM	T-NPM	3588	ὁ	οἱ	
Matt 19:13	δὲ	CONJ	CONJ	1161	δέ	δέ	
Matt 19:13	μαθηταὶ	N-NPM	N-NPM	3101	μαθητής	μαθηταί	
Matt 19:13	ἐπετίμησαν	V-AAI-3P	V-AAI-3P	2008&5656	ἐπιτιμάω	ἐπετίμησαν	
Matt 19:13	αὐτοῖς.	P-DPM	P-DPM	846	αὐτός	αὐτοῖς	
Matt 19:14	ὁ	T-NSM	T-NSM	3588	ὁ	ὁ	
Matt 19:14	δὲ	CONJ	CONJ	1161	δέ	δέ	
Matt 19:14	Ἰησοῦς	N-NSM	N-NSM	2424	Ἰησοῦς	Ἰησοῦς	
Matt 19:14	εἶπεν	V-2AAI-3S	V-2AAI-3S	3004&5627	λέγω	εἶπεν	
Matt 19:14	Ἄφετε	V-2AAM-2P	V-2AAM-2P	863&5628	ἀφίημι	Ἄφετε	
Matt 19:14	τὰ	T-APN	T-APN	3588	ὁ	τά	
Matt 19:14	παιδία	N-APN	N-APN	3813	παιδίον	παιδία	
Matt 19:14	καὶ	CONJ	CONJ	2532	καί	καί	
Matt 19:14	μὴ	PRT-N	PRT-N	3361	μή	μή	
Matt 19:14	κωλύετε	V-PAM-2P	V-PAM-2P	2967&5720	κωλύω	κωλύετε	
Matt 19:14	αὐτὰ	P-APN	P-APN	846	αὐτός	αὐτά	
Matt 19:14	ἐλθεῖν	V-2AAN	V-2AAN	2064&5629	ἔρχομαι	ἐλθεῖν	
Matt 19:14	πρός	PREP	PREP	4314	πρός	πρός	
Matt 19:14	με·	P-1AS	P-1AS	1473	ἐγώ	με	
Matt 19:14	τῶν	T-GPN	T-GPN	3588	ὁ	τῶν	
Matt 19:14	γὰρ	CONJ	CONJ	1063	γάρ	γάρ	
Matt 19:14	τοιούτων	D-GPN	D-GPN	5108	τοιοῦτος	τοιούτων	
Matt 19:14	ἐστὶν	V-PAI-3S	V-PAI-3S	1510&5719	εἰμί	ἐστίν	
Matt 19:14	ἡ	T-NSF	T-NSF	3588	ὁ	ἡ	
Matt 19:14	βασιλεία	N-NSF	N-NSF	932	βασιλεία	βασιλεία	
Matt 19:14	τῶν	T-GPM	T-GPM	3588	ὁ	τῶν	
Matt 19:14	οὐρανῶν.	N-GPM	N-GPM	3772	οὐρανός	οὐρανῶν	
Matt 19:15	καὶ	CONJ	CONJ	2532	καί	καί	
Matt 19:15	ἐπιθεὶς	V-2AAP-NSM	V-2AAP-NSM	2007&5631	ἐπιτίθημι	ἐπιθείς	
Matt 19:15	τὰς	T-APF	T-APF	3588	ὁ	τάς	
Matt 19:15	χεῖρας	N-APF	N-APF	5495	χείρ	χεῖρας	
Matt 19:15	αὐτοῖς	P-DPN	P-DPN	846	αὐτός	αὐτοῖς	
Matt 19:15	ἐπορεύθη	V-AOI-3S	V-AOI-3S	4198&5675	πορεύομαι	ἐπορεύθη	
Matt 19:15	ἐκεῖθεν.	ADV	ADV	1564	ἐκεῖθεν	ἐκεῖθεν	
Matt 19:16	Καὶ	CONJ	CONJ	2532	καί	Καί	
Matt 19:16	ἰδοὺ	V-2AMM-2S	V-2AMM-2S	3708&5640	ὁράω	ἰδού	
Matt 19:16	εἷς	A-NSM	A-NSM	1520	εἷς	εἷς	
Matt 19:16	προσελθὼν	V-2AAP-NSM	V-2AAP-NSM	4334&5631	προσέρχομαι	προσελθών	
Matt 19:16	αὐτῷ	P-DSM	P-DSM	846	αὐτός	αὐτῷ	
Matt 19:16	εἶπεν	V-2AAI-3S	V-2AAI-3S	3004&5627	λέγω	εἶπεν	
Matt 19:16	Διδάσκαλε,	N-VSM	N-VSM	1320	διδάσκαλος	Διδάσκαλε	
Matt 19:16	τί	I-ASN	I-ASN	5101	τίς	τί	
Matt 19:16	ἀγαθὸν	A-ASN	A-ASN	18	ἀγαθός	ἀγαθόν	
Matt 19:16	ποιήσω	V-AAS-1S	V-AAS-1S	4160&5661	ποιέω	ποιήσω	
Matt 19:16	ἵνα	CONJ	CONJ	2443	ἵνα	ἵνα	
Matt 19:16	σχῶ	V-2AAS-1S	V-2AAS-1S	2192&5632	ἔχω	σχῶ	
Matt 19:16	ζωὴν	N-ASF	N-ASF	2222	ζωή	ζωήν	
Matt 19:16	αἰώνιον;	A-ASF	A-ASF	166	αἰώνιος	αἰώνιον	
Matt 19:17	ὁ	T-NSM	T-NSM	3588	ὁ	ὁ	
Matt 19:17	δὲ	CONJ	CONJ	1161	δέ	δέ	
Matt 19:17	εἶπεν	V-2AAI-3S	V-2AAI-3S	3004&5627	λέγω	εἶπεν	
Matt 19:17	αὐτῷ	P-DSM	P-DSM	846	αὐτός	αὐτῷ	
Matt 19:17	Τί	I-ASN	I-ASN	5101	τίς	Τί	
Matt 19:17	με	P-1AS	P-1AS	1473	ἐγώ	με	
Matt 19:17	ἐρωτᾷς	V-PAI-2S	V-PAI-2S	2065&5719	ἐρωτάω	ἐρωτᾷς	
Matt 19:17	περὶ	PREP	PREP	4012	περί	περί	
Matt 19:17	τοῦ	T-GSN	T-GSN	3588	ὁ	τοῦ	
Matt 19:17	ἀγαθοῦ;	A-GSN	A-GSN	18	ἀγαθός	ἀγαθοῦ	
Matt 19:17	εἷς	A-NSM	A-NSM	1520	εἷς	εἷς	
Matt 19:17	ἐστιν	V-PAI-3S	V-PAI-3S	1510	εἰμί	ἐστιν	
Matt 19:17	ὁ	T-NSM	T-NSM	3588	ὁ	ὁ	
Matt 19:17	ἀγαθός·	A-NSM	A-NSM	18	ἀγαθός	ἀγαθός	
Matt 19:17	εἰ	COND	COND	1487	εἰ	εἰ	
Matt 19:17	δὲ	CONJ	CONJ	1161	δέ	δέ	
Matt 19:17	θέλεις	V-PAI-2S	V-PAI-2S	2309&5719	θέλω	θέλεις	
Matt 19:17	εἰς	PREP	PREP	1519	εἰς	εἰς	
Matt 19:17	τὴν	T-ASF	T-ASF	3588	ὁ	τήν	
Matt 19:17	ζωὴν	N-ASF	N-ASF	2222	ζωή	ζωήν	
Matt 19:17	εἰσελθεῖν,	V-2AAN	V-2AAN	1525&5629	εἰσέρχομαι	εἰσελθεῖν	
Matt 19:17	τήρει	V-PAM-2S	V-PAM-2S	5083&5720	τηρέω	τήρει	
Matt 19:17	τὰς	T-APF	T-APF	3588	ὁ	τάς	
Matt 19:17	ἐντολάς.	N-APF	N-APF	1785	ἐντολή	ἐντολάς	
Matt 19:18	λέγει	V-PAI-3S	V-PAI-3S	3004&5719	λέγω	λέγει	
Matt 19:18	αὐτῷ	P-DSM	P-DSM	846	αὐτός	αὐτῷ	
Matt 19:18	Ποίας;	I-APF	I-APF	4169	ποῖος	Ποίας	
Matt 19:18	ὁ	T-NSM	T-NSM	3588	ὁ	ὁ	
Matt 19:18	δὲ	CONJ	CONJ	1161	δέ	δέ	
Matt 19:18	Ἰησοῦς	N-NSM	N-NSM	2424	Ἰησοῦς	Ἰησοῦς	
Matt 19:18	ἔφη	V-IAI-3S	V-IAI-3S	5346&5707	φημί	ἔφη	
Matt 19:18	Τὸ	T-ASN	T-ASN	3588	ὁ	Τό	
Matt 19:18	Οὐ	PRT-N	PRT-N	3756	οὐ	Οὐ	
Matt 19:18	φονεύσεις,	V-FAI-2S	V-FAI-2S	5407&5692	φονεύω	φονεύσεις	
Matt 19:18	Οὐ	PRT-N	PRT-N	3756	οὐ	Οὐ	
Matt 19:18	μοιχεύσεις,	V-FAI-2S	V-FAI-2S	3431&5692	μοιχεύω	μοιχεύσεις	
Matt 19:18	Οὐ	PRT-N	PRT-N	3756	οὐ	Οὐ	
Matt 19:18	κλέψεις,	V-FAI-2S	V-FAI-2S	2813&5692	κλέπτω	κλέψεις	
Matt 19:18	Οὐ	PRT-N	PRT-N	3756	οὐ	Οὐ	
Matt 19:18	ψευδομαρτυρήσεις,	V-FAI-2S	V-FAI-2S	5576&5692	ψευδομαρτυρέω	ψευδομαρτυρήσεις	
Matt 19:19	Τίμα	V-PAM-2S	V-PAM-2S	5091&5720	τιμάω	Τίμα	
Matt 19:19	τὸν	T-ASM	T-ASM	3588	ὁ	τόν	
Matt 19:19	πατέρα	N-ASM	N-ASM	3962	πατήρ	πατέρα	
Matt 19:19	καὶ	CONJ	CONJ	2532	καί	καί	
Matt 19:19	τὴν	T-ASF	T-ASF	3588	ὁ	τήν	
Matt 19:19	μητέρα,	N-ASF	N-ASF	3384	μήτηρ	μητέρα	
Matt 19:19	καὶ	CONJ	CONJ	2532	καί	καί	
Matt 19:19	Ἀγαπήσεις	V-FAI-2S	V-FAI-2S	25&5692	ἀγαπάω	Ἀγαπήσεις	
Matt 19:19	τὸν	T-ASM	T-ASM	3588	ὁ	τόν	
Matt 19:19	πλησίον	ADV	ADV	4139	πλησίον	πλησίον	
Matt 19:19	σου	P-2GS	P-2GS	4771	σύ	σου	
Matt 19:19	ὡς	ADV	ADV	5613	ὡς	ὡς	
Matt 19:19	σεαυτόν.	F-2ASM	F-2ASM	4572	σεαυτοῦ	σεαυτόν	
Matt 19:20	λέγει	V-PAI-3S	V-PAI-3S	3004&5719	λέγω	λέγει	
Matt 19:20	αὐτῷ	P-DSM	P-DSM	846	αὐτός	αὐτῷ	
Matt 19:20	ὁ	T-NSM	T-NSM	3588	ὁ	ὁ	
Matt 19:20	νεανίσκος	N-NSM	N-NSM	3495	νεανίσκος	νεανίσκος	
Matt 19:20	Ταῦτα	D-APN	D-APN	3778	οὗτος	Ταῦτα	
Matt 19:20	πάντα	A-APN	A-APN	3956	πᾶς	πάντα	
Matt 19:20	ἐφύλαξα·	V-AAI-1S	V-AAI-1S	5442&5656	φυλάσσω	ἐφύλαξα	
Matt 19:20	τί	I-ASN	I-ASN	5101	τίς	τί	
Matt 19:20	ἔτι	ADV	ADV	2089	ἔτι	ἔτι	
Matt 19:20	ὑστερῶ;	V-PAI-1S	V-PAI-1S	5302&5719	ὑστερέω	ὑστερῶ	
Matt 19:21	ἔφη	V-IAI-3S	V-IAI-3S	5346&5707	φημί	ἔφη	
Matt 19:21	αὐτῷ	P-DSM	P-DSM	846	αὐτός	αὐτῷ	
Matt 19:21	ὁ	T-NSM	T-NSM	3588	ὁ	ὁ	
Matt 19:21	Ἰησοῦς	N-NSM	N-NSM	2424	Ἰησοῦς	Ἰησοῦς	
Matt 19:21	Εἰ	COND	COND	1487	εἰ	Εἰ	
Matt 19:21	θέλεις	V-PAI-2S	V-PAI-2S	2309&5719	θέλω	θέλεις	
Matt 19:21	τέλειος	A-NSM	A-NSM	5046	τέλειος	τέλειος	
Matt 19:21	εἶναι,	V-PAN	V-PAN	1510&5721	εἰμί	εἶναι	
Matt 19:21	ὕπαγε	V-PAM-2S	V-PAM-2S	5217&5720	ὑπάγω	ὕπαγε	
Matt 19:21	πώλησόν	V-AAM-2S	V-AAM-2S	4453&5657	πωλέω	πώλησον	
Matt 19:21	σου	P-2GS	P-2GS	4771	σύ	σου	
Matt 19:21	τὰ	T-APN	T-APN	3588	ὁ	τά	
Matt 19:21	ὑπάρχοντα	V-PAP-APN	V-PAP-APN	5225&5723	ὑπάρχω	ὑπάρχοντα	
Matt 19:21	καὶ	CONJ	CONJ	2532	καί	καί	
Matt 19:21	δὸς	V-2AAM-2S	V-2AAM-2S	1325&5628	δίδωμι	δός	
Matt 19:21	πτωχοῖς,	A-DPM	A-DPM	4434	πτωχός	πτωχοῖς	
Matt 19:21	καὶ	CONJ	CONJ	2532	καί	καί	
Matt 19:21	ἕξεις	V-FAI-2S	V-FAI-2S	2192&5692	ἔχω	ἕξεις	
Matt 19:21	θησαυρὸν	N-ASM	N-ASM	2344	θησαυρός	θησαυρόν	
Matt 19:21	ἐν	PREP	PREP	1722	ἐν	ἐν	
Matt 19:21	οὐρανοῖς,	N-DPM	N-DPM	3772	οὐρανός	οὐρανοῖς	
Matt 19:21	καὶ	CONJ	CONJ	2532	καί	καί	
Matt 19:21	δεῦρο	V-PAM-2S	V-PAM-2S	1204&5720	δεῦρο	δεῦρο	
Matt 19:21	ἀκολούθει	V-PAM-2S	V-PAM-2S	190&5720	ἀκολουθέω	ἀκολούθει	
Matt 19:21	μοι.	P-1DS	P-1DS	1473	ἐγώ	μοι	
Matt 19:22	ἀκούσας	V-AAP-NSM	V-AAP-NSM	191&5660	ἀκούω	ἀκούσας	
Matt 19:22	δὲ	CONJ	CONJ	1161	δέ	δέ	
Matt 19:22	ὁ	T-NSM	T-NSM	3588	ὁ	ὁ	
Matt 19:22	νεανίσκος	N-NSM	N-NSM	3495	νεανίσκος	νεανίσκος	
Matt 19:22	τὸν	T-ASM	T-ASM	3588	ὁ	τόν	
Matt 19:22	λόγον	N-ASM	N-ASM	3056	λόγος	λόγον	
Matt 19:22	ἀπῆλθεν	V-2AAI-3S	V-2AAI-3S	565&5627	ἀπέρχομαι	ἀπῆλθεν	
Matt 19:22	λυπούμενος·	V-PPP-NSM	V-PEP-NSM	3076&5746	λυπέω	λυπούμενος	
Matt 19:22	ἦν	V-IAI-3S	V-IAI-3S	1510&5707	εἰμί	ἦν	
Matt 19:22	γὰρ	CONJ	CONJ	1063	γάρ	γάρ	
Matt 19:22	ἔχων	V-PAP-NSM	V-PAP-NSM	2192&5723	ἔχω	ἔχων	
Matt 19:22	κτήματα	N-APN	N-APN	2933	κτῆμα	κτήματα	
Matt 19:22	πολλά.	A-APN	A-APN	4183	πολύς	πολλά	
Matt 19:23	Ὁ	T-NSM	T-NSM	3588	ὁ	Ὁ	
Matt 19:23	δὲ	CONJ	CONJ	1161	δέ	δέ	
Matt 19:23	Ἰησοῦς	N-NSM	N-NSM	2424	Ἰησοῦς	Ἰησοῦς	
Matt 19:23	εἶπεν	V-2AAI-3S	V-2AAI-3S	3004&5627	λέγω	εἶπεν	
Matt 19:23	τοῖς	T-DPM	T-DPM	3588	ὁ	τοῖς	
Matt 19:23	μαθηταῖς	N-DPM	N-DPM	3101	μαθητής	μαθηταῖς	
Matt 19:23	αὐτοῦ	P-GSM	P-GSM	846	αὐτός	αὐτοῦ	
Matt 19:23	Ἀμὴν	HEB	HEB	281	ἀμήν	Ἀμήν	
Matt 19:23	λέγω	V-PAI-1S	V-PAI-1S	3004&5719	λέγω	λέγω	
Matt 19:23	ὑμῖν	P-2DP	P-2DP	4771	σύ	ὑμῖν	
Matt 19:23	ὅτι	CONJ	CONJ	3754	ὅτι	ὅτι	
Matt 19:23	πλούσιος	A-NSM	A-NSM	4145	πλούσιος	πλούσιος	
Matt 19:23	δυσκόλως	ADV	ADV	1423	δυσκόλως	δυσκόλως	
Matt 19:23	εἰσελεύσεται	V-FDI-3S	V-FDI-3S	1525&5695	εἰσέρχομαι	εἰσελεύσεται	
Matt 19:23	εἰς	PREP	PREP	1519	εἰς	εἰς	
Matt 19:23	τὴν	T-ASF	T-ASF	3588	ὁ	τήν	
Matt 19:23	βασιλείαν	N-ASF	N-ASF	932	βασιλεία	βασιλείαν	
Matt 19:23	τῶν	T-GPM	T-GPM	3588	ὁ	τῶν	
Matt 19:23	οὐρανῶν.	N-GPM	N-GPM	3772	οὐρανός	οὐρανῶν	
Matt 19:24	πάλιν	ADV	ADV	3825	πάλιν	πάλιν	
Matt 19:24	δὲ	CONJ	CONJ	1161	δέ	δέ	
Matt 19:24	λέγω	V-PAI-1S	V-PAI-1S	3004&5719	λέγω	λέγω	
Matt 19:24	ὑμῖν,	P-2DP	P-2DP	4771	σύ	ὑμῖν	
Matt 19:24	εὐκοπώτερόν	A-NSN-C	A-NSN-C	2123	εὔκοπος	εὐκοπώτερον	
Matt 19:24	ἐστιν	V-PAI-3S	V-PAI-3S	1510&5719	εἰμί	ἐστιν	
Matt 19:24	κάμηλον	N-ASF	N-ASF	2574	κάμηλος	κάμηλον	
Matt 19:24	διὰ	PREP	PREP	1223	διά	διά	
Matt 19:24	τρήματος	N-GSN	N-GSN	05169	τρῆμα	τρήματος	
Matt 19:24	ῥαφίδος	N-GSF	N-GSF	4476	ῥαφίς	ῥαφίδος	
Matt 19:24	εἰσελθεῖν	V-2AAN	V-2AAN	1525&5629	εἰσέρχομαι	εἰσελθεῖν	
Matt 19:24	ἢ	PRT	PRT	2228	ἤ	ἤ	
Matt 19:24	πλούσιον	A-ASM	A-ASM	4145	πλούσιος	πλούσιον	
Matt 19:24	εἰς	PREP	PREP	1519	εἰς	εἰς	
Matt 19:24	τὴν	T-ASF	T-ASF	3588	ὁ	τήν	
Matt 19:24	βασιλείαν	N-ASF	N-ASF	932	βασιλεία	βασιλείαν	
Matt 19:24	τοῦ	T-GSM	T-GSM	3588	ὁ	τοῦ	
Matt 19:24	Θεοῦ.	N-GSM	N-GSM	2316	θεός	Θεοῦ	
Matt 19:25	ἀκούσαντες	V-AAP-NPM	V-AAP-NPM	191&5660	ἀκούω	ἀκούσαντες	
Matt 19:25	δὲ	CONJ	CONJ	1161	δέ	δέ	
Matt 19:25	οἱ	T-NPM	T-NPM	3588	ὁ	οἱ	
Matt 19:25	μαθηταὶ	N-NPM	N-NPM	3101	μαθητής	μαθηταί	
Matt 19:25	ἐξεπλήσσοντο	V-IPI-3P	V-IEI-3P	1605&5712	ἐκπλήσσω	ἐξεπλήσσοντο	
Matt 19:25	σφόδρα	ADV	ADV	4970	σφόδρα	σφόδρα	
Matt 19:25	λέγοντες	V-PAP-NPM	V-PAP-NPM	3004&5723	λέγω	λέγοντες	
Matt 19:25	Τίς	I-NSM	I-NSM	5101	τίς	Τίς	
Matt 19:25	ἄρα	PRT-I	PRT-I	687	ἆρα	ἄρα	
Matt 19:25	δύναται	V-PNI-3S	V-PNI-3S	1410&5736	δύναμαι	δύναται	
Matt 19:25	σωθῆναι;	V-APN	V-APN	4982&5683	σῴζω	σωθῆναι	
Matt 19:26	ἐμβλέψας	V-AAP-NSM	V-AAP-NSM	1689&5660	ἐμβλέπω	ἐμβλέψας	
Matt 19:26	δὲ	CONJ	CONJ	1161	δέ	δέ	
Matt 19:26	ὁ	T-NSM	T-NSM	3588	ὁ	ὁ	
Matt 19:26	Ἰησοῦς	N-NSM	N-NSM	2424	Ἰησοῦς	Ἰησοῦς	
Matt 19:26	εἶπεν	V-2AAI-3S	V-2AAI-3S	3004&5627	λέγω	εἶπεν	
Matt 19:26	αὐτοῖς	P-DPM	P-DPM	846	αὐτός	αὐτοῖς	
Matt 19:26	Παρὰ	PREP	PREP	3844	παρά	Παρά	
Matt 19:26	ἀνθρώποις	N-DPM	N-DPM	444	ἄνθρωπος	ἀνθρώποις	
Matt 19:26	τοῦτο	D-NSN	D-NSN	3778	οὗτος	τοῦτο	
Matt 19:26	ἀδύνατόν	A-NSN	A-NSN	102	ἀδύνατος	ἀδύνατον	
Matt 19:26	ἐστιν,	V-PAI-3S	V-PAI-3S	1510&5719	εἰμί	ἐστιν	
Matt 19:26	παρὰ	PREP	PREP	3844	παρά	παρά	
Matt 19:26	δὲ	CONJ	CONJ	1161	δέ	δέ	
Matt 19:26	Θεῷ	N-DSM	N-DSM	2316	θεός	Θεῷ	
Matt 19:26	πάντα	A-NPN	A-NPN	3956	πᾶς	πάντα	
Matt 19:26	δυνατά.	A-NPN	A-NPN	1415	δυνατός	δυνατά	
Matt 19:27	Τότε	ADV	ADV	5119	τότε	Τότε	
Matt 19:27	ἀποκριθεὶς	V-AOP-NSM	V-AOP-NSM	611&5679	ἀποκρίνομαι	ἀποκριθείς	
Matt 19:27	ὁ	T-NSM	T-NSM	3588	ὁ	ὁ	
Matt 19:27	Πέτρος	N-NSM	N-NSM	4074	Πέτρος	Πέτρος	
Matt 19:27	εἶπεν	V-2AAI-3S	V-2AAI-3S	3004&5627	λέγω	εἶπεν	
Matt 19:27	αὐτῷ	P-DSM	P-DSM	846	αὐτός	αὐτῷ	
Matt 19:27	Ἰδοὺ	V-2AMM-2S	V-2AMM-2S	3708&5640	ὁράω	Ἰδού	
Matt 19:27	ἡμεῖς	P-1NP	P-1NP	1473	ἐγώ	ἡμεῖς	
Matt 19:27	ἀφήκαμεν	V-AAI-1P	V-AAI-1P	863&5656	ἀφίημι	ἀφήκαμεν	
Matt 19:27	πάντα	A-APN	A-APN	3956	πᾶς	πάντα	
Matt 19:27	καὶ	CONJ	CONJ	2532	καί	καί	
Matt 19:27	ἠκολουθήσαμέν	V-AAI-1P	V-AAI-1P	190&5656	ἀκολουθέω	ἠκολουθήσαμεν	
Matt 19:27	σοι·	P-2DS	P-2DS	4771	σύ	σοι	
Matt 19:27	τί	I-NSN	I-NSN	5101	τίς	τί	
Matt 19:27	ἄρα	PRT-I	PRT-I	687	ἆρα	ἄρα	
Matt 19:27	ἔσται	V-FDI-3S	V-FDI-3S	1510&5695	εἰμί	ἔσται	
Matt 19:27	ἡμῖν;	P-1DP	P-1DP	1473	ἐγώ	ἡμῖν	
Matt 19:28	ὁ	T-NSM	T-NSM	3588	ὁ	ὁ	
Matt 19:28	δὲ	CONJ	CONJ	1161	δέ	δέ	
Matt 19:28	Ἰησοῦς	N-NSM	N-NSM	2424	Ἰησοῦς	Ἰησοῦς	
Matt 19:28	εἶπεν	V-2AAI-3S	V-2AAI-3S	3004&5627	λέγω	εἶπεν	
Matt 19:28	αὐτοῖς	P-DPM	P-DPM	846	αὐτός	αὐτοῖς	
Matt 19:28	Ἀμὴν	HEB	HEB	281	ἀμήν	Ἀμήν	
Matt 19:28	λέγω	V-PAI-1S	V-PAI-1S	3004&5719	λέγω	λέγω	
Matt 19:28	ὑμῖν	P-2DP	P-2DP	4771	σύ	ὑμῖν	
Matt 19:28	ὅτι	CONJ	CONJ	3754	ὅτι	ὅτι	
Matt 19:28	ὑμεῖς	P-2NP	P-2NP	4771	σύ	ὑμεῖς	
Matt 19:28	οἱ	T-NPM	T-NPM	3588	ὁ	οἱ	
Matt 19:28	ἀκολουθήσαντές	V-AAP-NPM	V-AAP-NPM	190&5660	ἀκολουθέω	ἀκολουθήσαντες	
Matt 19:28	μοι,	P-1DS	P-1DS	1473	ἐγώ	μοι	
Matt 19:28	ἐν	PREP	PREP	1722	ἐν	ἐν	
Matt 19:28	τῇ	T-DSF	T-DSF	3588	ὁ	τῇ	
Matt 19:28	παλινγενεσίᾳ,	N-DSF	N-DSF	3824	παλιγγενεσία	παλινγενεσίᾳ	
Matt 19:28	ὅταν	CONJ	CONJ	3752	ὅταν	ὅταν	
Matt 19:28	καθίσῃ	V-AAS-3S	V-AAS-3S	2523&5661	καθίζω	καθίσῃ	
Matt 19:28	ὁ	T-NSM	T-NSM	3588	ὁ	ὁ	
Matt 19:28	Υἱὸς	N-NSM	N-NSM	5207	υἱός	Υἱός	
Matt 19:28	τοῦ	T-GSM	T-GSM	3588	ὁ	τοῦ	
Matt 19:28	ἀνθρώπου	N-GSM	N-GSM	444	ἄνθρωπος	ἀνθρώπου	
Matt 19:28	ἐπὶ	PREP	PREP	1909	ἐπί	ἐπί	
Matt 19:28	θρόνου	N-GSM	N-GSM	2362	θρόνος	θρόνου	
Matt 19:28	δόξης	N-GSF	N-GSF	1391	δόξα	δόξης	
Matt 19:28	αὐτοῦ,	P-GSM	P-GSM	846	αὐτός	αὐτοῦ	
Matt 19:28	καθήσεσθε	V-FDI-2P	V-FDI-2P	2521&5695	κάθημαι	καθήσεσθε	
Matt 19:28	καὶ	CONJ	CONJ	2532	καί	καί	
Matt 19:28	αὐτοὶ	P-NPM	P-NPM	846	αὐτός	αὐτοί	
Matt 19:28	ἐπὶ	PREP	PREP	1909	ἐπί	ἐπί	
Matt 19:28	δώδεκα	A-NUI	A-NUI	1427	δώδεκα	δώδεκα	
Matt 19:28	θρόνους	N-APM	N-APM	2362	θρόνος	θρόνους	
Matt 19:28	κρίνοντες	V-PAP-NPM	V-PAP-NPM	2919&5723	κρίνω	κρίνοντες	
Matt 19:28	τὰς	T-APF	T-APF	3588	ὁ	τάς	
Matt 19:28	δώδεκα	A-NUI	A-NUI	1427	δώδεκα	δώδεκα	
Matt 19:28	φυλὰς	N-APF	N-APF	5443	φυλή	φυλάς	
Matt 19:28	τοῦ	T-GSM	T-GSM	3588	ὁ	τοῦ	
Matt 19:28	Ἰσραήλ.	N-PRI	N-PRI	2474	Ἰσραήλ	Ἰσραήλ	
Matt 19:29	καὶ	CONJ	CONJ	2532	καί	καί	
Matt 19:29	πᾶς	A-NSM	A-NSM	3956	πᾶς	πᾶς	
Matt 19:29	ὅστις	R-NSM	R-NSM	3748	ὅστις	ὅστις	
Matt 19:29	ἀφῆκεν	V-AAI-3S	V-AAI-3S	863&5656	ἀφίημι	ἀφῆκεν	
Matt 19:29	οἰκίας	N-APF	N-APF	3614	οἰκία	οἰκίας	
Matt 19:29	ἢ	PRT	PRT	2228	ἤ	ἤ	
Matt 19:29	ἀδελφοὺς	N-APM	N-APM	80	ἀδελφός	ἀδελφούς	
Matt 19:29	ἢ	PRT	PRT	2228	ἤ	ἤ	
Matt 19:29	ἀδελφὰς	N-APF	N-APF	79	ἀδελφή	ἀδελφάς	
Matt 19:29	ἢ	PRT	PRT	2228	ἤ	ἤ	
Matt 19:29	πατέρα	N-ASM	N-ASM	3962	πατήρ	πατέρα	
Matt 19:29	ἢ	PRT	PRT	2228	ἤ	ἤ	
Matt 19:29	μητέρα	N-ASF	N-ASF	3384	μήτηρ	μητέρα	
Matt 19:29	ἢ	PRT	PRT	2228	ἤ	ἤ	
Matt 19:29	τέκνα	N-APN	N-APN	5043	τέκνον	τέκνα	
Matt 19:29	ἢ	PRT	PRT	2228	ἤ	ἤ	
Matt 19:29	ἀγροὺς	N-APM	N-APM	68	ἀγρός	ἀγρούς	
Matt 19:29	ἕνεκεν	PREP	PREP	1752	ἕνεκα	ἕνεκεν	
Matt 19:29	τοῦ	T-GSN	T-GSN	3588	ὁ	τοῦ	
Matt 19:29	ἐμοῦ	S-1SGSN	S-1SGSN	1699	ἐμός	ἐμοῦ	
Matt 19:29	ὀνόματός,	N-GSN	N-GSN	3686	ὄνομα	ὀνόματος	
Matt 19:29	πολλαπλασίονα	A-APN	A-APN	4179	πολλαπλασίων	πολλαπλασίονα	
Matt 19:29	λήμψεται	V-FDI-3S	V-FDI-3S	2983&5695	λαμβάνω	λήμψεται	
Matt 19:29	καὶ	CONJ	CONJ	2532	καί	καί	
Matt 19:29	ζωὴν	N-ASF	N-ASF	2222	ζωή	ζωήν	
Matt 19:29	αἰώνιον	A-ASF	A-ASF	166	αἰώνιος	αἰώνιον	
Matt 19:29	κληρονομήσει.	V-FAI-3S	V-FAI-3S	2816&5692	κληρονομέω	κληρονομήσει	
Matt 19:30	Πολλοὶ	A-NPM	A-NPM	4183	πολύς	Πολλοί	
Matt 19:30	δὲ	CONJ	CONJ	1161	δέ	δέ	
Matt 19:30	ἔσονται	V-FDI-3P	V-FDI-3P	1510&5695	εἰμί	ἔσονται	
Matt 19:30	πρῶτοι	A-NPM-S	A-NPM-S	4413	πρῶτος	πρῶτοι	
Matt 19:30	ἔσχατοι	A-NPM-S	A-NPM-S	2078	ἔσχατος	ἔσχατοι	
Matt 19:30	καὶ	CONJ	CONJ	2532	καί	καί	
Matt 19:30	ἔσχατοι	A-NPM-S	A-NPM-S	2078	ἔσχατος	ἔσχατοι	
Matt 19:30	πρῶτοι.	A-NPM-S	A-NPM-S	4413	πρῶτος	πρῶτοι	
Matt 20:1	Ὁμοία	A-NSF	A-NSF	3664	ὅμοιος	Ὁμοία	
Matt 20:1	γάρ	CONJ	CONJ	1063	γάρ	γάρ	
Matt 20:1	ἐστιν	V-PAI-3S	V-PAI-3S	1510&5719	εἰμί	ἐστιν	
Matt 20:1	ἡ	T-NSF	T-NSF	3588	ὁ	ἡ	
Matt 20:1	βασιλεία	N-NSF	N-NSF	932	βασιλεία	βασιλεία	
Matt 20:1	τῶν	T-GPM	T-GPM	3588	ὁ	τῶν	
Matt 20:1	οὐρανῶν	N-GPM	N-GPM	3772	οὐρανός	οὐρανῶν	
Matt 20:1	ἀνθρώπῳ	N-DSM	N-DSM	444	ἄνθρωπος	ἀνθρώπῳ	
Matt 20:1	οἰκοδεσπότῃ,	N-DSM	N-DSM	3617	οἰκοδεσπότης	οἰκοδεσπότῃ	
Matt 20:1	ὅστις	R-NSM	R-NSM	3748	ὅστις	ὅστις	
Matt 20:1	ἐξῆλθεν	V-2AAI-3S	V-2AAI-3S	1831&5627	ἐξέρχομαι	ἐξῆλθεν	
Matt 20:1	ἅμα	ADV	ADV	260	ἅμα	ἅμα	
Matt 20:1	πρωῒ	ADV	ADV	4404	πρωΐ	πρωΐ	
Matt 20:1	μισθώσασθαι	V-AMN	V-AMN	3409&5670	μισθόω	μισθώσασθαι	
Matt 20:1	ἐργάτας	N-APM	N-APM	2040	ἐργάτης	ἐργάτας	
Matt 20:1	εἰς	PREP	PREP	1519	εἰς	εἰς	
Matt 20:1	τὸν	T-ASM	T-ASM	3588	ὁ	τόν	
Matt 20:1	ἀμπελῶνα	N-ASM	N-ASM	290	ἀμπελών	ἀμπελῶνα	
Matt 20:1	αὐτοῦ.	P-GSM	P-GSM	846	αὐτός	αὐτοῦ	
Matt 20:2	συμφωνήσας	V-AAP-NSM	V-AAP-NSM	4856&5660	συμφωνέω	συμφωνήσας	
Matt 20:2	δὲ	CONJ	CONJ	1161	δέ	δέ	
Matt 20:2	μετὰ	PREP	PREP	3326	μετά	μετά	
Matt 20:2	τῶν	T-GPM	T-GPM	3588	ὁ	τῶν	
Matt 20:2	ἐργατῶν	N-GPM	N-GPM	2040	ἐργάτης	ἐργατῶν	
Matt 20:2	ἐκ	PREP	PREP	1537	ἐκ	ἐκ	
Matt 20:2	δηναρίου	N-GSN	N-GSN	1220	δηνάριον	δηναρίου	
Matt 20:2	τὴν	T-ASF	T-ASF	3588	ὁ	τήν	
Matt 20:2	ἡμέραν	N-ASF	N-ASF	2250	ἡμέρα	ἡμέραν	
Matt 20:2	ἀπέστειλεν	V-AAI-3S	V-AAI-3S	649&5656	ἀποστέλλω	ἀπέστειλεν	
Matt 20:2	αὐτοὺς	P-APM	P-APM	846	αὐτός	αὐτούς	
Matt 20:2	εἰς	PREP	PREP	1519	εἰς	εἰς	
Matt 20:2	τὸν	T-ASM	T-ASM	3588	ὁ	τόν	
Matt 20:2	ἀμπελῶνα	N-ASM	N-ASM	290	ἀμπελών	ἀμπελῶνα	
Matt 20:2	αὐτοῦ.	P-GSM	P-GSM	846	αὐτός	αὐτοῦ	
Matt 20:3	καὶ	CONJ	CONJ	2532	καί	καί	
Matt 20:3	ἐξελθὼν	V-2AAP-NSM	V-2AAP-NSM	1831&5631	ἐξέρχομαι	ἐξελθών	
Matt 20:3	περὶ	PREP	PREP	4012	περί	περί	
Matt 20:3	τρίτην	A-ASF	A-ASF	5154	τρίτος	τρίτην	
Matt 20:3	ὥραν	N-ASF	N-ASF	5610	ὥρα	ὥραν	
Matt 20:3	εἶδεν	V-2AAI-3S	V-2AAI-3S	3708&5627	ὁράω	εἶδεν	
Matt 20:3	ἄλλους	A-APM	A-APM	243	ἄλλος	ἄλλους	
Matt 20:3	ἑστῶτας	V-RAP-APM	V-RAP-APM	2476&5761	ἵστημι	ἑστῶτας	
Matt 20:3	ἐν	PREP	PREP	1722	ἐν	ἐν	
Matt 20:3	τῇ	T-DSF	T-DSF	3588	ὁ	τῇ	
Matt 20:3	ἀγορᾷ	N-DSF	N-DSF	58	ἀγορά	ἀγορᾷ	
Matt 20:3	ἀργούς,	A-APM	A-APM	692	ἀργός	ἀργούς	
Matt 20:4	καὶ	CONJ	CONJ	2532	καί	καί	
Matt 20:4	ἐκείνοις	D-DPM	D-DPM	1565	ἐκεῖνος	ἐκείνοις	
Matt 20:4	εἶπεν	V-2AAI-3S	V-2AAI-3S	3004&5627	λέγω	εἶπεν	
Matt 20:4	Ὑπάγετε	V-PAM-2P	V-PAM-2P	5217&5720	ὑπάγω	Ὑπάγετε	
Matt 20:4	καὶ	CONJ	CONJ	2532	καί	καί	
Matt 20:4	ὑμεῖς	P-2NP	P-2NP	4771	σύ	ὑμεῖς	
Matt 20:4	εἰς	PREP	PREP	1519	εἰς	εἰς	
Matt 20:4	τὸν	T-ASM	T-ASM	3588	ὁ	τόν	
Matt 20:4	ἀμπελῶνα,	N-ASM	N-ASM	290	ἀμπελών	ἀμπελῶνα	
Matt 20:4	καὶ	CONJ	CONJ	2532	καί	καί	
Matt 20:4	ὃ	R-NSN	R-NSN	3739	ὅς	ὅ	
Matt 20:4	ἐὰν	COND	COND	1437	ἐάν	ἐάν	
Matt 20:4	ᾖ	V-PAS-3S	V-PAS-3S	1510&5725	εἰμί	ᾖ	
Matt 20:4	δίκαιον	A-NSN	A-NSN	1342	δίκαιος	δίκαιον	
Matt 20:4	δώσω	V-FAI-1S	V-FAI-1S	1325&5692	δίδωμι	δώσω	
Matt 20:4	ὑμῖν.	P-2DP	P-2DP	4771	σύ	ὑμῖν	
Matt 20:5	οἱ	T-NPM	T-NPM	3588	ὁ	οἱ	
Matt 20:5	δὲ	CONJ	CONJ	1161	δέ	δέ	
Matt 20:5	ἀπῆλθον.	V-2AAI-3P	V-2AAI-3P	565&5627	ἀπέρχομαι	ἀπῆλθον	
Matt 20:5	πάλιν	ADV	ADV	3825	πάλιν	πάλιν	
Matt 20:5	δὲ	CONJ	CONJ	1161	δέ	δέ	
Matt 20:5	ἐξελθὼν	V-2AAP-NSM	V-2AAP-NSM	1831&5631	ἐξέρχομαι	ἐξελθών	
Matt 20:5	περὶ	PREP	PREP	4012	περί	περί	
Matt 20:5	ἕκτην	A-ASF	A-ASF	1623	ἕκτος	ἕκτην	
Matt 20:5	καὶ	CONJ	CONJ	2532	καί	καί	
Matt 20:5	ἐνάτην	A-ASF	A-ASF	1766	ἔνατος	ἐνάτην	
Matt 20:5	ὥραν	N-ASF	N-ASF	5610	ὥρα	ὥραν	
Matt 20:5	ἐποίησεν	V-AAI-3S	V-AAI-3S	4160&5656	ποιέω	ἐποίησεν	
Matt 20:5	ὡσαύτως.	ADV	ADV	5615	ὡσαύτως	ὡσαύτως	
Matt 20:6	περὶ	PREP	PREP	4012	περί	περί	
Matt 20:6	δὲ	CONJ	CONJ	1161	δέ	δέ	
Matt 20:6	τὴν	T-ASF	T-ASF	3588	ὁ	τήν	
Matt 20:6	ἑνδεκάτην	A-ASF	A-ASF	1734	ἑνδέκατος	ἑνδεκάτην	
Matt 20:6	ἐξελθὼν	V-2AAP-NSM	V-2AAP-NSM	1831&5631	ἐξέρχομαι	ἐξελθών	
Matt 20:6	εὗρεν	V-2AAI-3S	V-2AAI-3S	2147&5627	εὑρίσκω	εὗρεν	
Matt 20:6	ἄλλους	A-APM	A-APM	243	ἄλλος	ἄλλους	
Matt 20:6	ἑστῶτας,	V-RAP-APM	V-RAP-APM	2476&5761	ἵστημι	ἑστῶτας	
Matt 20:6	καὶ	CONJ	CONJ	2532	καί	καί	
Matt 20:6	λέγει	V-PAI-3S	V-PAI-3S	3004&5719	λέγω	λέγει	
Matt 20:6	αὐτοῖς	P-DPM	P-DPM	846	αὐτός	αὐτοῖς	
Matt 20:6	Τί	I-ASN	I-ASN	5101	τίς	Τί	
Matt 20:6	ὧδε	ADV	ADV	5602	ὧδε	ὧδε	
Matt 20:6	ἑστήκατε	V-RAI-2P	V-RAI-2P	2476&5758	ἵστημι	ἑστήκατε	
Matt 20:6	ὅλην	A-ASF	A-ASF	3650	ὅλος	ὅλην	
Matt 20:6	τὴν	T-ASF	T-ASF	3588	ὁ	τήν	
Matt 20:6	ἡμέραν	N-ASF	N-ASF	2250	ἡμέρα	ἡμέραν	
Matt 20:6	ἀργοί;	A-NPM	A-NPM	692	ἀργός	ἀργοί	
Matt 20:7	λέγουσιν	V-PAI-3P	V-PAI-3P	3004&5719	λέγω	λέγουσιν	
Matt 20:7	αὐτῷ	P-DSM	P-DSM	846	αὐτός	αὐτῷ	
Matt 20:7	Ὅτι	CONJ	CONJ	3754	ὅτι	Ὅτι	
Matt 20:7	οὐδεὶς	A-NSM-N	A-NSM-N	3762	οὐδείς	οὐδείς	
Matt 20:7	ἡμᾶς	P-1AP	P-1AP	1473	ἐγώ	ἡμᾶς	
Matt 20:7	ἐμισθώσατο.	V-AMI-3S	V-AMI-3S	3409&5668	μισθόω	ἐμισθώσατο	
Matt 20:7	λέγει	V-PAI-3S	V-PAI-3S	3004&5719	λέγω	λέγει	
Matt 20:7	αὐτοῖς	P-DPM	P-DPM	846	αὐτός	αὐτοῖς	
Matt 20:7	Ὑπάγετε	V-PAM-2P	V-PAM-2P	5217&5720	ὑπάγω	Ὑπάγετε	
Matt 20:7	καὶ	CONJ	CONJ	2532	καί	καί	
Matt 20:7	ὑμεῖς	P-2NP	P-2NP	4771	σύ	ὑμεῖς	
Matt 20:7	εἰς	PREP	PREP	1519	εἰς	εἰς	
Matt 20:7	τὸν	T-ASM	T-ASM	3588	ὁ	τόν	
Matt 20:7	ἀμπελῶνα.	N-ASM	N-ASM	290	ἀμπελών	ἀμπελῶνα	
Matt 20:8	ὀψίας	A-GSF	A-GSF	3798	ὄψιος	ὀψίας	
Matt 20:8	δὲ	CONJ	CONJ	1161	δέ	δέ	
Matt 20:8	γενομένης	V-2ADP-GSF	V-2ADP-GSF	1096&5637	γίνομαι	γενομένης	
Matt 20:8	λέγει	V-PAI-3S	V-PAI-3S	3004&5719	λέγω	λέγει	
Matt 20:8	ὁ	T-NSM	T-NSM	3588	ὁ	ὁ	
Matt 20:8	κύριος	N-NSM	N-NSM	2962	κύριος	κύριος	
Matt 20:8	τοῦ	T-GSM	T-GSM	3588	ὁ	τοῦ	
Matt 20:8	ἀμπελῶνος	N-GSM	N-GSM	290	ἀμπελών	ἀμπελῶνος	
Matt 20:8	τῷ	T-DSM	T-DSM	3588	ὁ	τῷ	
Matt 20:8	ἐπιτρόπῳ	N-DSM	N-DSM	2012	ἐπίτροπος	ἐπιτρόπῳ	
Matt 20:8	αὐτοῦ	P-GSM	P-GSM	846	αὐτός	αὐτοῦ	
Matt 20:8	Κάλεσον	V-AAM-2S	V-AAM-2S	2564&5657	καλέω	Κάλεσον	
Matt 20:8	τοὺς	T-APM	T-APM	3588	ὁ	τούς	
Matt 20:8	ἐργάτας	N-APM	N-APM	2040	ἐργάτης	ἐργάτας	
Matt 20:8	καὶ	CONJ	CONJ	2532	καί	καί	
Matt 20:8	ἀπόδος	V-2AAM-2S	V-2AAM-2S	591&5628	ἀποδίδωμι	ἀπόδος	
Matt 20:8	τὸν	T-ASM	T-ASM	3588	ὁ	τόν	
Matt 20:8	μισθόν,	N-ASM	N-ASM	3408	μισθός	μισθόν	
Matt 20:8	ἀρξάμενος	V-AMP-NSM	V-AMP-NSM	756&5671	ἄρχω	ἀρξάμενος	
Matt 20:8	ἀπὸ	PREP	PREP	575	ἀπό	ἀπό	
Matt 20:8	τῶν	T-GPM	T-GPM	3588	ὁ	τῶν	
Matt 20:8	ἐσχάτων	A-GPM-S	A-GPM-S	2078	ἔσχατος	ἐσχάτων	
Matt 20:8	ἕως	ADV	ADV	2193	ἕως	ἕως	
Matt 20:8	τῶν	T-GPM	T-GPM	3588	ὁ	τῶν	
Matt 20:8	πρώτων.	A-GPM-S	A-GPM-S	4413	πρῶτος	πρώτων	
Matt 20:9	ἐλθόντες	V-2AAP-NPM	V-2AAP-NPM	2064&5631	ἔρχομαι	ἐλθόντες	
Matt 20:9	δὲ	CONJ	CONJ	1161	δέ	δέ	
Matt 20:9	οἱ	T-NPM	T-NPM	3588	ὁ	οἱ	
Matt 20:9	περὶ	PREP	PREP	4012	περί	περί	
Matt 20:9	τὴν	T-ASF	T-ASF	3588	ὁ	τήν	
Matt 20:9	ἑνδεκάτην	A-ASF	A-ASF	1734	ἑνδέκατος	ἑνδεκάτην	
Matt 20:9	ὥραν	N-ASF	N-ASF	5610	ὥρα	ὥραν	
Matt 20:9	ἔλαβον	V-2AAI-3P	V-2AAI-3P	2983&5627	λαμβάνω	ἔλαβον	
Matt 20:9	ἀνὰ	PREP	PREP	303	ἀνά	ἀνά	
Matt 20:9	δηνάριον.	N-ASN	N-ASN	1220	δηνάριον	δηνάριον	
Matt 20:10	καὶ	CONJ	CONJ	2532	καί	καί	
Matt 20:10	ἐλθόντες	V-2AAP-NPM	V-2AAP-NPM	2064&5631	ἔρχομαι	ἐλθόντες	
Matt 20:10	οἱ	T-NPM	T-NPM	3588	ὁ	οἱ	
Matt 20:10	πρῶτοι	A-NPM-S	A-NPM-S	4413	πρῶτος	πρῶτοι	
Matt 20:10	ἐνόμισαν	V-AAI-3P	V-AAI-3P	3543&5656	νομίζω	ἐνόμισαν	
Matt 20:10	ὅτι	CONJ	CONJ	3754	ὅτι	ὅτι	
Matt 20:10	πλεῖον	A-ASN-C	A-ASN-C	4183	πολύς	πλεῖον	
Matt 20:10	λήμψονται·	V-FDI-3P	V-FDI-3P	2983&5695	λαμβάνω	λήμψονται	
Matt 20:10	καὶ	CONJ	CONJ	2532	καί	καί	
Matt 20:10	ἔλαβον	V-2AAI-3P	V-2AAI-3P	2983&5627	λαμβάνω	ἔλαβον	
Matt 20:10	τὸ	T-ASN	T-ASN	3588	ὁ	τό	
Matt 20:10	ἀνὰ	PREP	PREP	303	ἀνά	ἀνά	
Matt 20:10	δηνάριον	N-ASN	N-ASN	1220	δηνάριον	δηνάριον	
Matt 20:10	καὶ	CONJ	CONJ	2532	καί	καί	
Matt 20:10	αὐτοί.	P-NPM	P-NPM	846	αὐτός	αὐτοί	
Matt 20:11	λαβόντες	V-2AAP-NPM	V-2AAP-NPM	2983&5631	λαμβάνω	λαβόντες	
Matt 20:11	δὲ	CONJ	CONJ	1161	δέ	δέ	
Matt 20:11	ἐγόγγυζον	V-IAI-3P	V-IAI-3P	1111&5707	γογγύζω	ἐγόγγυζον	
Matt 20:11	κατὰ	PREP	PREP	2596	κατά	κατά	
Matt 20:11	τοῦ	T-GSM	T-GSM	3588	ὁ	τοῦ	
Matt 20:11	οἰκοδεσπότου	N-GSM	N-GSM	3617	οἰκοδεσπότης	οἰκοδεσπότου	
Matt 20:12	λέγοντες	V-PAP-NPM	V-PAP-NPM	3004&5723	λέγω	λέγοντες	
Matt 20:12	Οὗτοι	D-NPM	D-NPM	3778	οὗτος	Οὗτοι	
Matt 20:12	οἱ	T-NPM	T-NPM	3588	ὁ	οἱ	
Matt 20:12	ἔσχατοι	A-NPM-S	A-NPM-S	2078	ἔσχατος	ἔσχατοι	
Matt 20:12	μίαν	A-ASF	A-ASF	1520	εἷς	μίαν	
Matt 20:12	ὥραν	N-ASF	N-ASF	5610	ὥρα	ὥραν	
Matt 20:12	ἐποίησαν,	V-AAI-3P	V-AAI-3P	4160&5656	ποιέω	ἐποίησαν	
Matt 20:12	καὶ	CONJ	CONJ	2532	καί	καί	
Matt 20:12	ἴσους	A-APM	A-APM	2470	ἴσος	ἴσους	
Matt 20:12	αὐτοὺς	P-APM	P-APM	846	αὐτός	αὐτούς	
Matt 20:12	ἡμῖν	P-1DP	P-1DP	1473	ἐγώ	ἡμῖν	
Matt 20:12	ἐποίησας	V-AAI-2S	V-AAI-2S	4160&5656	ποιέω	ἐποίησας	
Matt 20:12	τοῖς	T-DPM	T-DPM	3588	ὁ	τοῖς	
Matt 20:12	βαστάσασι	V-AAP-DPM	V-AAP-DPM	941&5660	βαστάζω	βαστάσασι	
Matt 20:12	τὸ	T-ASN	T-ASN	3588	ὁ	τό	
Matt 20:12	βάρος	N-ASN	N-ASN	922	βάρος	βάρος	
Matt 20:12	τῆς	T-GSF	T-GSF	3588	ὁ	τῆς	
Matt 20:12	ἡμέρας	N-GSF	N-GSF	2250	ἡμέρα	ἡμέρας	
Matt 20:12	καὶ	CONJ	CONJ	2532	καί	καί	
Matt 20:12	τὸν	T-ASM	T-ASM	3588	ὁ	τόν	
Matt 20:12	καύσωνα.	N-ASM	N-ASM	2742	καύσων	καύσωνα	
Matt 20:13	ὁ	T-NSM	T-NSM	3588	ὁ	ὁ	
Matt 20:13	δὲ	CONJ	CONJ	1161	δέ	δέ	
Matt 20:13	ἀποκριθεὶς	V-AOP-NSM	V-AOP-NSM	611&5679	ἀποκρίνομαι	ἀποκριθείς	
Matt 20:13	ἑνὶ	A-DSM	A-DSM	1520	εἷς	ἑνί	
Matt 20:13	αὐτῶν	P-GPM	P-GPM	846	αὐτός	αὐτῶν	
Matt 20:13	εἶπεν	V-2AAI-3S	V-2AAI-3S	3004&5627	λέγω	εἶπεν	
Matt 20:13	Ἑταῖρε,	N-VSM	N-VSM	2083	ἑταῖρος	Ἑταῖρε	
Matt 20:13	οὐκ	PRT-N	PRT-N	3756	οὐ	οὐκ	
Matt 20:13	ἀδικῶ	V-PAI-1S	V-PAI-1S	91&5719	ἀδικέω	ἀδικῶ	
Matt 20:13	σε·	P-2AS	P-2AS	4771	σύ	σε	
Matt 20:13	οὐχὶ	PRT-I	PRT-I	3780	οὐχί	οὐχί	
Matt 20:13	δηναρίου	N-GSN	N-GSN	1220	δηνάριον	δηναρίου	
Matt 20:13	συνεφώνησάς	V-AAI-2S	V-AAI-2S	4856&5656	συμφωνέω	συνεφώνησας	
Matt 20:13	μοι;	P-1DS	P-1DS	1473	ἐγώ	μοι	
Matt 20:14	ἆρον	V-AAM-2S	V-AAM-2S	142&5657	αἴρω	ἆρον	
Matt 20:14	τὸ	T-ASN	T-ASN	3588	ὁ	τό	
Matt 20:14	σὸν	S-2SASN	S-2SASN	4674	σός	σόν	
Matt 20:14	καὶ	CONJ	CONJ	2532	καί	καί	
Matt 20:14	ὕπαγε·	V-PAM-2S	V-PAM-2S	5217&5720	ὑπάγω	ὕπαγε	
Matt 20:14	θέλω	V-PAI-1S	V-PAI-1S	2309&5719	θέλω	θέλω	
Matt 20:14	δὲ	CONJ	CONJ	1161	δέ	δέ	
Matt 20:14	τούτῳ	D-DSM	D-DSM	3778	οὗτος	τούτῳ	
Matt 20:14	τῷ	T-DSM	T-DSM	3588	ὁ	τῷ	
Matt 20:14	ἐσχάτῳ	A-DSM-S	A-DSM-S	2078	ἔσχατος	ἐσχάτῳ	
Matt 20:14	δοῦναι	V-2AAN	V-2AAN	1325&5629	δίδωμι	δοῦναι	
Matt 20:14	ὡς	ADV	ADV	5613	ὡς	ὡς	
Matt 20:14	καὶ	CONJ	CONJ	2532	καί	καί	
Matt 20:14	σοί·	P-2DS	P-2DS	4771	σύ	σοί	
Matt 20:15	οὐκ	PRT-N	PRT-N	3756	οὐ	οὐκ	
Matt 20:15	ἔξεστίν	V-PAI-3S	V-PAI-3S	1832&5719	ἔξεστι(ν)	ἔξεστιν	
Matt 20:15	μοι	P-1DS	P-1DS	1473	ἐγώ	μοι	
Matt 20:15	ὃ	R-ASN	R-ASN	3739	ὅς	ὅ	
Matt 20:15	θέλω	V-PAI-1S	V-PAI-1S	2309&5719	θέλω	θέλω	
Matt 20:15	ποιῆσαι	V-AAN	V-AAN	4160&5658	ποιέω	ποιῆσαι	
Matt 20:15	ἐν	PREP	PREP	1722	ἐν	ἐν	
Matt 20:15	τοῖς	T-DPN	T-DPN	3588	ὁ	τοῖς	
Matt 20:15	ἐμοῖς;	S-1SDPN	S-1SDPN	1699	ἐμός	ἐμοῖς	
Matt 20:15	ἢ	PRT	PRT	2228	ἤ	ἤ	
Matt 20:15	ὁ	T-NSM	T-NSM	3588	ὁ	ὁ	
Matt 20:15	ὀφθαλμός	N-NSM	N-NSM	3788	ὀφθαλμός	ὀφθαλμός	
Matt 20:15	σου	P-2GS	P-2GS	4771	σύ	σου	
Matt 20:15	πονηρός	A-NSM	A-NSM	4190	πονηρός	πονηρός	
Matt 20:15	ἐστιν	V-PAI-3S	V-PAI-3S	1510&5719	εἰμί	ἐστιν	
Matt 20:15	ὅτι	CONJ	CONJ	3754	ὅτι	ὅτι	
Matt 20:15	ἐγὼ	P-1NS	P-1NS	1473	ἐγώ	ἐγώ	
Matt 20:15	ἀγαθός	A-NSM	A-NSM	18	ἀγαθός	ἀγαθός	
Matt 20:15	εἰμι;	V-PAI-1S	V-PAI-1S	1510&5719	εἰμί	εἰμι	
Matt 20:16	Οὕτως	ADV	ADV	3779	οὕτω	Οὕτως	
Matt 20:16	ἔσονται	V-FDI-3P	V-FDI-3P	1510&5695	εἰμί	ἔσονται	
Matt 20:16	οἱ	T-NPM	T-NPM	3588	ὁ	οἱ	
Matt 20:16	ἔσχατοι	A-NPM-S	A-NPM-S	2078	ἔσχατος	ἔσχατοι	
Matt 20:16	πρῶτοι	A-NPM-S	A-NPM-S	4413	πρῶτος	πρῶτοι	
Matt 20:16	καὶ	CONJ	CONJ	2532	καί	καί	
Matt 20:16	οἱ	T-NPM	T-NPM	3588	ὁ	οἱ	
Matt 20:16	πρῶτοι	A-NPM-S	A-NPM-S	4413	πρῶτος	πρῶτοι	
Matt 20:16	ἔσχατοι.	A-NPM-S	A-NPM-S	2078	ἔσχατος	ἔσχατοι	
Matt 20:17	Μέλλων	V-PAP-NSM	V-PAP-NSM	3195&5723	μέλλω	Μέλλων	
Matt 20:17	δὲ	CONJ	CONJ	1161	δέ	δέ	
Matt 20:17	ἀναβαίνειν	V-PAN	V-PAN	305&5721	ἀναβαίνω	ἀναβαίνειν	
Matt 20:17	Ἰησοῦς	N-NSM	N-NSM	2424	Ἰησοῦς	Ἰησοῦς	
Matt 20:17	εἰς	PREP	PREP	1519	εἰς	εἰς	
Matt 20:17	Ἱεροσόλυμα	N-APN	N-APN	2414	Ἱεροσόλυμα	Ἱεροσόλυμα	
Matt 20:17	παρέλαβεν	V-2AAI-3S	V-2AAI-3S	3880&5627	παραλαμβάνω	παρέλαβεν	
Matt 20:17	τοὺς	T-APM	T-APM	3588	ὁ	τούς	
Matt 20:17	δώδεκα	A-NUI	A-NUI	1427	δώδεκα	δώδεκα	
Matt 20:17	κατ’	PREP	PREP	2596	κατά	κατ’	
Matt 20:17	ἰδίαν,	A-ASF	A-ASF	2398	ἴδιος	ἰδίαν	
Matt 20:17	καὶ	CONJ	CONJ	2532	καί	καί	
Matt 20:17	ἐν	PREP	PREP	1722	ἐν	ἐν	
Matt 20:17	τῇ	T-DSF	T-DSF	3588	ὁ	τῇ	
Matt 20:17	ὁδῷ	N-DSF	N-DSF	3598	ὁδός	ὁδῷ	
Matt 20:17	εἶπεν	V-2AAI-3S	V-2AAI-3S	3004&5627	λέγω	εἶπεν	
Matt 20:17	αὐτοῖς	P-DPM	P-DPM	846	αὐτός	αὐτοῖς	
Matt 20:18	Ἰδοὺ	V-2AMM-2S	V-2AMM-2S	3708&5640	ὁράω	Ἰδού	
Matt 20:18	ἀναβαίνομεν	V-PAI-1P	V-PAI-1P	305&5719	ἀναβαίνω	ἀναβαίνομεν	
Matt 20:18	εἰς	PREP	PREP	1519	εἰς	εἰς	
Matt 20:18	Ἱεροσόλυμα,	N-APN	N-APN	2414	Ἱεροσόλυμα	Ἱεροσόλυμα	
Matt 20:18	καὶ	CONJ	CONJ	2532	καί	καί	
Matt 20:18	ὁ	T-NSM	T-NSM	3588	ὁ	ὁ	
Matt 20:18	Υἱὸς	N-NSM	N-NSM	5207	υἱός	Υἱός	
Matt 20:18	τοῦ	T-GSM	T-GSM	3588	ὁ	τοῦ	
Matt 20:18	ἀνθρώπου	N-GSM	N-GSM	444	ἄνθρωπος	ἀνθρώπου	
Matt 20:18	παραδοθήσεται	V-FPI-3S	V-FPI-3S	3860&5701	παραδίδωμι	παραδοθήσεται	
Matt 20:18	τοῖς	T-DPM	T-DPM	3588	ὁ	τοῖς	
Matt 20:18	ἀρχιερεῦσιν	N-DPM	N-DPM	749	ἀρχιερεύς	ἀρχιερεῦσιν	
Matt 20:18	καὶ	CONJ	CONJ	2532	καί	καί	
Matt 20:18	γραμματεῦσιν,	N-DPM	N-DPM	1122	γραμματεύς	γραμματεῦσιν	
Matt 20:18	καὶ	CONJ	CONJ	2532	καί	καί	
Matt 20:18	κατακρινοῦσιν	V-FAI-3P	V-FAI-3P	2632&5692	κατακρίνω	κατακρινοῦσιν	
Matt 20:18	αὐτὸν	P-ASM	P-ASM	846	αὐτός	αὐτόν	
Matt 20:18	εἰς	PREP	PREP	1519	εἰς	εἰς	
Matt 20:18	θάνατον,	N-ASM	N-ASM	2288	θάνατος	θάνατον	
Matt 20:19	καὶ	CONJ	CONJ	2532	καί	καί	
Matt 20:19	παραδώσουσιν	V-FAI-3P	V-FAI-3P	3860&5692	παραδίδωμι	παραδώσουσιν	
Matt 20:19	αὐτὸν	P-ASM	P-ASM	846	αὐτός	αὐτόν	
Matt 20:19	τοῖς	T-DPN	T-DPN	3588	ὁ	τοῖς	
Matt 20:19	ἔθνεσιν	N-DPN	N-DPN	1484	ἔθνος	ἔθνεσιν	
Matt 20:19	εἰς	PREP	PREP	1519	εἰς	εἰς	
Matt 20:19	τὸ	T-ASN	T-ASN	3588	ὁ	τό	
Matt 20:19	ἐμπαῖξαι	V-AAN	V-AAN	1702&5658	ἐμπαίζω	ἐμπαῖξαι	
Matt 20:19	καὶ	CONJ	CONJ	2532	καί	καί	
Matt 20:19	μαστιγῶσαι	V-AAN	V-AAN	3146&5658	μαστιγόω	μαστιγῶσαι	
Matt 20:19	καὶ	CONJ	CONJ	2532	καί	καί	
Matt 20:19	σταυρῶσαι,	V-AAN	V-AAN	4717&5658	σταυρόω	σταυρῶσαι	
Matt 20:19	καὶ	CONJ	CONJ	2532	καί	καί	
Matt 20:19	τῇ	T-DSF	T-DSF	3588	ὁ	τῇ	
Matt 20:19	τρίτῃ	A-DSF	A-DSF	5154	τρίτος	τρίτῃ	
Matt 20:19	ἡμέρᾳ	N-DSF	N-DSF	2250	ἡμέρα	ἡμέρᾳ	
Matt 20:19	ἐγερθήσεται.	V-FPI-3S	V-FPI-3S	1453&5701	ἐγείρω	ἐγερθήσεται	
Matt 20:20	Τότε	ADV	ADV	5119	τότε	Τότε	
Matt 20:20	προσῆλθεν	V-2AAI-3S	V-2AAI-3S	4334&5627	προσέρχομαι	προσῆλθεν	
Matt 20:20	αὐτῷ	P-DSM	P-DSM	846	αὐτός	αὐτῷ	
Matt 20:20	ἡ	T-NSF	T-NSF	3588	ὁ	ἡ	
Matt 20:20	μήτηρ	N-NSF	N-NSF	3384	μήτηρ	μήτηρ	
Matt 20:20	τῶν	T-GPM	T-GPM	3588	ὁ	τῶν	
Matt 20:20	υἱῶν	N-GPM	N-GPM	5207	υἱός	υἱῶν	
Matt 20:20	Ζεβεδαίου	N-GSM	N-GSM	2199	Ζεβεδαῖος	Ζεβεδαίου	
Matt 20:20	μετὰ	PREP	PREP	3326	μετά	μετά	
Matt 20:20	τῶν	T-GPM	T-GPM	3588	ὁ	τῶν	
Matt 20:20	υἱῶν	N-GPM	N-GPM	5207	υἱός	υἱῶν	
Matt 20:20	αὐτῆς	P-GSF	P-GSF	846	αὐτός	αὐτῆς	
Matt 20:20	προσκυνοῦσα	V-PAP-NSF	V-PAP-NSF	4352&5723	προσκυνέω	προσκυνοῦσα	
Matt 20:20	καὶ	CONJ	CONJ	2532	καί	καί	
Matt 20:20	αἰτοῦσά	V-PAP-NSF	V-PAP-NSF	154&5723	αἰτέω	αἰτοῦσα	
Matt 20:20	τι	X-ASN	X-ASN	5100	τὶς	τι	
Matt 20:20	ἀπ’	PREP	PREP	575	ἀπό	ἀπ’	
Matt 20:20	αὐτοῦ.	P-GSM	P-GSM	846	αὐτός	αὐτοῦ	
Matt 20:21	ὁ	T-NSM	T-NSM	3588	ὁ	ὁ	
Matt 20:21	δὲ	CONJ	CONJ	1161	δέ	δέ	
Matt 20:21	εἶπεν	V-2AAI-3S	V-2AAI-3S	3004&5627	λέγω	εἶπεν	
Matt 20:21	αὐτῇ	P-DSF	P-DSF	846	αὐτός	αὐτῇ	
Matt 20:21	Τί	I-ASN	I-ASN	5101	τίς	Τί	
Matt 20:21	θέλεις;	V-PAI-2S	V-PAI-2S	2309&5719	θέλω	θέλεις	
Matt 20:21	λέγει	V-PAI-3S	V-PAI-3S	3004&5719	λέγω	λέγει	
Matt 20:21	αὐτῷ	P-DSM	P-DSM	846	αὐτός	αὐτῷ	
Matt 20:21	Εἰπὲ	V-2AAM-2S	V-2AAM-2S	3004&5628	λέγω	Εἰπέ	
Matt 20:21	ἵνα	CONJ	CONJ	2443	ἵνα	ἵνα	
Matt 20:21	καθίσωσιν	V-AAS-3P	V-AAS-3P	2523&5661	καθίζω	καθίσωσιν	
Matt 20:21	οὗτοι	D-NPM	D-NPM	3778	οὗτος	οὗτοι	
Matt 20:21	οἱ	T-NPM	T-NPM	3588	ὁ	οἱ	
Matt 20:21	δύο	A-NUI	A-NUI	1417	δύο	δύο	
Matt 20:21	υἱοί	N-NPM	N-NPM	5207	υἱός	υἱοί	
Matt 20:21	μου	P-1GS	P-1GS	1473	ἐγώ	μου	
Matt 20:21	εἷς	A-NSM	A-NSM	1520	εἷς	εἷς	
Matt 20:21	ἐκ	PREP	PREP	1537	ἐκ	ἐκ	
Matt 20:21	δεξιῶν	A-GPN	A-GPN	1188	δεξιός	δεξιῶν	
Matt 20:21	καὶ	CONJ	CONJ	2532	καί	καί	
Matt 20:21	εἷς	A-NSM	A-NSM	1520	εἷς	εἷς	
Matt 20:21	ἐξ	PREP	PREP	1537	ἐκ	ἐξ	
Matt 20:21	εὐωνύμων	A-GPN	A-GPN	2176	εὐώνυμος	εὐωνύμων	
Matt 20:21	σου	P-2GS	P-2GS	4771	σύ	σου	
Matt 20:21	ἐν	PREP	PREP	1722	ἐν	ἐν	
Matt 20:21	τῇ	T-DSF	T-DSF	3588	ὁ	τῇ	
Matt 20:21	βασιλείᾳ	N-DSF	N-DSF	932	βασιλεία	βασιλείᾳ	
Matt 20:21	σου.	P-2GS	P-2GS	4771	σύ	σου	
Matt 20:22	ἀποκριθεὶς	V-AOP-NSM	V-AOP-NSM	611&5679	ἀποκρίνομαι	ἀποκριθείς	
Matt 20:22	δὲ	CONJ	CONJ	1161	δέ	δέ	
Matt 20:22	ὁ	T-NSM	T-NSM	3588	ὁ	ὁ	
Matt 20:22	Ἰησοῦς	N-NSM	N-NSM	2424	Ἰησοῦς	Ἰησοῦς	
Matt 20:22	εἶπεν	V-2AAI-3S	V-2AAI-3S	3004&5627	λέγω	εἶπεν	
Matt 20:22	Οὐκ	PRT-N	PRT-N	3756	οὐ	Οὐκ	
Matt 20:22	οἴδατε	V-RAI-2P	V-RAI-2P	1492&5758	οἶδα	οἴδατε	
Matt 20:22	τί	I-ASN	I-ASN	5101	τίς	τί	
Matt 20:22	αἰτεῖσθε.	V-PMI-2P	V-PEI-2P	154&5731	αἰτέω	αἰτεῖσθε	
Matt 20:22	δύνασθε	V-PNI-2P	V-PNI-2P	1410&5736	δύναμαι	δύνασθε	
Matt 20:22	πιεῖν	V-2AAN	V-2AAN	4095&5629	πίνω	πιεῖν	
Matt 20:22	τὸ	T-ASN	T-ASN	3588	ὁ	τό	
Matt 20:22	ποτήριον	N-ASN	N-ASN	4221	ποτήριον	ποτήριον	
Matt 20:22	ὃ	R-ASN	R-ASN	3739	ὅς	ὅ	
Matt 20:22	ἐγὼ	P-1NS	P-1NS	1473	ἐγώ	ἐγώ	
Matt 20:22	μέλλω	V-PAI-1S	V-PAI-1S	3195&5719	μέλλω	μέλλω	
Matt 20:22	πίνειν;	V-PAN	V-PAN	4095&5721	πίνω	πίνειν	
Matt 20:22	λέγουσιν	V-PAI-3P	V-PAI-3P	3004&5719	λέγω	λέγουσιν	
Matt 20:22	αὐτῷ	P-DSM	P-DSM	846	αὐτός	αὐτῷ	
Matt 20:22	Δυνάμεθα.	V-PNI-1P	V-PNI-1P	1410&5736	δύναμαι	Δυνάμεθα	
Matt 20:23	λέγει	V-PAI-3S	V-PAI-3S	3004&5719	λέγω	λέγει	
Matt 20:23	αὐτοῖς	P-DPM	P-DPM	846	αὐτός	αὐτοῖς	
Matt 20:23	Τὸ	T-ASN	T-ASN	3588	ὁ	Τό	
Matt 20:23	μὲν	PRT	PRT	3303	μέν	μέν	
Matt 20:23	ποτήριόν	N-ASN	N-ASN	4221	ποτήριον	ποτήριον	
Matt 20:23	μου	P-1GS	P-1GS	1473	ἐγώ	μου	
Matt 20:23	πίεσθε,	V-FDI-2P	V-FDI-2P	4095&5695	πίνω	πίεσθε	
Matt 20:23	τὸ	T-NSN	T-NSN	3588	ὁ	τό	
Matt 20:23	δὲ	CONJ	CONJ	1161	δέ	δέ	
Matt 20:23	καθίσαι	V-AAN	V-AAN	2523&5658	καθίζω	καθίσαι	
Matt 20:23	ἐκ	PREP	PREP	1537	ἐκ	ἐκ	
Matt 20:23	δεξιῶν	A-GPN	A-GPN	1188	δεξιός	δεξιῶν	
Matt 20:23	μου	P-1GS	P-1GS	1473	ἐγώ	μου	
Matt 20:23	καὶ	CONJ	CONJ	2532	καί	καί	
Matt 20:23	ἐξ	PREP	PREP	1537	ἐκ	ἐξ	
Matt 20:23	εὐωνύμων	A-GPN	A-GPN	2176	εὐώνυμος	εὐωνύμων	
Matt 20:23	οὐκ	PRT-N	PRT-N	3756	οὐ	οὐκ	
Matt 20:23	ἔστιν	V-PAI-3S	V-PAI-3S	1510&5719	εἰμί	ἔστιν	
Matt 20:23	ἐμὸν	S-1SNSN	S-1SNSN	1699	ἐμός	ἐμόν	
Matt 20:23	τοῦτο	D-ASN	D-ASN	3778	οὗτος	τοῦτο	
Matt 20:23	δοῦναι,	V-2AAN	V-2AAN	1325&5629	δίδωμι	δοῦναι	
Matt 20:23	ἀλλ’	CONJ	CONJ	235	ἀλλά	ἀλλ’	
Matt 20:23	οἷς	R-DPM	R-DPM	3739	ὅς	οἷς	
Matt 20:23	ἡτοίμασται	V-RPI-3S	V-RPI-3S	2090&5769	ἑτοιμάζω	ἡτοίμασται	
Matt 20:23	ὑπὸ	PREP	PREP	5259	ὑπό	ὑπό	
Matt 20:23	τοῦ	T-GSM	T-GSM	3588	ὁ	τοῦ	
Matt 20:23	Πατρός	N-GSM	N-GSM	3962	πατήρ	Πατρός	
Matt 20:23	μου.	P-1GS	P-1GS	1473	ἐγώ	μου	
Matt 20:24	καὶ	CONJ	CONJ	2532	καί	καί	
Matt 20:24	ἀκούσαντες	V-AAP-NPM	V-AAP-NPM	191&5660	ἀκούω	ἀκούσαντες	
Matt 20:24	οἱ	T-NPM	T-NPM	3588	ὁ	οἱ	
Matt 20:24	δέκα	A-NUI	A-NUI	1176	δέκα	δέκα	
Matt 20:24	ἠγανάκτησαν	V-AAI-3P	V-AAI-3P	23&5656	ἀγανακτέω	ἠγανάκτησαν	
Matt 20:24	περὶ	PREP	PREP	4012	περί	περί	
Matt 20:24	τῶν	T-GPM	T-GPM	3588	ὁ	τῶν	
Matt 20:24	δύο	A-NUI	A-NUI	1417	δύο	δύο	
Matt 20:24	ἀδελφῶν.	N-GPM	N-GPM	80	ἀδελφός	ἀδελφῶν	
Matt 20:25	ὁ	T-NSM	T-NSM	3588	ὁ	ὁ	
Matt 20:25	δὲ	CONJ	CONJ	1161	δέ	δέ	
Matt 20:25	Ἰησοῦς	N-NSM	N-NSM	2424	Ἰησοῦς	Ἰησοῦς	
Matt 20:25	προσκαλεσάμενος	V-ADP-NSM	V-ADP-NSM	4341&5666	προσκαλέω	προσκαλεσάμενος	
Matt 20:25	αὐτοὺς	P-APM	P-APM	846	αὐτός	αὐτούς	
Matt 20:25	εἶπεν	V-2AAI-3S	V-2AAI-3S	3004&5627	λέγω	εἶπεν	
Matt 20:25	Οἴδατε	V-RAI-2P	V-RAI-2P	1492&5758	οἶδα	Οἴδατε	
Matt 20:25	ὅτι	CONJ	CONJ	3754	ὅτι	ὅτι	
Matt 20:25	οἱ	T-NPM	T-NPM	3588	ὁ	οἱ	
Matt 20:25	ἄρχοντες	N-NPM	N-NPM	758	ἄρχων	ἄρχοντες	
Matt 20:25	τῶν	T-GPN	T-GPN	3588	ὁ	τῶν	
Matt 20:25	ἐθνῶν	N-GPN	N-GPN	1484	ἔθνος	ἐθνῶν	
Matt 20:25	κατακυριεύουσιν	V-PAI-3P	V-PAI-3P	2634&5719	κατακυριεύω	κατακυριεύουσιν	
Matt 20:25	αὐτῶν	P-GPN	P-GPN	846	αὐτός	αὐτῶν	
Matt 20:25	καὶ	CONJ	CONJ	2532	καί	καί	
Matt 20:25	οἱ	T-NPM	T-NPM	3588	ὁ	οἱ	
Matt 20:25	μεγάλοι	A-NPM	A-NPM	3173	μέγας	μεγάλοι	
Matt 20:25	κατεξουσιάζουσιν	V-PAI-3P	V-PAI-3P	2715&5719	κατεξουσιάζω	κατεξουσιάζουσιν	
Matt 20:25	αὐτῶν.	P-GPN	P-GPN	846	αὐτός	αὐτῶν	
Matt 20:26	οὐχ	PRT-N	PRT-N	3756	οὐ	οὐχ	
Matt 20:26	οὕτως	ADV	ADV	3779	οὕτω	οὕτως	
Matt 20:26	ἐστὶν	V-PAI-3S	V-PAI-3S	1510&5719	εἰμί	ἐστίν	
Matt 20:26	ἐν	PREP	PREP	1722	ἐν	ἐν	
Matt 20:26	ὑμῖν·	P-2DP	P-2DP	4771	σύ	ὑμῖν	
Matt 20:26	ἀλλ’	CONJ	CONJ	235	ἀλλά	ἀλλ’	
Matt 20:26	ὃς	R-NSM	R-NSM	3739	ὅς	ὅς	
Matt 20:26	ἐὰν	COND	COND	1437	ἐάν	ἐάν	
Matt 20:26	θέλῃ	V-PAS-3S	V-PAS-3S	2309&5725	θέλω	θέλῃ	
Matt 20:26	ἐν	PREP	PREP	1722	ἐν	ἐν	
Matt 20:26	ὑμῖν	P-2DP	P-2DP	4771	σύ	ὑμῖν	
Matt 20:26	μέγας	A-NSM	A-NSM	3173	μέγας	μέγας	
Matt 20:26	γενέσθαι,	V-2ADN	V-2ADN	1096&5635	γίνομαι	γενέσθαι	
Matt 20:26	ἔσται	V-FDI-3S	V-FDI-3S	1510&5695	εἰμί	ἔσται	
Matt 20:26	ὑμῶν	P-2GP	P-2GP	4771	σύ	ὑμῶν	
Matt 20:26	διάκονος,	N-NSM	N-NSM	1249	διάκονος	διάκονος	
Matt 20:27	καὶ	CONJ	CONJ	2532	καί	καί	
Matt 20:27	ὃς	R-NSM	R-NSM	3739	ὅς	ὅς	
Matt 20:27	ἂν	PRT	PRT	302	ἄν	ἄν	
Matt 20:27	θέλῃ	V-PAS-3S	V-PAS-3S	2309&5725	θέλω	θέλῃ	
Matt 20:27	ἐν	PREP	PREP	1722	ἐν	ἐν	
Matt 20:27	ὑμῖν	P-2DP	P-2DP	4771	σύ	ὑμῖν	
Matt 20:27	εἶναι	V-PAN	V-PAN	1510&5721	εἰμί	εἶναι	
Matt 20:27	πρῶτος,	A-NSM-S	A-NSM-S	4413	πρῶτος	πρῶτος	
Matt 20:27	ἔσται	V-FDI-3S	V-FDI-3S	1510&5695	εἰμί	ἔσται	
Matt 20:27	ὑμῶν	P-2GP	P-2GP	4771	σύ	ὑμῶν	
Matt 20:27	δοῦλος·	N-NSM	N-NSM	1401	δοῦλος (II)	δοῦλος	
Matt 20:28	ὥσπερ	ADV	ADV	5618	ὥσπερ	ὥσπερ	
Matt 20:28	ὁ	T-NSM	T-NSM	3588	ὁ	ὁ	
Matt 20:28	Υἱὸς	N-NSM	N-NSM	5207	υἱός	Υἱός	
Matt 20:28	τοῦ	T-GSM	T-GSM	3588	ὁ	τοῦ	
Matt 20:28	ἀνθρώπου	N-GSM	N-GSM	444	ἄνθρωπος	ἀνθρώπου	
Matt 20:28	οὐκ	PRT-N	PRT-N	3756	οὐ	οὐκ	
Matt 20:28	ἦλθεν	V-2AAI-3S	V-2AAI-3S	2064&5627	ἔρχομαι	ἦλθεν	
Matt 20:28	διακονηθῆναι,	V-APN	V-APN	1247&5683	διακονέω	διακονηθῆναι	
Matt 20:28	ἀλλὰ	CONJ	CONJ	235	ἀλλά	ἀλλά	
Matt 20:28	διακονῆσαι	V-AAN	V-AAN	1247&5658	διακονέω	διακονῆσαι	
Matt 20:28	καὶ	CONJ	CONJ	2532	καί	καί	
Matt 20:28	δοῦναι	V-2AAN	V-2AAN	1325&5629	δίδωμι	δοῦναι	
Matt 20:28	τὴν	T-ASF	T-ASF	3588	ὁ	τήν	
Matt 20:28	ψυχὴν	N-ASF	N-ASF	5590	ψυχή	ψυχήν	
Matt 20:28	αὐτοῦ	P-GSM	P-GSM	846	αὐτός	αὐτοῦ	
Matt 20:28	λύτρον	N-ASN	N-ASN	3083	λύτρον	λύτρον	
Matt 20:28	ἀντὶ	PREP	PREP	473	ἀντί	ἀντί	
Matt 20:28	πολλῶν.	A-GPM	A-GPM	4183	πολύς	πολλῶν	
Matt 20:29	Καὶ	CONJ	CONJ	2532	καί	Καί	
Matt 20:29	ἐκπορευομένων	V-PNP-GPM	V-PNP-GPM	1607&5740	ἐκπορεύομαι	ἐκπορευομένων	
Matt 20:29	αὐτῶν	P-GPM	P-GPM	846	αὐτός	αὐτῶν	
Matt 20:29	ἀπὸ	PREP	PREP	575	ἀπό	ἀπό	
Matt 20:29	Ἱερειχὼ	N-PRI	N-PRI	2410	Ἰεριχώ	Ἱερειχώ	
Matt 20:29	ἠκολούθησεν	V-AAI-3S	V-AAI-3S	190&5656	ἀκολουθέω	ἠκολούθησεν	
Matt 20:29	αὐτῷ	P-DSM	P-DSM	846	αὐτός	αὐτῷ	
Matt 20:29	ὄχλος	N-NSM	N-NSM	3793	ὄχλος	ὄχλος	
Matt 20:29	πολύς.	A-NSM	A-NSM	4183	πολύς	πολύς	
Matt 20:30	καὶ	CONJ	CONJ	2532	καί	καί	
Matt 20:30	ἰδοὺ	V-2AMM-2S	V-2AMM-2S	3708&5640	ὁράω	ἰδού	
Matt 20:30	δύο	A-NUI	A-NUI	1417	δύο	δύο	
Matt 20:30	τυφλοὶ	A-NPM	A-NPM	5185	τυφλός	τυφλοί	
Matt 20:30	καθήμενοι	V-PNP-NPM	V-PNP-NPM	2521&5740	κάθημαι	καθήμενοι	
Matt 20:30	παρὰ	PREP	PREP	3844	παρά	παρά	
Matt 20:30	τὴν	T-ASF	T-ASF	3588	ὁ	τήν	
Matt 20:30	ὁδόν,	N-ASF	N-ASF	3598	ὁδός	ὁδόν	
Matt 20:30	ἀκούσαντες	V-AAP-NPM	V-AAP-NPM	191&5660	ἀκούω	ἀκούσαντες	
Matt 20:30	ὅτι	CONJ	CONJ	3754	ὅτι	ὅτι	
Matt 20:30	Ἰησοῦς	N-NSM	N-NSM	2424	Ἰησοῦς	Ἰησοῦς	
Matt 20:30	παράγει,	V-PAI-3S	V-PAI-3S	3855&5719	παράγω	παράγει	
Matt 20:30	ἔκραξαν	V-AAI-3P	V-AAI-3P	2896&5656	κράζω	ἔκραξαν	
Matt 20:30	λέγοντες	V-PAP-NPM	V-PAP-NPM	3004&5723	λέγω	λέγοντες	
Matt 20:30	Κύριε,	N-VSM	N-VSM	2962	κύριος	Κύριε	
Matt 20:30	ἐλέησον	V-AAM-2S	V-AAM-2S	1653&5657	ἐλεέω	ἐλέησον	
Matt 20:30	ἡμᾶς,	P-1AP	P-1AP	1473	ἐγώ	ἡμᾶς	
Matt 20:30	υἱὸς	N-NSM	N-NSM	5207	υἱός	υἱός	
Matt 20:30	Δαυείδ.	N-PRI	N-PRI	1138	Δαυίδ	Δαυείδ	
Matt 20:31	ὁ	T-NSM	T-NSM	3588	ὁ	ὁ	
Matt 20:31	δὲ	CONJ	CONJ	1161	δέ	δέ	
Matt 20:31	ὄχλος	N-NSM	N-NSM	3793	ὄχλος	ὄχλος	
Matt 20:31	ἐπετίμησεν	V-AAI-3S	V-AAI-3S	2008&5656	ἐπιτιμάω	ἐπετίμησεν	
Matt 20:31	αὐτοῖς	P-DPM	P-DPM	846	αὐτός	αὐτοῖς	
Matt 20:31	ἵνα	CONJ	CONJ	2443	ἵνα	ἵνα	
Matt 20:31	σιωπήσωσιν·	V-AAS-3P	V-AAS-3P	4623&5661	σιωπάω	σιωπήσωσιν	
Matt 20:31	οἱ	T-NPM	T-NPM	3588	ὁ	οἱ	
Matt 20:31	δὲ	CONJ	CONJ	1161	δέ	δέ	
Matt 20:31	μεῖζον	ADV-C	ADV-C	3173	μέγας	μεῖζον	
Matt 20:31	ἔκραξαν	V-AAI-3P	V-AAI-3P	2896&5656	κράζω	ἔκραξαν	
Matt 20:31	λέγοντες	V-PAP-NPM	V-PAP-NPM	3004&5723	λέγω	λέγοντες	
Matt 20:31	Κύριε,	N-VSM	N-VSM	2962	κύριος	Κύριε	
Matt 20:31	ἐλέησον	V-AAM-2S	V-AAM-2S	1653&5657	ἐλεέω	ἐλέησον	
Matt 20:31	ἡμᾶς,	P-1AP	P-1AP	1473	ἐγώ	ἡμᾶς	
Matt 20:31	υἱὸς	N-NSM	N-NSM	5207	υἱός	υἱός	
Matt 20:31	Δαυείδ.	N-PRI	N-PRI	1138	Δαυίδ	Δαυείδ	
Matt 20:32	καὶ	CONJ	CONJ	2532	καί	καί	
Matt 20:32	στὰς	V-2AAP-NSM	V-2AAP-NSM	2476&5631	ἵστημι	στάς	
Matt 20:32	ὁ	T-NSM	T-NSM	3588	ὁ	ὁ	
Matt 20:32	Ἰησοῦς	N-NSM	N-NSM	2424	Ἰησοῦς	Ἰησοῦς	
Matt 20:32	ἐφώνησεν	V-AAI-3S	V-AAI-3S	5455&5656	φωνέω	ἐφώνησεν	
Matt 20:32	αὐτοὺς	P-APM	P-APM	846	αὐτός	αὐτούς	
Matt 20:32	καὶ	CONJ	CONJ	2532	καί	καί	
Matt 20:32	εἶπεν	V-2AAI-3S	V-2AAI-3S	3004&5627	λέγω	εἶπεν	
Matt 20:32	Τί	I-ASN	I-ASN	5101	τίς	Τί	
Matt 20:32	θέλετε	V-PAI-2P	V-PAI-2P	2309&5719	θέλω	θέλετε	
Matt 20:32	ποιήσω	V-AAS-1S	V-AAS-1S	4160&5661	ποιέω	ποιήσω	
Matt 20:32	ὑμῖν;	P-2DP	P-2DP	4771	σύ	ὑμῖν	
Matt 20:33	λέγουσιν	V-PAI-3P	V-PAI-3P	3004&5719	λέγω	λέγουσιν	
Matt 20:33	αὐτῷ	P-DSM	P-DSM	846	αὐτός	αὐτῷ	
Matt 20:33	Κύριε,	N-VSM	N-VSM	2962	κύριος	Κύριε	
Matt 20:33	ἵνα	CONJ	CONJ	2443	ἵνα	ἵνα	
Matt 20:33	ἀνοιγῶσιν	V-2APS-3P	V-2APS-3P	455&5652	ἀνοίγω	ἀνοιγῶσιν	
Matt 20:33	οἱ	T-NPM	T-NPM	3588	ὁ	οἱ	
Matt 20:33	ὀφθαλμοὶ	N-NPM	N-NPM	3788	ὀφθαλμός	ὀφθαλμοί	
Matt 20:33	ἡμῶν.	P-1GP	P-1GP	1473	ἐγώ	ἡμῶν	
Matt 20:34	σπλαγχνισθεὶς	V-AOP-NSM	V-AOP-NSM	4697&5679	σπλαγχνίζομαι	σπλαγχνισθείς	
Matt 20:34	δὲ	CONJ	CONJ	1161	δέ	δέ	
Matt 20:34	ὁ	T-NSM	T-NSM	3588	ὁ	ὁ	
Matt 20:34	Ἰησοῦς	N-NSM	N-NSM	2424	Ἰησοῦς	Ἰησοῦς	
Matt 20:34	ἥψατο	V-ADI-3S	V-ADI-3S	680&5662	ἅπτω	ἥψατο	
Matt 20:34	τῶν	T-GPN	T-GPN	3588	ὁ	τῶν	
Matt 20:34	ὀμμάτων	N-GPN	N-GPN	3659	ὄμμα	ὀμμάτων	
Matt 20:34	αὐτῶν,	P-GPM	P-GPM	846	αὐτός	αὐτῶν	
Matt 20:34	καὶ	CONJ	CONJ	2532	καί	καί	
Matt 20:34	εὐθέως	ADV	ADV	2112	εὐθέως	εὐθέως	
Matt 20:34	ἀνέβλεψαν	V-AAI-3P	V-AAI-3P	308&5656	ἀναβλέπω	ἀνέβλεψαν	
Matt 20:34	καὶ	CONJ	CONJ	2532	καί	καί	
Matt 20:34	ἠκολούθησαν	V-AAI-3P	V-AAI-3P	190&5656	ἀκολουθέω	ἠκολούθησαν	
Matt 20:34	αὐτῷ.	P-DSM	P-DSM	846	αὐτός	αὐτῷ	
Matt 21:1	Καὶ	CONJ	CONJ	2532	καί	Καί	
Matt 21:1	ὅτε	ADV	ADV	3753	ὅτε	ὅτε	
Matt 21:1	ἤγγισαν	V-AAI-3P	V-AAI-3P	1448&5656	ἐγγίζω	ἤγγισαν	
Matt 21:1	εἰς	PREP	PREP	1519	εἰς	εἰς	
Matt 21:1	Ἱεροσόλυμα	N-APN	N-APN	2414	Ἱεροσόλυμα	Ἱεροσόλυμα	
Matt 21:1	καὶ	CONJ	CONJ	2532	καί	καί	
Matt 21:1	ἦλθον	V-2AAI-3P	V-2AAI-3P	2064&5627	ἔρχομαι	ἦλθον	
Matt 21:1	εἰς	PREP	PREP	1519	εἰς	εἰς	
Matt 21:1	Βηθφαγὴ	N-PRI	N-PRI	967	Βηθφαγή	Βηθφαγή	
Matt 21:1	εἰς	PREP	PREP	1519	εἰς	εἰς	
Matt 21:1	τὸ	T-ASN	T-ASN	3588	ὁ	τό	
Matt 21:1	ὄρος	N-ASN	N-ASN	3735	ὄρος	ὄρος	
Matt 21:1	τῶν	T-GPF	T-GPF	3588	ὁ	τῶν	
Matt 21:1	Ἐλαιῶν,	N-GPF	N-GPF	1636	ἐλαία	Ἐλαιῶν	
Matt 21:1	τότε	ADV	ADV	5119	τότε	τότε	
Matt 21:1	Ἰησοῦς	N-NSM	N-NSM	2424	Ἰησοῦς	Ἰησοῦς	
Matt 21:1	ἀπέστειλεν	V-AAI-3S	V-AAI-3S	649&5656	ἀποστέλλω	ἀπέστειλεν	
Matt 21:1	δύο	A-NUI	A-NUI	1417	δύο	δύο	
Matt 21:1	μαθητὰς	N-APM	N-APM	3101	μαθητής	μαθητάς	
Matt 21:2	λέγων	V-PAP-NSM	V-PAP-NSM	3004&5723	λέγω	λέγων	
Matt 21:2	αὐτοῖς	P-DPM	P-DPM	846	αὐτός	αὐτοῖς	
Matt 21:2	Πορεύεσθε	V-PNM-2P	V-PNM-2P	4198&5737	πορεύομαι	Πορεύεσθε	
Matt 21:2	εἰς	PREP	PREP	1519	εἰς	εἰς	
Matt 21:2	τὴν	T-ASF	T-ASF	3588	ὁ	τήν	
Matt 21:2	κώμην	N-ASF	N-ASF	2968	κώμη	κώμην	
Matt 21:2	τὴν	T-ASF	T-ASF	3588	ὁ	τήν	
Matt 21:2	κατέναντι	PREP	PREP	2713	κατέναντι	κατέναντι	
Matt 21:2	ὑμῶν,	P-2GP	P-2GP	4771	σύ	ὑμῶν	
Matt 21:2	καὶ	CONJ	CONJ	2532	καί	καί	
Matt 21:2	εὐθὺς	ADV	ADV	2112	εὐθέως	εὐθύς	
Matt 21:2	εὑρήσετε	V-FAI-2P	V-FAI-2P	2147&5692	εὑρίσκω	εὑρήσετε	
Matt 21:2	ὄνον	N-ASF	N-ASF	3688	ὄνος	ὄνον	
Matt 21:2	δεδεμένην	V-RPP-ASF	V-RPP-ASF	1210&5772	δέω	δεδεμένην	
Matt 21:2	καὶ	CONJ	CONJ	2532	καί	καί	
Matt 21:2	πῶλον	N-ASM	N-ASM	4454	πῶλος	πῶλον	
Matt 21:2	μετ’	PREP	PREP	3326	μετά	μετ’	
Matt 21:2	αὐτῆς·	P-GSF	P-GSF	846	αὐτός	αὐτῆς	
Matt 21:2	λύσαντες	V-AAP-NPM	V-AAP-NPM	3089&5660	λύω	λύσαντες	
Matt 21:2	ἀγάγετέ	V-2AAM-2P	V-2AAM-2P	71&5628	ἄγω	ἀγάγετε	
Matt 21:2	μοι.	P-1DS	P-1DS	1473	ἐγώ	μοι	
Matt 21:3	καὶ	CONJ	CONJ	2532	καί	καί	
Matt 21:3	ἐάν	COND	COND	1437	ἐάν	ἐάν	
Matt 21:3	τις	X-NSM	X-NSM	5100	τὶς	τις	
Matt 21:3	ὑμῖν	P-2DP	P-2DP	4771	σύ	ὑμῖν	
Matt 21:3	εἴπῃ	V-2AAS-3S	V-2AAS-3S	3004&5632	λέγω	εἴπῃ	
Matt 21:3	τι,	X-ASN	X-ASN	5100	τὶς	τι	
Matt 21:3	ἐρεῖτε	V-FAI-2P	V-FAI-2P	2046&5692	εἶπον	ἐρεῖτε	
Matt 21:3	ὅτι	CONJ	CONJ	3754	ὅτι	ὅτι	
Matt 21:3	Ὁ	T-NSM	T-NSM	3588	ὁ	Ὁ	
Matt 21:3	Κύριος	N-NSM	N-NSM	2962	κύριος	Κύριος	
Matt 21:3	αὐτῶν	P-GPM	P-GPM	846	αὐτός	αὐτῶν	
Matt 21:3	χρείαν	N-ASF	N-ASF	5532	χρεία	χρείαν	
Matt 21:3	ἔχει·	V-PAI-3S	V-PAI-3S	2192&5719	ἔχω	ἔχει	
Matt 21:3	εὐθὺς	ADV	ADV	2112	εὐθέως	εὐθύς	
Matt 21:3	δὲ	CONJ	CONJ	1161	δέ	δέ	
Matt 21:3	ἀποστελεῖ	V-FAI-3S	V-FAI-3S	649&5692	ἀποστέλλω	ἀποστελεῖ	
Matt 21:3	αὐτούς.	P-APM	P-APM	846	αὐτός	αὐτούς	
Matt 21:4	Τοῦτο	D-NSN	D-NSN	3778	οὗτος	Τοῦτο	
Matt 21:4	δὲ	CONJ	CONJ	1161	δέ	δέ	
Matt 21:4	γέγονεν	V-2RAI-3S	V-2RAI-3S	1096&5754	γίνομαι	γέγονεν	
Matt 21:4	ἵνα	CONJ	CONJ	2443	ἵνα	ἵνα	
Matt 21:4	πληρωθῇ	V-APS-3S	V-APS-3S	4137&5686	πληρόω	πληρωθῇ	
Matt 21:4	τὸ	T-NSN	T-NSN	3588	ὁ	τό	
Matt 21:4	ῥηθὲν	V-APP-NSN	V-APP-NSN	2046&5685	εἶπον	ῥηθέν	
Matt 21:4	διὰ	PREP	PREP	1223	διά	διά	
Matt 21:4	τοῦ	T-GSM	T-GSM	3588	ὁ	τοῦ	
Matt 21:4	προφήτου	N-GSM	N-GSM	4396	προφήτης	προφήτου	
Matt 21:4	λέγοντος	V-PAP-GSM	V-PAP-GSM	3004&5723	λέγω	λέγοντος	
Matt 21:5	Εἴπατε	V-2AAM-2P	V-2AAM-2P	3004&5628	λέγω	Εἴπατε	
Matt 21:5	τῇ	T-DSF	T-DSF	3588	ὁ	τῇ	
Matt 21:5	θυγατρὶ	N-DSF	N-DSF	2364	θυγάτηρ	θυγατρί	
Matt 21:5	Σιών	N-PRI	N-PRI	4622	Σιών	Σιών	
Matt 21:5	Ἰδοὺ	V-2AMM-2S	V-2AMM-2S	3708&5640	ὁράω	Ἰδού	
Matt 21:5	ὁ	T-NSM	T-NSM	3588	ὁ	ὁ	
Matt 21:5	Βασιλεύς	N-NSM	N-NSM	935	βασιλεύς	Βασιλεύς	
Matt 21:5	σου	P-2GS	P-2GS	4771	σύ	σου	
Matt 21:5	ἔρχεταί	V-PNI-3S	V-PNI-3S	2064&5736	ἔρχομαι	ἔρχεται	
Matt 21:5	σοι	P-2DS	P-2DS	4771	σύ	σοι	
Matt 21:5	πραῢς	A-NSM	A-NSM	4239	πραΰς	πραΰς	
Matt 21:5	καὶ	CONJ	CONJ	2532	καί	καί	
Matt 21:5	ἐπιβεβηκὼς	V-RAP-NSM	V-RAP-NSM	1910&5761	ἐπιβαίνω	ἐπιβεβηκώς	
Matt 21:5	ἐπὶ	PREP	PREP	1909	ἐπί	ἐπί	
Matt 21:5	ὄνον	N-ASF	N-ASF	3688	ὄνος	ὄνον	
Matt 21:5	καὶ	CONJ	CONJ	2532	καί	καί	
Matt 21:5	ἐπὶ	PREP	PREP	1909	ἐπί	ἐπί	
Matt 21:5	πῶλον	N-ASM	N-ASM	4454	πῶλος	πῶλον	
Matt 21:5	υἱὸν	N-ASM	N-ASM	5207	υἱός	υἱόν	
Matt 21:5	ὑποζυγίου.	N-GSN	N-GSN	5268	ὑποζύγιον	ὑποζυγίου	
Matt 21:6	πορευθέντες	V-AOP-NPM	V-AOP-NPM	4198&5679	πορεύομαι	πορευθέντες	
Matt 21:6	δὲ	CONJ	CONJ	1161	δέ	δέ	
Matt 21:6	οἱ	T-NPM	T-NPM	3588	ὁ	οἱ	
Matt 21:6	μαθηταὶ	N-NPM	N-NPM	3101	μαθητής	μαθηταί	
Matt 21:6	καὶ	CONJ	CONJ	2532	καί	καί	
Matt 21:6	ποιήσαντες	V-AAP-NPM	V-AAP-NPM	4160&5660	ποιέω	ποιήσαντες	
Matt 21:6	καθὼς	ADV	ADV	2531	καθώς	καθώς	
Matt 21:6	συνέταξεν	V-AAI-3S	V-AAI-3S	4929&5656	συντάσσω	συνέταξεν	
Matt 21:6	αὐτοῖς	P-DPM	P-DPM	846	αὐτός	αὐτοῖς	
Matt 21:6	ὁ	T-NSM	T-NSM	3588	ὁ	ὁ	
Matt 21:6	Ἰησοῦς	N-NSM	N-NSM	2424	Ἰησοῦς	Ἰησοῦς	
Matt 21:7	ἤγαγον	V-2AAI-3P	V-2AAI-3P	71&5627	ἄγω	ἤγαγον	
Matt 21:7	τὴν	T-ASF	T-ASF	3588	ὁ	τήν	
Matt 21:7	ὄνον	N-ASF	N-ASF	3688	ὄνος	ὄνον	
Matt 21:7	καὶ	CONJ	CONJ	2532	καί	καί	
Matt 21:7	τὸν	T-ASM	T-ASM	3588	ὁ	τόν	
Matt 21:7	πῶλον,	N-ASM	N-ASM	4454	πῶλος	πῶλον	
Matt 21:7	καὶ	CONJ	CONJ	2532	καί	καί	
Matt 21:7	ἐπέθηκαν	V-AAI-3P	V-AAI-3P	2007&5656	ἐπιτίθημι	ἐπέθηκαν	
Matt 21:7	ἐπ’	PREP	PREP	1909	ἐπί	ἐπ’	
Matt 21:7	αὐτῶν	P-GPM	P-GPM	846	αὐτός	αὐτῶν	
Matt 21:7	τὰ	T-APN	T-APN	3588	ὁ	τά	
Matt 21:7	ἱμάτια,	N-APN	N-APN	2440	ἱμάτιον	ἱμάτια	
Matt 21:7	καὶ	CONJ	CONJ	2532	καί	καί	
Matt 21:7	ἐπεκάθισεν	V-AAI-3S	V-AAI-3S	1940&5656	ἐπικαθίζω	ἐπεκάθισεν	
Matt 21:7	ἐπάνω	ADV	ADV	1883	ἐπάνω	ἐπάνω	
Matt 21:7	αὐτῶν.	P-GPN	P-GPN	846	αὐτός	αὐτῶν	
Matt 21:8	ὁ	T-NSM	T-NSM	3588	ὁ	ὁ	
Matt 21:8	δὲ	CONJ	CONJ	1161	δέ	δέ	
Matt 21:8	πλεῖστος	A-NSM-S	A-NSM-S	4183	πολύς	πλεῖστος	
Matt 21:8	ὄχλος	N-NSM	N-NSM	3793	ὄχλος	ὄχλος	
Matt 21:8	ἔστρωσαν	V-AAI-3P	V-AAI-3P	4766&5656	στρωννύω	ἔστρωσαν	
Matt 21:8	ἑαυτῶν	F-3GPM	F-3GPM	1438	ἑαυτοῦ	ἑαυτῶν	
Matt 21:8	τὰ	T-APN	T-APN	3588	ὁ	τά	
Matt 21:8	ἱμάτια	N-APN	N-APN	2440	ἱμάτιον	ἱμάτια	
Matt 21:8	ἐν	PREP	PREP	1722	ἐν	ἐν	
Matt 21:8	τῇ	T-DSF	T-DSF	3588	ὁ	τῇ	
Matt 21:8	ὁδῷ,	N-DSF	N-DSF	3598	ὁδός	ὁδῷ	
Matt 21:8	ἄλλοι	A-NPM	A-NPM	243	ἄλλος	ἄλλοι	
Matt 21:8	δὲ	CONJ	CONJ	1161	δέ	δέ	
Matt 21:8	ἔκοπτον	V-IAI-3P	V-IAI-3P	2875&5707	κόπτω	ἔκοπτον	
Matt 21:8	κλάδους	N-APM	N-APM	2798	κλάδος	κλάδους	
Matt 21:8	ἀπὸ	PREP	PREP	575	ἀπό	ἀπό	
Matt 21:8	τῶν	T-GPN	T-GPN	3588	ὁ	τῶν	
Matt 21:8	δένδρων	N-GPN	N-GPN	1186	δένδρον	δένδρων	
Matt 21:8	καὶ	CONJ	CONJ	2532	καί	καί	
Matt 21:8	ἐστρώννυον	V-IAI-3P	V-IAI-3P	4766&5707	στρωννύω	ἐστρώννυον	
Matt 21:8	ἐν	PREP	PREP	1722	ἐν	ἐν	
Matt 21:8	τῇ	T-DSF	T-DSF	3588	ὁ	τῇ	
Matt 21:8	ὁδῷ.	N-DSF	N-DSF	3598	ὁδός	ὁδῷ	
Matt 21:9	οἱ	T-NPM	T-NPM	3588	ὁ	οἱ	
Matt 21:9	δὲ	CONJ	CONJ	1161	δέ	δέ	
Matt 21:9	ὄχλοι	N-NPM	N-NPM	3793	ὄχλος	ὄχλοι	
Matt 21:9	οἱ	T-NPM	T-NPM	3588	ὁ	οἱ	
Matt 21:9	προάγοντες	V-PAP-NPM	V-PAP-NPM	4254&5723	προάγω	προάγοντες	
Matt 21:9	αὐτὸν	P-ASM	P-ASM	846	αὐτός	αὐτόν	
Matt 21:9	καὶ	CONJ	CONJ	2532	καί	καί	
Matt 21:9	οἱ	T-NPM	T-NPM	3588	ὁ	οἱ	
Matt 21:9	ἀκολουθοῦντες	V-PAP-NPM	V-PAP-NPM	190&5723	ἀκολουθέω	ἀκολουθοῦντες	
Matt 21:9	ἔκραζον	V-IAI-3P	V-IAI-3P	2896&5707	κράζω	ἔκραζον	
Matt 21:9	λέγοντες	V-PAP-NPM	V-PAP-NPM	3004&5723	λέγω	λέγοντες	
Matt 21:9	Ὡσαννὰ	HEB	HEB	5614	ὡσαννά	Ὡσαννά	
Matt 21:9	τῷ	T-DSM	T-DSM	3588	ὁ	τῷ	
Matt 21:9	υἱῷ	N-DSM	N-DSM	5207	υἱός	υἱῷ	
Matt 21:9	Δαυείδ·	N-PRI	N-PRI	1138	Δαυίδ	Δαυείδ	
Matt 21:9	Εὐλογημένος	V-RPP-NSM	V-RPP-NSM	2127&5772	εὐλογέω	Εὐλογημένος	
Matt 21:9	ὁ	T-NSM	T-NSM	3588	ὁ	ὁ	
Matt 21:9	ἐρχόμενος	V-PNP-NSM	V-PNP-NSM	2064&5740	ἔρχομαι	ἐρχόμενος	
Matt 21:9	ἐν	PREP	PREP	1722	ἐν	ἐν	
Matt 21:9	ὀνόματι	N-DSN	N-DSN	3686	ὄνομα	ὀνόματι	
Matt 21:9	Κυρίου·	N-GSM	N-GSM	2962	κύριος	Κυρίου	
Matt 21:9	Ὡσαννὰ	HEB	HEB	5614	ὡσαννά	Ὡσαννά	
Matt 21:9	ἐν	PREP	PREP	1722	ἐν	ἐν	
Matt 21:9	τοῖς	T-DPN	T-DPN	3588	ὁ	τοῖς	
Matt 21:9	ὑψίστοις.	A-DPN-S	A-DPN-S	5310	ὕψιστος	ὑψίστοις	
Matt 21:10	καὶ	CONJ	CONJ	2532	καί	καί	
Matt 21:10	εἰσελθόντος	V-2AAP-GSM	V-2AAP-GSM	1525&5631	εἰσέρχομαι	εἰσελθόντος	
Matt 21:10	αὐτοῦ	P-GSM	P-GSM	846	αὐτός	αὐτοῦ	
Matt 21:10	εἰς	PREP	PREP	1519	εἰς	εἰς	
Matt 21:10	Ἱεροσόλυμα	N-APN	N-APN	2414	Ἱεροσόλυμα	Ἱεροσόλυμα	
Matt 21:10	ἐσείσθη	V-API-3S	V-API-3S	4579&5681	σείω	ἐσείσθη	
Matt 21:10	πᾶσα	A-NSF	A-NSF	3956	πᾶς	πᾶσα	
Matt 21:10	ἡ	T-NSF	T-NSF	3588	ὁ	ἡ	
Matt 21:10	πόλις	N-NSF	N-NSF	4172	πόλις	πόλις	
Matt 21:10	λέγουσα	V-PAP-NSF	V-PAP-NSF	3004&5723	λέγω	λέγουσα	
Matt 21:10	Τίς	I-NSM	I-NSM	5101	τίς	Τίς	
Matt 21:10	ἐστιν	V-PAI-3S	V-PAI-3S	1510&5719	εἰμί	ἐστιν	
Matt 21:10	οὗτος;	D-NSM	D-NSM	3778	οὗτος	οὗτος	
Matt 21:11	οἱ	T-NPM	T-NPM	3588	ὁ	οἱ	
Matt 21:11	δὲ	CONJ	CONJ	1161	δέ	δέ	
Matt 21:11	ὄχλοι	N-NPM	N-NPM	3793	ὄχλος	ὄχλοι	
Matt 21:11	ἔλεγον	V-IAI-3P	V-IAI-3P	3004&5707	λέγω	ἔλεγον	
Matt 21:11	Οὗτός	D-NSM	D-NSM	3778	οὗτος	Οὗτος	
Matt 21:11	ἐστιν	V-PAI-3S	V-PAI-3S	1510&5719	εἰμί	ἐστιν	
Matt 21:11	ὁ	T-NSM	T-NSM	3588	ὁ	ὁ	
Matt 21:11	προφήτης	N-NSM	N-NSM	4396	προφήτης	προφήτης	
Matt 21:11	Ἰησοῦς	N-NSM	N-NSM	2424	Ἰησοῦς	Ἰησοῦς	
Matt 21:11	ὁ	T-NSM	T-NSM	3588	ὁ	ὁ	
Matt 21:11	ἀπὸ	PREP	PREP	575	ἀπό	ἀπό	
Matt 21:11	Ναζαρὲθ	N-PRI	N-PRI	3478	Ναζαρά	Ναζαρέθ	
Matt 21:11	τῆς	T-GSF	T-GSF	3588	ὁ	τῆς	
Matt 21:11	Γαλιλαίας.	N-GSF	N-GSF	1056	Γαλιλαία	Γαλιλαίας	
Matt 21:12	Καὶ	CONJ	CONJ	2532	καί	Καί	
Matt 21:12	εἰσῆλθεν	V-2AAI-3S	V-2AAI-3S	1525&5627	εἰσέρχομαι	εἰσῆλθεν	
Matt 21:12	Ἰησοῦς	N-NSM	N-NSM	2424	Ἰησοῦς	Ἰησοῦς	
Matt 21:12	εἰς	PREP	PREP	1519	εἰς	εἰς	
Matt 21:12	τὸ	T-ASN	T-ASN	3588	ὁ	τό	
Matt 21:12	ἱερόν	N-ASN	N-ASN	2411	ἱερός	ἱερόν	
Matt 21:12	καὶ	CONJ	CONJ	2532	καί	καί	
Matt 21:12	ἐξέβαλεν	V-2AAI-3S	V-2AAI-3S	1544&5627	ἐκβάλλω	ἐξέβαλεν	
Matt 21:12	πάντας	A-APM	A-APM	3956	πᾶς	πάντας	
Matt 21:12	τοὺς	T-APM	T-APM	3588	ὁ	τούς	
Matt 21:12	πωλοῦντας	V-PAP-APM	V-PAP-APM	4453&5723	πωλέω	πωλοῦντας	
Matt 21:12	καὶ	CONJ	CONJ	2532	καί	καί	
Matt 21:12	ἀγοράζοντας	V-PAP-APM	V-PAP-APM	59&5723	ἀγοράζω	ἀγοράζοντας	
Matt 21:12	ἐν	PREP	PREP	1722	ἐν	ἐν	
Matt 21:12	τῷ	T-DSN	T-DSN	3588	ὁ	τῷ	
Matt 21:12	ἱερῷ	N-DSN	N-DSN	2411	ἱερός	ἱερῷ	
Matt 21:12	καὶ	CONJ	CONJ	2532	καί	καί	
Matt 21:12	τὰς	T-APF	T-APF	3588	ὁ	τάς	
Matt 21:12	τραπέζας	N-APF	N-APF	5132	τράπεζα	τραπέζας	
Matt 21:12	τῶν	T-GPM	T-GPM	3588	ὁ	τῶν	
Matt 21:12	κολλυβιστῶν	N-GPM	N-GPM	2855	κολλυβιστής	κολλυβιστῶν	
Matt 21:12	κατέστρεψεν	V-AAI-3S	V-AAI-3S	2690&5656	καταστρέφω	κατέστρεψεν	
Matt 21:12	καὶ	CONJ	CONJ	2532	καί	καί	
Matt 21:12	τὰς	T-APF	T-APF	3588	ὁ	τάς	
Matt 21:12	καθέδρας	N-APF	N-APF	2515	καθέδρα	καθέδρας	
Matt 21:12	τῶν	T-GPM	T-GPM	3588	ὁ	τῶν	
Matt 21:12	πωλούντων	V-PAP-GPM	V-PAP-GPM	4453&5723	πωλέω	πωλούντων	
Matt 21:12	τὰς	T-APF	T-APF	3588	ὁ	τάς	
Matt 21:12	περιστεράς,	N-APF	N-APF	4058	περιστερά	περιστεράς	
Matt 21:13	καὶ	CONJ	CONJ	2532	καί	καί	
Matt 21:13	λέγει	V-PAI-3S	V-PAI-3S	3004&5719	λέγω	λέγει	
Matt 21:13	αὐτοῖς	P-DPM	P-DPM	846	αὐτός	αὐτοῖς	
Matt 21:13	Γέγραπται	V-RPI-3S	V-RPI-3S	1125&5769	γράφω	Γέγραπται	
Matt 21:13	Ὁ	T-NSM	T-NSM	3588	ὁ	Ὁ	
Matt 21:13	οἶκός	N-NSM	N-NSM	3624	οἶκος	οἶκος	
Matt 21:13	μου	P-1GS	P-1GS	1473	ἐγώ	μου	
Matt 21:13	οἶκος	N-NSM	N-NSM	3624	οἶκος	οἶκος	
Matt 21:13	προσευχῆς	N-GSF	N-GSF	4335	προσευχή	προσευχῆς	
Matt 21:13	κληθήσεται,	V-FPI-3S	V-FPI-3S	2564&5701	καλέω	κληθήσεται	
Matt 21:13	ὑμεῖς	P-2NP	P-2NP	4771	σύ	ὑμεῖς	
Matt 21:13	δὲ	CONJ	CONJ	1161	δέ	δέ	
Matt 21:13	αὐτὸν	P-ASM	P-ASM	846	αὐτός	αὐτόν	
Matt 21:13	ποιεῖτε	V-PAI-2P	V-PAI-2P	4160&5719	ποιέω	ποιεῖτε	
Matt 21:13	σπήλαιον	N-ASN	N-ASN	4693	σπήλαιον	σπήλαιον	
Matt 21:13	λῃστῶν.	N-GPM	N-GPM	3027	λῃστής	λῃστῶν	
Matt 21:14	Καὶ	CONJ	CONJ	2532	καί	Καί	
Matt 21:14	προσῆλθον	V-2AAI-3P	V-2AAI-3P	4334&5627	προσέρχομαι	προσῆλθον	
Matt 21:14	αὐτῷ	P-DSM	P-DSM	846	αὐτός	αὐτῷ	
Matt 21:14	τυφλοὶ	A-NPM	A-NPM	5185	τυφλός	τυφλοί	
Matt 21:14	καὶ	CONJ	CONJ	2532	καί	καί	
Matt 21:14	χωλοὶ	A-NPM	A-NPM	5560	χωλός	χωλοί	
Matt 21:14	ἐν	PREP	PREP	1722	ἐν	ἐν	
Matt 21:14	τῷ	T-DSN	T-DSN	3588	ὁ	τῷ	
Matt 21:14	ἱερῷ,	N-DSN	N-DSN	2411	ἱερός	ἱερῷ	
Matt 21:14	καὶ	CONJ	CONJ	2532	καί	καί	
Matt 21:14	ἐθεράπευσεν	V-AAI-3S	V-AAI-3S	2323&5656	θεραπεύω	ἐθεράπευσεν	
Matt 21:14	αὐτούς.	P-APM	P-APM	846	αὐτός	αὐτούς	
Matt 21:15	ἰδόντες	V-2AAP-NPM	V-2AAP-NPM	3708&5631	ὁράω	ἰδόντες	
Matt 21:15	δὲ	CONJ	CONJ	1161	δέ	δέ	
Matt 21:15	οἱ	T-NPM	T-NPM	3588	ὁ	οἱ	
Matt 21:15	ἀρχιερεῖς	N-NPM	N-NPM	749	ἀρχιερεύς	ἀρχιερεῖς	
Matt 21:15	καὶ	CONJ	CONJ	2532	καί	καί	
Matt 21:15	οἱ	T-NPM	T-NPM	3588	ὁ	οἱ	
Matt 21:15	γραμματεῖς	N-NPM	N-NPM	1122	γραμματεύς	γραμματεῖς	
Matt 21:15	τὰ	T-APN	T-APN	3588	ὁ	τά	
Matt 21:15	θαυμάσια	A-APN	A-APN	2297	θαυμάσιος	θαυμάσια	
Matt 21:15	ἃ	R-APN	R-APN	3739	ὅς	ἅ	
Matt 21:15	ἐποίησεν	V-AAI-3S	V-AAI-3S	4160&5656	ποιέω	ἐποίησεν	
Matt 21:15	καὶ	CONJ	CONJ	2532	καί	καί	
Matt 21:15	τοὺς	T-APM	T-APM	3588	ὁ	τούς	
Matt 21:15	παῖδας	N-APM	N-APM	3816	παῖς	παῖδας	
Matt 21:15	τοὺς	T-APM	T-APM	3588	ὁ	τούς	
Matt 21:15	κράζοντας	V-PAP-APM	V-PAP-APM	2896&5723	κράζω	κράζοντας	
Matt 21:15	ἐν	PREP	PREP	1722	ἐν	ἐν	
Matt 21:15	τῷ	T-DSN	T-DSN	3588	ὁ	τῷ	
Matt 21:15	ἱερῷ	N-DSN	N-DSN	2411	ἱερός	ἱερῷ	
Matt 21:15	καὶ	CONJ	CONJ	2532	καί	καί	
Matt 21:15	λέγοντας	V-PAP-APM	V-PAP-APM	3004&5723	λέγω	λέγοντας	
Matt 21:15	Ὡσαννὰ	HEB	HEB	5614	ὡσαννά	Ὡσαννά	
Matt 21:15	τῷ	T-DSM	T-DSM	3588	ὁ	τῷ	
Matt 21:15	υἱῷ	N-DSM	N-DSM	5207	υἱός	υἱῷ	
Matt 21:15	Δαυείδ,	N-PRI	N-PRI	1138	Δαυίδ	Δαυείδ	
Matt 21:15	ἠγανάκτησαν,	V-AAI-3P	V-AAI-3P	23&5656	ἀγανακτέω	ἠγανάκτησαν	
Matt 21:16	καὶ	CONJ	CONJ	2532	καί	καί	
Matt 21:16	εἶπαν	V-2AAI-3P	V-2AAI-3P	3004&5627	λέγω	εἶπαν	
Matt 21:16	αὐτῷ	P-DSM	P-DSM	846	αὐτός	αὐτῷ	
Matt 21:16	Ἀκούεις	V-PAI-2S	V-PAI-2S	191&5719	ἀκούω	Ἀκούεις	
Matt 21:16	τί	I-ASN	I-ASN	5101	τίς	τί	
Matt 21:16	οὗτοι	D-NPM	D-NPM	3778	οὗτος	οὗτοι	
Matt 21:16	λέγουσιν;	V-PAI-3P	V-PAI-3P	3004&5719	λέγω	λέγουσιν	
Matt 21:16	ὁ	T-NSM	T-NSM	3588	ὁ	ὁ	
Matt 21:16	δὲ	CONJ	CONJ	1161	δέ	δέ	
Matt 21:16	Ἰησοῦς	N-NSM	N-NSM	2424	Ἰησοῦς	Ἰησοῦς	
Matt 21:16	λέγει	V-PAI-3S	V-PAI-3S	3004&5719	λέγω	λέγει	
Matt 21:16	αὐτοῖς	P-DPM	P-DPM	846	αὐτός	αὐτοῖς	
Matt 21:16	Ναί·	PRT	PRT	3483	ναί	Ναί	
Matt 21:16	οὐδέποτε	ADV-N	ADV-N	3763	οὐδέποτε	οὐδέποτε	
Matt 21:16	ἀνέγνωτε	V-2AAI-2P	V-2AAI-2P	314&5627	ἀναγινώσκω	ἀνέγνωτε	
Matt 21:16	ὅτι	CONJ	CONJ	3754	ὅτι	ὅτι	
Matt 21:16	Ἐκ	PREP	PREP	1537	ἐκ	Ἐκ	
Matt 21:16	στόματος	N-GSN	N-GSN	4750	στόμα	στόματος	
Matt 21:16	νηπίων	A-GPM	A-GPM	3516	νήπιος	νηπίων	
Matt 21:16	καὶ	CONJ	CONJ	2532	καί	καί	
Matt 21:16	θηλαζόντων	V-PAP-GPM	V-PAP-GPM	2337&5723	θηλάζω	θηλαζόντων	
Matt 21:16	κατηρτίσω	V-AMI-2S	V-AMI-2S	2675&5668	καταρτίζω	κατηρτίσω	
Matt 21:16	αἶνον;	N-ASM	N-ASM	136	αἶνος	αἶνον	
Matt 21:17	Καὶ	CONJ	CONJ	2532	καί	Καί	
Matt 21:17	καταλιπὼν	V-2AAP-NSM	V-2AAP-NSM	2641&5631	καταλείπω	καταλιπών	
Matt 21:17	αὐτοὺς	P-APM	P-APM	846	αὐτός	αὐτούς	
Matt 21:17	ἐξῆλθεν	V-2AAI-3S	V-2AAI-3S	1831&5627	ἐξέρχομαι	ἐξῆλθεν	
Matt 21:17	ἔξω	ADV	ADV	1854	ἔξω	ἔξω	
Matt 21:17	τῆς	T-GSF	T-GSF	3588	ὁ	τῆς	
Matt 21:17	πόλεως	N-GSF	N-GSF	4172	πόλις	πόλεως	
Matt 21:17	εἰς	PREP	PREP	1519	εἰς	εἰς	
Matt 21:17	Βηθανίαν,	N-ASF	N-ASF	963	Βηθανία	Βηθανίαν	
Matt 21:17	καὶ	CONJ	CONJ	2532	καί	καί	
Matt 21:17	ηὐλίσθη	V-AOI-3S	V-AOI-3S	835&5675	αὐλίζομαι	ηὐλίσθη	
Matt 21:17	ἐκεῖ.	ADV	ADV	1563	ἐκεῖ	ἐκεῖ	
Matt 21:18	Πρωῒ	ADV	ADV	4404	πρωΐ	Πρωΐ	
Matt 21:18	δὲ	CONJ	CONJ	1161	δέ	δέ	
Matt 21:18	ἐπαναγαγὼν	V-2AAP-NSM	V-2AAP-NSM	1877&5631	ἐπανάγω	ἐπαναγαγών	
Matt 21:18	εἰς	PREP	PREP	1519	εἰς	εἰς	
Matt 21:18	τὴν	T-ASF	T-ASF	3588	ὁ	τήν	
Matt 21:18	πόλιν	N-ASF	N-ASF	4172	πόλις	πόλιν	
Matt 21:18	ἐπείνασεν.	V-AAI-3S	V-AAI-3S	3983&5656	πεινάω	ἐπείνασεν	
Matt 21:19	καὶ	CONJ	CONJ	2532	καί	καί	
Matt 21:19	ἰδὼν	V-2AAP-NSM	V-2AAP-NSM	3708&5631	ὁράω	ἰδών	
Matt 21:19	συκῆν	N-ASF	N-ASF	4808	συκῆ	συκῆν	
Matt 21:19	μίαν	A-ASF	A-ASF	1520	εἷς	μίαν	
Matt 21:19	ἐπὶ	PREP	PREP	1909	ἐπί	ἐπί	
Matt 21:19	τῆς	T-GSF	T-GSF	3588	ὁ	τῆς	
Matt 21:19	ὁδοῦ	N-GSF	N-GSF	3598	ὁδός	ὁδοῦ	
Matt 21:19	ἦλθεν	V-2AAI-3S	V-2AAI-3S	2064&5627	ἔρχομαι	ἦλθεν	
Matt 21:19	ἐπ’	PREP	PREP	1909	ἐπί	ἐπ’	
Matt 21:19	αὐτήν,	P-ASF	P-ASF	846	αὐτός	αὐτήν	
Matt 21:19	καὶ	CONJ	CONJ	2532	καί	καί	
Matt 21:19	οὐδὲν	A-ASN-N	A-ASN-N	3762	οὐδείς	οὐδέν	
Matt 21:19	εὗρεν	V-2AAI-3S	V-2AAI-3S	2147&5627	εὑρίσκω	εὗρεν	
Matt 21:19	ἐν	PREP	PREP	1722	ἐν	ἐν	
Matt 21:19	αὐτῇ	P-DSF	P-DSF	846	αὐτός	αὐτῇ	
Matt 21:19	εἰ	COND	COND	1487	εἰ	εἰ	
Matt 21:19	μὴ	PRT-N	PRT-N	3361	μή	μή	
Matt 21:19	φύλλα	N-APN	N-APN	5444	φύλλον	φύλλα	
Matt 21:19	μόνον,	ADV	ADV	3440	μόνος	μόνον	
Matt 21:19	καὶ	CONJ	CONJ	2532	καί	καί	
Matt 21:19	λέγει	V-PAI-3S	V-PAI-3S	3004&5719	λέγω	λέγει	
Matt 21:19	αὐτῇ	P-DSF	P-DSF	846	αὐτός	αὐτῇ	
Matt 21:19	Οὐ	PRT-N	PRT-N	3756	οὐ	Οὐ	
Matt 21:19	μηκέτι	ADV-N	ADV-N	3371	μηκέτι	μηκέτι	
Matt 21:19	ἐκ	PREP	PREP	1537	ἐκ	ἐκ	
Matt 21:19	σοῦ	P-2GS	P-2GS	4771	σύ	σοῦ	
Matt 21:19	καρπὸς	N-NSM	N-NSM	2590	καρπός	καρπός	
Matt 21:19	γένηται	V-2ADS-3S	V-2ADS-3S	1096&5638	γίνομαι	γένηται	
Matt 21:19	εἰς	PREP	PREP	1519	εἰς	εἰς	
Matt 21:19	τὸν	T-ASM	T-ASM	3588	ὁ	τόν	
Matt 21:19	αἰῶνα.	N-ASM	N-ASM	165	αἰών	αἰῶνα	
Matt 21:19	καὶ	CONJ	CONJ	2532	καί	καί	
Matt 21:19	ἐξηράνθη	V-API-3S	V-API-3S	3583&5681	ξηραίνω	ἐξηράνθη	
Matt 21:19	παραχρῆμα	ADV	ADV	3916	παραχρῆμα	παραχρῆμα	
Matt 21:19	ἡ	T-NSF	T-NSF	3588	ὁ	ἡ	
Matt 21:19	συκῆ.	N-NSF	N-NSF	4808	συκῆ	συκῆ	
Matt 21:20	καὶ	CONJ	CONJ	2532	καί	καί	
Matt 21:20	ἰδόντες	V-2AAP-NPM	V-2AAP-NPM	3708&5631	ὁράω	ἰδόντες	
Matt 21:20	οἱ	T-NPM	T-NPM	3588	ὁ	οἱ	
Matt 21:20	μαθηταὶ	N-NPM	N-NPM	3101	μαθητής	μαθηταί	
Matt 21:20	ἐθαύμασαν	V-AAI-3P	V-AAI-3P	2296&5656	θαυμάζω	ἐθαύμασαν	
Matt 21:20	λέγοντες	V-PAP-NPM	V-PAP-NPM	3004&5723	λέγω	λέγοντες	
Matt 21:20	Πῶς	ADV-I	ADV-I	4459	πῶς	Πῶς	
Matt 21:20	παραχρῆμα	ADV	ADV	3916	παραχρῆμα	παραχρῆμα	
Matt 21:20	ἐξηράνθη	V-API-3S	V-API-3S	3583&5681	ξηραίνω	ἐξηράνθη	
Matt 21:20	ἡ	T-NSF	T-NSF	3588	ὁ	ἡ	
Matt 21:20	συκῆ;	N-NSF	N-NSF	4808	συκῆ	συκῆ	
Matt 21:21	ἀποκριθεὶς	V-AOP-NSM	V-AOP-NSM	611&5679	ἀποκρίνομαι	ἀποκριθείς	
Matt 21:21	δὲ	CONJ	CONJ	1161	δέ	δέ	
Matt 21:21	ὁ	T-NSM	T-NSM	3588	ὁ	ὁ	
Matt 21:21	Ἰησοῦς	N-NSM	N-NSM	2424	Ἰησοῦς	Ἰησοῦς	
Matt 21:21	εἶπεν	V-2AAI-3S	V-2AAI-3S	3004&5627	λέγω	εἶπεν	
Matt 21:21	αὐτοῖς	P-DPM	P-DPM	846	αὐτός	αὐτοῖς	
Matt 21:21	Ἀμὴν	HEB	HEB	281	ἀμήν	Ἀμήν	
Matt 21:21	λέγω	V-PAI-1S	V-PAI-1S	3004&5719	λέγω	λέγω	
Matt 21:21	ὑμῖν,	P-2DP	P-2DP	4771	σύ	ὑμῖν	
Matt 21:21	ἐὰν	COND	COND	1437	ἐάν	ἐάν	
Matt 21:21	ἔχητε	V-PAS-2P	V-PAS-2P	2192&5725	ἔχω	ἔχητε	
Matt 21:21	πίστιν	N-ASF	N-ASF	4102	πίστις	πίστιν	
Matt 21:21	καὶ	CONJ	CONJ	2532	καί	καί	
Matt 21:21	μὴ	PRT-N	PRT-N	3361	μή	μή	
Matt 21:21	διακριθῆτε,	V-APS-2P	V-APS-2P	1252&5686	διακρίνω	διακριθῆτε	
Matt 21:21	οὐ	PRT-N	PRT-N	3756	οὐ	οὐ	
Matt 21:21	μόνον	ADV	ADV	3440	μόνος	μόνον	
Matt 21:21	τὸ	T-ASN	T-ASN	3588	ὁ	τό	
Matt 21:21	τῆς	T-GSF	T-GSF	3588	ὁ	τῆς	
Matt 21:21	συκῆς	N-GSF	N-GSF	4808	συκῆ	συκῆς	
Matt 21:21	ποιήσετε,	V-FAI-2P	V-FAI-2P	4160&5692	ποιέω	ποιήσετε	
Matt 21:21	ἀλλὰ	CONJ	CONJ	235	ἀλλά	ἀλλά	
Matt 21:21	κἂν	COND-K	COND-K	2579	κἄν	κἄν	
Matt 21:21	τῷ	T-DSN	T-DSN	3588	ὁ	τῷ	
Matt 21:21	ὄρει	N-DSN	N-DSN	3735	ὄρος	ὄρει	
Matt 21:21	τούτῳ	D-DSN	D-DSN	3778	οὗτος	τούτῳ	
Matt 21:21	εἴπητε	V-2AAS-2P	V-2AAS-2P	3004&5632	λέγω	εἴπητε	
Matt 21:21	Ἄρθητι	V-APM-2S	V-APM-2S	142&5682	αἴρω	Ἄρθητι	
Matt 21:21	καὶ	CONJ	CONJ	2532	καί	καί	
Matt 21:21	βλήθητι	V-APM-2S	V-APM-2S	906&5682	βάλλω	βλήθητι	
Matt 21:21	εἰς	PREP	PREP	1519	εἰς	εἰς	
Matt 21:21	τὴν	T-ASF	T-ASF	3588	ὁ	τήν	
Matt 21:21	θάλασσαν,	N-ASF	N-ASF	2281	θάλασσα	θάλασσαν	
Matt 21:21	γενήσεται·	V-FDI-3S	V-FDI-3S	1096&5695	γίνομαι	γενήσεται	
Matt 21:22	καὶ	CONJ	CONJ	2532	καί	καί	
Matt 21:22	πάντα	A-APN	A-APN	3956	πᾶς	πάντα	
Matt 21:22	ὅσα	K-APN	K-APN	3745	ὅσος	ὅσα	
Matt 21:22	ἂν	PRT	PRT	302	ἄν	ἄν	
Matt 21:22	αἰτήσητε	V-AAS-2P	V-AAS-2P	154&5661	αἰτέω	αἰτήσητε	
Matt 21:22	ἐν	PREP	PREP	1722	ἐν	ἐν	
Matt 21:22	τῇ	T-DSF	T-DSF	3588	ὁ	τῇ	
Matt 21:22	προσευχῇ	N-DSF	N-DSF	4335	προσευχή	προσευχῇ	
Matt 21:22	πιστεύοντες	V-PAP-NPM	V-PAP-NPM	4100&5723	πιστεύω	πιστεύοντες	
Matt 21:22	λήμψεσθε.	V-FDI-2P	V-FDI-2P	2983&5695	λαμβάνω	λήμψεσθε	
Matt 21:23	Καὶ	CONJ	CONJ	2532	καί	Καί	
Matt 21:23	ἐλθόντος	V-2AAP-GSM	V-2AAP-GSM	2064&5631	ἔρχομαι	ἐλθόντος	
Matt 21:23	αὐτοῦ	P-GSM	P-GSM	846	αὐτός	αὐτοῦ	
Matt 21:23	εἰς	PREP	PREP	1519	εἰς	εἰς	
Matt 21:23	τὸ	T-ASN	T-ASN	3588	ὁ	τό	
Matt 21:23	ἱερὸν	N-ASN	N-ASN	2411	ἱερός	ἱερόν	
Matt 21:23	προσῆλθον	V-2AAI-3P	V-2AAI-3P	4334	προσέρχομαι	προσῆλθον	
Matt 21:23	αὐτῷ	P-DSM	P-DSM	846	αὐτός	αὐτῷ	
Matt 21:23	διδάσκοντι	V-PAP-DSM	V-PAP-DSM	1321&5723	διδάσκω	διδάσκοντι	
Matt 21:23	οἱ	T-NPM	T-NPM	3588	ὁ	οἱ	
Matt 21:23	ἀρχιερεῖς	N-NPM	N-NPM	749	ἀρχιερεύς	ἀρχιερεῖς	
Matt 21:23	καὶ	CONJ	CONJ	2532	καί	καί	
Matt 21:23	οἱ	T-NPM	T-NPM	3588	ὁ	οἱ	
Matt 21:23	πρεσβύτεροι	A-NPM-C	A-NPM-C	4245	πρεσβύτερος	πρεσβύτεροι	
Matt 21:23	τοῦ	T-GSM	T-GSM	3588	ὁ	τοῦ	
Matt 21:23	λαοῦ	N-GSM	N-GSM	2992	λαός	λαοῦ	
Matt 21:23	λέγοντες	V-PAP-NPM	V-PAP-NPM	3004&5723	λέγω	λέγοντες	
Matt 21:23	Ἐν	PREP	PREP	1722	ἐν	Ἐν	
Matt 21:23	ποίᾳ	I-DSF	I-DSF	4169	ποῖος	ποίᾳ	
Matt 21:23	ἐξουσίᾳ	N-DSF	N-DSF	1849	ἐξουσία	ἐξουσίᾳ	
Matt 21:23	ταῦτα	D-APN	D-APN	3778	οὗτος	ταῦτα	
Matt 21:23	ποιεῖς;	V-PAI-2S	V-PAI-2S	4160&5719	ποιέω	ποιεῖς	
Matt 21:23	καὶ	CONJ	CONJ	2532	καί	καί	
Matt 21:23	τίς	I-NSM	I-NSM	5101	τίς	τίς	
Matt 21:23	σοι	P-2DS	P-2DS	4771	σύ	σοι	
Matt 21:23	ἔδωκεν	V-AAI-3S	V-AAI-3S	1325&5656	δίδωμι	ἔδωκεν	
Matt 21:23	τὴν	T-ASF	T-ASF	3588	ὁ	τήν	
Matt 21:23	ἐξουσίαν	N-ASF	N-ASF	1849	ἐξουσία	ἐξουσίαν	
Matt 21:23	ταύτην;	D-ASF	D-ASF	3778	οὗτος	ταύτην	
Matt 21:24	ἀποκριθεὶς	V-AOP-NSM	V-AOP-NSM	611&5679	ἀποκρίνομαι	ἀποκριθείς	
Matt 21:24	δὲ	CONJ	CONJ	1161	δέ	δέ	
Matt 21:24	ὁ	T-NSM	T-NSM	3588	ὁ	ὁ	
Matt 21:24	Ἰησοῦς	N-NSM	N-NSM	2424	Ἰησοῦς	Ἰησοῦς	
Matt 21:24	εἶπεν	V-2AAI-3S	V-2AAI-3S	3004&5627	λέγω	εἶπεν	
Matt 21:24	αὐτοῖς	P-DPM	P-DPM	846	αὐτός	αὐτοῖς	
Matt 21:24	Ἐρωτήσω	V-FAI-1S	V-FAI-1S	2065&5692	ἐρωτάω	Ἐρωτήσω	
Matt 21:24	ὑμᾶς	P-2AP	P-2AP	4771	σύ	ὑμᾶς	
Matt 21:24	κἀγὼ	P-1NS-K	P-1NS-K	2504	κἀγώ	κἀγώ	
Matt 21:24	λόγον	N-ASM	N-ASM	3056	λόγος	λόγον	
Matt 21:24	ἕνα,	A-ASM	A-ASM	1520	εἷς	ἕνα	
Matt 21:24	ὃν	R-ASM	R-ASM	3739	ὅς	ὅν	
Matt 21:24	ἐὰν	COND	COND	1437	ἐάν	ἐάν	
Matt 21:24	εἴπητέ	V-2AAS-2P	V-2AAS-2P	3004&5632	λέγω	εἴπητε	
Matt 21:24	μοι,	P-1DS	P-1DS	1473	ἐγώ	μοι	
Matt 21:24	κἀγὼ	P-1NS-K	P-1NS-K	2504	κἀγώ	κἀγώ	
Matt 21:24	ὑμῖν	P-2DP	P-2DP	4771	σύ	ὑμῖν	
Matt 21:24	ἐρῶ	V-FAI-1S	V-FAI-1S	2046&5692	εἶπον	ἐρῶ	
Matt 21:24	ἐν	PREP	PREP	1722	ἐν	ἐν	
Matt 21:24	ποίᾳ	I-DSF	I-DSF	4169	ποῖος	ποίᾳ	
Matt 21:24	ἐξουσίᾳ	N-DSF	N-DSF	1849	ἐξουσία	ἐξουσίᾳ	
Matt 21:24	ταῦτα	D-APN	D-APN	3778	οὗτος	ταῦτα	
Matt 21:24	ποιῶ·	V-PAI-1S	V-PAI-1S	4160&5719	ποιέω	ποιῶ	
Matt 21:25	τὸ	T-NSN	T-NSN	3588	ὁ	τό	
Matt 21:25	βάπτισμα	N-NSN	N-NSN	908	βάπτισμα	βάπτισμα	
Matt 21:25	τὸ	T-NSN	T-NSN	3588	ὁ	τό	
Matt 21:25	Ἰωάνου	N-GSM	N-GSM	2491	Ἰωάννης	Ἰωάνου	
Matt 21:25	πόθεν	ADV-I	ADV-I	4159	πόθεν	πόθεν	
Matt 21:25	ἦν;	V-IAI-3S	V-IAI-3S	1510&5707	εἰμί	ἦν	
Matt 21:25	ἐξ	PREP	PREP	1537	ἐκ	ἐξ	
Matt 21:25	οὐρανοῦ	N-GSM	N-GSM	3772	οὐρανός	οὐρανοῦ	
Matt 21:25	ἢ	PRT	PRT	2228	ἤ	ἤ	
Matt 21:25	ἐξ	PREP	PREP	1537	ἐκ	ἐξ	
Matt 21:25	ἀνθρώπων;	N-GPM	N-GPM	444	ἄνθρωπος	ἀνθρώπων	
Matt 21:25	οἱ	T-NPM	T-NPM	3588	ὁ	οἱ	
Matt 21:25	δὲ	CONJ	CONJ	1161	δέ	δέ	
Matt 21:25	διελογίζοντο	V-INI-3P	V-INI-3P	1260&5711	διαλογίζομαι	διελογίζοντο	
Matt 21:25	ἐν	PREP	PREP	1722	ἐν	ἐν	
Matt 21:25	ἑαυτοῖς	F-3DPM	F-3DPM	1438	ἑαυτοῦ	ἑαυτοῖς	
Matt 21:25	λέγοντες·	V-PAP-NPM	V-PAP-NPM	3004&5723	λέγω	λέγοντες	
Matt 21:25	Ἐὰν	COND	COND	1437	ἐάν	Ἐάν	
Matt 21:25	εἴπωμεν	V-2AAS-1P	V-2AAS-1P	3004&5632	λέγω	εἴπωμεν	
Matt 21:25	Ἐξ	PREP	PREP	1537	ἐκ	Ἐξ	
Matt 21:25	οὐρανοῦ,	N-GSM	N-GSM	3772	οὐρανός	οὐρανοῦ	
Matt 21:25	ἐρεῖ	V-FAI-3S	V-FAI-3S	2046&5692	εἶπον	ἐρεῖ	
Matt 21:25	ἡμῖν	P-1DP	P-1DP	1473	ἐγώ	ἡμῖν	
Matt 21:25	Διὰ	PREP	PREP	1223	διά	Διά	
Matt 21:25	τί	I-ASN	I-ASN	5101	τίς	τί	
Matt 21:25	οὖν	CONJ	CONJ	3767	οὖν	οὖν	
Matt 21:25	οὐκ	PRT-N	PRT-N	3756	οὐ	οὐκ	
Matt 21:25	ἐπιστεύσατε	V-AAI-2P	V-AAI-2P	4100&5656	πιστεύω	ἐπιστεύσατε	
Matt 21:25	αὐτῷ;	P-DSM	P-DSM	846	αὐτός	αὐτῷ	
Matt 21:26	ἐὰν	COND	COND	1437	ἐάν	ἐάν	
Matt 21:26	δὲ	CONJ	CONJ	1161	δέ	δέ	
Matt 21:26	εἴπωμεν	V-2AAS-1P	V-2AAS-1P	3004&5632	λέγω	εἴπωμεν	
Matt 21:26	Ἐξ	PREP	PREP	1537	ἐκ	Ἐξ	
Matt 21:26	ἀνθρώπων,	N-GPM	N-GPM	444	ἄνθρωπος	ἀνθρώπων	
Matt 21:26	φοβούμεθα	V-PNI-1P	V-PNI-1P	5399&5736	φοβέω	φοβούμεθα	
Matt 21:26	τὸν	T-ASM	T-ASM	3588	ὁ	τόν	
Matt 21:26	ὄχλον·	N-ASM	N-ASM	3793	ὄχλος	ὄχλον	
Matt 21:26	πάντες	A-NPM	A-NPM	3956	πᾶς	πάντες	
Matt 21:26	γὰρ	CONJ	CONJ	1063	γάρ	γάρ	
Matt 21:26	ὡς	ADV	ADV	5613	ὡς	ὡς	
Matt 21:26	προφήτην	N-ASM	N-ASM	4396	προφήτης	προφήτην	
Matt 21:26	ἔχουσιν	V-PAI-3P	V-PAI-3P	2192&5719	ἔχω	ἔχουσιν	
Matt 21:26	τὸν	T-ASM	T-ASM	3588	ὁ	τόν	
Matt 21:26	Ἰωάνην.	N-ASM	N-ASM	2491	Ἰωάννης	Ἰωάνην	
Matt 21:27	καὶ	CONJ	CONJ	2532	καί	καί	
Matt 21:27	ἀποκριθέντες	V-AOP-NPM	V-AOP-NPM	611&5679	ἀποκρίνομαι	ἀποκριθέντες	
Matt 21:27	τῷ	T-DSM	T-DSM	3588	ὁ	τῷ	
Matt 21:27	Ἰησοῦ	N-DSM	N-DSM	2424	Ἰησοῦς	Ἰησοῦ	
Matt 21:27	εἶπαν	V-2AAI-3P	V-2AAI-3P	3004&5627	λέγω	εἶπαν	
Matt 21:27	Οὐκ	PRT-N	PRT-N	3756	οὐ	Οὐκ	
Matt 21:27	οἴδαμεν.	V-RAI-1P	V-RAI-1P	1492&5758	οἶδα	οἴδαμεν	
Matt 21:27	ἔφη	V-IAI-3S	V-IAI-3S	5346&5707	φημί	ἔφη	
Matt 21:27	αὐτοῖς	P-DPM	P-DPM	846	αὐτός	αὐτοῖς	
Matt 21:27	καὶ	CONJ	CONJ	2532	καί	καί	
Matt 21:27	αὐτός	P-NSM	P-NSM	846	αὐτός	αὐτός	
Matt 21:27	Οὐδὲ	CONJ-N	CONJ-N	3761	οὐδέ	Οὐδέ	
Matt 21:27	ἐγὼ	P-1NS	P-1NS	1473	ἐγώ	ἐγώ	
Matt 21:27	λέγω	V-PAI-1S	V-PAI-1S	3004&5719	λέγω	λέγω	
Matt 21:27	ὑμῖν	P-2DP	P-2DP	4771	σύ	ὑμῖν	
Matt 21:27	ἐν	PREP	PREP	1722	ἐν	ἐν	
Matt 21:27	ποίᾳ	I-DSF	I-DSF	4169	ποῖος	ποίᾳ	
Matt 21:27	ἐξουσίᾳ	N-DSF	N-DSF	1849	ἐξουσία	ἐξουσίᾳ	
Matt 21:27	ταῦτα	D-APN	D-APN	3778	οὗτος	ταῦτα	
Matt 21:27	ποιῶ.	V-PAI-1S	V-PAI-1S	4160&5719	ποιέω	ποιῶ	
Matt 21:28	Τί	I-NSN	I-NSN	5101	τίς	Τί	
Matt 21:28	δὲ	CONJ	CONJ	1161	δέ	δέ	
Matt 21:28	ὑμῖν	P-2DP	P-2DP	4771	σύ	ὑμῖν	
Matt 21:28	δοκεῖ;	V-PAI-3S	V-PAI-3S	1380&5719	δοκέω	δοκεῖ	
Matt 21:28	ἄνθρωπος	N-NSM	N-NSM	444	ἄνθρωπος	ἄνθρωπος	
Matt 21:28	εἶχεν	V-IAI-3S	V-IAI-3S	2192&5707	ἔχω	εἶχεν	
Matt 21:28	τέκνα	N-APN	N-APN	5043	τέκνον	τέκνα	
Matt 21:28	δύο·	A-NUI	A-NUI	1417	δύο	δύο	
Matt 21:28	προσελθὼν	V-2AAP-NSM	V-2AAP-NSM	4334&5631	προσέρχομαι	προσελθών	
Matt 21:28	τῷ	T-DSN	T-DSN	3588	ὁ	τῷ	
Matt 21:28	πρώτῳ	A-DSN-S	A-DSN-S	4413	πρῶτος	πρώτῳ	
Matt 21:28	εἶπεν	V-2AAI-3S	V-2AAI-3S	3004&5627	λέγω	εἶπεν	
Matt 21:28	Τέκνον,	N-VSN	N-VSN	5043	τέκνον	Τέκνον	
Matt 21:28	ὕπαγε	V-PAM-2S	V-PAM-2S	5217&5720	ὑπάγω	ὕπαγε	
Matt 21:28	σήμερον	ADV	ADV	4594	σήμερον	σήμερον	
Matt 21:28	ἐργάζου	V-PNM-2S	V-PNM-2S	2038&5737	ἐργάζομαι	ἐργάζου	
Matt 21:28	ἐν	PREP	PREP	1722	ἐν	ἐν	
Matt 21:28	τῷ	T-DSM	T-DSM	3588	ὁ	τῷ	
Matt 21:28	ἀμπελῶνι.	N-DSM	N-DSM	290	ἀμπελών	ἀμπελῶνι	
Matt 21:29	ὁ	T-NSM	T-NSM	3588	ὁ	ὁ	
Matt 21:29	δὲ	CONJ	CONJ	1161	δέ	δέ	
Matt 21:29	ἀποκριθεὶς	V-AOP-NSM	V-AOP-NSM	611&5679	ἀποκρίνομαι	ἀποκριθείς	
Matt 21:29	εἶπεν	V-2AAI-3S	V-2AAI-3S	3004&5627	λέγω	εἶπεν	
Matt 21:29	Ἐγὼ	P-1NS	P-1NS	1473	ἐγώ	Ἐγώ	
Matt 21:29	κύριε,	N-VSM	N-VSM	2962	κύριος	κύριε	
Matt 21:29	καὶ	CONJ	CONJ	2532	καί	καί	
Matt 21:29	οὐκ	PRT-N	PRT-N	3756	οὐ	οὐκ	
Matt 21:29	ἀπῆλθεν.	V-2AAI-3S	V-2AAI-3S	565&5627	ἀπέρχομαι	ἀπῆλθεν	
Matt 21:30	προσελθὼν	V-2AAP-NSM	V-2AAP-NSM	4334&5631	προσέρχομαι	προσελθών	
Matt 21:30	δὲ	CONJ	CONJ	1161	δέ	δέ	
Matt 21:30	τῷ	T-DSN	T-DSN	3588	ὁ	τῷ	
Matt 21:30	δευτέρῳ	A-DSN	A-DSN	1208	δεύτερος	δευτέρῳ	
Matt 21:30	εἶπεν	V-2AAI-3S	V-2AAI-3S	3004&5627	λέγω	εἶπεν	
Matt 21:30	ὡσαύτως.	ADV	ADV	5615	ὡσαύτως	ὡσαύτως	
Matt 21:30	ὁ	T-NSM	T-NSM	3588	ὁ	ὁ	
Matt 21:30	δὲ	CONJ	CONJ	1161	δέ	δέ	
Matt 21:30	ἀποκριθεὶς	V-AOP-NSM	V-AOP-NSM	611&5679	ἀποκρίνομαι	ἀποκριθείς	
Matt 21:30	εἶπεν	V-2AAI-3S	V-2AAI-3S	3004&5627	λέγω	εἶπεν	
Matt 21:30	Οὐ	PRT-N	PRT-N	3756	οὐ	Οὐ	
Matt 21:30	θέλω,	V-PAI-1S	V-PAI-1S	2309&5719	θέλω	θέλω	
Matt 21:30	ὕστερον	ADV	ADV	5305	ὕστερος	ὕστερον	
Matt 21:30	μεταμεληθεὶς	V-AOP-NSM	V-AOP-NSM	3338&5679	μεταμέλομαι	μεταμεληθείς	
Matt 21:30	ἀπῆλθεν.	V-2AAI-3S	V-2AAI-3S	565&5627	ἀπέρχομαι	ἀπῆλθεν	
Matt 21:31	τίς	I-NSM	I-NSM	5101	τίς	τίς	
Matt 21:31	ἐκ	PREP	PREP	1537	ἐκ	ἐκ	
Matt 21:31	τῶν	T-GPM	T-GPM	3588	ὁ	τῶν	
Matt 21:31	δύο	A-NUI	A-NUI	1417	δύο	δύο	
Matt 21:31	ἐποίησεν	V-AAI-3S	V-AAI-3S	4160&5656	ποιέω	ἐποίησεν	
Matt 21:31	τὸ	T-ASN	T-ASN	3588	ὁ	τό	
Matt 21:31	θέλημα	N-ASN	N-ASN	2307	θέλημα	θέλημα	
Matt 21:31	τοῦ	T-GSM	T-GSM	3588	ὁ	τοῦ	
Matt 21:31	πατρός;	N-GSM	N-GSM	3962	πατήρ	πατρός	
Matt 21:31	λέγουσιν	V-PAI-3P	V-PAI-3P	3004&5719	λέγω	λέγουσιν	
Matt 21:31	Ὁ	T-NSM	T-NSM	3588	ὁ	Ὁ	
Matt 21:31	ὕστερος.	A-NSM	A-NSM	5306	ὕστερος	ὕστερος	
Matt 21:31	λέγει	V-PAI-3S	V-PAI-3S	3004&5719	λέγω	λέγει	
Matt 21:31	αὐτοῖς	P-DPM	P-DPM	846	αὐτός	αὐτοῖς	
Matt 21:31	ὁ	T-NSM	T-NSM	3588	ὁ	ὁ	
Matt 21:31	Ἰησοῦς	N-NSM	N-NSM	2424	Ἰησοῦς	Ἰησοῦς	
Matt 21:31	Ἀμὴν	HEB	HEB	281	ἀμήν	Ἀμήν	
Matt 21:31	λέγω	V-PAI-1S	V-PAI-1S	3004&5719	λέγω	λέγω	
Matt 21:31	ὑμῖν	P-2DP	P-2DP	4771	σύ	ὑμῖν	
Matt 21:31	ὅτι	CONJ	CONJ	3754	ὅτι	ὅτι	
Matt 21:31	οἱ	T-NPM	T-NPM	3588	ὁ	οἱ	
Matt 21:31	τελῶναι	N-NPM	N-NPM	5057	τελώνης	τελῶναι	
Matt 21:31	καὶ	CONJ	CONJ	2532	καί	καί	
Matt 21:31	αἱ	T-NPF	T-NPF	3588	ὁ	αἱ	
Matt 21:31	πόρναι	N-NPF	N-NPF	4204	πόρνη	πόρναι	
Matt 21:31	προάγουσιν	V-PAI-3P	V-PAI-3P	4254&5719	προάγω	προάγουσιν	
Matt 21:31	ὑμᾶς	P-2AP	P-2AP	4771	σύ	ὑμᾶς	
Matt 21:31	εἰς	PREP	PREP	1519	εἰς	εἰς	
Matt 21:31	τὴν	T-ASF	T-ASF	3588	ὁ	τήν	
Matt 21:31	βασιλείαν	N-ASF	N-ASF	932	βασιλεία	βασιλείαν	
Matt 21:31	τοῦ	T-GSM	T-GSM	3588	ὁ	τοῦ	
Matt 21:31	Θεοῦ.	N-GSM	N-GSM	2316	θεός	Θεοῦ	
Matt 21:32	ἦλθεν	V-2AAI-3S	V-2AAI-3S	2064&5627	ἔρχομαι	ἦλθεν	
Matt 21:32	γὰρ	CONJ	CONJ	1063	γάρ	γάρ	
Matt 21:32	Ἰωάνης	N-NSM	N-NSM	2491	Ἰωάννης	Ἰωάνης	
Matt 21:32	πρὸς	PREP	PREP	4314	πρός	πρός	
Matt 21:32	ὑμᾶς	P-2AP	P-2AP	4771	σύ	ὑμᾶς	
Matt 21:32	ἐν	PREP	PREP	1722	ἐν	ἐν	
Matt 21:32	ὁδῷ	N-DSF	N-DSF	3598	ὁδός	ὁδῷ	
Matt 21:32	δικαιοσύνης,	N-GSF	N-GSF	1343	δικαιοσύνη	δικαιοσύνης	
Matt 21:32	καὶ	CONJ	CONJ	2532	καί	καί	
Matt 21:32	οὐκ	PRT-N	PRT-N	3756	οὐ	οὐκ	
Matt 21:32	ἐπιστεύσατε	V-AAI-2P	V-AAI-2P	4100&5656	πιστεύω	ἐπιστεύσατε	
Matt 21:32	αὐτῷ·	P-DSM	P-DSM	846	αὐτός	αὐτῷ	
Matt 21:32	οἱ	T-NPM	T-NPM	3588	ὁ	οἱ	
Matt 21:32	δὲ	CONJ	CONJ	1161	δέ	δέ	
Matt 21:32	τελῶναι	N-NPM	N-NPM	5057	τελώνης	τελῶναι	
Matt 21:32	καὶ	CONJ	CONJ	2532	καί	καί	
Matt 21:32	αἱ	T-NPF	T-NPF	3588	ὁ	αἱ	
Matt 21:32	πόρναι	N-NPF	N-NPF	4204	πόρνη	πόρναι	
Matt 21:32	ἐπίστευσαν	V-AAI-3P	V-AAI-3P	4100&5656	πιστεύω	ἐπίστευσαν	
Matt 21:32	αὐτῷ·	P-DSM	P-DSM	846	αὐτός	αὐτῷ	
Matt 21:32	ὑμεῖς	P-2NP	P-2NP	4771	σύ	ὑμεῖς	
Matt 21:32	δὲ	CONJ	CONJ	1161	δέ	δέ	
Matt 21:32	ἰδόντες	V-2AAP-NPM	V-2AAP-NPM	3708&5631	ὁράω	ἰδόντες	
Matt 21:32	οὐδὲ	CONJ-N	CONJ-N	3761	οὐδέ	οὐδέ	
Matt 21:32	μετεμελήθητε	V-AOI-2P	V-AOI-2P	3338&5675	μεταμέλομαι	μετεμελήθητε	
Matt 21:32	ὕστερον	ADV	ADV	5305	ὕστερος	ὕστερον	
Matt 21:32	τοῦ	T-GSN	T-GSN	3588	ὁ	τοῦ	
Matt 21:32	πιστεῦσαι	V-AAN	V-AAN	4100&5658	πιστεύω	πιστεῦσαι	
Matt 21:32	αὐτῷ.	P-DSM	P-DSM	846	αὐτός	αὐτῷ	
Matt 21:33	Ἄλλην	A-ASF	A-ASF	243	ἄλλος	Ἄλλην	
Matt 21:33	παραβολὴν	N-ASF	N-ASF	3850	παραβολή	παραβολήν	
Matt 21:33	ἀκούσατε.	V-AAM-2P	V-AAM-2P	191&5657	ἀκούω	ἀκούσατε	
Matt 21:33	Ἄνθρωπος	N-NSM	N-NSM	444	ἄνθρωπος	Ἄνθρωπος	
Matt 21:33	ἦν	V-IAI-3S	V-IAI-3S	1510&5707	εἰμί	ἦν	
Matt 21:33	οἰκοδεσπότης	N-NSM	N-NSM	3617	οἰκοδεσπότης	οἰκοδεσπότης	
Matt 21:33	ὅστις	R-NSM	R-NSM	3748	ὅστις	ὅστις	
Matt 21:33	ἐφύτευσεν	V-AAI-3S	V-AAI-3S	5452&5656	φυτεύω	ἐφύτευσεν	
Matt 21:33	ἀμπελῶνα,	N-ASM	N-ASM	290	ἀμπελών	ἀμπελῶνα	
Matt 21:33	καὶ	CONJ	CONJ	2532	καί	καί	
Matt 21:33	φραγμὸν	N-ASM	N-ASM	5418	φραγμός	φραγμόν	
Matt 21:33	αὐτῷ	P-DSM	P-DSM	846	αὐτός	αὐτῷ	
Matt 21:33	περιέθηκεν	V-AAI-3S	V-AAI-3S	4060&5656	περιτίθημι	περιέθηκεν	
Matt 21:33	καὶ	CONJ	CONJ	2532	καί	καί	
Matt 21:33	ὤρυξεν	V-AAI-3S	V-AAI-3S	3736&5656	ὀρύσσω	ὤρυξεν	
Matt 21:33	ἐν	PREP	PREP	1722	ἐν	ἐν	
Matt 21:33	αὐτῷ	P-DSM	P-DSM	846	αὐτός	αὐτῷ	
Matt 21:33	ληνὸν	N-ASF	N-ASF	3025	ληνός	ληνόν	
Matt 21:33	καὶ	CONJ	CONJ	2532	καί	καί	
Matt 21:33	ᾠκοδόμησεν	V-AAI-3S	V-AAI-3S	3618&5656	οἰκοδομέω	ᾠκοδόμησεν	
Matt 21:33	πύργον,	N-ASM	N-ASM	4444	πύργος	πύργον	
Matt 21:33	καὶ	CONJ	CONJ	2532	καί	καί	
Matt 21:33	ἐξέδετο	V-2AMI-3S	V-2AMI-3S	1554&5639	ἐκδίδωμι	ἐξέδετο	
Matt 21:33	αὐτὸν	P-ASM	P-ASM	846	αὐτός	αὐτόν	
Matt 21:33	γεωργοῖς,	N-DPM	N-DPM	1092	γεωργός	γεωργοῖς	
Matt 21:33	καὶ	CONJ	CONJ	2532	καί	καί	
Matt 21:33	ἀπεδήμησεν.	V-AAI-3S	V-AAI-3S	589&5656	ἀποδημέω	ἀπεδήμησεν	
Matt 21:34	ὅτε	ADV	ADV	3753	ὅτε	ὅτε	
Matt 21:34	δὲ	CONJ	CONJ	1161	δέ	δέ	
Matt 21:34	ἤγγισεν	V-AAI-3S	V-AAI-3S	1448&5656	ἐγγίζω	ἤγγισεν	
Matt 21:34	ὁ	T-NSM	T-NSM	3588	ὁ	ὁ	
Matt 21:34	καιρὸς	N-NSM	N-NSM	2540	καιρός	καιρός	
Matt 21:34	τῶν	T-GPM	T-GPM	3588	ὁ	τῶν	
Matt 21:34	καρπῶν,	N-GPM	N-GPM	2590	καρπός	καρπῶν	
Matt 21:34	ἀπέστειλεν	V-AAI-3S	V-AAI-3S	649&5656	ἀποστέλλω	ἀπέστειλεν	
Matt 21:34	τοὺς	T-APM	T-APM	3588	ὁ	τούς	
Matt 21:34	δούλους	N-APM	N-APM	1401	δοῦλος (II)	δούλους	
Matt 21:34	αὐτοῦ	P-GSM	P-GSM	846	αὐτός	αὐτοῦ	
Matt 21:34	πρὸς	PREP	PREP	4314	πρός	πρός	
Matt 21:34	τοὺς	T-APM	T-APM	3588	ὁ	τούς	
Matt 21:34	γεωργοὺς	N-APM	N-APM	1092	γεωργός	γεωργούς	
Matt 21:34	λαβεῖν	V-2AAN	V-2AAN	2983&5629	λαμβάνω	λαβεῖν	
Matt 21:34	τοὺς	T-APM	T-APM	3588	ὁ	τούς	
Matt 21:34	καρποὺς	N-APM	N-APM	2590	καρπός	καρπούς	
Matt 21:34	αὐτοῦ.	P-GSM	P-GSM	846	αὐτός	αὐτοῦ	
Matt 21:35	καὶ	CONJ	CONJ	2532	καί	καί	
Matt 21:35	λαβόντες	V-2AAP-NPM	V-2AAP-NPM	2983&5631	λαμβάνω	λαβόντες	
Matt 21:35	οἱ	T-NPM	T-NPM	3588	ὁ	οἱ	
Matt 21:35	γεωργοὶ	N-NPM	N-NPM	1092	γεωργός	γεωργοί	
Matt 21:35	τοὺς	T-APM	T-APM	3588	ὁ	τούς	
Matt 21:35	δούλους	N-APM	N-APM	1401	δοῦλος (II)	δούλους	
Matt 21:35	αὐτοῦ	P-GSM	P-GSM	846	αὐτός	αὐτοῦ	
Matt 21:35	ὃν	R-ASM	R-ASM	3739	ὅς	ὅν	
Matt 21:35	μὲν	PRT	PRT	3303	μέν	μέν	
Matt 21:35	ἔδειραν,	V-AAI-3P	V-AAI-3P	1194&5656	δέρω	ἔδειραν	
Matt 21:35	ὃν	R-ASM	R-ASM	3739	ὅς	ὅν	
Matt 21:35	δὲ	CONJ	CONJ	1161	δέ	δέ	
Matt 21:35	ἀπέκτειναν,	V-AAI-3P	V-AAI-3P	615&5656	ἀποκτείνω	ἀπέκτειναν	
Matt 21:35	ὃν	R-ASM	R-ASM	3739	ὅς	ὅν	
Matt 21:35	δὲ	CONJ	CONJ	1161	δέ	δέ	
Matt 21:35	ἐλιθοβόλησαν.	V-AAI-3P	V-AAI-3P	3036&5656	λιθοβολέω	ἐλιθοβόλησαν	
Matt 21:36	πάλιν	ADV	ADV	3825	πάλιν	πάλιν	
Matt 21:36	ἀπέστειλεν	V-AAI-3S	V-AAI-3S	649&5656	ἀποστέλλω	ἀπέστειλεν	
Matt 21:36	ἄλλους	A-APM	A-APM	243	ἄλλος	ἄλλους	
Matt 21:36	δούλους	N-APM	N-APM	1401	δοῦλος (II)	δούλους	
Matt 21:36	πλείονας	A-APM-C	A-APM-C	4183	πολύς	πλείονας	
Matt 21:36	τῶν	T-GPM	T-GPM	3588	ὁ	τῶν	
Matt 21:36	πρώτων,	A-GPM-S	A-GPM-S	4413	πρῶτος	πρώτων	
Matt 21:36	καὶ	CONJ	CONJ	2532	καί	καί	
Matt 21:36	ἐποίησαν	V-AAI-3P	V-AAI-3P	4160&5656	ποιέω	ἐποίησαν	
Matt 21:36	αὐτοῖς	P-DPM	P-DPM	846	αὐτός	αὐτοῖς	
Matt 21:36	ὡσαύτως.	ADV	ADV	5615	ὡσαύτως	ὡσαύτως	
Matt 21:37	ὕστερον	ADV	ADV	5305	ὕστερος	ὕστερον	
Matt 21:37	δὲ	CONJ	CONJ	1161	δέ	δέ	
Matt 21:37	ἀπέστειλεν	V-AAI-3S	V-AAI-3S	649&5656	ἀποστέλλω	ἀπέστειλεν	
Matt 21:37	πρὸς	PREP	PREP	4314	πρός	πρός	
Matt 21:37	αὐτοὺς	P-APM	P-APM	846	αὐτός	αὐτούς	
Matt 21:37	τὸν	T-ASM	T-ASM	3588	ὁ	τόν	
Matt 21:37	υἱὸν	N-ASM	N-ASM	5207	υἱός	υἱόν	
Matt 21:37	αὐτοῦ	P-GSM	P-GSM	846	αὐτός	αὐτοῦ	
Matt 21:37	λέγων	V-PAP-NSM	V-PAP-NSM	3004&5723	λέγω	λέγων	
Matt 21:37	Ἐντραπήσονται	V-2FPI-3P	V-2FPI-3P	1788&5691	ἐντρέπω	Ἐντραπήσονται	
Matt 21:37	τὸν	T-ASM	T-ASM	3588	ὁ	τόν	
Matt 21:37	υἱόν	N-ASM	N-ASM	5207	υἱός	υἱόν	
Matt 21:37	μου.	P-1GS	P-1GS	1473	ἐγώ	μου	
Matt 21:38	οἱ	T-NPM	T-NPM	3588	ὁ	οἱ	
Matt 21:38	δὲ	CONJ	CONJ	1161	δέ	δέ	
Matt 21:38	γεωργοὶ	N-NPM	N-NPM	1092	γεωργός	γεωργοί	
Matt 21:38	ἰδόντες	V-2AAP-NPM	V-2AAP-NPM	3708&5631	ὁράω	ἰδόντες	
Matt 21:38	τὸν	T-ASM	T-ASM	3588	ὁ	τόν	
Matt 21:38	υἱὸν	N-ASM	N-ASM	5207	υἱός	υἱόν	
Matt 21:38	εἶπον	V-2AAI-3P	V-2AAI-3P	3004&5627	λέγω	εἶπον	
Matt 21:38	ἐν	PREP	PREP	1722	ἐν	ἐν	
Matt 21:38	ἑαυτοῖς	F-3DPM	F-3DPM	1438	ἑαυτοῦ	ἑαυτοῖς	
Matt 21:38	Οὗτός	D-NSM	D-NSM	3778	οὗτος	Οὗτος	
Matt 21:38	ἐστιν	V-PAI-3S	V-PAI-3S	1510&5719	εἰμί	ἐστιν	
Matt 21:38	ὁ	T-NSM	T-NSM	3588	ὁ	ὁ	
Matt 21:38	κληρονόμος·	N-NSM	N-NSM	2818	κληρονόμος	κληρονόμος	
Matt 21:38	δεῦτε	V-PAM-2P	V-PAM-2P	1205&5720	δεῦτε	δεῦτε	
Matt 21:38	ἀποκτείνωμεν	V-AAS-1P	V-AAS-1P	615&5725	ἀποκτείνω	ἀποκτείνωμεν	
Matt 21:38	αὐτὸν	P-ASM	P-ASM	846	αὐτός	αὐτόν	
Matt 21:38	καὶ	CONJ	CONJ	2532	καί	καί	
Matt 21:38	σχῶμεν	V-2AAS-1P	V-2AAS-1P	2192&5632	ἔχω	σχῶμεν	
Matt 21:38	τὴν	T-ASF	T-ASF	3588	ὁ	τήν	
Matt 21:38	κληρονομίαν	N-ASF	N-ASF	2817	κληρονομία	κληρονομίαν	
Matt 21:38	αὐτοῦ·	P-GSM	P-GSM	846	αὐτός	αὐτοῦ	
Matt 21:39	καὶ	CONJ	CONJ	2532	καί	καί	
Matt 21:39	λαβόντες	V-2AAP-NPM	V-2AAP-NPM	2983&5631	λαμβάνω	λαβόντες	
Matt 21:39	αὐτὸν	P-ASM	P-ASM	846	αὐτός	αὐτόν	
Matt 21:39	ἐξέβαλον	V-2AAI-3P	V-2AAI-3P	1544&5627	ἐκβάλλω	ἐξέβαλον	
Matt 21:39	ἔξω	ADV	ADV	1854	ἔξω	ἔξω	
Matt 21:39	τοῦ	T-GSM	T-GSM	3588	ὁ	τοῦ	
Matt 21:39	ἀμπελῶνος	N-GSM	N-GSM	290	ἀμπελών	ἀμπελῶνος	
Matt 21:39	καὶ	CONJ	CONJ	2532	καί	καί	
Matt 21:39	ἀπέκτειναν.	V-AAI-3P	V-AAI-3P	615&5656	ἀποκτείνω	ἀπέκτειναν	
Matt 21:40	ὅταν	CONJ	CONJ	3752	ὅταν	ὅταν	
Matt 21:40	οὖν	CONJ	CONJ	3767	οὖν	οὖν	
Matt 21:40	ἔλθῃ	V-2AAS-3S	V-2AAS-3S	2064&5632	ἔρχομαι	ἔλθῃ	
Matt 21:40	ὁ	T-NSM	T-NSM	3588	ὁ	ὁ	
Matt 21:40	κύριος	N-NSM	N-NSM	2962	κύριος	κύριος	
Matt 21:40	τοῦ	T-GSM	T-GSM	3588	ὁ	τοῦ	
Matt 21:40	ἀμπελῶνος,	N-GSM	N-GSM	290	ἀμπελών	ἀμπελῶνος	
Matt 21:40	τί	I-ASN	I-ASN	5101	τίς	τί	
Matt 21:40	ποιήσει	V-FAI-3S	V-FAI-3S	4160&5692	ποιέω	ποιήσει	
Matt 21:40	τοῖς	T-DPM	T-DPM	3588	ὁ	τοῖς	
Matt 21:40	γεωργοῖς	N-DPM	N-DPM	1092	γεωργός	γεωργοῖς	
Matt 21:40	ἐκείνοις;	D-DPM	D-DPM	1565	ἐκεῖνος	ἐκείνοις	
Matt 21:41	λέγουσιν	V-PAI-3P	V-PAI-3P	3004&5719	λέγω	λέγουσιν	
Matt 21:41	αὐτῷ	P-DSM	P-DSM	846	αὐτός	αὐτῷ	
Matt 21:41	Κακοὺς	A-APM	A-APM	2556	κακός	Κακούς	
Matt 21:41	κακῶς	ADV	ADV	2560	κακῶς	κακῶς	
Matt 21:41	ἀπολέσει	V-FAI-3S	V-FAI-3S	622&5692	ἀπόλλυμι	ἀπολέσει	
Matt 21:41	αὐτούς,	P-APM	P-APM	846	αὐτός	αὐτούς	
Matt 21:41	καὶ	CONJ	CONJ	2532	καί	καί	
Matt 21:41	τὸν	T-ASM	T-ASM	3588	ὁ	τόν	
Matt 21:41	ἀμπελῶνα	N-ASM	N-ASM	290	ἀμπελών	ἀμπελῶνα	
Matt 21:41	ἐκδώσεται	V-FDI-3S	V-FDI-3S	1554&5695	ἐκδίδωμι	ἐκδώσεται	
Matt 21:41	ἄλλοις	A-DPM	A-DPM	243	ἄλλος	ἄλλοις	
Matt 21:41	γεωργοῖς,	N-DPM	N-DPM	1092	γεωργός	γεωργοῖς	
Matt 21:41	οἵτινες	R-NPM	R-NPM	3748	ὅστις	οἵτινες	
Matt 21:41	ἀποδώσουσιν	V-FAI-3P	V-FAI-3P	591&5692	ἀποδίδωμι	ἀποδώσουσιν	
Matt 21:41	αὐτῷ	P-DSM	P-DSM	846	αὐτός	αὐτῷ	
Matt 21:41	τοὺς	T-APM	T-APM	3588	ὁ	τούς	
Matt 21:41	καρποὺς	N-APM	N-APM	2590	καρπός	καρπούς	
Matt 21:41	ἐν	PREP	PREP	1722	ἐν	ἐν	
Matt 21:41	τοῖς	T-DPM	T-DPM	3588	ὁ	τοῖς	
Matt 21:41	καιροῖς	N-DPM	N-DPM	2540	καιρός	καιροῖς	
Matt 21:41	αὐτῶν.	P-GPM	P-GPM	846	αὐτός	αὐτῶν	
Matt 21:42	Λέγει	V-PAI-3S	V-PAI-3S	3004&5719	λέγω	Λέγει	
Matt 21:42	αὐτοῖς	P-DPM	P-DPM	846	αὐτός	αὐτοῖς	
Matt 21:42	ὁ	T-NSM	T-NSM	3588	ὁ	ὁ	
Matt 21:42	Ἰησοῦς	N-NSM	N-NSM	2424	Ἰησοῦς	Ἰησοῦς	
Matt 21:42	Οὐδέποτε	ADV-N	ADV-N	3763	οὐδέποτε	Οὐδέποτε	
Matt 21:42	ἀνέγνωτε	V-2AAI-2P	V-2AAI-2P	314&5627	ἀναγινώσκω	ἀνέγνωτε	
Matt 21:42	ἐν	PREP	PREP	1722	ἐν	ἐν	
Matt 21:42	ταῖς	T-DPF	T-DPF	3588	ὁ	ταῖς	
Matt 21:42	γραφαῖς	N-DPF	N-DPF	1124	γραφή	γραφαῖς	
Matt 21:42	Λίθον	N-ASM	N-ASM	3037	λίθος	Λίθον	
Matt 21:42	ὃν	R-ASM	R-ASM	3739	ὅς	ὅν	
Matt 21:42	ἀπεδοκίμασαν	V-AAI-3P	V-AAI-3P	593&5656	ἀποδοκιμάζω	ἀπεδοκίμασαν	
Matt 21:42	οἱ	T-NPM	T-NPM	3588	ὁ	οἱ	
Matt 21:42	οἰκοδομοῦντες,	V-PAP-NPM	V-PAP-NPM	3618&5723	οἰκοδομέω	οἰκοδομοῦντες	
Matt 21:42	οὗτος	D-NSM	D-NSM	3778	οὗτος	οὗτος	
Matt 21:42	ἐγενήθη	V-AOI-3S	V-AOI-3S	1096&5675	γίνομαι	ἐγενήθη	
Matt 21:42	εἰς	PREP	PREP	1519	εἰς	εἰς	
Matt 21:42	κεφαλὴν	N-ASF	N-ASF	2776	κεφαλή	κεφαλήν	
Matt 21:42	γωνίας·	N-GSF	N-GSF	1137	γωνία	γωνίας	
Matt 21:42	παρὰ	PREP	PREP	3844	παρά	παρά	
Matt 21:42	Κυρίου	N-GSM	N-GSM	2962	κύριος	Κυρίου	
Matt 21:42	ἐγένετο	V-2ADI-3S	V-2ADI-3S	1096&5633	γίνομαι	ἐγένετο	
Matt 21:42	αὕτη,	D-NSF	D-NSF	3778	οὗτος	αὕτη	
Matt 21:42	καὶ	CONJ	CONJ	2532	καί	καί	
Matt 21:42	ἔστιν	V-PAI-3S	V-PAI-3S	1510&5719	εἰμί	ἔστιν	
Matt 21:42	θαυμαστὴ	A-NSF	A-NSF	2298	θαυμαστός	θαυμαστή	
Matt 21:42	ἐν	PREP	PREP	1722	ἐν	ἐν	
Matt 21:42	ὀφθαλμοῖς	N-DPM	N-DPM	3788	ὀφθαλμός	ὀφθαλμοῖς	
Matt 21:42	ἡμῶν;	P-1GP	P-1GP	1473	ἐγώ	ἡμῶν	
Matt 21:43	διὰ	PREP	PREP	1223	διά	διά	
Matt 21:43	τοῦτο	D-ASN	D-ASN	3778	οὗτος	τοῦτο	
Matt 21:43	λέγω	V-PAI-1S	V-PAI-1S	3004&5719	λέγω	λέγω	
Matt 21:43	ὑμῖν	P-2DP	P-2DP	4771	σύ	ὑμῖν	
Matt 21:43	ὅτι	CONJ	CONJ	3754	ὅτι	ὅτι	
Matt 21:43	ἀρθήσεται	V-FPI-3S	V-FPI-3S	142&5701	αἴρω	ἀρθήσεται	
Matt 21:43	ἀφ’	PREP	PREP	575	ἀπό	ἀφ’	
Matt 21:43	ὑμῶν	P-2GP	P-2GP	4771	σύ	ὑμῶν	
Matt 21:43	ἡ	T-NSF	T-NSF	3588	ὁ	ἡ	
Matt 21:43	βασιλεία	N-NSF	N-NSF	932	βασιλεία	βασιλεία	
Matt 21:43	τοῦ	T-GSM	T-GSM	3588	ὁ	τοῦ	
Matt 21:43	Θεοῦ	N-GSM	N-GSM	2316	θεός	Θεοῦ	
Matt 21:43	καὶ	CONJ	CONJ	2532	καί	καί	
Matt 21:43	δοθήσεται	V-FPI-3S	V-FPI-3S	1325&5701	δίδωμι	δοθήσεται	
Matt 21:43	ἔθνει	N-DSN	N-DSN	1484	ἔθνος	ἔθνει	
Matt 21:43	ποιοῦντι	V-PAP-DSN	V-PAP-DSN	4160&5723	ποιέω	ποιοῦντι	
Matt 21:43	τοὺς	T-APM	T-APM	3588	ὁ	τούς	
Matt 21:43	καρποὺς	N-APM	N-APM	2590	καρπός	καρπούς	
Matt 21:43	αὐτῆς.	P-GSF	P-GSF	846	αὐτός	αὐτῆς	
Matt 21:44	καὶ	CONJ	CONJ	2532	καί	καί	
Matt 21:44	ὁ	T-NSM	T-NSM	3588	ὁ	ὁ	
Matt 21:44	πεσὼν	V-2AAP-NSM	V-2AAP-NSM	4098&5631	πίπτω	πεσών	
Matt 21:44	ἐπὶ	PREP	PREP	1909	ἐπί	ἐπί	
Matt 21:44	τὸν	T-ASM	T-ASM	3588	ὁ	τόν	
Matt 21:44	λίθον	N-ASM	N-ASM	3037	λίθος	λίθον	
Matt 21:44	τοῦτον	D-ASM	D-ASM	3778	οὗτος	τοῦτον	
Matt 21:44	συνθλασθήσεται·	V-FPI-3S	V-FPI-3S	4917&5701	συνθλάω	συνθλασθήσεται	
Matt 21:44	ἐφ’	PREP	PREP	1909	ἐπί	ἐφ’	
Matt 21:44	ὃν	R-ASM	R-ASM	3739	ὅς	ὅν	
Matt 21:44	δ’	CONJ	CONJ	1161	δέ	δ’	
Matt 21:44	ἂν	PRT	PRT	302	ἄν	ἄν	
Matt 21:44	πέσῃ,	V-2AAS-3S	V-2AAS-3S	4098&5632	πίπτω	πέσῃ	
Matt 21:44	λικμήσει	V-FAI-3S	V-FAI-3S	3039&5692	λικμάω	λικμήσει	
Matt 21:44	αὐτόν.	P-ASM	P-ASM	846	αὐτός	αὐτόν	
Matt 21:45	Καὶ	CONJ	CONJ	2532	καί	Καί	
Matt 21:45	ἀκούσαντες	V-AAP-NPM	V-AAP-NPM	191&5660	ἀκούω	ἀκούσαντες	
Matt 21:45	οἱ	T-NPM	T-NPM	3588	ὁ	οἱ	
Matt 21:45	ἀρχιερεῖς	N-NPM	N-NPM	749	ἀρχιερεύς	ἀρχιερεῖς	
Matt 21:45	καὶ	CONJ	CONJ	2532	καί	καί	
Matt 21:45	οἱ	T-NPM	T-NPM	3588	ὁ	οἱ	
Matt 21:45	Φαρισαῖοι	N-NPM	N-NPM	5330	Φαρισαῖος	Φαρισαῖοι	
Matt 21:45	τὰς	T-APF	T-APF	3588	ὁ	τάς	
Matt 21:45	παραβολὰς	N-APF	N-APF	3850	παραβολή	παραβολάς	
Matt 21:45	αὐτοῦ	P-GSM	P-GSM	846	αὐτός	αὐτοῦ	
Matt 21:45	ἔγνωσαν	V-2AAI-3P	V-2AAI-3P	1097&5627	γινώσκω	ἔγνωσαν	
Matt 21:45	ὅτι	CONJ	CONJ	3754	ὅτι	ὅτι	
Matt 21:45	περὶ	PREP	PREP	4012	περί	περί	
Matt 21:45	αὐτῶν	P-GPM	P-GPM	846	αὐτός	αὐτῶν	
Matt 21:45	λέγει·	V-PAI-3S	V-PAI-3S	3004&5719	λέγω	λέγει	
Matt 21:46	καὶ	CONJ	CONJ	2532	καί	καί	
Matt 21:46	ζητοῦντες	V-PAP-NPM	V-PAP-NPM	2212&5723	ζητέω	ζητοῦντες	
Matt 21:46	αὐτὸν	P-ASM	P-ASM	846	αὐτός	αὐτόν	
Matt 21:46	κρατῆσαι	V-AAN	V-AAN	2902&5658	κρατέω	κρατῆσαι	
Matt 21:46	ἐφοβήθησαν	V-AOI-3P	V-AOI-3P	5399&5675	φοβέω	ἐφοβήθησαν	
Matt 21:46	τοὺς	T-APM	T-APM	3588	ὁ	τούς	
Matt 21:46	ὄχλους,	N-APM	N-APM	3793	ὄχλος	ὄχλους	
Matt 21:46	ἐπεὶ	CONJ	CONJ	1893	ἐπεί	ἐπεί	
Matt 21:46	εἰς	PREP	PREP	1519	εἰς	εἰς	
Matt 21:46	προφήτην	N-ASM	N-ASM	4396	προφήτης	προφήτην	
Matt 21:46	αὐτὸν	P-ASM	P-ASM	846	αὐτός	αὐτόν	
Matt 21:46	εἶχον.	V-IAI-3P	V-IAI-3P	2192&5707	ἔχω	εἶχον	
Matt 22:1	Καὶ	CONJ	CONJ	2532	καί	Καί	
Matt 22:1	ἀποκριθεὶς	V-AOP-NSM	V-AOP-NSM	611&5679	ἀποκρίνομαι	ἀποκριθείς	
Matt 22:1	ὁ	T-NSM	T-NSM	3588	ὁ	ὁ	
Matt 22:1	Ἰησοῦς	N-NSM	N-NSM	2424	Ἰησοῦς	Ἰησοῦς	
Matt 22:1	πάλιν	ADV	ADV	3825	πάλιν	πάλιν	
Matt 22:1	εἶπεν	V-2AAI-3S	V-2AAI-3S	3004&5627	λέγω	εἶπεν	
Matt 22:1	ἐν	PREP	PREP	1722	ἐν	ἐν	
Matt 22:1	παραβολαῖς	N-DPF	N-DPF	3850	παραβολή	παραβολαῖς	
Matt 22:1	αὐτοῖς	P-DPM	P-DPM	846	αὐτός	αὐτοῖς	
Matt 22:1	λέγων	V-PAP-NSM	V-PAP-NSM	3004&5723	λέγω	λέγων	
Matt 22:2	Ὡμοιώθη	V-API-3S	V-API-3S	3666&5681	ὁμοιόω	Ὡμοιώθη	
Matt 22:2	ἡ	T-NSF	T-NSF	3588	ὁ	ἡ	
Matt 22:2	βασιλεία	N-NSF	N-NSF	932	βασιλεία	βασιλεία	
Matt 22:2	τῶν	T-GPM	T-GPM	3588	ὁ	τῶν	
Matt 22:2	οὐρανῶν	N-GPM	N-GPM	3772	οὐρανός	οὐρανῶν	
Matt 22:2	ἀνθρώπῳ	N-DSM	N-DSM	444	ἄνθρωπος	ἀνθρώπῳ	
Matt 22:2	βασιλεῖ,	N-DSM	N-DSM	935	βασιλεύς	βασιλεῖ	
Matt 22:2	ὅστις	R-NSM	R-NSM	3748	ὅστις	ὅστις	
Matt 22:2	ἐποίησεν	V-AAI-3S	V-AAI-3S	4160&5656	ποιέω	ἐποίησεν	
Matt 22:2	γάμους	N-APM	N-APM	1062	γάμος	γάμους	
Matt 22:2	τῷ	T-DSM	T-DSM	3588	ὁ	τῷ	
Matt 22:2	υἱῷ	N-DSM	N-DSM	5207	υἱός	υἱῷ	
Matt 22:2	αὐτοῦ.	P-GSM	P-GSM	846	αὐτός	αὐτοῦ	
Matt 22:3	καὶ	CONJ	CONJ	2532	καί	καί	
Matt 22:3	ἀπέστειλεν	V-AAI-3S	V-AAI-3S	649&5656	ἀποστέλλω	ἀπέστειλεν	
Matt 22:3	τοὺς	T-APM	T-APM	3588	ὁ	τούς	
Matt 22:3	δούλους	N-APM	N-APM	1401	δοῦλος (II)	δούλους	
Matt 22:3	αὐτοῦ	P-GSM	P-GSM	846	αὐτός	αὐτοῦ	
Matt 22:3	καλέσαι	V-AAN	V-AAN	2564&5658	καλέω	καλέσαι	
Matt 22:3	τοὺς	T-APM	T-APM	3588	ὁ	τούς	
Matt 22:3	κεκλημένους	V-RPP-APM	V-RPP-APM	2564&5772	καλέω	κεκλημένους	
Matt 22:3	εἰς	PREP	PREP	1519	εἰς	εἰς	
Matt 22:3	τοὺς	T-APM	T-APM	3588	ὁ	τούς	
Matt 22:3	γάμους,	N-APM	N-APM	1062	γάμος	γάμους	
Matt 22:3	καὶ	CONJ	CONJ	2532	καί	καί	
Matt 22:3	οὐκ	PRT-N	PRT-N	3756	οὐ	οὐκ	
Matt 22:3	ἤθελον	V-IAI-3P	V-IAI-3P	2309&5707	θέλω	ἤθελον	
Matt 22:3	ἐλθεῖν.	V-2AAN	V-2AAN	2064&5629	ἔρχομαι	ἐλθεῖν	
Matt 22:4	πάλιν	ADV	ADV	3825	πάλιν	πάλιν	
Matt 22:4	ἀπέστειλεν	V-AAI-3S	V-AAI-3S	649&5656	ἀποστέλλω	ἀπέστειλεν	
Matt 22:4	ἄλλους	A-APM	A-APM	243	ἄλλος	ἄλλους	
Matt 22:4	δούλους	N-APM	N-APM	1401	δοῦλος (II)	δούλους	
Matt 22:4	λέγων	V-PAP-NSM	V-PAP-NSM	3004&5723	λέγω	λέγων	
Matt 22:4	Εἴπατε	V-2AAM-2P	V-2AAM-2P	3004&5628	λέγω	Εἴπατε	
Matt 22:4	τοῖς	T-DPM	T-DPM	3588	ὁ	τοῖς	
Matt 22:4	κεκλημένοις	V-RPP-DPM	V-RPP-DPM	2564&5772	καλέω	κεκλημένοις	
Matt 22:4	Ἰδοὺ	V-2AMM-2S	V-2AMM-2S	3708&5640	ὁράω	Ἰδού	
Matt 22:4	τὸ	T-ASN	T-ASN	3588	ὁ	τό	
Matt 22:4	ἄριστόν	N-ASN	N-ASN	712	ἄριστον	ἄριστον	
Matt 22:4	μου	P-1GS	P-1GS	1473	ἐγώ	μου	
Matt 22:4	ἡτοίμακα,	V-RAI-1S	V-RAI-1S	2090&5758	ἑτοιμάζω	ἡτοίμακα	
Matt 22:4	οἱ	T-NPM	T-NPM	3588	ὁ	οἱ	
Matt 22:4	ταῦροί	N-NPM	N-NPM	5022	ταῦρος	ταῦροι	
Matt 22:4	μου	P-1GS	P-1GS	1473	ἐγώ	μου	
Matt 22:4	καὶ	CONJ	CONJ	2532	καί	καί	
Matt 22:4	τὰ	T-NPN	T-NPN	3588	ὁ	τά	
Matt 22:4	σιτιστὰ	A-NPN	A-NPN	4619	σιτιστός	σιτιστά	
Matt 22:4	τεθυμένα,	V-RPP-NPN	V-RPP-NPN	2380&5772	θύω	τεθυμένα	
Matt 22:4	καὶ	CONJ	CONJ	2532	καί	καί	
Matt 22:4	πάντα	A-NPN	A-NPN	3956	πᾶς	πάντα	
Matt 22:4	ἕτοιμα·	A-NPN	A-NPN	2092	ἕτοιμος	ἕτοιμα	
Matt 22:4	δεῦτε	V-PAM-2P	V-PAM-2P	1205&5720	δεῦτε	δεῦτε	
Matt 22:4	εἰς	PREP	PREP	1519	εἰς	εἰς	
Matt 22:4	τοὺς	T-APM	T-APM	3588	ὁ	τούς	
Matt 22:4	γάμους.	N-APM	N-APM	1062	γάμος	γάμους	
Matt 22:5	οἱ	T-NPM	T-NPM	3588	ὁ	οἱ	
Matt 22:5	δὲ	CONJ	CONJ	1161	δέ	δέ	
Matt 22:5	ἀμελήσαντες	V-AAP-NPM	V-AAP-NPM	272&5660	ἀμελέω	ἀμελήσαντες	
Matt 22:5	ἀπῆλθον,	V-2AAI-3P	V-2AAI-3P	565&5627	ἀπέρχομαι	ἀπῆλθον	
Matt 22:5	ὃς	R-NSM	R-NSM	3739	ὅς	ὅς	
Matt 22:5	μὲν	PRT	PRT	3303	μέν	μέν	
Matt 22:5	εἰς	PREP	PREP	1519	εἰς	εἰς	
Matt 22:5	τὸν	T-ASM	T-ASM	3588	ὁ	τόν	
Matt 22:5	ἴδιον	A-ASM	A-ASM	2398	ἴδιος	ἴδιον	
Matt 22:5	ἀγρόν,	N-ASM	N-ASM	68	ἀγρός	ἀγρόν	
Matt 22:5	ὃς	R-NSM	R-NSM	3739	ὅς	ὅς	
Matt 22:5	δὲ	CONJ	CONJ	1161	δέ	δέ	
Matt 22:5	ἐπὶ	PREP	PREP	1909	ἐπί	ἐπί	
Matt 22:5	τὴν	T-ASF	T-ASF	3588	ὁ	τήν	
Matt 22:5	ἐμπορίαν	N-ASF	N-ASF	1711	ἐμπορία	ἐμπορίαν	
Matt 22:5	αὐτοῦ·	P-GSM	P-GSM	846	αὐτός	αὐτοῦ	
Matt 22:6	οἱ	T-NPM	T-NPM	3588	ὁ	οἱ	
Matt 22:6	δὲ	CONJ	CONJ	1161	δέ	δέ	
Matt 22:6	λοιποὶ	A-NPM	A-NPM	3062	λοιπός	λοιποί	
Matt 22:6	κρατήσαντες	V-AAP-NPM	V-AAP-NPM	2902&5660	κρατέω	κρατήσαντες	
Matt 22:6	τοὺς	T-APM	T-APM	3588	ὁ	τούς	
Matt 22:6	δούλους	N-APM	N-APM	1401	δοῦλος (II)	δούλους	
Matt 22:6	αὐτοῦ	P-GSM	P-GSM	846	αὐτός	αὐτοῦ	
Matt 22:6	ὕβρισαν	V-AAI-3P	V-AAI-3P	5195&5656	ὑβρίζω	ὕβρισαν	
Matt 22:6	καὶ	CONJ	CONJ	2532	καί	καί	
Matt 22:6	ἀπέκτειναν.	V-AAI-3P	V-AAI-3P	615&5656	ἀποκτείνω	ἀπέκτειναν	
Matt 22:7	ὁ	T-NSM	T-NSM	3588	ὁ	ὁ	
Matt 22:7	δὲ	CONJ	CONJ	1161	δέ	δέ	
Matt 22:7	βασιλεὺς	N-NSM	N-NSM	935	βασιλεύς	βασιλεύς	
Matt 22:7	ὠργίσθη,	V-API-3S	V-API-3S	3710&5681	ὀργίζω	ὠργίσθη	
Matt 22:7	καὶ	CONJ	CONJ	2532	καί	καί	
Matt 22:7	πέμψας	V-AAP-NSM	V-AAP-NSM	3992&5660	πέμπω	πέμψας	
Matt 22:7	τὰ	T-APN	T-APN	3588	ὁ	τά	
Matt 22:7	στρατεύματα	N-APN	N-APN	4753	στράτευμα	στρατεύματα	
Matt 22:7	αὐτοῦ	P-GSM	P-GSM	846	αὐτός	αὐτοῦ	
Matt 22:7	ἀπώλεσεν	V-AAI-3S	V-AAI-3S	622&5656	ἀπόλλυμι	ἀπώλεσεν	
Matt 22:7	τοὺς	T-APM	T-APM	3588	ὁ	τούς	
Matt 22:7	φονεῖς	N-APM	N-APM	5406	φονεύς	φονεῖς	
Matt 22:7	ἐκείνους	D-APM	D-APM	1565	ἐκεῖνος	ἐκείνους	
Matt 22:7	καὶ	CONJ	CONJ	2532	καί	καί	
Matt 22:7	τὴν	T-ASF	T-ASF	3588	ὁ	τήν	
Matt 22:7	πόλιν	N-ASF	N-ASF	4172	πόλις	πόλιν	
Matt 22:7	αὐτῶν	P-GPM	P-GPM	846	αὐτός	αὐτῶν	
Matt 22:7	ἐνέπρησεν.	V-AAI-3S	V-AAI-3S	1714&5656	ἐμπίπρημι	ἐνέπρησεν	
Matt 22:8	τότε	ADV	ADV	5119	τότε	τότε	
Matt 22:8	λέγει	V-PAI-3S	V-PAI-3S	3004&5719	λέγω	λέγει	
Matt 22:8	τοῖς	T-DPM	T-DPM	3588	ὁ	τοῖς	
Matt 22:8	δούλοις	N-DPM	N-DPM	1401	δοῦλος (II)	δούλοις	
Matt 22:8	αὐτοῦ	P-GSM	P-GSM	846	αὐτός	αὐτοῦ	
Matt 22:8	Ὁ	T-NSM	T-NSM	3588	ὁ	Ὁ	
Matt 22:8	μὲν	PRT	PRT	3303	μέν	μέν	
Matt 22:8	γάμος	N-NSM	N-NSM	1062	γάμος	γάμος	
Matt 22:8	ἕτοιμός	A-NSM	A-NSM	2092	ἕτοιμος	ἕτοιμος	
Matt 22:8	ἐστιν,	V-PAI-3S	V-PAI-3S	1510&5719	εἰμί	ἐστιν	
Matt 22:8	οἱ	T-NPM	T-NPM	3588	ὁ	οἱ	
Matt 22:8	δὲ	CONJ	CONJ	1161	δέ	δέ	
Matt 22:8	κεκλημένοι	V-RPP-NPM	V-RPP-NPM	2564&5772	καλέω	κεκλημένοι	
Matt 22:8	οὐκ	PRT-N	PRT-N	3756	οὐ	οὐκ	
Matt 22:8	ἦσαν	V-IAI-3P	V-IAI-3P	1510&5707	εἰμί	ἦσαν	
Matt 22:8	ἄξιοι·	A-NPM	A-NPM	514	ἄξιος	ἄξιοι	
Matt 22:9	πορεύεσθε	V-PNM-2P	V-PNM-2P	4198&5737	πορεύομαι	πορεύεσθε	
Matt 22:9	οὖν	CONJ	CONJ	3767	οὖν	οὖν	
Matt 22:9	ἐπὶ	PREP	PREP	1909	ἐπί	ἐπί	
Matt 22:9	τὰς	T-APF	T-APF	3588	ὁ	τάς	
Matt 22:9	διεξόδους	N-APF	N-APF	1327	διέξοδος	διεξόδους	
Matt 22:9	τῶν	T-GPF	T-GPF	3588	ὁ	τῶν	
Matt 22:9	ὁδῶν,	N-GPF	N-GPF	3598	ὁδός	ὁδῶν	
Matt 22:9	καὶ	CONJ	CONJ	2532	καί	καί	
Matt 22:9	ὅσους	K-APM	K-APM	3745	ὅσος	ὅσους	
Matt 22:9	ἐὰν	COND	COND	1437	ἐάν	ἐάν	
Matt 22:9	εὕρητε	V-2AAS-2P	V-2AAS-2P	2147&5632	εὑρίσκω	εὕρητε	
Matt 22:9	καλέσατε	V-AAM-2P	V-AAM-2P	2564&5657	καλέω	καλέσατε	
Matt 22:9	εἰς	PREP	PREP	1519	εἰς	εἰς	
Matt 22:9	τοὺς	T-APM	T-APM	3588	ὁ	τούς	
Matt 22:9	γάμους.	N-APM	N-APM	1062	γάμος	γάμους	
Matt 22:10	καὶ	CONJ	CONJ	2532	καί	καί	
Matt 22:10	ἐξελθόντες	V-2AAP-NPM	V-2AAP-NPM	1831&5631	ἐξέρχομαι	ἐξελθόντες	
Matt 22:10	οἱ	T-NPM	T-NPM	3588	ὁ	οἱ	
Matt 22:10	δοῦλοι	N-NPM	N-NPM	1401	δοῦλος (II)	δοῦλοι	
Matt 22:10	ἐκεῖνοι	D-NPM	D-NPM	1565	ἐκεῖνος	ἐκεῖνοι	
Matt 22:10	εἰς	PREP	PREP	1519	εἰς	εἰς	
Matt 22:10	τὰς	T-APF	T-APF	3588	ὁ	τάς	
Matt 22:10	ὁδοὺς	N-APF	N-APF	3598	ὁδός	ὁδούς	
Matt 22:10	συνήγαγον	V-2AAI-3P	V-2AAI-3P	4863&5627	συνάγω	συνήγαγον	
Matt 22:10	πάντας	A-APM	A-APM	3956	πᾶς	πάντας	
Matt 22:10	οὓς	R-APM	R-APM	3739	ὅς	οὕς	
Matt 22:10	εὗρον,	V-2AAI-3P	V-2AAI-3P	2147&5627	εὑρίσκω	εὗρον	
Matt 22:10	πονηρούς	A-APM	A-APM	4190	πονηρός	πονηρούς	
Matt 22:10	τε	PRT	PRT	5037	τέ	τε	
Matt 22:10	καὶ	CONJ	CONJ	2532	καί	καί	
Matt 22:10	ἀγαθούς·	A-APM	A-APM	18	ἀγαθός	ἀγαθούς	
Matt 22:10	καὶ	CONJ	CONJ	2532	καί	καί	
Matt 22:10	ἐπλήσθη	V-API-3S	V-API-3S	4130&5681	πίμπλημι	ἐπλήσθη	
Matt 22:10	ὁ	T-NSM	T-NSM	3588	ὁ	ὁ	
Matt 22:10	νυμφὼν	N-NSM	N-NSM	3567	νυμφών	νυμφών	
Matt 22:10	ἀνακειμένων.	V-PNP-GPM	V-PNP-GPM	345&5740	ἀνάκειμαι	ἀνακειμένων	
Matt 22:11	εἰσελθὼν	V-2AAP-NSM	V-2AAP-NSM	1525&5631	εἰσέρχομαι	εἰσελθών	
Matt 22:11	δὲ	CONJ	CONJ	1161	δέ	δέ	
Matt 22:11	ὁ	T-NSM	T-NSM	3588	ὁ	ὁ	
Matt 22:11	βασιλεὺς	N-NSM	N-NSM	935	βασιλεύς	βασιλεύς	
Matt 22:11	θεάσασθαι	V-ADN	V-ADN	2300&5664	θεάομαι	θεάσασθαι	
Matt 22:11	τοὺς	T-APM	T-APM	3588	ὁ	τούς	
Matt 22:11	ἀνακειμένους	V-PNP-APM	V-PNP-APM	345&5740	ἀνάκειμαι	ἀνακειμένους	
Matt 22:11	εἶδεν	V-2AAI-3S	V-2AAI-3S	3708&5627	ὁράω	εἶδεν	
Matt 22:11	ἐκεῖ	ADV	ADV	1563	ἐκεῖ	ἐκεῖ	
Matt 22:11	ἄνθρωπον	N-ASM	N-ASM	444	ἄνθρωπος	ἄνθρωπον	
Matt 22:11	οὐκ	PRT-N	PRT-N	3756	οὐ	οὐκ	
Matt 22:11	ἐνδεδυμένον	V-RMP-ASM	V-RMP-ASM	1746&5765	ἐνδύω	ἐνδεδυμένον	
Matt 22:11	ἔνδυμα	N-ASN	N-ASN	1742	ἔνδυμα	ἔνδυμα	
Matt 22:11	γάμου·	N-GSM	N-GSM	1062	γάμος	γάμου	
Matt 22:12	καὶ	CONJ	CONJ	2532	καί	καί	
Matt 22:12	λέγει	V-PAI-3S	V-PAI-3S	3004&5719	λέγω	λέγει	
Matt 22:12	αὐτῷ	P-DSM	P-DSM	846	αὐτός	αὐτῷ	
Matt 22:12	Ἑταῖρε,	N-VSM	N-VSM	2083	ἑταῖρος	Ἑταῖρε	
Matt 22:12	πῶς	ADV-I	ADV-I	4459	πῶς	πῶς	
Matt 22:12	εἰσῆλθες	V-2AAI-2S	V-2AAI-2S	1525&5627	εἰσέρχομαι	εἰσῆλθες	
Matt 22:12	ὧδε	ADV	ADV	5602	ὧδε	ὧδε	
Matt 22:12	μὴ	PRT-N	PRT-N	3361	μή	μή	
Matt 22:12	ἔχων	V-PAP-NSM	V-PAP-NSM	2192&5723	ἔχω	ἔχων	
Matt 22:12	ἔνδυμα	N-ASN	N-ASN	1742	ἔνδυμα	ἔνδυμα	
Matt 22:12	γάμου;	N-GSM	N-GSM	1062	γάμος	γάμου	
Matt 22:12	ὁ	T-NSM	T-NSM	3588	ὁ	ὁ	
Matt 22:12	δὲ	CONJ	CONJ	1161	δέ	δέ	
Matt 22:12	ἐφιμώθη.	V-API-3S	V-API-3S	5392&5681	φιμόω	ἐφιμώθη	
Matt 22:13	τότε	ADV	ADV	5119	τότε	τότε	
Matt 22:13	ὁ	T-NSM	T-NSM	3588	ὁ	ὁ	
Matt 22:13	βασιλεὺς	N-NSM	N-NSM	935	βασιλεύς	βασιλεύς	
Matt 22:13	εἶπεν	V-2AAI-3S	V-2AAI-3S	3004&5627	λέγω	εἶπεν	
Matt 22:13	τοῖς	T-DPM	T-DPM	3588	ὁ	τοῖς	
Matt 22:13	διακόνοις	N-DPM	N-DPM	1249	διάκονος	διακόνοις	
Matt 22:13	Δήσαντες	V-AAP-NPM	V-AAP-NPM	1210&5660	δέω	Δήσαντες	
Matt 22:13	αὐτοῦ	P-GSM	P-GSM	846	αὐτός	αὐτοῦ	
Matt 22:13	πόδας	N-APM	N-APM	4228	πούς	πόδας	
Matt 22:13	καὶ	CONJ	CONJ	2532	καί	καί	
Matt 22:13	χεῖρας	N-APF	N-APF	5495	χείρ	χεῖρας	
Matt 22:13	ἐκβάλετε	V-2AAM-2P	V-2AAM-2P	1544&5628	ἐκβάλλω	ἐκβάλετε	
Matt 22:13	αὐτὸν	P-ASM	P-ASM	846	αὐτός	αὐτόν	
Matt 22:13	εἰς	PREP	PREP	1519	εἰς	εἰς	
Matt 22:13	τὸ	T-ASN	T-ASN	3588	ὁ	τό	
Matt 22:13	σκότος	N-ASN	N-ASN	4655	σκότος	σκότος	
Matt 22:13	τὸ	T-ASN	T-ASN	3588	ὁ	τό	
Matt 22:13	ἐξώτερον·	A-ASN-C	A-ASN-C	1857	ἐξώτερος	ἐξώτερον	
Matt 22:13	ἐκεῖ	ADV	ADV	1563	ἐκεῖ	ἐκεῖ	
Matt 22:13	ἔσται	V-FDI-3S	V-FDI-3S	1510&5695	εἰμί	ἔσται	
Matt 22:13	ὁ	T-NSM	T-NSM	3588	ὁ	ὁ	
Matt 22:13	κλαυθμὸς	N-NSM	N-NSM	2805	κλαυθμός	κλαυθμός	
Matt 22:13	καὶ	CONJ	CONJ	2532	καί	καί	
Matt 22:13	ὁ	T-NSM	T-NSM	3588	ὁ	ὁ	
Matt 22:13	βρυγμὸς	N-NSM	N-NSM	1030	βρυγμός	βρυγμός	
Matt 22:13	τῶν	T-GPM	T-GPM	3588	ὁ	τῶν	
Matt 22:13	ὀδόντων.	N-GPM	N-GPM	3599	ὀδούς	ὀδόντων	
Matt 22:14	Πολλοὶ	A-NPM	A-NPM	4183	πολύς	Πολλοί	
Matt 22:14	γάρ	CONJ	CONJ	1063	γάρ	γάρ	
Matt 22:14	εἰσιν	V-PAI-3P	V-PAI-3P	1510&5719	εἰμί	εἰσιν	
Matt 22:14	κλητοὶ,	A-NPM	A-NPM	2822	κλητός	κλητοί	
Matt 22:14	ὀλίγοι	A-NPM	A-NPM	3641	ὀλίγος	ὀλίγοι	
Matt 22:14	δὲ	CONJ	CONJ	1161	δέ	δέ	
Matt 22:14	ἐκλεκτοί.	A-NPM	A-NPM	1588	ἐκλεκτός	ἐκλεκτοί	
Matt 22:15	Τότε	ADV	ADV	5119	τότε	Τότε	
Matt 22:15	πορευθέντες	V-AOP-NPM	V-AOP-NPM	4198&5679	πορεύομαι	πορευθέντες	
Matt 22:15	οἱ	T-NPM	T-NPM	3588	ὁ	οἱ	
Matt 22:15	Φαρισαῖοι	N-NPM	N-NPM	5330	Φαρισαῖος	Φαρισαῖοι	
Matt 22:15	συμβούλιον	N-ASN	N-ASN	4824	συμβούλιον	συμβούλιον	
Matt 22:15	ἔλαβον	V-2AAI-3P	V-2AAI-3P	2983&5627	λαμβάνω	ἔλαβον	
Matt 22:15	ὅπως	ADV	ADV	3704	ὅπως	ὅπως	
Matt 22:15	αὐτὸν	P-ASM	P-ASM	846	αὐτός	αὐτόν	
Matt 22:15	παγιδεύσωσιν	V-AAS-3P	V-AAS-3P	3802&5661	παγιδεύω	παγιδεύσωσιν	
Matt 22:15	ἐν	PREP	PREP	1722	ἐν	ἐν	
Matt 22:15	λόγῳ.	N-DSM	N-DSM	3056	λόγος	λόγῳ	
Matt 22:16	καὶ	CONJ	CONJ	2532	καί	καί	
Matt 22:16	ἀποστέλλουσιν	V-PAI-3P	V-PAI-3P	649&5719	ἀποστέλλω	ἀποστέλλουσιν	
Matt 22:16	αὐτῷ	P-DSM	P-DSM	846	αὐτός	αὐτῷ	
Matt 22:16	τοὺς	T-APM	T-APM	3588	ὁ	τούς	
Matt 22:16	μαθητὰς	N-APM	N-APM	3101	μαθητής	μαθητάς	
Matt 22:16	αὐτῶν	P-GPM	P-GPM	846	αὐτός	αὐτῶν	
Matt 22:16	μετὰ	PREP	PREP	3326	μετά	μετά	
Matt 22:16	τῶν	T-GPM	T-GPM	3588	ὁ	τῶν	
Matt 22:16	Ἡρῳδιανῶν	N-GPM	N-GPM	2265	Ἡρῳδιανοί	Ἡρῳδιανῶν	
Matt 22:16	λέγοντας	V-PAP-APM	V-PAP-APM	3004&5723	λέγω	λέγοντας	
Matt 22:16	Διδάσκαλε,	N-VSM	N-VSM	1320	διδάσκαλος	Διδάσκαλε	
Matt 22:16	οἴδαμεν	V-RAI-1P	V-RAI-1P	1492&5758	οἶδα	οἴδαμεν	
Matt 22:16	ὅτι	CONJ	CONJ	3754	ὅτι	ὅτι	
Matt 22:16	ἀληθὴς	A-NSM	A-NSM	227	ἀληθής	ἀληθής	
Matt 22:16	εἶ	V-PAI-2S	V-PAI-2S	1510&5719	εἰμί	εἶ	
Matt 22:16	καὶ	CONJ	CONJ	2532	καί	καί	
Matt 22:16	τὴν	T-ASF	T-ASF	3588	ὁ	τήν	
Matt 22:16	ὁδὸν	N-ASF	N-ASF	3598	ὁδός	ὁδόν	
Matt 22:16	τοῦ	T-GSM	T-GSM	3588	ὁ	τοῦ	
Matt 22:16	Θεοῦ	N-GSM	N-GSM	2316	θεός	Θεοῦ	
Matt 22:16	ἐν	PREP	PREP	1722	ἐν	ἐν	
Matt 22:16	ἀληθείᾳ	N-DSF	N-DSF	225	ἀλήθεια	ἀληθείᾳ	
Matt 22:16	διδάσκεις,	V-PAI-2S	V-PAI-2S	1321&5719	διδάσκω	διδάσκεις	
Matt 22:16	καὶ	CONJ	CONJ	2532	καί	καί	
Matt 22:16	οὐ	PRT-N	PRT-N	3756	οὐ	οὐ	
Matt 22:16	μέλει	V-PAI-3S	V-PAI-3S	3199&5719	μέλει	μέλει	
Matt 22:16	σοι	P-2DS	P-2DS	4771	σύ	σοι	
Matt 22:16	περὶ	PREP	PREP	4012	περί	περί	
Matt 22:16	οὐδενός,	A-GSM-N	A-GSM-N	3762	οὐδείς	οὐδενός	
Matt 22:16	οὐ	PRT-N	PRT-N	3756	οὐ	οὐ	
Matt 22:16	γὰρ	CONJ	CONJ	1063	γάρ	γάρ	
Matt 22:16	βλέπεις	V-PAI-2S	V-PAI-2S	991&5719	βλέπω	βλέπεις	
Matt 22:16	εἰς	PREP	PREP	1519	εἰς	εἰς	
Matt 22:16	πρόσωπον	N-ASN	N-ASN	4383	πρόσωπον	πρόσωπον	
Matt 22:16	ἀνθρώπων·	N-GPM	N-GPM	444	ἄνθρωπος	ἀνθρώπων	
Matt 22:17	εἰπὸν	V-2AAM-2S	V-2AAM-2S	3004&5628	λέγω	εἰπόν	
Matt 22:17	οὖν	CONJ	CONJ	3767	οὖν	οὖν	
Matt 22:17	ἡμῖν,	P-1DP	P-1DP	1473	ἐγώ	ἡμῖν	
Matt 22:17	τί	I-NSN	I-NSN	5101	τίς	τί	
Matt 22:17	σοι	P-2DS	P-2DS	4771	σύ	σοι	
Matt 22:17	δοκεῖ;	V-PAI-3S	V-PAI-3S	1380&5719	δοκέω	δοκεῖ	
Matt 22:17	ἔξεστιν	V-PAI-3S	V-PAI-3S	1832&5719	ἔξεστι(ν)	ἔξεστιν	
Matt 22:17	δοῦναι	V-2AAN	V-2AAN	1325&5629	δίδωμι	δοῦναι	
Matt 22:17	κῆνσον	N-ASM	N-ASM	2778	κῆνσος	κῆνσον	
Matt 22:17	Καίσαρι	N-DSM	N-DSM	2541	Καῖσαρ	Καίσαρι	
Matt 22:17	ἢ	PRT	PRT	2228	ἤ	ἤ	
Matt 22:17	οὔ;	PRT-N	PRT-N	3756	οὐ	οὔ	
Matt 22:18	γνοὺς	V-2AAP-NSM	V-2AAP-NSM	1097&5631	γινώσκω	γνούς	
Matt 22:18	δὲ	CONJ	CONJ	1161	δέ	δέ	
Matt 22:18	ὁ	T-NSM	T-NSM	3588	ὁ	ὁ	
Matt 22:18	Ἰησοῦς	N-NSM	N-NSM	2424	Ἰησοῦς	Ἰησοῦς	
Matt 22:18	τὴν	T-ASF	T-ASF	3588	ὁ	τήν	
Matt 22:18	πονηρίαν	N-ASF	N-ASF	4189	πονηρία	πονηρίαν	
Matt 22:18	αὐτῶν	P-GPM	P-GPM	846	αὐτός	αὐτῶν	
Matt 22:18	εἶπεν	V-2AAI-3S	V-2AAI-3S	3004&5627	λέγω	εἶπεν	
Matt 22:18	Τί	I-ASN	I-ASN	5101	τίς	Τί	
Matt 22:18	με	P-1AS	P-1AS	1473	ἐγώ	με	
Matt 22:18	πειράζετε,	V-PAI-2P	V-PAI-2P	3985&5719	πειράζω	πειράζετε	
Matt 22:18	ὑποκριταί;	N-VPM	N-VPM	5273	ὑποκριτής	ὑποκριταί	
Matt 22:19	ἐπιδείξατέ	V-AAM-2P	V-AAM-2P	1925&5657	ἐπιδείκνυμι	ἐπιδείξατε	
Matt 22:19	μοι	P-1DS	P-1DS	1473	ἐγώ	μοι	
Matt 22:19	τὸ	T-ASN	T-ASN	3588	ὁ	τό	
Matt 22:19	νόμισμα	N-ASN	N-ASN	3546	νόμισμα	νόμισμα	
Matt 22:19	τοῦ	T-GSM	T-GSM	3588	ὁ	τοῦ	
Matt 22:19	κήνσου.	N-GSM	N-GSM	2778	κῆνσος	κήνσου	
Matt 22:19	οἱ	T-NPM	T-NPM	3588	ὁ	οἱ	
Matt 22:19	δὲ	CONJ	CONJ	1161	δέ	δέ	
Matt 22:19	προσήνεγκαν	V-AAI-3P	V-AAI-3P	4374&5656	προσφέρω	προσήνεγκαν	
Matt 22:19	αὐτῷ	P-DSM	P-DSM	846	αὐτός	αὐτῷ	
Matt 22:19	δηνάριον.	N-ASN	N-ASN	1220	δηνάριον	δηνάριον	
Matt 22:20	καὶ	CONJ	CONJ	2532	καί	καί	
Matt 22:20	λέγει	V-PAI-3S	V-PAI-3S	3004&5719	λέγω	λέγει	
Matt 22:20	αὐτοῖς	P-DPM	P-DPM	846	αὐτός	αὐτοῖς	
Matt 22:20	Τίνος	I-GSM	I-GSM	5101	τίς	Τίνος	
Matt 22:20	ἡ	T-NSF	T-NSF	3588	ὁ	ἡ	
Matt 22:20	εἰκὼν	N-NSF	N-NSF	1504	εἰκών	εἰκών	
Matt 22:20	αὕτη	D-NSF	D-NSF	3778	οὗτος	αὕτη	
Matt 22:20	καὶ	CONJ	CONJ	2532	καί	καί	
Matt 22:20	ἡ	T-NSF	T-NSF	3588	ὁ	ἡ	
Matt 22:20	ἐπιγραφή;	N-NSF	N-NSF	1923	ἐπιγραφή	ἐπιγραφή	
Matt 22:21	λέγουσιν·	V-PAI-3P	V-PAI-3P	3004&5719	λέγω	λέγουσιν	
Matt 22:21	Καίσαρος.	N-GSM	N-GSM	2541	Καῖσαρ	Καίσαρος	
Matt 22:21	τότε	ADV	ADV	5119	τότε	τότε	
Matt 22:21	λέγει	V-PAI-3S	V-PAI-3S	3004&5719	λέγω	λέγει	
Matt 22:21	αὐτοῖς	P-DPM	P-DPM	846	αὐτός	αὐτοῖς	
Matt 22:21	Ἀπόδοτε	V-2AAM-2P	V-2AAM-2P	591&5628	ἀποδίδωμι	Ἀπόδοτε	
Matt 22:21	οὖν	CONJ	CONJ	3767	οὖν	οὖν	
Matt 22:21	τὰ	T-APN	T-APN	3588	ὁ	τά	
Matt 22:21	Καίσαρος	N-GSM	N-GSM	2541	Καῖσαρ	Καίσαρος	
Matt 22:21	Καίσαρι	N-DSM	N-DSM	2541	Καῖσαρ	Καίσαρι	
Matt 22:21	καὶ	CONJ	CONJ	2532	καί	καί	
Matt 22:21	τὰ	T-APN	T-APN	3588	ὁ	τά	
Matt 22:21	τοῦ	T-GSM	T-GSM	3588	ὁ	τοῦ	
Matt 22:21	Θεοῦ	N-GSM	N-GSM	2316	θεός	Θεοῦ	
Matt 22:21	τῷ	T-DSM	T-DSM	3588	ὁ	τῷ	
Matt 22:21	Θεῷ.	N-DSM	N-DSM	2316	θεός	Θεῷ	
Matt 22:22	καὶ	CONJ	CONJ	2532	καί	καί	
Matt 22:22	ἀκούσαντες	V-AAP-NPM	V-AAP-NPM	191&5660	ἀκούω	ἀκούσαντες	
Matt 22:22	ἐθαύμασαν,	V-AAI-3P	V-AAI-3P	2296&5656	θαυμάζω	ἐθαύμασαν	
Matt 22:22	καὶ	CONJ	CONJ	2532	καί	καί	
Matt 22:22	ἀφέντες	V-2AAP-NPM	V-2AAP-NPM	863&5631	ἀφίημι	ἀφέντες	
Matt 22:22	αὐτὸν	P-ASM	P-ASM	846	αὐτός	αὐτόν	
Matt 22:22	ἀπῆλθαν.	V-2AAI-3P	V-2AAI-3P	565&5627	ἀπέρχομαι	ἀπῆλθαν	
Matt 22:23	Ἐν	PREP	PREP	1722	ἐν	Ἐν	
Matt 22:23	ἐκείνῃ	D-DSF	D-DSF	1565	ἐκεῖνος	ἐκείνῃ	
Matt 22:23	τῇ	T-DSF	T-DSF	3588	ὁ	τῇ	
Matt 22:23	ἡμέρᾳ	N-DSF	N-DSF	2250	ἡμέρα	ἡμέρᾳ	
Matt 22:23	προσῆλθον	V-2AAI-3P	V-2AAI-3P	4334&5627	προσέρχομαι	προσῆλθον	
Matt 22:23	αὐτῷ	P-DSM	P-DSM	846	αὐτός	αὐτῷ	
Matt 22:23	Σαδδουκαῖοι,	N-NPM	N-NPM	4523	Σαδδουκαῖος	Σαδδουκαῖοι	
Matt 22:23	λέγοντες	V-PAP-NPM	V-PAP-NPM	3004&5723	λέγω	λέγοντες	
Matt 22:23	μὴ	PRT-N	PRT-N	3361	μή	μή	
Matt 22:23	εἶναι	V-PAN	V-PAN	1510&5721	εἰμί	εἶναι	
Matt 22:23	ἀνάστασιν,	N-ASF	N-ASF	386	ἀνάστασις	ἀνάστασιν	
Matt 22:23	καὶ	CONJ	CONJ	2532	καί	καί	
Matt 22:23	ἐπηρώτησαν	V-AAI-3P	V-AAI-3P	1905&5656	ἐπερωτάω	ἐπηρώτησαν	
Matt 22:23	αὐτὸν	P-ASM	P-ASM	846	αὐτός	αὐτόν	
Matt 22:24	λέγοντες	V-PAP-NPM	V-PAP-NPM	3004&5723	λέγω	λέγοντες	
Matt 22:24	Διδάσκαλε,	N-VSM	N-VSM	1320	διδάσκαλος	Διδάσκαλε	
Matt 22:24	Μωϋσῆς	N-NSM	N-NSM	3475	Μωϋσῆς	Μωϋσῆς	
Matt 22:24	εἶπεν	V-2AAI-3S	V-2AAI-3S	3004&5627	λέγω	εἶπεν	
Matt 22:24	Ἐάν	COND	COND	1437	ἐάν	Ἐάν	
Matt 22:24	τις	X-NSM	X-NSM	5100	τὶς	τις	
Matt 22:24	ἀποθάνῃ	V-2AAS-3S	V-2AAS-3S	599&5632	ἀποθνῄσκω	ἀποθάνῃ	
Matt 22:24	μὴ	PRT-N	PRT-N	3361	μή	μή	
Matt 22:24	ἔχων	V-PAP-NSM	V-PAP-NSM	2192&5723	ἔχω	ἔχων	
Matt 22:24	τέκνα,	N-APN	N-APN	5043	τέκνον	τέκνα	
Matt 22:24	ἐπιγαμβρεύσει	V-FAI-3S	V-FAI-3S	1918&5692	ἐπιγαμβρεύω	ἐπιγαμβρεύσει	
Matt 22:24	ὁ	T-NSM	T-NSM	3588	ὁ	ὁ	
Matt 22:24	ἀδελφὸς	N-NSM	N-NSM	80	ἀδελφός	ἀδελφός	
Matt 22:24	αὐτοῦ	P-GSM	P-GSM	846	αὐτός	αὐτοῦ	
Matt 22:24	τὴν	T-ASF	T-ASF	3588	ὁ	τήν	
Matt 22:24	γυναῖκα	N-ASF	N-ASF	1135	γυνή	γυναῖκα	
Matt 22:24	αὐτοῦ	P-GSM	P-GSM	846	αὐτός	αὐτοῦ	
Matt 22:24	καὶ	CONJ	CONJ	2532	καί	καί	
Matt 22:24	ἀναστήσει	V-FAI-3S	V-FAI-3S	450&5692	ἀνίστημι	ἀναστήσει	
Matt 22:24	σπέρμα	N-ASN	N-ASN	4690	σπέρμα	σπέρμα	
Matt 22:24	τῷ	T-DSM	T-DSM	3588	ὁ	τῷ	
Matt 22:24	ἀδελφῷ	N-DSM	N-DSM	80	ἀδελφός	ἀδελφῷ	
Matt 22:24	αὐτοῦ.	P-GSM	P-GSM	846	αὐτός	αὐτοῦ	
Matt 22:25	ἦσαν	V-IAI-3P	V-IAI-3P	1510&5707	εἰμί	ἦσαν	
Matt 22:25	δὲ	CONJ	CONJ	1161	δέ	δέ	
Matt 22:25	παρ’	PREP	PREP	3844	παρά	παρ’	
Matt 22:25	ἡμῖν	P-1DP	P-1DP	1473	ἐγώ	ἡμῖν	
Matt 22:25	ἑπτὰ	A-NUI	A-NUI	2033	ἑπτά	ἑπτά	
Matt 22:25	ἀδελφοί·	N-NPM	N-NPM	80	ἀδελφός	ἀδελφοί	
Matt 22:25	καὶ	CONJ	CONJ	2532	καί	καί	
Matt 22:25	ὁ	T-NSM	T-NSM	3588	ὁ	ὁ	
Matt 22:25	πρῶτος	A-NSM-S	A-NSM-S	4413	πρῶτος	πρῶτος	
Matt 22:25	γήμας	V-AAP-NSM	V-AAP-NSM	1060&5660	γαμέω	γήμας	
Matt 22:25	ἐτελεύτησεν,	V-AAI-3S	V-AAI-3S	5053&5656	τελευτάω	ἐτελεύτησεν	
Matt 22:25	καὶ	CONJ	CONJ	2532	καί	καί	
Matt 22:25	μὴ	PRT-N	PRT-N	3361	μή	μή	
Matt 22:25	ἔχων	V-PAP-NSM	V-PAP-NSM	2192&5723	ἔχω	ἔχων	
Matt 22:25	σπέρμα	N-ASN	N-ASN	4690	σπέρμα	σπέρμα	
Matt 22:25	ἀφῆκεν	V-AAI-3S	V-AAI-3S	863&5656	ἀφίημι	ἀφῆκεν	
Matt 22:25	τὴν	T-ASF	T-ASF	3588	ὁ	τήν	
Matt 22:25	γυναῖκα	N-ASF	N-ASF	1135	γυνή	γυναῖκα	
Matt 22:25	αὐτοῦ	P-GSM	P-GSM	846	αὐτός	αὐτοῦ	
Matt 22:25	τῷ	T-DSM	T-DSM	3588	ὁ	τῷ	
Matt 22:25	ἀδελφῷ	N-DSM	N-DSM	80	ἀδελφός	ἀδελφῷ	
Matt 22:25	αὐτοῦ·	P-GSM	P-GSM	846	αὐτός	αὐτοῦ	
Matt 22:26	ὁμοίως	ADV	ADV	3668	ὁμοίως	ὁμοίως	
Matt 22:26	καὶ	CONJ	CONJ	2532	καί	καί	
Matt 22:26	ὁ	T-NSM	T-NSM	3588	ὁ	ὁ	
Matt 22:26	δεύτερος	A-NSM	A-NSM	1208	δεύτερος	δεύτερος	
Matt 22:26	καὶ	CONJ	CONJ	2532	καί	καί	
Matt 22:26	ὁ	T-NSM	T-NSM	3588	ὁ	ὁ	
Matt 22:26	τρίτος,	A-NSM	A-NSM	5154	τρίτος	τρίτος	
Matt 22:26	ἕως	ADV	ADV	2193	ἕως	ἕως	
Matt 22:26	τῶν	T-GPM	T-GPM	3588	ὁ	τῶν	
Matt 22:26	ἑπτά·	A-NUI	A-NUI	2033	ἑπτά	ἑπτά	
Matt 22:27	ὕστερον	ADV	ADV	5305	ὕστερος	ὕστερον	
Matt 22:27	δὲ	CONJ	CONJ	1161	δέ	δέ	
Matt 22:27	πάντων	A-GPM	A-GPM	3956	πᾶς	πάντων	
Matt 22:27	ἀπέθανεν	V-2AAI-3S	V-2AAI-3S	599&5627	ἀποθνῄσκω	ἀπέθανεν	
Matt 22:27	ἡ	T-NSF	T-NSF	3588	ὁ	ἡ	
Matt 22:27	γυνή.	N-NSF	N-NSF	1135	γυνή	γυνή	
Matt 22:28	ἐν	PREP	PREP	1722	ἐν	ἐν	
Matt 22:28	τῇ	T-DSF	T-DSF	3588	ὁ	τῇ	
Matt 22:28	ἀναστάσει	N-DSF	N-DSF	386	ἀνάστασις	ἀναστάσει	
Matt 22:28	οὖν	CONJ	CONJ	3767	οὖν	οὖν	
Matt 22:28	τίνος	I-GSM	I-GSM	5101	τίς	τίνος	
Matt 22:28	τῶν	T-GPM	T-GPM	3588	ὁ	τῶν	
Matt 22:28	ἑπτὰ	A-NUI	A-NUI	2033	ἑπτά	ἑπτά	
Matt 22:28	ἔσται	V-FDI-3S	V-FDI-3S	1510&5695	εἰμί	ἔσται	
Matt 22:28	γυνή;	N-NSF	N-NSF	1135	γυνή	γυνή	
Matt 22:28	πάντες	A-NPM	A-NPM	3956	πᾶς	πάντες	
Matt 22:28	γὰρ	CONJ	CONJ	1063	γάρ	γάρ	
Matt 22:28	ἔσχον	V-2AAI-3P	V-2AAI-3P	2192&5627	ἔχω	ἔσχον	
Matt 22:28	αὐτήν.	P-ASF	P-ASF	846	αὐτός	αὐτήν	
Matt 22:29	ἀποκριθεὶς	V-AOP-NSM	V-AOP-NSM	611&5679	ἀποκρίνομαι	ἀποκριθείς	
Matt 22:29	δὲ	CONJ	CONJ	1161	δέ	δέ	
Matt 22:29	ὁ	T-NSM	T-NSM	3588	ὁ	ὁ	
Matt 22:29	Ἰησοῦς	N-NSM	N-NSM	2424	Ἰησοῦς	Ἰησοῦς	
Matt 22:29	εἶπεν	V-2AAI-3S	V-2AAI-3S	3004&5627	λέγω	εἶπεν	
Matt 22:29	αὐτοῖς	P-DPM	P-DPM	846	αὐτός	αὐτοῖς	
Matt 22:29	Πλανᾶσθε	V-PPI-2P	V-PEI-2P	4105&5743	πλανάω	Πλανᾶσθε	
Matt 22:29	μὴ	PRT-N	PRT-N	3361	μή	μή	
Matt 22:29	εἰδότες	V-RAP-NPM	V-RAP-NPM	1492&5761	οἶδα	εἰδότες	
Matt 22:29	τὰς	T-APF	T-APF	3588	ὁ	τάς	
Matt 22:29	γραφὰς	N-APF	N-APF	1124	γραφή	γραφάς	
Matt 22:29	μηδὲ	CONJ-N	CONJ-N	3366	μηδέ	μηδέ	
Matt 22:29	τὴν	T-ASF	T-ASF	3588	ὁ	τήν	
Matt 22:29	δύναμιν	N-ASF	N-ASF	1411	δύναμις	δύναμιν	
Matt 22:29	τοῦ	T-GSM	T-GSM	3588	ὁ	τοῦ	
Matt 22:29	Θεοῦ.	N-GSM	N-GSM	2316	θεός	Θεοῦ	
Matt 22:30	ἐν	PREP	PREP	1722	ἐν	ἐν	
Matt 22:30	γὰρ	CONJ	CONJ	1063	γάρ	γάρ	
Matt 22:30	τῇ	T-DSF	T-DSF	3588	ὁ	τῇ	
Matt 22:30	ἀναστάσει	N-DSF	N-DSF	386	ἀνάστασις	ἀναστάσει	
Matt 22:30	οὔτε	CONJ-N	CONJ-N	3777	οὔτε	οὔτε	
Matt 22:30	γαμοῦσιν	V-PAI-3P	V-PAI-3P	1060&5719	γαμέω	γαμοῦσιν	
Matt 22:30	οὔτε	CONJ-N	CONJ-N	3777	οὔτε	οὔτε	
Matt 22:30	γαμίζονται,	V-PPI-3P	V-PEI-3P	01061&5743	γαμίζω	γαμίζονται	
Matt 22:30	ἀλλ’	CONJ	CONJ	235	ἀλλά	ἀλλ’	
Matt 22:30	ὡς	ADV	ADV	5613	ὡς	ὡς	
Matt 22:30	ἄγγελοι	N-NPM	N-NPM	32	ἄγγελος	ἄγγελοι	
Matt 22:30	ἐν	PREP	PREP	1722	ἐν	ἐν	
Matt 22:30	τῷ	T-DSM	T-DSM	3588	ὁ	τῷ	
Matt 22:30	οὐρανῷ	N-DSM	N-DSM	3772	οὐρανός	οὐρανῷ	
Matt 22:30	εἰσιν.	V-PAI-3P	V-PAI-3P	1510	εἰμί	εἰσιν	
Matt 22:31	περὶ	PREP	PREP	4012	περί	περί	
Matt 22:31	δὲ	CONJ	CONJ	1161	δέ	δέ	
Matt 22:31	τῆς	T-GSF	T-GSF	3588	ὁ	τῆς	
Matt 22:31	ἀναστάσεως	N-GSF	N-GSF	386	ἀνάστασις	ἀναστάσεως	
Matt 22:31	τῶν	T-GPM	T-GPM	3588	ὁ	τῶν	
Matt 22:31	νεκρῶν	A-GPM	A-GPM	3498	νεκρός	νεκρῶν	
Matt 22:31	οὐκ	PRT-N	PRT-N	3756	οὐ	οὐκ	
Matt 22:31	ἀνέγνωτε	V-2AAI-2P	V-2AAI-2P	314&5627	ἀναγινώσκω	ἀνέγνωτε	
Matt 22:31	τὸ	T-ASN	T-ASN	3588	ὁ	τό	
Matt 22:31	ῥηθὲν	V-APP-ASN	V-APP-ASN	2046&5685	εἶπον	ῥηθέν	
Matt 22:31	ὑμῖν	P-2DP	P-2DP	4771	σύ	ὑμῖν	
Matt 22:31	ὑπὸ	PREP	PREP	5259	ὑπό	ὑπό	
Matt 22:31	τοῦ	T-GSM	T-GSM	3588	ὁ	τοῦ	
Matt 22:31	Θεοῦ	N-GSM	N-GSM	2316	θεός	Θεοῦ	
Matt 22:31	λέγοντος	V-PAP-GSM	V-PAP-GSM	3004&5723	λέγω	λέγοντος	
Matt 22:32	Ἐγώ	P-1NS	P-1NS	1473	ἐγώ	Ἐγώ	
Matt 22:32	εἰμι	V-PAI-1S	V-PAI-1S	1510&5719	εἰμί	εἰμι	
Matt 22:32	ὁ	T-NSM	T-NSM	3588	ὁ	ὁ	
Matt 22:32	Θεὸς	N-NSM	N-NSM	2316	θεός	Θεός	
Matt 22:32	Ἀβραὰμ	N-PRI	N-PRI	11	Ἀβραάμ	Ἀβραάμ	
Matt 22:32	καὶ	CONJ	CONJ	2532	καί	καί	
Matt 22:32	ὁ	T-NSM	T-NSM	3588	ὁ	ὁ	
Matt 22:32	Θεὸς	N-NSM	N-NSM	2316	θεός	Θεός	
Matt 22:32	Ἰσαὰκ	N-PRI	N-PRI	2464	Ἰσαάκ	Ἰσαάκ	
Matt 22:32	καὶ	CONJ	CONJ	2532	καί	καί	
Matt 22:32	ὁ	T-NSM	T-NSM	3588	ὁ	ὁ	
Matt 22:32	Θεὸς	N-NSM	N-NSM	2316	θεός	Θεός	
Matt 22:32	Ἰακώβ;	N-PRI	N-PRI	2384	Ἰακώβ	Ἰακώβ	
Matt 22:32	οὐκ	PRT-N	PRT-N	3756	οὐ	οὐκ	
Matt 22:32	ἔστιν	V-PAI-3S	V-PAI-3S	1510&5719	εἰμί	ἔστιν	
Matt 22:32	ὁ	T-NSM	T-NSM	3588	ὁ	ὁ	
Matt 22:32	Θεὸς	N-NSM	N-NSM	2316	θεός	Θεός	
Matt 22:32	νεκρῶν	A-GPM	A-GPM	3498	νεκρός	νεκρῶν	
Matt 22:32	ἀλλὰ	CONJ	CONJ	235	ἀλλά	ἀλλά	
Matt 22:32	ζώντων.	V-PAP-GPM	V-PAP-GPM	2198&5723	ζάω	ζώντων	
Matt 22:33	καὶ	CONJ	CONJ	2532	καί	καί	
Matt 22:33	ἀκούσαντες	V-AAP-NPM	V-AAP-NPM	191&5660	ἀκούω	ἀκούσαντες	
Matt 22:33	οἱ	T-NPM	T-NPM	3588	ὁ	οἱ	
Matt 22:33	ὄχλοι	N-NPM	N-NPM	3793	ὄχλος	ὄχλοι	
Matt 22:33	ἐξεπλήσσοντο	V-IPI-3P	V-IEI-3P	1605&5712	ἐκπλήσσω	ἐξεπλήσσοντο	
Matt 22:33	ἐπὶ	PREP	PREP	1909	ἐπί	ἐπί	
Matt 22:33	τῇ	T-DSF	T-DSF	3588	ὁ	τῇ	
Matt 22:33	διδαχῇ	N-DSF	N-DSF	1322	διδαχή	διδαχῇ	
Matt 22:33	αὐτοῦ.	P-GSM	P-GSM	846	αὐτός	αὐτοῦ	
Matt 22:34	Οἱ	T-NPM	T-NPM	3588	ὁ	Οἱ	
Matt 22:34	δὲ	CONJ	CONJ	1161	δέ	δέ	
Matt 22:34	Φαρισαῖοι	N-NPM	N-NPM	5330	Φαρισαῖος	Φαρισαῖοι	
Matt 22:34	ἀκούσαντες	V-AAP-NPM	V-AAP-NPM	191&5660	ἀκούω	ἀκούσαντες	
Matt 22:34	ὅτι	CONJ	CONJ	3754	ὅτι	ὅτι	
Matt 22:34	ἐφίμωσεν	V-AAI-3S	V-AAI-3S	5392&5656	φιμόω	ἐφίμωσεν	
Matt 22:34	τοὺς	T-APM	T-APM	3588	ὁ	τούς	
Matt 22:34	Σαδδουκαίους,	N-APM	N-APM	4523	Σαδδουκαῖος	Σαδδουκαίους	
Matt 22:34	συνήχθησαν	V-API-3P	V-API-3P	4863&5681	συνάγω	συνήχθησαν	
Matt 22:34	ἐπὶ	PREP	PREP	1909	ἐπί	ἐπί	
Matt 22:34	τὸ	T-ASN	T-ASN	3588	ὁ	τό	
Matt 22:34	αὐτό,	P-ASN	P-ASN	846	αὐτός	αὐτό	
Matt 22:35	καὶ	CONJ	CONJ	2532	καί	καί	
Matt 22:35	ἐπηρώτησεν	V-AAI-3S	V-AAI-3S	1905&5656	ἐπερωτάω	ἐπηρώτησεν	
Matt 22:35	εἷς	A-NSM	A-NSM	1520	εἷς	εἷς	
Matt 22:35	ἐξ	PREP	PREP	1537	ἐκ	ἐξ	
Matt 22:35	αὐτῶν	P-GPM	P-GPM	846	αὐτός	αὐτῶν	
Matt 22:35	νομικὸς	A-NSM	A-NSM	3544	νομικός	νομικός	
Matt 22:35	πειράζων	V-PAP-NSM	V-PAP-NSM	3985&5723	πειράζω	πειράζων	
Matt 22:35	αὐτόν	P-ASM	P-ASM	846	αὐτός	αὐτόν	
Matt 22:36	Διδάσκαλε,	N-VSM	N-VSM	1320	διδάσκαλος	Διδάσκαλε	
Matt 22:36	ποία	I-NSF	I-NSF	4169	ποῖος	ποία	
Matt 22:36	ἐντολὴ	N-NSF	N-NSF	1785	ἐντολή	ἐντολή	
Matt 22:36	μεγάλη	A-NSF	A-NSF	3173	μέγας	μεγάλη	
Matt 22:36	ἐν	PREP	PREP	1722	ἐν	ἐν	
Matt 22:36	τῷ	T-DSM	T-DSM	3588	ὁ	τῷ	
Matt 22:36	νόμῳ;	N-DSM	N-DSM	3551	νόμος	νόμῳ	
Matt 22:37	ὁ	T-NSM	T-NSM	3588	ὁ	ὁ	
Matt 22:37	δὲ	CONJ	CONJ	1161	δέ	δέ	
Matt 22:37	ἔφη	V-IAI-3S	V-IAI-3S	5346&5707	φημί	ἔφη	
Matt 22:37	αὐτῷ	P-DSM	P-DSM	846	αὐτός	αὐτῷ	
Matt 22:37	Ἀγαπήσεις	V-FAI-2S	V-FAI-2S	25&5692	ἀγαπάω	Ἀγαπήσεις	
Matt 22:37	κύριον	N-ASM	N-ASM	2962	κύριος	κύριον	
Matt 22:37	τὸν	T-ASM	T-ASM	3588	ὁ	τόν	
Matt 22:37	Θεόν	N-ASM	N-ASM	2316	θεός	Θεόν	
Matt 22:37	σου	P-2GS	P-2GS	4771	σύ	σου	
Matt 22:37	ἐν	PREP	PREP	1722	ἐν	ἐν	
Matt 22:37	ὅλῃ	A-DSF	A-DSF	3650	ὅλος	ὅλῃ	
Matt 22:37	τῇ	T-DSF	T-DSF	3588	ὁ	τῇ	
Matt 22:37	καρδίᾳ	N-DSF	N-DSF	2588	καρδία	καρδίᾳ	
Matt 22:37	σου	P-2GS	P-2GS	4771	σύ	σου	
Matt 22:37	καὶ	CONJ	CONJ	2532	καί	καί	
Matt 22:37	ἐν	PREP	PREP	1722	ἐν	ἐν	
Matt 22:37	ὅλῃ	A-DSF	A-DSF	3650	ὅλος	ὅλῃ	
Matt 22:37	τῇ	T-DSF	T-DSF	3588	ὁ	τῇ	
Matt 22:37	ψυχῇ	N-DSF	N-DSF	5590	ψυχή	ψυχῇ	
Matt 22:37	σου	P-2GS	P-2GS	4771	σύ	σου	
Matt 22:37	καὶ	CONJ	CONJ	2532	καί	καί	
Matt 22:37	ἐν	PREP	PREP	1722	ἐν	ἐν	
Matt 22:37	ὅλῃ	A-DSF	A-DSF	3650	ὅλος	ὅλῃ	
Matt 22:37	τῇ	T-DSF	T-DSF	3588	ὁ	τῇ	
Matt 22:37	διανοίᾳ	N-DSF	N-DSF	1271	διάνοια	διανοίᾳ	
Matt 22:37	σου.	P-2GS	P-2GS	4771	σύ	σου	
Matt 22:38	αὕτη	D-NSF	D-NSF	3778	οὗτος	αὕτη	
Matt 22:38	ἐστὶν	V-PAI-3S	V-PAI-3S	1510&5719	εἰμί	ἐστίν	
Matt 22:38	ἡ	T-NSF	T-NSF	3588	ὁ	ἡ	
Matt 22:38	μεγάλη	A-NSF	A-NSF	3173	μέγας	μεγάλη	
Matt 22:38	καὶ	CONJ	CONJ	2532	καί	καί	
Matt 22:38	πρώτη	A-NSF-S	A-NSF-S	4413	πρῶτος	πρώτη	
Matt 22:38	ἐντολή.	N-NSF	N-NSF	1785	ἐντολή	ἐντολή	
Matt 22:39	δευτέρα	A-NSF	A-NSF	1208	δεύτερος	δευτέρα	
Matt 22:39	ὁμοία	A-NSF	A-NSF	3664	ὅμοιος	ὁμοία	
Matt 22:39	αὐτῇ	P-DSF	P-DSF	846	αὐτός	αὐτῇ	
Matt 22:39	Ἀγαπήσεις	V-FAI-2S	V-FAI-2S	25&5692	ἀγαπάω	Ἀγαπήσεις	
Matt 22:39	τὸν	T-ASM	T-ASM	3588	ὁ	τόν	
Matt 22:39	πλησίον	ADV	ADV	4139	πλησίον	πλησίον	
Matt 22:39	σου	P-2GS	P-2GS	4771	σύ	σου	
Matt 22:39	ὡς	ADV	ADV	5613	ὡς	ὡς	
Matt 22:39	σεαυτόν.	F-2ASM	F-2ASM	4572	σεαυτοῦ	σεαυτόν	
Matt 22:40	ἐν	PREP	PREP	1722	ἐν	ἐν	
Matt 22:40	ταύταις	D-DPF	D-DPF	3778	οὗτος	ταύταις	
Matt 22:40	ταῖς	T-DPF	T-DPF	3588	ὁ	ταῖς	
Matt 22:40	δυσὶν	A-DPF	A-DPF	1417	δύο	δυσίν	
Matt 22:40	ἐντολαῖς	N-DPF	N-DPF	1785	ἐντολή	ἐντολαῖς	
Matt 22:40	ὅλος	A-NSM	A-NSM	3650	ὅλος	ὅλος	
Matt 22:40	ὁ	T-NSM	T-NSM	3588	ὁ	ὁ	
Matt 22:40	νόμος	N-NSM	N-NSM	3551	νόμος	νόμος	
Matt 22:40	κρέμαται	V-PPI-3S	V-PEI-3S	2910&5743	κρεμάννυμι	κρέμαται	
Matt 22:40	καὶ	CONJ	CONJ	2532	καί	καί	
Matt 22:40	οἱ	T-NPM	T-NPM	3588	ὁ	οἱ	
Matt 22:40	προφῆται.	N-NPM	N-NPM	4396	προφήτης	προφῆται	
Matt 22:41	Συνηγμένων	V-RPP-GPM	V-RPP-GPM	4863&5772	συνάγω	Συνηγμένων	
Matt 22:41	δὲ	CONJ	CONJ	1161	δέ	δέ	
Matt 22:41	τῶν	T-GPM	T-GPM	3588	ὁ	τῶν	
Matt 22:41	Φαρισαίων	N-GPM	N-GPM	5330	Φαρισαῖος	Φαρισαίων	
Matt 22:41	ἐπηρώτησεν	V-AAI-3S	V-AAI-3S	1905&5656	ἐπερωτάω	ἐπηρώτησεν	
Matt 22:41	αὐτοὺς	P-APM	P-APM	846	αὐτός	αὐτούς	
Matt 22:41	ὁ	T-NSM	T-NSM	3588	ὁ	ὁ	
Matt 22:41	Ἰησοῦς	N-NSM	N-NSM	2424	Ἰησοῦς	Ἰησοῦς	
Matt 22:42	λέγων	V-PAP-NSM	V-PAP-NSM	3004&5723	λέγω	λέγων	
Matt 22:42	Τί	I-NSN	I-NSN	5101	τίς	Τί	
Matt 22:42	ὑμῖν	P-2DP	P-2DP	4771	σύ	ὑμῖν	
Matt 22:42	δοκεῖ	V-PAI-3S	V-PAI-3S	1380&5719	δοκέω	δοκεῖ	
Matt 22:42	περὶ	PREP	PREP	4012	περί	περί	
Matt 22:42	τοῦ	T-GSM	T-GSM	3588	ὁ	τοῦ	
Matt 22:42	Χριστοῦ;	N-GSM	N-GSM	5547	Χριστός	Χριστοῦ	
Matt 22:42	τίνος	I-GSM	I-GSM	5101	τίς	τίνος	
Matt 22:42	υἱός	N-NSM	N-NSM	5207	υἱός	υἱός	
Matt 22:42	ἐστιν;	V-PAI-3S	V-PAI-3S	1510&5719	εἰμί	ἐστιν	
Matt 22:42	λέγουσιν	V-PAI-3P	V-PAI-3P	3004&5719	λέγω	λέγουσιν	
Matt 22:42	αὐτῷ	P-DSM	P-DSM	846	αὐτός	αὐτῷ	
Matt 22:42	Τοῦ	T-GSM	T-GSM	3588	ὁ	Τοῦ	
Matt 22:42	Δαυείδ.	N-PRI	N-PRI	1138	Δαυίδ	Δαυείδ	
Matt 22:43	λέγει	V-PAI-3S	V-PAI-3S	3004&5719	λέγω	λέγει	
Matt 22:43	αὐτοῖς	P-DPM	P-DPM	846	αὐτός	αὐτοῖς	
Matt 22:43	Πῶς	ADV-I	ADV-I	4459	πῶς	Πῶς	
Matt 22:43	οὖν	CONJ	CONJ	3767	οὖν	οὖν	
Matt 22:43	Δαυεὶδ	N-PRI	N-PRI	1138	Δαυίδ	Δαυείδ	
Matt 22:43	ἐν	PREP	PREP	1722	ἐν	ἐν	
Matt 22:43	Πνεύματι	N-DSN	N-DSN	4151	πνεῦμα	Πνεύματι	
Matt 22:43	καλεῖ	V-PAI-3S	V-PAI-3S	2564&5719	καλέω	καλεῖ	
Matt 22:43	αὐτὸν	P-ASM	P-ASM	846	αὐτός	αὐτόν	
Matt 22:43	Κύριον	N-ASM	N-ASM	2962	κύριος	Κύριον	
Matt 22:43	λέγων	V-PAP-NSM	V-PAP-NSM	3004&5723	λέγω	λέγων	
Matt 22:44	Εἶπεν	V-2AAI-3S	V-2AAI-3S	3004&5627	λέγω	Εἶπεν	
Matt 22:44	Κύριος	N-NSM	N-NSM	2962	κύριος	Κύριος	
Matt 22:44	τῷ	T-DSM	T-DSM	3588	ὁ	τῷ	
Matt 22:44	Κυρίῳ	N-DSM	N-DSM	2962	κύριος	Κυρίῳ	
Matt 22:44	μου	P-1GS	P-1GS	1473	ἐγώ	μου	
Matt 22:44	Κάθου	V-PNM-2S	V-PNM-2S	2521&5737	κάθημαι	Κάθου	
Matt 22:44	ἐκ	PREP	PREP	1537	ἐκ	ἐκ	
Matt 22:44	δεξιῶν	A-GPN	A-GPN	1188	δεξιός	δεξιῶν	
Matt 22:44	μου	P-1GS	P-1GS	1473	ἐγώ	μου	
Matt 22:44	ἕως	ADV	ADV	2193	ἕως	ἕως	
Matt 22:44	ἂν	PRT	PRT	302	ἄν	ἄν	
Matt 22:44	θῶ	V-2AAS-1S	V-2AAS-1S	5087&5632	τίθημι	θῶ	
Matt 22:44	τοὺς	T-APM	T-APM	3588	ὁ	τούς	
Matt 22:44	ἐχθρούς	A-APM	A-APM	2190	ἐχθρός	ἐχθρούς	
Matt 22:44	σου	P-2GS	P-2GS	4771	σύ	σου	
Matt 22:44	ὑποκάτω	ADV	ADV	5270	ὑποκάτω	ὑποκάτω	
Matt 22:44	τῶν	T-GPM	T-GPM	3588	ὁ	τῶν	
Matt 22:44	ποδῶν	N-GPM	N-GPM	4228	πούς	ποδῶν	
Matt 22:44	σου;	P-2GS	P-2GS	4771	σύ	σου	
Matt 22:45	εἰ	COND	COND	1487	εἰ	εἰ	
Matt 22:45	οὖν	CONJ	CONJ	3767	οὖν	οὖν	
Matt 22:45	Δαυεὶδ	N-PRI	N-PRI	1138	Δαυίδ	Δαυείδ	
Matt 22:45	καλεῖ	V-PAI-3S	V-PAI-3S	2564&5719	καλέω	καλεῖ	
Matt 22:45	αὐτὸν	P-ASM	P-ASM	846	αὐτός	αὐτόν	
Matt 22:45	Κύριον,	N-ASM	N-ASM	2962	κύριος	Κύριον	
Matt 22:45	πῶς	ADV-I	ADV-I	4459	πῶς	πῶς	
Matt 22:45	υἱὸς	N-NSM	N-NSM	5207	υἱός	υἱός	
Matt 22:45	αὐτοῦ	P-GSM	P-GSM	846	αὐτός	αὐτοῦ	
Matt 22:45	ἐστιν;	V-PAI-3S	V-PAI-3S	1510	εἰμί	ἐστιν	
Matt 22:46	καὶ	CONJ	CONJ	2532	καί	καί	
Matt 22:46	οὐδεὶς	A-NSM-N	A-NSM-N	3762	οὐδείς	οὐδείς	
Matt 22:46	ἐδύνατο	V-INI-3S	V-INI-3S	1410&5711	δύναμαι	ἐδύνατο	
Matt 22:46	ἀποκριθῆναι	V-AON	V-AON	611&5677	ἀποκρίνομαι	ἀποκριθῆναι	
Matt 22:46	αὐτῷ	P-DSM	P-DSM	846	αὐτός	αὐτῷ	
Matt 22:46	λόγον,	N-ASM	N-ASM	3056	λόγος	λόγον	
Matt 22:46	οὐδὲ	CONJ-N	CONJ-N	3761	οὐδέ	οὐδέ	
Matt 22:46	ἐτόλμησέν	V-AAI-3S	V-AAI-3S	5111&5656	τολμάω	ἐτόλμησεν	
Matt 22:46	τις	X-NSM	X-NSM	5100	τὶς	τις	
Matt 22:46	ἀπ’	PREP	PREP	575	ἀπό	ἀπ’	
Matt 22:46	ἐκείνης	D-GSF	D-GSF	1565	ἐκεῖνος	ἐκείνης	
Matt 22:46	τῆς	T-GSF	T-GSF	3588	ὁ	τῆς	
Matt 22:46	ἡμέρας	N-GSF	N-GSF	2250	ἡμέρα	ἡμέρας	
Matt 22:46	ἐπερωτῆσαι	V-AAN	V-AAN	1905&5658	ἐπερωτάω	ἐπερωτῆσαι	
Matt 22:46	αὐτὸν	P-ASM	P-ASM	846	αὐτός	αὐτόν	
Matt 22:46	οὐκέτι.	ADV-N	ADV-N	3765	οὐκέτι	οὐκέτι	
Matt 23:1	Τότε	ADV	ADV	5119	τότε	Τότε	
Matt 23:1	ὁ	T-NSM	T-NSM	3588	ὁ	ὁ	
Matt 23:1	Ἰησοῦς	N-NSM	N-NSM	2424	Ἰησοῦς	Ἰησοῦς	
Matt 23:1	ἐλάλησεν	V-AAI-3S	V-AAI-3S	2980&5656	λαλέω	ἐλάλησεν	
Matt 23:1	τοῖς	T-DPM	T-DPM	3588	ὁ	τοῖς	
Matt 23:1	ὄχλοις	N-DPM	N-DPM	3793	ὄχλος	ὄχλοις	
Matt 23:1	καὶ	CONJ	CONJ	2532	καί	καί	
Matt 23:1	τοῖς	T-DPM	T-DPM	3588	ὁ	τοῖς	
Matt 23:1	μαθηταῖς	N-DPM	N-DPM	3101	μαθητής	μαθηταῖς	
Matt 23:1	αὐτοῦ	P-GSM	P-GSM	846	αὐτός	αὐτοῦ	
Matt 23:2	λέγων	V-PAP-NSM	V-PAP-NSM	3004&5723	λέγω	λέγων	
Matt 23:2	Ἐπὶ	PREP	PREP	1909	ἐπί	Ἐπί	
Matt 23:2	τῆς	T-GSF	T-GSF	3588	ὁ	τῆς	
Matt 23:2	Μωϋσέως	N-GSM	N-GSM	3475	Μωϋσῆς	Μωϋσέως	
Matt 23:2	καθέδρας	N-GSF	N-GSF	2515	καθέδρα	καθέδρας	
Matt 23:2	ἐκάθισαν	V-AAI-3P	V-AAI-3P	2523&5656	καθίζω	ἐκάθισαν	
Matt 23:2	οἱ	T-NPM	T-NPM	3588	ὁ	οἱ	
Matt 23:2	γραμματεῖς	N-NPM	N-NPM	1122	γραμματεύς	γραμματεῖς	
Matt 23:2	καὶ	CONJ	CONJ	2532	καί	καί	
Matt 23:2	οἱ	T-NPM	T-NPM	3588	ὁ	οἱ	
Matt 23:2	Φαρισαῖοι.	N-NPM	N-NPM	5330	Φαρισαῖος	Φαρισαῖοι	
Matt 23:3	πάντα	A-APN	A-APN	3956	πᾶς	πάντα	
Matt 23:3	οὖν	CONJ	CONJ	3767	οὖν	οὖν	
Matt 23:3	ὅσα	K-APN	K-APN	3745	ὅσος	ὅσα	
Matt 23:3	ἐὰν	COND	COND	1437	ἐάν	ἐάν	
Matt 23:3	εἴπωσιν	V-2AAS-3P	V-2AAS-3P	3004&5632	λέγω	εἴπωσιν	
Matt 23:3	ὑμῖν	P-2DP	P-2DP	4771	σύ	ὑμῖν	
Matt 23:3	ποιήσατε	V-AAM-2P	V-AAM-2P	4160&5657	ποιέω	ποιήσατε	
Matt 23:3	καὶ	CONJ	CONJ	2532	καί	καί	
Matt 23:3	τηρεῖτε,	V-PAM-2P	V-PAM-2P	5083&5720	τηρέω	τηρεῖτε	
Matt 23:3	κατὰ	PREP	PREP	2596	κατά	κατά	
Matt 23:3	δὲ	CONJ	CONJ	1161	δέ	δέ	
Matt 23:3	τὰ	T-APN	T-APN	3588	ὁ	τά	
Matt 23:3	ἔργα	N-APN	N-APN	2041	ἔργον	ἔργα	
Matt 23:3	αὐτῶν	P-GPM	P-GPM	846	αὐτός	αὐτῶν	
Matt 23:3	μὴ	PRT-N	PRT-N	3361	μή	μή	
Matt 23:3	ποιεῖτε·	V-PAM-2P	V-PAM-2P	4160&5720	ποιέω	ποιεῖτε	
Matt 23:3	λέγουσιν	V-PAI-3P	V-PAI-3P	3004&5719	λέγω	λέγουσιν	
Matt 23:3	γὰρ	CONJ	CONJ	1063	γάρ	γάρ	
Matt 23:3	καὶ	CONJ	CONJ	2532	καί	καί	
Matt 23:3	οὐ	PRT-N	PRT-N	3756	οὐ	οὐ	
Matt 23:3	ποιοῦσιν.	V-PAI-3P	V-PAI-3P	4160&5719	ποιέω	ποιοῦσιν	
Matt 23:4	δεσμεύουσιν	V-PAI-3P	V-PAI-3P	1195&5719	δεσμεύω	δεσμεύουσιν	
Matt 23:4	δὲ	CONJ	CONJ	1161	δέ	δέ	
Matt 23:4	φορτία	N-APN	N-APN	5413	φορτίον	φορτία	
Matt 23:4	βαρέα	A-APN	A-APN	926	βαρύς	βαρέα	
Matt 23:4	καὶ	CONJ	CONJ	2532	καί	καί	
Matt 23:4	ἐπιτιθέασιν	V-PAI-3P-ATT	V-PAI-3P-ATT	2007&5719	ἐπιτίθημι	ἐπιτιθέασιν	
Matt 23:4	ἐπὶ	PREP	PREP	1909	ἐπί	ἐπί	
Matt 23:4	τοὺς	T-APM	T-APM	3588	ὁ	τούς	
Matt 23:4	ὤμους	N-APM	N-APM	5606	ὦμος	ὤμους	
Matt 23:4	τῶν	T-GPM	T-GPM	3588	ὁ	τῶν	
Matt 23:4	ἀνθρώπων,	N-GPM	N-GPM	444	ἄνθρωπος	ἀνθρώπων	
Matt 23:4	αὐτοὶ	P-NPM	P-NPM	846	αὐτός	αὐτοί	
Matt 23:4	δὲ	CONJ	CONJ	1161	δέ	δέ	
Matt 23:4	τῷ	T-DSM	T-DSM	3588	ὁ	τῷ	
Matt 23:4	δακτύλῳ	N-DSM	N-DSM	1147	δάκτυλος	δακτύλῳ	
Matt 23:4	αὐτῶν	P-GPM	P-GPM	846	αὐτός	αὐτῶν	
Matt 23:4	οὐ	PRT-N	PRT-N	3756	οὐ	οὐ	
Matt 23:4	θέλουσιν	V-PAI-3P	V-PAI-3P	2309&5719	θέλω	θέλουσιν	
Matt 23:4	κινῆσαι	V-AAN	V-AAN	2795&5658	κινέω	κινῆσαι	
Matt 23:4	αὐτά.	P-APN	P-APN	846	αὐτός	αὐτά	
Matt 23:5	πάντα	A-APN	A-APN	3956	πᾶς	πάντα	
Matt 23:5	δὲ	CONJ	CONJ	1161	δέ	δέ	
Matt 23:5	τὰ	T-APN	T-APN	3588	ὁ	τά	
Matt 23:5	ἔργα	N-APN	N-APN	2041	ἔργον	ἔργα	
Matt 23:5	αὐτῶν	P-GPM	P-GPM	846	αὐτός	αὐτῶν	
Matt 23:5	ποιοῦσιν	V-PAI-3P	V-PAI-3P	4160&5719	ποιέω	ποιοῦσιν	
Matt 23:5	πρὸς	PREP	PREP	4314	πρός	πρός	
Matt 23:5	τὸ	T-ASN	T-ASN	3588	ὁ	τό	
Matt 23:5	θεαθῆναι	V-APN	V-APN	2300&5683	θεάομαι	θεαθῆναι	
Matt 23:5	τοῖς	T-DPM	T-DPM	3588	ὁ	τοῖς	
Matt 23:5	ἀνθρώποις·	N-DPM	N-DPM	444	ἄνθρωπος	ἀνθρώποις	
Matt 23:5	πλατύνουσιν	V-PAI-3P	V-PAI-3P	4115&5719	πλατύνω	πλατύνουσιν	
Matt 23:5	γὰρ	CONJ	CONJ	1063	γάρ	γάρ	
Matt 23:5	τὰ	T-APN	T-APN	3588	ὁ	τά	
Matt 23:5	φυλακτήρια	N-APN	N-APN	5440	φυλακτήριον	φυλακτήρια	
Matt 23:5	αὐτῶν	P-GPM	P-GPM	846	αὐτός	αὐτῶν	
Matt 23:5	καὶ	CONJ	CONJ	2532	καί	καί	
Matt 23:5	μεγαλύνουσιν	V-PAI-3P	V-PAI-3P	3170&5719	μεγαλύνω	μεγαλύνουσιν	
Matt 23:5	τὰ	T-APN	T-APN	3588	ὁ	τά	
Matt 23:5	κράσπεδα,	N-APN	N-APN	2899	κράσπεδον	κράσπεδα	
Matt 23:6	φιλοῦσιν	V-PAI-3P	V-PAI-3P	5368&5719	φιλέω	φιλοῦσιν	
Matt 23:6	δὲ	CONJ	CONJ	1161	δέ	δέ	
Matt 23:6	τὴν	T-ASF	T-ASF	3588	ὁ	τήν	
Matt 23:6	πρωτοκλισίαν	N-ASF-S	N-ASF-S	4411	πρωτοκλισία	πρωτοκλισίαν	
Matt 23:6	ἐν	PREP	PREP	1722	ἐν	ἐν	
Matt 23:6	τοῖς	T-DPN	T-DPN	3588	ὁ	τοῖς	
Matt 23:6	δείπνοις	N-DPN	N-DPN	1173	δεῖπνον	δείπνοις	
Matt 23:6	καὶ	CONJ	CONJ	2532	καί	καί	
Matt 23:6	τὰς	T-APF	T-APF	3588	ὁ	τάς	
Matt 23:6	πρωτοκαθεδρίας	N-APF-S	N-APF-S	4410	πρωτοκαθεδρία	πρωτοκαθεδρίας	
Matt 23:6	ἐν	PREP	PREP	1722	ἐν	ἐν	
Matt 23:6	ταῖς	T-DPF	T-DPF	3588	ὁ	ταῖς	
Matt 23:6	συναγωγαῖς	N-DPF	N-DPF	4864	συναγωγή	συναγωγαῖς	
Matt 23:7	καὶ	CONJ	CONJ	2532	καί	καί	
Matt 23:7	τοὺς	T-APM	T-APM	3588	ὁ	τούς	
Matt 23:7	ἀσπασμοὺς	N-APM	N-APM	783	ἀσπασμός	ἀσπασμούς	
Matt 23:7	ἐν	PREP	PREP	1722	ἐν	ἐν	
Matt 23:7	ταῖς	T-DPF	T-DPF	3588	ὁ	ταῖς	
Matt 23:7	ἀγοραῖς	N-DPF	N-DPF	58	ἀγορά	ἀγοραῖς	
Matt 23:7	καὶ	CONJ	CONJ	2532	καί	καί	
Matt 23:7	καλεῖσθαι	V-PPN	V-PEN	2564&5745	καλέω	καλεῖσθαι	
Matt 23:7	ὑπὸ	PREP	PREP	5259	ὑπό	ὑπό	
Matt 23:7	τῶν	T-GPM	T-GPM	3588	ὁ	τῶν	
Matt 23:7	ἀνθρώπων	N-GPM	N-GPM	444	ἄνθρωπος	ἀνθρώπων	
Matt 23:7	Ῥαββεί.	HEB	HEB	4461	ῥαββί	Ῥαββεί	
Matt 23:8	ὑμεῖς	P-2NP	P-2NP	4771	σύ	ὑμεῖς	
Matt 23:8	δὲ	CONJ	CONJ	1161	δέ	δέ	
Matt 23:8	μὴ	PRT-N	PRT-N	3361	μή	μή	
Matt 23:8	κληθῆτε	V-APS-2P	V-APS-2P	2564&5686	καλέω	κληθῆτε	
Matt 23:8	Ῥαββεί·	HEB	HEB	4461	ῥαββί	Ῥαββεί	
Matt 23:8	εἷς	A-NSM	A-NSM	1520	εἷς	εἷς	
Matt 23:8	γάρ	CONJ	CONJ	1063	γάρ	γάρ	
Matt 23:8	ἐστιν	V-PAI-3S	V-PAI-3S	1510&5719	εἰμί	ἐστιν	
Matt 23:8	ὑμῶν	P-2GP	P-2GP	4771	σύ	ὑμῶν	
Matt 23:8	ὁ	T-NSM	T-NSM	3588	ὁ	ὁ	
Matt 23:8	διδάσκαλος,	N-NSM	N-NSM	1320	διδάσκαλος	διδάσκαλος	
Matt 23:8	πάντες	A-NPM	A-NPM	3956	πᾶς	πάντες	
Matt 23:8	δὲ	CONJ	CONJ	1161	δέ	δέ	
Matt 23:8	ὑμεῖς	P-2NP	P-2NP	4771	σύ	ὑμεῖς	
Matt 23:8	ἀδελφοί	N-NPM	N-NPM	80	ἀδελφός	ἀδελφοί	
Matt 23:8	ἐστε.	V-PAI-2P	V-PAI-2P	1510&5719	εἰμί	ἐστε	
Matt 23:9	καὶ	CONJ	CONJ	2532	καί	καί	
Matt 23:9	πατέρα	N-ASM	N-ASM	3962	πατήρ	πατέρα	
Matt 23:9	μὴ	PRT-N	PRT-N	3361	μή	μή	
Matt 23:9	καλέσητε	V-AAS-2P	V-AAS-2P	2564&5661	καλέω	καλέσητε	
Matt 23:9	ὑμῶν	P-2GP	P-2GP	4771	σύ	ὑμῶν	
Matt 23:9	ἐπὶ	PREP	PREP	1909	ἐπί	ἐπί	
Matt 23:9	τῆς	T-GSF	T-GSF	3588	ὁ	τῆς	
Matt 23:9	γῆς·	N-GSF	N-GSF	1093	γῆ	γῆς	
Matt 23:9	εἷς	A-NSM	A-NSM	1520	εἷς	εἷς	
Matt 23:9	γάρ	CONJ	CONJ	1063	γάρ	γάρ	
Matt 23:9	ἐστιν	V-PAI-3S	V-PAI-3S	1510&5719	εἰμί	ἐστιν	
Matt 23:9	ὑμῶν	P-2GP	P-2GP	4771	σύ	ὑμῶν	
Matt 23:9	ὁ	T-NSM	T-NSM	3588	ὁ	ὁ	
Matt 23:9	Πατὴρ	N-NSM	N-NSM	3962	πατήρ	Πατήρ	
Matt 23:9	ὁ	T-NSM	T-NSM	3588	ὁ	ὁ	
Matt 23:9	οὐράνιος.	A-NSM	A-NSM	3770	οὐράνιος	οὐράνιος	
Matt 23:10	μηδὲ	CONJ-N	CONJ-N	3366	μηδέ	μηδέ	
Matt 23:10	κληθῆτε	V-APS-2P	V-APS-2P	2564&5686	καλέω	κληθῆτε	
Matt 23:10	καθηγηταί,	N-NPM	N-NPM	2519	καθηγητής	καθηγηταί	
Matt 23:10	ὅτι	CONJ	CONJ	3754	ὅτι	ὅτι	
Matt 23:10	καθηγητὴς	N-NSM	N-NSM	2519	καθηγητής	καθηγητής	
Matt 23:10	ὑμῶν	P-2GP	P-2GP	4771	σύ	ὑμῶν	
Matt 23:10	ἐστιν	V-PAI-3S	V-PAI-3S	1510	εἰμί	ἐστιν	
Matt 23:10	εἷς	A-NSM	A-NSM	1520	εἷς	εἷς	
Matt 23:10	ὁ	T-NSM	T-NSM	3588	ὁ	ὁ	
Matt 23:10	Χριστός.	N-NSM	N-NSM	5547	Χριστός	Χριστός	
Matt 23:11	ὁ	T-NSM	T-NSM	3588	ὁ	ὁ	
Matt 23:11	δὲ	CONJ	CONJ	1161	δέ	δέ	
Matt 23:11	μείζων	A-NSM-C	A-NSM-C	3173	μέγας	μείζων	
Matt 23:11	ὑμῶν	P-2GP	P-2GP	4771	σύ	ὑμῶν	
Matt 23:11	ἔσται	V-FDI-3S	V-FDI-3S	1510&5695	εἰμί	ἔσται	
Matt 23:11	ὑμῶν	P-2GP	P-2GP	4771	σύ	ὑμῶν	
Matt 23:11	διάκονος.	N-NSM	N-NSM	1249	διάκονος	διάκονος	
Matt 23:12	Ὅστις	R-NSM	R-NSM	3748	ὅστις	Ὅστις	
Matt 23:12	δὲ	CONJ	CONJ	1161	δέ	δέ	
Matt 23:12	ὑψώσει	V-FAI-3S	V-FAI-3S	5312&5692	ὑψόω	ὑψώσει	
Matt 23:12	ἑαυτὸν	F-3ASM	F-3ASM	1438	ἑαυτοῦ	ἑαυτόν	
Matt 23:12	ταπεινωθήσεται,	V-FPI-3S	V-FPI-3S	5013&5701	ταπεινόω	ταπεινωθήσεται	
Matt 23:12	καὶ	CONJ	CONJ	2532	καί	καί	
Matt 23:12	ὅστις	R-NSM	R-NSM	3748	ὅστις	ὅστις	
Matt 23:12	ταπεινώσει	V-FAI-3S	V-FAI-3S	5013&5692	ταπεινόω	ταπεινώσει	
Matt 23:12	ἑαυτὸν	F-3ASM	F-3ASM	1438	ἑαυτοῦ	ἑαυτόν	
Matt 23:12	ὑψωθήσεται.	V-FPI-3S	V-FPI-3S	5312&5701	ὑψόω	ὑψωθήσεται	
Matt 23:13	Οὐαὶ	INJ	INJ	3759	οὐαί	Οὐαί	
Matt 23:13	δὲ	CONJ	CONJ	1161	δέ	δέ	
Matt 23:13	ὑμῖν,	P-2DP	P-2DP	4771	σύ	ὑμῖν	
Matt 23:13	γραμματεῖς	N-VPM	N-VPM	1122	γραμματεύς	γραμματεῖς	
Matt 23:13	καὶ	CONJ	CONJ	2532	καί	καί	
Matt 23:13	Φαρισαῖοι	N-VPM	N-VPM	5330	Φαρισαῖος	Φαρισαῖοι	
Matt 23:13	ὑποκριταί,	N-VPM	N-VPM	5273	ὑποκριτής	ὑποκριταί	
Matt 23:13	ὅτι	CONJ	CONJ	3754	ὅτι	ὅτι	
Matt 23:13	κλείετε	V-PAI-2P	V-PAI-2P	2808&5719	κλείω	κλείετε	
Matt 23:13	τὴν	T-ASF	T-ASF	3588	ὁ	τήν	
Matt 23:13	βασιλείαν	N-ASF	N-ASF	932	βασιλεία	βασιλείαν	
Matt 23:13	τῶν	T-GPM	T-GPM	3588	ὁ	τῶν	
Matt 23:13	οὐρανῶν	N-GPM	N-GPM	3772	οὐρανός	οὐρανῶν	
Matt 23:13	ἔμπροσθεν	PREP	PREP	1715	ἔμπροσθεν	ἔμπροσθεν	
Matt 23:13	τῶν	T-GPM	T-GPM	3588	ὁ	τῶν	
Matt 23:13	ἀνθρώπων·	N-GPM	N-GPM	444	ἄνθρωπος	ἀνθρώπων	
Matt 23:13	ὑμεῖς	P-2NP	P-2NP	4771	σύ	ὑμεῖς	
Matt 23:13	γὰρ	CONJ	CONJ	1063	γάρ	γάρ	
Matt 23:13	οὐκ	PRT-N	PRT-N	3756	οὐ	οὐκ	
Matt 23:13	εἰσέρχεσθε,	V-PNI-2P	V-PNI-2P	1525&5736	εἰσέρχομαι	εἰσέρχεσθε	
Matt 23:13	οὐδὲ	CONJ-N	CONJ-N	3761	οὐδέ	οὐδέ	
Matt 23:13	τοὺς	T-APM	T-APM	3588	ὁ	τούς	
Matt 23:13	εἰσερχομένους	V-PNP-APM	V-PNP-APM	1525&5740	εἰσέρχομαι	εἰσερχομένους	
Matt 23:13	ἀφίετε	V-PAI-2P	V-PAI-2P	863&5719	ἀφίημι	ἀφίετε	
Matt 23:13	εἰσελθεῖν.	V-2AAN	V-2AAN	1525&5629	εἰσέρχομαι	εἰσελθεῖν	
Matt 23:15	Οὐαὶ	INJ	INJ	3759	οὐαί	Οὐαί	
Matt 23:15	ὑμῖν,	P-2DP	P-2DP	4771	σύ	ὑμῖν	
Matt 23:15	γραμματεῖς	N-VPM	N-VPM	1122	γραμματεύς	γραμματεῖς	
Matt 23:15	καὶ	CONJ	CONJ	2532	καί	καί	
Matt 23:15	Φαρισαῖοι	N-VPM	N-VPM	5330	Φαρισαῖος	Φαρισαῖοι	
Matt 23:15	ὑποκριταί,	N-VPM	N-VPM	5273	ὑποκριτής	ὑποκριταί	
Matt 23:15	ὅτι	CONJ	CONJ	3754	ὅτι	ὅτι	
Matt 23:15	περιάγετε	V-PAI-2P	V-PAI-2P	4013&5719	περιάγω	περιάγετε	
Matt 23:15	τὴν	T-ASF	T-ASF	3588	ὁ	τήν	
Matt 23:15	θάλασσαν	N-ASF	N-ASF	2281	θάλασσα	θάλασσαν	
Matt 23:15	καὶ	CONJ	CONJ	2532	καί	καί	
Matt 23:15	τὴν	T-ASF	T-ASF	3588	ὁ	τήν	
Matt 23:15	ξηρὰν	A-ASF	A-ASF	3584	ξηρός	ξηράν	
Matt 23:15	ποιῆσαι	V-AAN	V-AAN	4160&5658	ποιέω	ποιῆσαι	
Matt 23:15	ἕνα	A-ASM	A-ASM	1520	εἷς	ἕνα	
Matt 23:15	προσήλυτον,	N-ASM	N-ASM	4339	προσήλυτος	προσήλυτον	
Matt 23:15	καὶ	CONJ	CONJ	2532	καί	καί	
Matt 23:15	ὅταν	CONJ	CONJ	3752	ὅταν	ὅταν	
Matt 23:15	γένηται,	V-2ADS-3S	V-2ADS-3S	1096&5638	γίνομαι	γένηται	
Matt 23:15	ποιεῖτε	V-PAI-2P	V-PAI-2P	4160&5719	ποιέω	ποιεῖτε	
Matt 23:15	αὐτὸν	P-ASM	P-ASM	846	αὐτός	αὐτόν	
Matt 23:15	υἱὸν	N-ASM	N-ASM	5207	υἱός	υἱόν	
Matt 23:15	γεέννης	N-GSF	N-GSF	1067	γέεννα	γεέννης	
Matt 23:15	διπλότερον	A-ASM-C	A-ASM-C	1362	διπλοῦς	διπλότερον	
Matt 23:15	ὑμῶν.	P-2GP	P-2GP	4771	σύ	ὑμῶν	
Matt 23:16	Οὐαὶ	INJ	INJ	3759	οὐαί	Οὐαί	
Matt 23:16	ὑμῖν,	P-2DP	P-2DP	4771	σύ	ὑμῖν	
Matt 23:16	ὁδηγοὶ	N-VPM	N-VPM	3595	ὁδηγός	ὁδηγοί	
Matt 23:16	τυφλοὶ	A-VPM	A-VPM	5185	τυφλός	τυφλοί	
Matt 23:16	οἱ	T-NPM	T-NPM	3588	ὁ	οἱ	
Matt 23:16	λέγοντες	V-PAP-NPM	V-PAP-NPM	3004&5723	λέγω	λέγοντες	
Matt 23:16	Ὃς	R-NSM	R-NSM	3739	ὅς	Ὅς	
Matt 23:16	ἂν	PRT	PRT	302	ἄν	ἄν	
Matt 23:16	ὀμόσῃ	V-AAS-3S	V-AAS-3S	3660&5661	ὀμνύω	ὀμόσῃ	
Matt 23:16	ἐν	PREP	PREP	1722	ἐν	ἐν	
Matt 23:16	τῷ	T-DSM	T-DSM	3588	ὁ	τῷ	
Matt 23:16	ναῷ,	N-DSM	N-DSM	3485	ναός	ναῷ	
Matt 23:16	οὐδέν	A-NSN-N	A-NSN-N	3762	οὐδείς	οὐδέν	
Matt 23:16	ἐστιν·	V-PAI-3S	V-PAI-3S	1510&5719	εἰμί	ἐστιν	
Matt 23:16	ὃς	R-NSM	R-NSM	3739	ὅς	ὅς	
Matt 23:16	δ’	CONJ	CONJ	1161	δέ	δ’	
Matt 23:16	ἂν	PRT	PRT	302	ἄν	ἄν	
Matt 23:16	ὀμόσῃ	V-AAS-3S	V-AAS-3S	3660&5661	ὀμνύω	ὀμόσῃ	
Matt 23:16	ἐν	PREP	PREP	1722	ἐν	ἐν	
Matt 23:16	τῷ	T-DSM	T-DSM	3588	ὁ	τῷ	
Matt 23:16	χρυσῷ	N-DSM	N-DSM	5557	χρυσός	χρυσῷ	
Matt 23:16	τοῦ	T-GSM	T-GSM	3588	ὁ	τοῦ	
Matt 23:16	ναοῦ,	N-GSM	N-GSM	3485	ναός	ναοῦ	
Matt 23:16	ὀφείλει.	V-PAI-3S	V-PAI-3S	3784&5719	ὀφείλω	ὀφείλει	
Matt 23:17	μωροὶ	A-VPM	A-VPM	3474	μωρός	μωροί	
Matt 23:17	καὶ	CONJ	CONJ	2532	καί	καί	
Matt 23:17	τυφλοί,	A-VPM	A-VPM	5185	τυφλός	τυφλοί	
Matt 23:17	τίς	I-NSM	I-NSM	5101	τίς	τίς	
Matt 23:17	γὰρ	CONJ	CONJ	1063	γάρ	γάρ	
Matt 23:17	μείζων	A-NSM-C	A-NSM-C	3173	μέγας	μείζων	
Matt 23:17	ἐστίν,	V-PAI-3S	V-PAI-3S	1510&5719	εἰμί	ἐστίν	
Matt 23:17	ὁ	T-NSM	T-NSM	3588	ὁ	ὁ	
Matt 23:17	χρυσὸς	N-NSM	N-NSM	5557	χρυσός	χρυσός	
Matt 23:17	ἢ	PRT	PRT	2228	ἤ	ἤ	
Matt 23:17	ὁ	T-NSM	T-NSM	3588	ὁ	ὁ	
Matt 23:17	ναὸς	N-NSM	N-NSM	3485	ναός	ναός	
Matt 23:17	ὁ	T-NSM	T-NSM	3588	ὁ	ὁ	
Matt 23:17	ἁγιάσας	V-AAP-NSM	V-AAP-NSM	37&5660	ἁγιάζω	ἁγιάσας	
Matt 23:17	τὸν	T-ASM	T-ASM	3588	ὁ	τόν	
Matt 23:17	χρυσόν;	N-ASM	N-ASM	5557	χρυσός	χρυσόν	
Matt 23:18	καί	CONJ	CONJ	2532	καί	καί	
Matt 23:18	Ὃς	R-NSM	R-NSM	3739	ὅς	Ὅς	
Matt 23:18	ἂν	PRT	PRT	302	ἄν	ἄν	
Matt 23:18	ὀμόσῃ	V-AAS-3S	V-AAS-3S	3660&5661	ὀμνύω	ὀμόσῃ	
Matt 23:18	ἐν	PREP	PREP	1722	ἐν	ἐν	
Matt 23:18	τῷ	T-DSN	T-DSN	3588	ὁ	τῷ	
Matt 23:18	θυσιαστηρίῳ,	N-DSN	N-DSN	2379	θυσιαστήριον	θυσιαστηρίῳ	
Matt 23:18	οὐδέν	A-NSN-N	A-NSN-N	3762	οὐδείς	οὐδέν	
Matt 23:18	ἐστιν·	V-PAI-3S	V-PAI-3S	1510&5719	εἰμί	ἐστιν	
Matt 23:18	ὃς	R-NSM	R-NSM	3739	ὅς	ὅς	
Matt 23:18	δ’	CONJ	CONJ	1161	δέ	δ’	
Matt 23:18	ἂν	PRT	PRT	302	ἄν	ἄν	
Matt 23:18	ὀμόσῃ	V-AAS-3S	V-AAS-3S	3660&5661	ὀμνύω	ὀμόσῃ	
Matt 23:18	ἐν	PREP	PREP	1722	ἐν	ἐν	
Matt 23:18	τῷ	T-DSN	T-DSN	3588	ὁ	τῷ	
Matt 23:18	δώρῳ	N-DSN	N-DSN	1435	δῶρον	δώρῳ	
Matt 23:18	τῷ	T-DSN	T-DSN	3588	ὁ	τῷ	
Matt 23:18	ἐπάνω	ADV	ADV	1883	ἐπάνω	ἐπάνω	
Matt 23:18	αὐτοῦ,	P-GSN	P-GSN	846	αὐτός	αὐτοῦ	
Matt 23:18	ὀφείλει.	V-PAI-3S	V-PAI-3S	3784&5719	ὀφείλω	ὀφείλει	
Matt 23:19	τυφλοί,	A-VPM	A-VPM	5185	τυφλός	τυφλοί	
Matt 23:19	τί	I-NSN	I-NSN	5101	τίς	τί	
Matt 23:19	γὰρ	CONJ	CONJ	1063	γάρ	γάρ	
Matt 23:19	μεῖζον,	A-NSN-C	A-NSN-C	3173	μέγας	μεῖζον	
Matt 23:19	τὸ	T-NSN	T-NSN	3588	ὁ	τό	
Matt 23:19	δῶρον	N-NSN	N-NSN	1435	δῶρον	δῶρον	
Matt 23:19	ἢ	PRT	PRT	2228	ἤ	ἤ	
Matt 23:19	τὸ	T-NSN	T-NSN	3588	ὁ	τό	
Matt 23:19	θυσιαστήριον	N-NSN	N-NSN	2379	θυσιαστήριον	θυσιαστήριον	
Matt 23:19	τὸ	T-NSN	T-NSN	3588	ὁ	τό	
Matt 23:19	ἁγιάζον	V-PAP-NSN	V-PAP-NSN	37&5723	ἁγιάζω	ἁγιάζον	
Matt 23:19	τὸ	T-ASN	T-ASN	3588	ὁ	τό	
Matt 23:19	δῶρον;	N-ASN	N-ASN	1435	δῶρον	δῶρον	
Matt 23:20	ὁ	T-NSM	T-NSM	3588	ὁ	ὁ	
Matt 23:20	οὖν	CONJ	CONJ	3767	οὖν	οὖν	
Matt 23:20	ὀμόσας	V-AAP-NSM	V-AAP-NSM	3660&5660	ὀμνύω	ὀμόσας	
Matt 23:20	ἐν	PREP	PREP	1722	ἐν	ἐν	
Matt 23:20	τῷ	T-DSN	T-DSN	3588	ὁ	τῷ	
Matt 23:20	θυσιαστηρίῳ	N-DSN	N-DSN	2379	θυσιαστήριον	θυσιαστηρίῳ	
Matt 23:20	ὀμνύει	V-PAI-3S	V-PAI-3S	3660&5719	ὀμνύω	ὀμνύει	
Matt 23:20	ἐν	PREP	PREP	1722	ἐν	ἐν	
Matt 23:20	αὐτῷ	P-DSN	P-DSN	846	αὐτός	αὐτῷ	
Matt 23:20	καὶ	CONJ	CONJ	2532	καί	καί	
Matt 23:20	ἐν	PREP	PREP	1722	ἐν	ἐν	
Matt 23:20	πᾶσι	A-DPN	A-DPN	3956	πᾶς	πᾶσι	
Matt 23:20	τοῖς	T-DPN	T-DPN	3588	ὁ	τοῖς	
Matt 23:20	ἐπάνω	ADV	ADV	1883	ἐπάνω	ἐπάνω	
Matt 23:20	αὐτοῦ·	P-GSN	P-GSN	846	αὐτός	αὐτοῦ	
Matt 23:21	καὶ	CONJ	CONJ	2532	καί	καί	
Matt 23:21	ὁ	T-NSM	T-NSM	3588	ὁ	ὁ	
Matt 23:21	ὀμόσας	V-AAP-NSM	V-AAP-NSM	3660&5660	ὀμνύω	ὀμόσας	
Matt 23:21	ἐν	PREP	PREP	1722	ἐν	ἐν	
Matt 23:21	τῷ	T-DSM	T-DSM	3588	ὁ	τῷ	
Matt 23:21	ναῷ	N-DSM	N-DSM	3485	ναός	ναῷ	
Matt 23:21	ὀμνύει	V-PAI-3S	V-PAI-3S	3660&5719	ὀμνύω	ὀμνύει	
Matt 23:21	ἐν	PREP	PREP	1722	ἐν	ἐν	
Matt 23:21	αὐτῷ	P-DSM	P-DSM	846	αὐτός	αὐτῷ	
Matt 23:21	καὶ	CONJ	CONJ	2532	καί	καί	
Matt 23:21	ἐν	PREP	PREP	1722	ἐν	ἐν	
Matt 23:21	τῷ	T-DSM	T-DSM	3588	ὁ	τῷ	
Matt 23:21	κατοικοῦντι	V-PAP-DSM	V-PAP-DSM	2730&5723	κατοικέω	κατοικοῦντι	
Matt 23:21	αὐτόν·	P-ASM	P-ASM	846	αὐτός	αὐτόν	
Matt 23:22	καὶ	CONJ	CONJ	2532	καί	καί	
Matt 23:22	ὁ	T-NSM	T-NSM	3588	ὁ	ὁ	
Matt 23:22	ὀμόσας	V-AAP-NSM	V-AAP-NSM	3660&5660	ὀμνύω	ὀμόσας	
Matt 23:22	ἐν	PREP	PREP	1722	ἐν	ἐν	
Matt 23:22	τῷ	T-DSM	T-DSM	3588	ὁ	τῷ	
Matt 23:22	οὐρανῷ	N-DSM	N-DSM	3772	οὐρανός	οὐρανῷ	
Matt 23:22	ὀμνύει	V-PAI-3S	V-PAI-3S	3660&5719	ὀμνύω	ὀμνύει	
Matt 23:22	ἐν	PREP	PREP	1722	ἐν	ἐν	
Matt 23:22	τῷ	T-DSM	T-DSM	3588	ὁ	τῷ	
Matt 23:22	θρόνῳ	N-DSM	N-DSM	2362	θρόνος	θρόνῳ	
Matt 23:22	τοῦ	T-GSM	T-GSM	3588	ὁ	τοῦ	
Matt 23:22	Θεοῦ	N-GSM	N-GSM	2316	θεός	Θεοῦ	
Matt 23:22	καὶ	CONJ	CONJ	2532	καί	καί	
Matt 23:22	ἐν	PREP	PREP	1722	ἐν	ἐν	
Matt 23:22	τῷ	T-DSM	T-DSM	3588	ὁ	τῷ	
Matt 23:22	καθημένῳ	V-PNP-DSM	V-PNP-DSM	2521&5740	κάθημαι	καθημένῳ	
Matt 23:22	ἐπάνω	ADV	ADV	1883	ἐπάνω	ἐπάνω	
Matt 23:22	αὐτοῦ.	P-GSM	P-GSM	846	αὐτός	αὐτοῦ	
Matt 23:23	Οὐαὶ	INJ	INJ	3759	οὐαί	Οὐαί	
Matt 23:23	ὑμῖν,	P-2DP	P-2DP	4771	σύ	ὑμῖν	
Matt 23:23	γραμματεῖς	N-VPM	N-VPM	1122	γραμματεύς	γραμματεῖς	
Matt 23:23	καὶ	CONJ	CONJ	2532	καί	καί	
Matt 23:23	Φαρισαῖοι	N-VPM	N-VPM	5330	Φαρισαῖος	Φαρισαῖοι	
Matt 23:23	ὑποκριταί,	N-VPM	N-VPM	5273	ὑποκριτής	ὑποκριταί	
Matt 23:23	ὅτι	CONJ	CONJ	3754	ὅτι	ὅτι	
Matt 23:23	ἀποδεκατοῦτε	V-PAI-2P	V-PAI-2P	586&5719	ἀποδεκατόω	ἀποδεκατοῦτε	
Matt 23:23	τὸ	T-ASN	T-ASN	3588	ὁ	τό	
Matt 23:23	ἡδύοσμον	N-ASN	N-ASN	2238	ἡδύοσμον	ἡδύοσμον	
Matt 23:23	καὶ	CONJ	CONJ	2532	καί	καί	
Matt 23:23	τὸ	T-ASN	T-ASN	3588	ὁ	τό	
Matt 23:23	ἄνηθον	N-ASN	N-ASN	432	ἄνηθον	ἄνηθον	
Matt 23:23	καὶ	CONJ	CONJ	2532	καί	καί	
Matt 23:23	τὸ	T-ASN	T-ASN	3588	ὁ	τό	
Matt 23:23	κύμινον,	N-ASN	N-ASN	2951	κύμινον	κύμινον	
Matt 23:23	καὶ	CONJ	CONJ	2532	καί	καί	
Matt 23:23	ἀφήκατε	V-AAI-2P	V-AAI-2P	863&5656	ἀφίημι	ἀφήκατε	
Matt 23:23	τὰ	T-APN	T-APN	3588	ὁ	τά	
Matt 23:23	βαρύτερα	A-APN-C	A-APN-C	926	βαρύς	βαρύτερα	
Matt 23:23	τοῦ	T-GSM	T-GSM	3588	ὁ	τοῦ	
Matt 23:23	νόμου,	N-GSM	N-GSM	3551	νόμος	νόμου	
Matt 23:23	τὴν	T-ASF	T-ASF	3588	ὁ	τήν	
Matt 23:23	κρίσιν	N-ASF	N-ASF	2920	κρίσις	κρίσιν	
Matt 23:23	καὶ	CONJ	CONJ	2532	καί	καί	
Matt 23:23	τὸ	T-ASN	T-ASN	3588	ὁ	τό	
Matt 23:23	ἔλεος	N-ASN	N-ASN	1656	ἔλεος	ἔλεος	
Matt 23:23	καὶ	CONJ	CONJ	2532	καί	καί	
Matt 23:23	τὴν	T-ASF	T-ASF	3588	ὁ	τήν	
Matt 23:23	πίστιν·	N-ASF	N-ASF	4102	πίστις	πίστιν	
Matt 23:23	ταῦτα	D-APN	D-APN	3778	οὗτος	ταῦτα	
Matt 23:23	δὲ	CONJ	CONJ	1161	δέ	δέ	
Matt 23:23	ἔδει	V-IAI-3S	V-IAI-3S	1163&5707	δεῖ	ἔδει	
Matt 23:23	ποιῆσαι	V-AAN	V-AAN	4160&5658	ποιέω	ποιῆσαι	
Matt 23:23	κἀκεῖνα	D-APN-K	D-APN-K	2548	κἀκεῖνος	κἀκεῖνα	
Matt 23:23	μὴ	PRT-N	PRT-N	3361	μή	μή	
Matt 23:23	ἀφεῖναι.	V-AAN	V-AAN	863&5658	ἀφίημι	ἀφεῖναι	
Matt 23:24	ὁδηγοὶ	N-VPM	N-VPM	3595	ὁδηγός	ὁδηγοί	
Matt 23:24	τυφλοί,	A-VPM	A-VPM	5185	τυφλός	τυφλοί	
Matt 23:24	οἱ	T-NPM	T-NPM	3588	ὁ	οἱ	
Matt 23:24	διϋλίζοντες	V-PAP-NPM	V-PAP-NPM	1368&5723	διϋλίζω	διϋλίζοντες	
Matt 23:24	τὸν	T-ASM	T-ASM	3588	ὁ	τόν	
Matt 23:24	κώνωπα,	N-ASM	N-ASM	2971	κώνωψ	κώνωπα	
Matt 23:24	τὴν	T-ASF	T-ASF	3588	ὁ	τήν	
Matt 23:24	δὲ	CONJ	CONJ	1161	δέ	δέ	
Matt 23:24	κάμηλον	N-ASF	N-ASF	2574	κάμηλος	κάμηλον	
Matt 23:24	καταπίνοντες.	V-PAP-NPM	V-PAP-NPM	2666&5723	καταπίνω	καταπίνοντες	
Matt 23:25	Οὐαὶ	INJ	INJ	3759	οὐαί	Οὐαί	
Matt 23:25	ὑμῖν,	P-2DP	P-2DP	4771	σύ	ὑμῖν	
Matt 23:25	γραμματεῖς	N-VPM	N-VPM	1122	γραμματεύς	γραμματεῖς	
Matt 23:25	καὶ	CONJ	CONJ	2532	καί	καί	
Matt 23:25	Φαρισαῖοι	N-VPM	N-VPM	5330	Φαρισαῖος	Φαρισαῖοι	
Matt 23:25	ὑποκριταί,	N-VPM	N-VPM	5273	ὑποκριτής	ὑποκριταί	
Matt 23:25	ὅτι	CONJ	CONJ	3754	ὅτι	ὅτι	
Matt 23:25	καθαρίζετε	V-PAI-2P	V-PAI-2P	2511&5719	καθαρίζω	καθαρίζετε	
Matt 23:25	τὸ	T-ASN	T-ASN	3588	ὁ	τό	
Matt 23:25	ἔξωθεν	ADV	ADV	1855	ἔξωθεν	ἔξωθεν	
Matt 23:25	τοῦ	T-GSN	T-GSN	3588	ὁ	τοῦ	
Matt 23:25	ποτηρίου	N-GSN	N-GSN	4221	ποτήριον	ποτηρίου	
Matt 23:25	καὶ	CONJ	CONJ	2532	καί	καί	
Matt 23:25	τῆς	T-GSF	T-GSF	3588	ὁ	τῆς	
Matt 23:25	παροψίδος,	N-GSF	N-GSF	3953	παροψίς	παροψίδος	
Matt 23:25	ἔσωθεν	ADV	ADV	2081	ἔσωθεν	ἔσωθεν	
Matt 23:25	δὲ	CONJ	CONJ	1161	δέ	δέ	
Matt 23:25	γέμουσιν	V-PAI-3P	V-PAI-3P	1073&5719	γέμω	γέμουσιν	
Matt 23:25	ἐξ	PREP	PREP	1537	ἐκ	ἐξ	
Matt 23:25	ἁρπαγῆς	N-GSF	N-GSF	724	ἁρπαγή	ἁρπαγῆς	
Matt 23:25	καὶ	CONJ	CONJ	2532	καί	καί	
Matt 23:25	ἀκρασίας.	N-GSF	N-GSF	192	ἀκρασία	ἀκρασίας	
Matt 23:26	Φαρισαῖε	N-VSM	N-VSM	5330	Φαρισαῖος	Φαρισαῖε	
Matt 23:26	τυφλέ,	A-VSM	A-VSM	5185	τυφλός	τυφλέ	
Matt 23:26	καθάρισον	V-AAM-2S	V-AAM-2S	2511&5657	καθαρίζω	καθάρισον	
Matt 23:26	πρῶτον	ADV-S	ADV-S	4412	πρῶτος	πρῶτον	
Matt 23:26	τὸ	T-ASN	T-ASN	3588	ὁ	τό	
Matt 23:26	ἐντὸς	ADV	ADV	1787	ἐντός	ἐντός	
Matt 23:26	τοῦ	T-GSN	T-GSN	3588	ὁ	τοῦ	
Matt 23:26	ποτηρίου	N-GSN	N-GSN	4221	ποτήριον	ποτηρίου	
Matt 23:26	ἵνα	CONJ	CONJ	2443	ἵνα	ἵνα	
Matt 23:26	γένηται	V-2ADS-3S	V-2ADS-3S	1096&5638	γίνομαι	γένηται	
Matt 23:26	καὶ	CONJ	CONJ	2532	καί	καί	
Matt 23:26	τὸ	T-NSN	T-NSN	3588	ὁ	τό	
Matt 23:26	ἐκτὸς	ADV	ADV	1622	ἐκτός	ἐκτός	
Matt 23:26	αὐτοῦ	P-GSN	P-GSN	846	αὐτός	αὐτοῦ	
Matt 23:26	καθαρόν.	A-NSN	A-NSN	2513	καθαρός	καθαρόν	
Matt 23:27	Οὐαὶ	INJ	INJ	3759	οὐαί	Οὐαί	
Matt 23:27	ὑμῖν,	P-2DP	P-2DP	4771	σύ	ὑμῖν	
Matt 23:27	γραμματεῖς	N-VPM	N-VPM	1122	γραμματεύς	γραμματεῖς	
Matt 23:27	καὶ	CONJ	CONJ	2532	καί	καί	
Matt 23:27	Φαρισαῖοι	N-VPM	N-VPM	5330	Φαρισαῖος	Φαρισαῖοι	
Matt 23:27	ὑποκριταί,	N-VPM	N-VPM	5273	ὑποκριτής	ὑποκριταί	
Matt 23:27	ὅτι	CONJ	CONJ	3754	ὅτι	ὅτι	
Matt 23:27	παρομοιάζετε	V-PAI-2P	V-PAI-2P	3945&5719	παρομοιάζω	παρομοιάζετε	
Matt 23:27	τάφοις	N-DPM	N-DPM	5028	τάφος	τάφοις	
Matt 23:27	κεκονιαμένοις,	V-RPP-DPM	V-RPP-DPM	2867&5772	κονιάω	κεκονιαμένοις	
Matt 23:27	οἵτινες	R-NPM	R-NPM	3748	ὅστις	οἵτινες	
Matt 23:27	ἔξωθεν	ADV	ADV	1855	ἔξωθεν	ἔξωθεν	
Matt 23:27	μὲν	PRT	PRT	3303	μέν	μέν	
Matt 23:27	φαίνονται	V-PEI-3P	V-PEI-3P	5316&5727	φαίνω	φαίνονται	
Matt 23:27	ὡραῖοι,	A-NPM	A-NPM	5611	ὡραῖος	ὡραῖοι	
Matt 23:27	ἔσωθεν	ADV	ADV	2081	ἔσωθεν	ἔσωθεν	
Matt 23:27	δὲ	CONJ	CONJ	1161	δέ	δέ	
Matt 23:27	γέμουσιν	V-PAI-3P	V-PAI-3P	1073&5719	γέμω	γέμουσιν	
Matt 23:27	ὀστέων	N-GPN	N-GPN	3747	ὀστέον	ὀστέων	
Matt 23:27	νεκρῶν	A-GPM	A-GPM	3498	νεκρός	νεκρῶν	
Matt 23:27	καὶ	CONJ	CONJ	2532	καί	καί	
Matt 23:27	πάσης	A-GSF	A-GSF	3956	πᾶς	πάσης	
Matt 23:27	ἀκαθαρσίας.	N-GSF	N-GSF	167	ἀκαθαρσία	ἀκαθαρσίας	
Matt 23:28	οὕτως	ADV	ADV	3779	οὕτω	οὕτως	
Matt 23:28	καὶ	CONJ	CONJ	2532	καί	καί	
Matt 23:28	ὑμεῖς	P-2NP	P-2NP	4771	σύ	ὑμεῖς	
Matt 23:28	ἔξωθεν	ADV	ADV	1855	ἔξωθεν	ἔξωθεν	
Matt 23:28	μὲν	PRT	PRT	3303	μέν	μέν	
Matt 23:28	φαίνεσθε	V-PPI-2P	V-PEI-2P	5316&5743	φαίνω	φαίνεσθε	
Matt 23:28	τοῖς	T-DPM	T-DPM	3588	ὁ	τοῖς	
Matt 23:28	ἀνθρώποις	N-DPM	N-DPM	444	ἄνθρωπος	ἀνθρώποις	
Matt 23:28	δίκαιοι,	A-NPM	A-NPM	1342	δίκαιος	δίκαιοι	
Matt 23:28	ἔσωθεν	ADV	ADV	2081	ἔσωθεν	ἔσωθεν	
Matt 23:28	δέ	CONJ	CONJ	1161	δέ	δέ	
Matt 23:28	ἐστε	V-PAI-2P	V-PAI-2P	1510&5719	εἰμί	ἐστε	
Matt 23:28	μεστοὶ	A-NPM	A-NPM	3324	μεστός	μεστοί	
Matt 23:28	ὑποκρίσεως	N-GSF	N-GSF	5272	ὑπόκρισις	ὑποκρίσεως	
Matt 23:28	καὶ	CONJ	CONJ	2532	καί	καί	
Matt 23:28	ἀνομίας.	N-GSF	N-GSF	458	ἀνομία	ἀνομίας	
Matt 23:29	Οὐαὶ	INJ	INJ	3759	οὐαί	Οὐαί	
Matt 23:29	ὑμῖν,	P-2DP	P-2DP	4771	σύ	ὑμῖν	
Matt 23:29	γραμματεῖς	N-VPM	N-VPM	1122	γραμματεύς	γραμματεῖς	
Matt 23:29	καὶ	CONJ	CONJ	2532	καί	καί	
Matt 23:29	Φαρισαῖοι	N-VPM	N-VPM	5330	Φαρισαῖος	Φαρισαῖοι	
Matt 23:29	ὑποκριταί,	N-VPM	N-VPM	5273	ὑποκριτής	ὑποκριταί	
Matt 23:29	ὅτι	CONJ	CONJ	3754	ὅτι	ὅτι	
Matt 23:29	οἰκοδομεῖτε	V-PAI-2P	V-PAI-2P	3618&5719	οἰκοδομέω	οἰκοδομεῖτε	
Matt 23:29	τοὺς	T-APM	T-APM	3588	ὁ	τούς	
Matt 23:29	τάφους	N-APM	N-APM	5028	τάφος	τάφους	
Matt 23:29	τῶν	T-GPM	T-GPM	3588	ὁ	τῶν	
Matt 23:29	προφητῶν	N-GPM	N-GPM	4396	προφήτης	προφητῶν	
Matt 23:29	καὶ	CONJ	CONJ	2532	καί	καί	
Matt 23:29	κοσμεῖτε	V-PAI-2P	V-PAI-2P	2885&5719	κοσμέω	κοσμεῖτε	
Matt 23:29	τὰ	T-APN	T-APN	3588	ὁ	τά	
Matt 23:29	μνημεῖα	N-APN	N-APN	3419	μνημεῖον	μνημεῖα	
Matt 23:29	τῶν	T-GPM	T-GPM	3588	ὁ	τῶν	
Matt 23:29	δικαίων,	A-GPM	A-GPM	1342	δίκαιος	δικαίων	
Matt 23:30	καὶ	CONJ	CONJ	2532	καί	καί	
Matt 23:30	λέγετε	V-PAI-2P	V-PAI-2P	3004&5719	λέγω	λέγετε	
Matt 23:30	Εἰ	COND	COND	1487	εἰ	Εἰ	
Matt 23:30	ἤμεθα	V-IMI-1P	V-IEI-1P	1510&5710	εἰμί	ἤμεθα	
Matt 23:30	ἐν	PREP	PREP	1722	ἐν	ἐν	
Matt 23:30	ταῖς	T-DPF	T-DPF	3588	ὁ	ταῖς	
Matt 23:30	ἡμέραις	N-DPF	N-DPF	2250	ἡμέρα	ἡμέραις	
Matt 23:30	τῶν	T-GPM	T-GPM	3588	ὁ	τῶν	
Matt 23:30	πατέρων	N-GPM	N-GPM	3962	πατήρ	πατέρων	
Matt 23:30	ἡμῶν,	P-1GP	P-1GP	1473	ἐγώ	ἡμῶν	
Matt 23:30	οὐκ	PRT-N	PRT-N	3756	οὐ	οὐκ	
Matt 23:30	ἂν	PRT	PRT	302	ἄν	ἄν	
Matt 23:30	ἤμεθα	V-IMI-1P	V-IEI-1P	1510&5710	εἰμί	ἤμεθα	
Matt 23:30	αὐτῶν	P-GPM	P-GPM	846	αὐτός	αὐτῶν	
Matt 23:30	κοινωνοὶ	N-NPM	N-NPM	2844	κοινωνός	κοινωνοί	
Matt 23:30	ἐν	PREP	PREP	1722	ἐν	ἐν	
Matt 23:30	τῷ	T-DSN	T-DSN	3588	ὁ	τῷ	
Matt 23:30	αἵματι	N-DSN	N-DSN	129	αἷμα	αἵματι	
Matt 23:30	τῶν	T-GPM	T-GPM	3588	ὁ	τῶν	
Matt 23:30	προφητῶν.	N-GPM	N-GPM	4396	προφήτης	προφητῶν	
Matt 23:31	ὥστε	CONJ	CONJ	5620	ὥστε	ὥστε	
Matt 23:31	μαρτυρεῖτε	V-PAI-2P	V-PAI-2P	3140&5719	μαρτυρέω	μαρτυρεῖτε	
Matt 23:31	ἑαυτοῖς	F-2DPM	F-2DPM	1438	ἑαυτοῦ	ἑαυτοῖς	
Matt 23:31	ὅτι	CONJ	CONJ	3754	ὅτι	ὅτι	
Matt 23:31	υἱοί	N-NPM	N-NPM	5207	υἱός	υἱοί	
Matt 23:31	ἐστε	V-PAI-2P	V-PAI-2P	1510&5719	εἰμί	ἐστε	
Matt 23:31	τῶν	T-GPM	T-GPM	3588	ὁ	τῶν	
Matt 23:31	φονευσάντων	V-AAP-GPM	V-AAP-GPM	5407&5660	φονεύω	φονευσάντων	
Matt 23:31	τοὺς	T-APM	T-APM	3588	ὁ	τούς	
Matt 23:31	προφήτας.	N-APM	N-APM	4396	προφήτης	προφήτας	
Matt 23:32	καὶ	CONJ	CONJ	2532	καί	καί	
Matt 23:32	ὑμεῖς	P-2NP	P-2NP	4771	σύ	ὑμεῖς	
Matt 23:32	πληρώσατε	V-AAM-2P	V-AAM-2P	4137&5657	πληρόω	πληρώσατε	
Matt 23:32	τὸ	T-ASN	T-ASN	3588	ὁ	τό	
Matt 23:32	μέτρον	N-ASN	N-ASN	3358	μέτρον	μέτρον	
Matt 23:32	τῶν	T-GPM	T-GPM	3588	ὁ	τῶν	
Matt 23:32	πατέρων	N-GPM	N-GPM	3962	πατήρ	πατέρων	
Matt 23:32	ὑμῶν.	P-2GP	P-2GP	4771	σύ	ὑμῶν	
Matt 23:33	ὄφεις,	N-VPM	N-VPM	3789	ὄφις	ὄφεις	
Matt 23:33	γεννήματα	N-VPN	N-VPN	1081	γέννημα	γεννήματα	
Matt 23:33	ἐχιδνῶν,	N-GPF	N-GPF	2191	ἔχιδνα	ἐχιδνῶν	
Matt 23:33	πῶς	ADV-I	ADV-I	4459	πῶς	πῶς	
Matt 23:33	φύγητε	V-2AAS-2P	V-2AAS-2P	5343&5632	φεύγω	φύγητε	
Matt 23:33	ἀπὸ	PREP	PREP	575	ἀπό	ἀπό	
Matt 23:33	τῆς	T-GSF	T-GSF	3588	ὁ	τῆς	
Matt 23:33	κρίσεως	N-GSF	N-GSF	2920	κρίσις	κρίσεως	
Matt 23:33	τῆς	T-GSF	T-GSF	3588	ὁ	τῆς	
Matt 23:33	γεέννης;	N-GSF	N-GSF	1067	γέεννα	γεέννης	
Matt 23:34	διὰ	PREP	PREP	1223	διά	διά	
Matt 23:34	τοῦτο	D-ASN	D-ASN	3778	οὗτος	τοῦτο	
Matt 23:34	ἰδοὺ	V-2AMM-2S	V-2AMM-2S	3708&5640	ὁράω	ἰδού	
Matt 23:34	ἐγὼ	P-1NS	P-1NS	1473	ἐγώ	ἐγώ	
Matt 23:34	ἀποστέλλω	V-PAI-1S	V-PAI-1S	649&5719	ἀποστέλλω	ἀποστέλλω	
Matt 23:34	πρὸς	PREP	PREP	4314	πρός	πρός	
Matt 23:34	ὑμᾶς	P-2AP	P-2AP	4771	σύ	ὑμᾶς	
Matt 23:34	προφήτας	N-APM	N-APM	4396	προφήτης	προφήτας	
Matt 23:34	καὶ	CONJ	CONJ	2532	καί	καί	
Matt 23:34	σοφοὺς	A-APM	A-APM	4680	σοφός	σοφούς	
Matt 23:34	καὶ	CONJ	CONJ	2532	καί	καί	
Matt 23:34	γραμματεῖς·	N-APM	N-APM	1122	γραμματεύς	γραμματεῖς	
Matt 23:34	ἐξ	PREP	PREP	1537	ἐκ	ἐξ	
Matt 23:34	αὐτῶν	P-GPM	P-GPM	846	αὐτός	αὐτῶν	
Matt 23:34	ἀποκτενεῖτε	V-FAI-2P	V-FAI-2P	615&5692	ἀποκτείνω	ἀποκτενεῖτε	
Matt 23:34	καὶ	CONJ	CONJ	2532	καί	καί	
Matt 23:34	σταυρώσετε,	V-FAI-2P	V-FAI-2P	4717&5692	σταυρόω	σταυρώσετε	
Matt 23:34	καὶ	CONJ	CONJ	2532	καί	καί	
Matt 23:34	ἐξ	PREP	PREP	1537	ἐκ	ἐξ	
Matt 23:34	αὐτῶν	P-GPM	P-GPM	846	αὐτός	αὐτῶν	
Matt 23:34	μαστιγώσετε	V-FAI-2P	V-FAI-2P	3146&5692	μαστιγόω	μαστιγώσετε	
Matt 23:34	ἐν	PREP	PREP	1722	ἐν	ἐν	
Matt 23:34	ταῖς	T-DPF	T-DPF	3588	ὁ	ταῖς	
Matt 23:34	συναγωγαῖς	N-DPF	N-DPF	4864	συναγωγή	συναγωγαῖς	
Matt 23:34	ὑμῶν	P-2GP	P-2GP	4771	σύ	ὑμῶν	
Matt 23:34	καὶ	CONJ	CONJ	2532	καί	καί	
Matt 23:34	διώξετε	V-FAI-2P	V-FAI-2P	1377&5692	διώκω	διώξετε	
Matt 23:34	ἀπὸ	PREP	PREP	575	ἀπό	ἀπό	
Matt 23:34	πόλεως	N-GSF	N-GSF	4172	πόλις	πόλεως	
Matt 23:34	εἰς	PREP	PREP	1519	εἰς	εἰς	
Matt 23:34	πόλιν·	N-ASF	N-ASF	4172	πόλις	πόλιν	
Matt 23:35	ὅπως	ADV	ADV	3704	ὅπως	ὅπως	
Matt 23:35	ἔλθῃ	V-2AAS-3S	V-2AAS-3S	2064&5632	ἔρχομαι	ἔλθῃ	
Matt 23:35	ἐφ’	PREP	PREP	1909	ἐπί	ἐφ’	
Matt 23:35	ὑμᾶς	P-2AP	P-2AP	4771	σύ	ὑμᾶς	
Matt 23:35	πᾶν	A-NSN	A-NSN	3956	πᾶς	πᾶν	
Matt 23:35	αἷμα	N-NSN	N-NSN	129	αἷμα	αἷμα	
Matt 23:35	δίκαιον	A-NSN	A-NSN	1342	δίκαιος	δίκαιον	
Matt 23:35	ἐκχυννόμενον	V-PPP-NSN	V-PEP-NSN	1632&5746	ἐκχέω	ἐκχυννόμενον	
Matt 23:35	ἐπὶ	PREP	PREP	1909	ἐπί	ἐπί	
Matt 23:35	τῆς	T-GSF	T-GSF	3588	ὁ	τῆς	
Matt 23:35	γῆς	N-GSF	N-GSF	1093	γῆ	γῆς	
Matt 23:35	ἀπὸ	PREP	PREP	575	ἀπό	ἀπό	
Matt 23:35	τοῦ	T-GSN	T-GSN	3588	ὁ	τοῦ	
Matt 23:35	αἵματος	N-GSN	N-GSN	129	αἷμα	αἵματος	
Matt 23:35	Ἅβελ	N-PRI	N-PRI	6	Ἅβελ	Ἅβελ	
Matt 23:35	τοῦ	T-GSM	T-GSM	3588	ὁ	τοῦ	
Matt 23:35	δικαίου	A-GSM	A-GSM	1342	δίκαιος	δικαίου	
Matt 23:35	ἕως	ADV	ADV	2193	ἕως	ἕως	
Matt 23:35	τοῦ	T-GSN	T-GSN	3588	ὁ	τοῦ	
Matt 23:35	αἵματος	N-GSN	N-GSN	129	αἷμα	αἵματος	
Matt 23:35	Ζαχαρίου	N-GSM	N-GSM	2197	Ζαχαρίας	Ζαχαρίου	
Matt 23:35	υἱοῦ	N-GSM	N-GSM	5207	υἱός	υἱοῦ	
Matt 23:35	Βαραχίου,	N-GSM	N-GSM	914	Βαραχίας	Βαραχίου	
Matt 23:35	ὃν	R-ASM	R-ASM	3739	ὅς	ὅν	
Matt 23:35	ἐφονεύσατε	V-AAI-2P	V-AAI-2P	5407&5656	φονεύω	ἐφονεύσατε	
Matt 23:35	μεταξὺ	ADV	ADV	3342	μεταξύ	μεταξύ	
Matt 23:35	τοῦ	T-GSM	T-GSM	3588	ὁ	τοῦ	
Matt 23:35	ναοῦ	N-GSM	N-GSM	3485	ναός	ναοῦ	
Matt 23:35	καὶ	CONJ	CONJ	2532	καί	καί	
Matt 23:35	τοῦ	T-GSN	T-GSN	3588	ὁ	τοῦ	
Matt 23:35	θυσιαστηρίου.	N-GSN	N-GSN	2379	θυσιαστήριον	θυσιαστηρίου	
Matt 23:36	ἀμὴν	HEB	HEB	281	ἀμήν	ἀμήν	
Matt 23:36	λέγω	V-PAI-1S	V-PAI-1S	3004&5719	λέγω	λέγω	
Matt 23:36	ὑμῖν,	P-2DP	P-2DP	4771	σύ	ὑμῖν	
Matt 23:36	ἥξει	V-FAI-3S	V-FAI-3S	2240&5692	ἥκω	ἥξει	
Matt 23:36	ταῦτα	D-NPN	D-NPN	3778	οὗτος	ταῦτα	
Matt 23:36	πάντα	A-NPN	A-NPN	3956	πᾶς	πάντα	
Matt 23:36	ἐπὶ	PREP	PREP	1909	ἐπί	ἐπί	
Matt 23:36	τὴν	T-ASF	T-ASF	3588	ὁ	τήν	
Matt 23:36	γενεὰν	N-ASF	N-ASF	1074	γενεά	γενεάν	
Matt 23:36	ταύτην.	D-ASF	D-ASF	3778	οὗτος	ταύτην	
Matt 23:37	Ἰερουσαλὴμ	N-PRI	N-PRI	2419	Ἱεροσόλυμα	Ἰερουσαλήμ	
Matt 23:37	Ἰερουσαλήμ,	N-PRI	N-PRI	2419	Ἱεροσόλυμα	Ἰερουσαλήμ	
Matt 23:37	ἡ	T-NSF	T-NSF	3588	ὁ	ἡ	
Matt 23:37	ἀποκτείνουσα	V-PAP-NSF	V-PAP-NSF	615&5723	ἀποκτείνω	ἀποκτείνουσα	
Matt 23:37	τοὺς	T-APM	T-APM	3588	ὁ	τούς	
Matt 23:37	προφήτας	N-APM	N-APM	4396	προφήτης	προφήτας	
Matt 23:37	καὶ	CONJ	CONJ	2532	καί	καί	
Matt 23:37	λιθοβολοῦσα	V-PAP-NSF	V-PAP-NSF	3036&5723	λιθοβολέω	λιθοβολοῦσα	
Matt 23:37	τοὺς	T-APM	T-APM	3588	ὁ	τούς	
Matt 23:37	ἀπεσταλμένους	V-RPP-APM	V-RPP-APM	649&5772	ἀποστέλλω	ἀπεσταλμένους	
Matt 23:37	πρὸς	PREP	PREP	4314	πρός	πρός	
Matt 23:37	αὐτήν,	P-ASF	P-ASF	846	αὐτός	αὐτήν	
Matt 23:37	ποσάκις	ADV	ADV	4212	ποσάκις	ποσάκις	
Matt 23:37	ἠθέλησα	V-AAI-1S	V-AAI-1S	2309&5656	θέλω	ἠθέλησα	
Matt 23:37	ἐπισυναγαγεῖν	V-2AAN	V-2AAN	1996&5629	ἐπισυνάγω	ἐπισυναγαγεῖν	
Matt 23:37	τὰ	T-APN	T-APN	3588	ὁ	τά	
Matt 23:37	τέκνα	N-APN	N-APN	5043	τέκνον	τέκνα	
Matt 23:37	σου,	P-2GS	P-2GS	4771	σύ	σου	
Matt 23:37	ὃν	R-ASM	R-ASM	3739	ὅς	ὅν	
Matt 23:37	τρόπον	N-ASM	N-ASM	5158	τρόπος	τρόπον	
Matt 23:37	ὄρνις	N-NSF	N-NSF	3733	ὄρνις	ὄρνις	
Matt 23:37	ἐπισυνάγει	V-PAI-3S	V-PAI-3S	1996&5719	ἐπισυνάγω	ἐπισυνάγει	
Matt 23:37	τὰ	T-APN	T-APN	3588	ὁ	τά	
Matt 23:37	νοσσία	N-APN	N-APN	3556	νοσσίον	νοσσία	
Matt 23:37	αὐτῆς	P-GSF	P-GSF	846	αὐτός	αὐτῆς	
Matt 23:37	ὑπὸ	PREP	PREP	5259	ὑπό	ὑπό	
Matt 23:37	τὰς	T-APF	T-APF	3588	ὁ	τάς	
Matt 23:37	πτέρυγας,	N-APF	N-APF	4420	πτέρυξ	πτέρυγας	
Matt 23:37	καὶ	CONJ	CONJ	2532	καί	καί	
Matt 23:37	οὐκ	PRT-N	PRT-N	3756	οὐ	οὐκ	
Matt 23:37	ἠθελήσατε.	V-AAI-2P	V-AAI-2P	2309&5656	θέλω	ἠθελήσατε	
Matt 23:38	ἰδοὺ	V-2AMM-2S	V-2AMM-2S	3708&5640	ὁράω	ἰδού	
Matt 23:38	ἀφίεται	V-PPI-3S	V-PEI-3S	863&5743	ἀφίημι	ἀφίεται	
Matt 23:38	ὑμῖν	P-2DP	P-2DP	4771	σύ	ὑμῖν	
Matt 23:38	ὁ	T-NSM	T-NSM	3588	ὁ	ὁ	
Matt 23:38	οἶκος	N-NSM	N-NSM	3624	οἶκος	οἶκος	
Matt 23:38	ὑμῶν.	P-2GP	P-2GP	4771	σύ	ὑμῶν	
Matt 23:39	λέγω	V-PAI-1S	V-PAI-1S	3004&5719	λέγω	λέγω	
Matt 23:39	γὰρ	CONJ	CONJ	1063	γάρ	γάρ	
Matt 23:39	ὑμῖν,	P-2DP	P-2DP	4771	σύ	ὑμῖν	
Matt 23:39	οὐ	PRT-N	PRT-N	3756	οὐ	οὐ	
Matt 23:39	μή	PRT-N	PRT-N	3361	μή	μή	
Matt 23:39	με	P-1AS	P-1AS	1473	ἐγώ	με	
Matt 23:39	ἴδητε	V-2AAS-2P	V-2AAS-2P	3708&5632	ὁράω	ἴδητε	
Matt 23:39	ἀπ’	PREP	PREP	575	ἀπό	ἀπ’	
Matt 23:39	ἄρτι	ADV	ADV	737	ἄρτι	ἄρτι	
Matt 23:39	ἕως	ADV	ADV	2193	ἕως	ἕως	
Matt 23:39	ἂν	PRT	PRT	302	ἄν	ἄν	
Matt 23:39	εἴπητε	V-2AAS-2P	V-2AAS-2P	3004&5632	λέγω	εἴπητε	
Matt 23:39	Εὐλογημένος	V-RPP-NSM	V-RPP-NSM	2127&5772	εὐλογέω	Εὐλογημένος	
Matt 23:39	ὁ	T-NSM	T-NSM	3588	ὁ	ὁ	
Matt 23:39	ἐρχόμενος	V-PNP-NSM	V-PNP-NSM	2064&5740	ἔρχομαι	ἐρχόμενος	
Matt 23:39	ἐν	PREP	PREP	1722	ἐν	ἐν	
Matt 23:39	ὀνόματι	N-DSN	N-DSN	3686	ὄνομα	ὀνόματι	
Matt 23:39	Κυρίου.	N-GSM	N-GSM	2962	κύριος	Κυρίου	
Matt 24:1	Καὶ	CONJ	CONJ	2532	καί	Καί	
Matt 24:1	ἐξελθὼν	V-2AAP-NSM	V-2AAP-NSM	1831&5631	ἐξέρχομαι	ἐξελθών	
Matt 24:1	ὁ	T-NSM	T-NSM	3588	ὁ	ὁ	
Matt 24:1	Ἰησοῦς	N-NSM	N-NSM	2424	Ἰησοῦς	Ἰησοῦς	
Matt 24:1	ἀπὸ	PREP	PREP	575	ἀπό	ἀπό	
Matt 24:1	τοῦ	T-GSN	T-GSN	3588	ὁ	τοῦ	
Matt 24:1	ἱεροῦ	N-GSN	N-GSN	2411	ἱερός	ἱεροῦ	
Matt 24:1	ἐπορεύετο,	V-INI-3S	V-INI-3S	4198&5711	πορεύομαι	ἐπορεύετο	
Matt 24:1	καὶ	CONJ	CONJ	2532	καί	καί	
Matt 24:1	προσῆλθον	V-2AAI-3P	V-2AAI-3P	4334&5627	προσέρχομαι	προσῆλθον	
Matt 24:1	οἱ	T-NPM	T-NPM	3588	ὁ	οἱ	
Matt 24:1	μαθηταὶ	N-NPM	N-NPM	3101	μαθητής	μαθηταί	
Matt 24:1	αὐτοῦ	P-GSM	P-GSM	846	αὐτός	αὐτοῦ	
Matt 24:1	ἐπιδεῖξαι	V-AAN	V-AAN	1925&5658	ἐπιδείκνυμι	ἐπιδεῖξαι	
Matt 24:1	αὐτῷ	P-DSM	P-DSM	846	αὐτός	αὐτῷ	
Matt 24:1	τὰς	T-APF	T-APF	3588	ὁ	τάς	
Matt 24:1	οἰκοδομὰς	N-APF	N-APF	3619	οἰκοδομή	οἰκοδομάς	
Matt 24:1	τοῦ	T-GSN	T-GSN	3588	ὁ	τοῦ	
Matt 24:1	ἱεροῦ.	N-GSN	N-GSN	2411	ἱερός	ἱεροῦ	
Matt 24:2	ὁ	T-NSM	T-NSM	3588	ὁ	ὁ	
Matt 24:2	δὲ	CONJ	CONJ	1161	δέ	δέ	
Matt 24:2	ἀποκριθεὶς	V-AOP-NSM	V-AOP-NSM	611&5679	ἀποκρίνομαι	ἀποκριθείς	
Matt 24:2	εἶπεν	V-2AAI-3S	V-2AAI-3S	3004&5627	λέγω	εἶπεν	
Matt 24:2	αὐτοῖς	P-DPM	P-DPM	846	αὐτός	αὐτοῖς	
Matt 24:2	Οὐ	PRT-N	PRT-N	3756	οὐ	Οὐ	
Matt 24:2	βλέπετε	V-PAI-2P	V-PAI-2P	991&5719	βλέπω	βλέπετε	
Matt 24:2	ταῦτα	D-APN	D-APN	3778	οὗτος	ταῦτα	
Matt 24:2	πάντα;	A-APN	A-APN	3956	πᾶς	πάντα	
Matt 24:2	ἀμὴν	HEB	HEB	281	ἀμήν	ἀμήν	
Matt 24:2	λέγω	V-PAI-1S	V-PAI-1S	3004&5719	λέγω	λέγω	
Matt 24:2	ὑμῖν,	P-2DP	P-2DP	4771	σύ	ὑμῖν	
Matt 24:2	οὐ	PRT-N	PRT-N	3756	οὐ	οὐ	
Matt 24:2	μὴ	PRT-N	PRT-N	3361	μή	μή	
Matt 24:2	ἀφεθῇ	V-APS-3S	V-APS-3S	863&5686	ἀφίημι	ἀφεθῇ	
Matt 24:2	ὧδε	ADV	ADV	5602	ὧδε	ὧδε	
Matt 24:2	λίθος	N-NSM	N-NSM	3037	λίθος	λίθος	
Matt 24:2	ἐπὶ	PREP	PREP	1909	ἐπί	ἐπί	
Matt 24:2	λίθον	N-ASM	N-ASM	3037	λίθος	λίθον	
Matt 24:2	ὃς	R-NSM	R-NSM	3739	ὅς	ὅς	
Matt 24:2	οὐ	PRT-N	PRT-N	3756	οὐ	οὐ	
Matt 24:2	καταλυθήσεται.	V-FPI-3S	V-FPI-3S	2647&5701	καταλύω	καταλυθήσεται	
Matt 24:3	Καθημένου	V-PNP-GSM	V-PNP-GSM	2521&5740	κάθημαι	Καθημένου	
Matt 24:3	δὲ	CONJ	CONJ	1161	δέ	δέ	
Matt 24:3	αὐτοῦ	P-GSM	P-GSM	846	αὐτός	αὐτοῦ	
Matt 24:3	ἐπὶ	PREP	PREP	1909	ἐπί	ἐπί	
Matt 24:3	τοῦ	T-GSN	T-GSN	3588	ὁ	τοῦ	
Matt 24:3	ὄρους	N-GSN	N-GSN	3735	ὄρος	ὄρους	
Matt 24:3	τῶν	T-GPF	T-GPF	3588	ὁ	τῶν	
Matt 24:3	Ἐλαιῶν	N-GPF	N-GPF	1636	ἐλαία	Ἐλαιῶν	
Matt 24:3	προσῆλθον	V-2AAI-3P	V-2AAI-3P	4334&5627	προσέρχομαι	προσῆλθον	
Matt 24:3	αὐτῷ	P-DSM	P-DSM	846	αὐτός	αὐτῷ	
Matt 24:3	οἱ	T-NPM	T-NPM	3588	ὁ	οἱ	
Matt 24:3	μαθηταὶ	N-NPM	N-NPM	3101	μαθητής	μαθηταί	
Matt 24:3	κατ’	PREP	PREP	2596	κατά	κατ’	
Matt 24:3	ἰδίαν	A-ASF	A-ASF	2398	ἴδιος	ἰδίαν	
Matt 24:3	λέγοντες	V-PAP-NPM	V-PAP-NPM	3004&5723	λέγω	λέγοντες	
Matt 24:3	Εἰπὲ	V-2AAM-2S	V-2AAM-2S	3004	λέγω	Εἰπέ	
Matt 24:3	ἡμῖν,	P-1DP	P-1DP	1473	ἐγώ	ἡμῖν	
Matt 24:3	πότε	PRT-I	PRT-I	4219	πότε	πότε	
Matt 24:3	ταῦτα	D-NPN	D-NPN	3778	οὗτος	ταῦτα	
Matt 24:3	ἔσται,	V-FDI-3S	V-FDI-3S	1510&5695	εἰμί	ἔσται	
Matt 24:3	καὶ	CONJ	CONJ	2532	καί	καί	
Matt 24:3	τί	I-NSN	I-NSN	5101	τίς	τί	
Matt 24:3	τὸ	T-NSN	T-NSN	3588	ὁ	τό	
Matt 24:3	σημεῖον	N-NSN	N-NSN	4592	σημεῖον	σημεῖον	
Matt 24:3	τῆς	T-GSF	T-GSF	3588	ὁ	τῆς	
Matt 24:3	σῆς	S-2SGSF	S-2SGSF	4674	σός	σῆς	
Matt 24:3	παρουσίας	N-GSF	N-GSF	3952	παρουσία	παρουσίας	
Matt 24:3	καὶ	CONJ	CONJ	2532	καί	καί	
Matt 24:3	συντελείας	N-GSF	N-GSF	4930	συντέλεια	συντελείας	
Matt 24:3	τοῦ	T-GSM	T-GSM	3588	ὁ	τοῦ	
Matt 24:3	αἰῶνος;	N-GSM	N-GSM	165	αἰών	αἰῶνος	
Matt 24:4	καὶ	CONJ	CONJ	2532	καί	καί	
Matt 24:4	ἀποκριθεὶς	V-AOP-NSM	V-AOP-NSM	611&5679	ἀποκρίνομαι	ἀποκριθείς	
Matt 24:4	ὁ	T-NSM	T-NSM	3588	ὁ	ὁ	
Matt 24:4	Ἰησοῦς	N-NSM	N-NSM	2424	Ἰησοῦς	Ἰησοῦς	
Matt 24:4	εἶπεν	V-2AAI-3S	V-2AAI-3S	3004&5627	λέγω	εἶπεν	
Matt 24:4	αὐτοῖς	P-DPM	P-DPM	846	αὐτός	αὐτοῖς	
Matt 24:4	Βλέπετε	V-PAM-2P	V-PAM-2P	991&5720	βλέπω	Βλέπετε	
Matt 24:4	μή	PRT-N	PRT-N	3361	μή	μή	
Matt 24:4	τις	X-NSM	X-NSM	5100	τὶς	τις	
Matt 24:4	ὑμᾶς	P-2AP	P-2AP	4771	σύ	ὑμᾶς	
Matt 24:4	πλανήσῃ.	V-AAS-3S	V-AAS-3S	4105&5661	πλανάω	πλανήσῃ	
Matt 24:5	πολλοὶ	A-NPM	A-NPM	4183	πολύς	πολλοί	
Matt 24:5	γὰρ	CONJ	CONJ	1063	γάρ	γάρ	
Matt 24:5	ἐλεύσονται	V-FDI-3P	V-FDI-3P	2064&5695	ἔρχομαι	ἐλεύσονται	
Matt 24:5	ἐπὶ	PREP	PREP	1909	ἐπί	ἐπί	
Matt 24:5	τῷ	T-DSN	T-DSN	3588	ὁ	τῷ	
Matt 24:5	ὀνόματί	N-DSN	N-DSN	3686	ὄνομα	ὀνόματι	
Matt 24:5	μου	P-1GS	P-1GS	1473	ἐγώ	μου	
Matt 24:5	λέγοντες	V-PAP-NPM	V-PAP-NPM	3004&5723	λέγω	λέγοντες	
Matt 24:5	Ἐγώ	P-1NS	P-1NS	1473	ἐγώ	Ἐγώ	
Matt 24:5	εἰμι	V-PAI-1S	V-PAI-1S	1510&5719	εἰμί	εἰμι	
Matt 24:5	ὁ	T-NSM	T-NSM	3588	ὁ	ὁ	
Matt 24:5	Χριστός,	N-NSM	N-NSM	5547	Χριστός	Χριστός	
Matt 24:5	καὶ	CONJ	CONJ	2532	καί	καί	
Matt 24:5	πολλοὺς	A-APM	A-APM	4183	πολύς	πολλούς	
Matt 24:5	πλανήσουσιν.	V-FAI-3P	V-FAI-3P	4105&5692	πλανάω	πλανήσουσιν	
Matt 24:6	μελλήσετε	V-FAI-2P	V-FAI-2P	3195&5692	μέλλω	μελλήσετε	
Matt 24:6	δὲ	CONJ	CONJ	1161	δέ	δέ	
Matt 24:6	ἀκούειν	V-PAN	V-PAN	191&5721	ἀκούω	ἀκούειν	
Matt 24:6	πολέμους	N-APM	N-APM	4171	πόλεμος	πολέμους	
Matt 24:6	καὶ	CONJ	CONJ	2532	καί	καί	
Matt 24:6	ἀκοὰς	N-APF	N-APF	189	ἀκοή	ἀκοάς	
Matt 24:6	πολέμων·	N-GPM	N-GPM	4171	πόλεμος	πολέμων	
Matt 24:6	ὁρᾶτε,	V-PAM-2P	V-PAM-2P	3708&5720	ὁράω	ὁρᾶτε	
Matt 24:6	μὴ	PRT-N	PRT-N	3361	μή	μή	
Matt 24:6	θροεῖσθε·	V-PPM-2P	V-PEM-2P	2360&5744	θροέω	θροεῖσθε	
Matt 24:6	δεῖ	V-PAI-3S	V-PAI-3S	1163&5719	δεῖ	δεῖ	
Matt 24:6	γὰρ	CONJ	CONJ	1063	γάρ	γάρ	
Matt 24:6	γενέσθαι,	V-2ADN	V-2ADN	1096&5635	γίνομαι	γενέσθαι	
Matt 24:6	ἀλλ’	CONJ	CONJ	235	ἀλλά	ἀλλ’	
Matt 24:6	οὔπω	ADV-N	ADV-N	3768	οὔπω	οὔπω	
Matt 24:6	ἐστὶν	V-PAI-3S	V-PAI-3S	1510&5719	εἰμί	ἐστίν	
Matt 24:6	τὸ	T-NSN	T-NSN	3588	ὁ	τό	
Matt 24:6	τέλος.	N-NSN	N-NSN	5056	τέλος	τέλος	
Matt 24:7	ἐγερθήσεται	V-FPI-3S	V-FPI-3S	1453&5701	ἐγείρω	ἐγερθήσεται	
Matt 24:7	γὰρ	CONJ	CONJ	1063	γάρ	γάρ	
Matt 24:7	ἔθνος	N-NSN	N-NSN	1484	ἔθνος	ἔθνος	
Matt 24:7	ἐπὶ	PREP	PREP	1909	ἐπί	ἐπί	
Matt 24:7	ἔθνος	N-ASN	N-ASN	1484	ἔθνος	ἔθνος	
Matt 24:7	καὶ	CONJ	CONJ	2532	καί	καί	
Matt 24:7	βασιλεία	N-NSF	N-NSF	932	βασιλεία	βασιλεία	
Matt 24:7	ἐπὶ	PREP	PREP	1909	ἐπί	ἐπί	
Matt 24:7	βασιλείαν,	N-ASF	N-ASF	932	βασιλεία	βασιλείαν	
Matt 24:7	καὶ	CONJ	CONJ	2532	καί	καί	
Matt 24:7	ἔσονται	V-FDI-3P	V-FDI-3P	1510&5695	εἰμί	ἔσονται	
Matt 24:7	λιμοὶ	N-NPM	N-NPM	3042	λιμός	λιμοί	
Matt 24:7	καὶ	CONJ	CONJ	2532	καί	καί	
Matt 24:7	σεισμοὶ	N-NPM	N-NPM	4578	σεισμός	σεισμοί	
Matt 24:7	κατὰ	PREP	PREP	2596	κατά	κατά	
Matt 24:7	τόπους·	N-APM	N-APM	5117	τόπος	τόπους	
Matt 24:8	πάντα	A-NPN	A-NPN	3956	πᾶς	πάντα	
Matt 24:8	δὲ	CONJ	CONJ	1161	δέ	δέ	
Matt 24:8	ταῦτα	D-NPN	D-NPN	3778	οὗτος	ταῦτα	
Matt 24:8	ἀρχὴ	N-NSF	N-NSF	746	ἀρχή	ἀρχή	
Matt 24:8	ὠδίνων.	N-GPF	N-GPF	5604	ὠδίν	ὠδίνων	
Matt 24:9	τότε	ADV	ADV	5119	τότε	τότε	
Matt 24:9	παραδώσουσιν	V-FAI-3P	V-FAI-3P	3860&5692	παραδίδωμι	παραδώσουσιν	
Matt 24:9	ὑμᾶς	P-2AP	P-2AP	4771	σύ	ὑμᾶς	
Matt 24:9	εἰς	PREP	PREP	1519	εἰς	εἰς	
Matt 24:9	θλῖψιν	N-ASF	N-ASF	2347	θλῖψις	θλῖψιν	
Matt 24:9	καὶ	CONJ	CONJ	2532	καί	καί	
Matt 24:9	ἀποκτενοῦσιν	V-FAI-3P	V-FAI-3P	615&5692	ἀποκτείνω	ἀποκτενοῦσιν	
Matt 24:9	ὑμᾶς,	P-2AP	P-2AP	4771	σύ	ὑμᾶς	
Matt 24:9	καὶ	CONJ	CONJ	2532	καί	καί	
Matt 24:9	ἔσεσθε	V-FDI-2P	V-FDI-2P	1510&5695	εἰμί	ἔσεσθε	
Matt 24:9	μισούμενοι	V-PPP-NPM	V-PEP-NPM	3404&5746	μισέω	μισούμενοι	
Matt 24:9	ὑπὸ	PREP	PREP	5259	ὑπό	ὑπό	
Matt 24:9	πάντων	A-GPN	A-GPN	3956	πᾶς	πάντων	
Matt 24:9	τῶν	T-GPN	T-GPN	3588	ὁ	τῶν	
Matt 24:9	ἐθνῶν	N-GPN	N-GPN	1484	ἔθνος	ἐθνῶν	
Matt 24:9	διὰ	PREP	PREP	1223	διά	διά	
Matt 24:9	τὸ	T-ASN	T-ASN	3588	ὁ	τό	
Matt 24:9	ὄνομά	N-ASN	N-ASN	3686	ὄνομα	ὄνομα	
Matt 24:9	μου.	P-1GS	P-1GS	1473	ἐγώ	μου	
Matt 24:10	καὶ	CONJ	CONJ	2532	καί	καί	
Matt 24:10	τότε	ADV	ADV	5119	τότε	τότε	
Matt 24:10	σκανδαλισθήσονται	V-FPI-3P	V-FPI-3P	4624&5701	σκανδαλίζω	σκανδαλισθήσονται	
Matt 24:10	πολλοὶ	A-NPM	A-NPM	4183	πολύς	πολλοί	
Matt 24:10	καὶ	CONJ	CONJ	2532	καί	καί	
Matt 24:10	ἀλλήλους	C-APM	C-APM	240	ἀλλήλων	ἀλλήλους	
Matt 24:10	παραδώσουσιν	V-FAI-3P	V-FAI-3P	3860&5692	παραδίδωμι	παραδώσουσιν	
Matt 24:10	καὶ	CONJ	CONJ	2532	καί	καί	
Matt 24:10	μισήσουσιν	V-FAI-3P	V-FAI-3P	3404&5692	μισέω	μισήσουσιν	
Matt 24:10	ἀλλήλους·	C-APM	C-APM	240	ἀλλήλων	ἀλλήλους	
Matt 24:11	καὶ	CONJ	CONJ	2532	καί	καί	
Matt 24:11	πολλοὶ	A-NPM	A-NPM	4183	πολύς	πολλοί	
Matt 24:11	ψευδοπροφῆται	N-NPM	N-NPM	5578	ψευδοπροφήτης	ψευδοπροφῆται	
Matt 24:11	ἐγερθήσονται	V-FPI-3P	V-FPI-3P	1453&5701	ἐγείρω	ἐγερθήσονται	
Matt 24:11	καὶ	CONJ	CONJ	2532	καί	καί	
Matt 24:11	πλανήσουσιν	V-FAI-3P	V-FAI-3P	4105&5692	πλανάω	πλανήσουσιν	
Matt 24:11	πολλούς·	A-APM	A-APM	4183	πολύς	πολλούς	
Matt 24:12	καὶ	CONJ	CONJ	2532	καί	καί	
Matt 24:12	διὰ	PREP	PREP	1223	διά	διά	
Matt 24:12	τὸ	T-ASN	T-ASN	3588	ὁ	τό	
Matt 24:12	πληθυνθῆναι	V-APN	V-APN	4129&5683	πληθύνω	πληθυνθῆναι	
Matt 24:12	τὴν	T-ASF	T-ASF	3588	ὁ	τήν	
Matt 24:12	ἀνομίαν	N-ASF	N-ASF	458	ἀνομία	ἀνομίαν	
Matt 24:12	ψυγήσεται	V-2FPI-3S	V-2FPI-3S	5594&5691	ψύχω	ψυγήσεται	
Matt 24:12	ἡ	T-NSF	T-NSF	3588	ὁ	ἡ	
Matt 24:12	ἀγάπη	N-NSF	N-NSF	26	ἀγάπη	ἀγάπη	
Matt 24:12	τῶν	T-GPM	T-GPM	3588	ὁ	τῶν	
Matt 24:12	πολλῶν.	A-GPM	A-GPM	4183	πολύς	πολλῶν	
Matt 24:13	ὁ	T-NSM	T-NSM	3588	ὁ	ὁ	
Matt 24:13	δὲ	CONJ	CONJ	1161	δέ	δέ	
Matt 24:13	ὑπομείνας	V-AAP-NSM	V-AAP-NSM	5278&5660	ὑπομένω	ὑπομείνας	
Matt 24:13	εἰς	PREP	PREP	1519	εἰς	εἰς	
Matt 24:13	τέλος,	N-ASN	N-ASN	5056	τέλος	τέλος	
Matt 24:13	οὗτος	D-NSM	D-NSM	3778	οὗτος	οὗτος	
Matt 24:13	σωθήσεται.	V-FPI-3S	V-FPI-3S	4982&5701	σῴζω	σωθήσεται	
Matt 24:14	καὶ	CONJ	CONJ	2532	καί	καί	
Matt 24:14	κηρυχθήσεται	V-FPI-3S	V-FPI-3S	2784&5701	κηρύσσω	κηρυχθήσεται	
Matt 24:14	τοῦτο	D-NSN	D-NSN	3778	οὗτος	τοῦτο	
Matt 24:14	τὸ	T-NSN	T-NSN	3588	ὁ	τό	
Matt 24:14	εὐαγγέλιον	N-NSN	N-NSN	2098	εὐαγγέλιον	εὐαγγέλιον	
Matt 24:14	τῆς	T-GSF	T-GSF	3588	ὁ	τῆς	
Matt 24:14	βασιλείας	N-GSF	N-GSF	932	βασιλεία	βασιλείας	
Matt 24:14	ἐν	PREP	PREP	1722	ἐν	ἐν	
Matt 24:14	ὅλῃ	A-DSF	A-DSF	3650	ὅλος	ὅλῃ	
Matt 24:14	τῇ	T-DSF	T-DSF	3588	ὁ	τῇ	
Matt 24:14	οἰκουμένῃ	N-DSF	N-DSF	3625	οἰκουμένη	οἰκουμένῃ	
Matt 24:14	εἰς	PREP	PREP	1519	εἰς	εἰς	
Matt 24:14	μαρτύριον	N-ASN	N-ASN	3142	μαρτύριον	μαρτύριον	
Matt 24:14	πᾶσιν	A-DPN	A-DPN	3956	πᾶς	πᾶσιν	
Matt 24:14	τοῖς	T-DPN	T-DPN	3588	ὁ	τοῖς	
Matt 24:14	ἔθνεσιν,	N-DPN	N-DPN	1484	ἔθνος	ἔθνεσιν	
Matt 24:14	καὶ	CONJ	CONJ	2532	καί	καί	
Matt 24:14	τότε	ADV	ADV	5119	τότε	τότε	
Matt 24:14	ἥξει	V-FAI-3S	V-FAI-3S	2240&5692	ἥκω	ἥξει	
Matt 24:14	τὸ	T-NSN	T-NSN	3588	ὁ	τό	
Matt 24:14	τέλος.	N-NSN	N-NSN	5056	τέλος	τέλος	
Matt 24:15	Ὅταν	CONJ	CONJ	3752	ὅταν	Ὅταν	
Matt 24:15	οὖν	CONJ	CONJ	3767	οὖν	οὖν	
Matt 24:15	ἴδητε	V-2AAS-2P	V-2AAS-2P	3708&5632	ὁράω	ἴδητε	
Matt 24:15	τὸ	T-ASN	T-ASN	3588	ὁ	τό	
Matt 24:15	βδέλυγμα	N-ASN	N-ASN	946	βδέλυγμα	βδέλυγμα	
Matt 24:15	τῆς	T-GSF	T-GSF	3588	ὁ	τῆς	
Matt 24:15	ἐρημώσεως	N-GSF	N-GSF	2050	ἐρήμωσις	ἐρημώσεως	
Matt 24:15	τὸ	T-ASN	T-ASN	3588	ὁ	τό	
Matt 24:15	ῥηθὲν	V-APP-ASN	V-APP-ASN	2046&5685	εἶπον	ῥηθέν	
Matt 24:15	διὰ	PREP	PREP	1223	διά	διά	
Matt 24:15	Δανιὴλ	N-PRI	N-PRI	1158	Δανιήλ	Δανιήλ	
Matt 24:15	τοῦ	T-GSM	T-GSM	3588	ὁ	τοῦ	
Matt 24:15	προφήτου	N-GSM	N-GSM	4396	προφήτης	προφήτου	
Matt 24:15	ἑστὸς	V-2RAP-ASN	V-2RAP-ASN	2476&5756	ἵστημι	ἑστός	
Matt 24:15	ἐν	PREP	PREP	1722	ἐν	ἐν	
Matt 24:15	τόπῳ	N-DSM	N-DSM	5117	τόπος	τόπῳ	
Matt 24:15	ἁγίῳ,	A-DSM	A-DSM	40	ἅγιος	ἁγίῳ	
Matt 24:15	ὁ	T-NSM	T-NSM	3588	ὁ	ὁ	
Matt 24:15	ἀναγινώσκων	V-PAP-NSM	V-PAP-NSM	314&5723	ἀναγινώσκω	ἀναγινώσκων	
Matt 24:15	νοείτω,	V-PAM-3S	V-PAM-3S	3539&5720	νοέω	νοείτω	
Matt 24:16	τότε	ADV	ADV	5119	τότε	τότε	
Matt 24:16	οἱ	T-NPM	T-NPM	3588	ὁ	οἱ	
Matt 24:16	ἐν	PREP	PREP	1722	ἐν	ἐν	
Matt 24:16	τῇ	T-DSF	T-DSF	3588	ὁ	τῇ	
Matt 24:16	Ἰουδαίᾳ	N-DSF	N-DSF	2449	Ἰουδαία	Ἰουδαίᾳ	
Matt 24:16	φευγέτωσαν	V-PAM-3P	V-PAM-3P	5343&5720	φεύγω	φευγέτωσαν	
Matt 24:16	εἰς	PREP	PREP	1519	εἰς	εἰς	
Matt 24:16	τὰ	T-APN	T-APN	3588	ὁ	τά	
Matt 24:16	ὄρη,	N-APN	N-APN	3735	ὄρος	ὄρη	
Matt 24:17	ὁ	T-NSM	T-NSM	3588	ὁ	ὁ	
Matt 24:17	ἐπὶ	PREP	PREP	1909	ἐπί	ἐπί	
Matt 24:17	τοῦ	T-GSN	T-GSN	3588	ὁ	τοῦ	
Matt 24:17	δώματος	N-GSN	N-GSN	1430	δῶμα	δώματος	
Matt 24:17	μὴ	PRT-N	PRT-N	3361	μή	μή	
Matt 24:17	καταβάτω	V-2AAM-3S	V-2AAM-3S	2597&5628	καταβαίνω	καταβάτω	
Matt 24:17	ἆραι	V-AAN	V-AAN	142&5658	αἴρω	ἆραι	
Matt 24:17	τὰ	T-APN	T-APN	3588	ὁ	τά	
Matt 24:17	ἐκ	PREP	PREP	1537	ἐκ	ἐκ	
Matt 24:17	τῆς	T-GSF	T-GSF	3588	ὁ	τῆς	
Matt 24:17	οἰκίας	N-GSF	N-GSF	3614	οἰκία	οἰκίας	
Matt 24:17	αὐτοῦ,	P-GSM	P-GSM	846	αὐτός	αὐτοῦ	
Matt 24:18	καὶ	CONJ	CONJ	2532	καί	καί	
Matt 24:18	ὁ	T-NSM	T-NSM	3588	ὁ	ὁ	
Matt 24:18	ἐν	PREP	PREP	1722	ἐν	ἐν	
Matt 24:18	τῷ	T-DSM	T-DSM	3588	ὁ	τῷ	
Matt 24:18	ἀγρῷ	N-DSM	N-DSM	68	ἀγρός	ἀγρῷ	
Matt 24:18	μὴ	PRT-N	PRT-N	3361	μή	μή	
Matt 24:18	ἐπιστρεψάτω	V-AAM-3S	V-AAM-3S	1994&5657	ἐπιστρέφω	ἐπιστρεψάτω	
Matt 24:18	ὀπίσω	ADV	ADV	3694	ὀπίσω	ὀπίσω	
Matt 24:18	ἆραι	V-AAN	V-AAN	142&5658	αἴρω	ἆραι	
Matt 24:18	τὸ	T-ASN	T-ASN	3588	ὁ	τό	
Matt 24:18	ἱμάτιον	N-ASN	N-ASN	2440	ἱμάτιον	ἱμάτιον	
Matt 24:18	αὐτοῦ.	P-GSM	P-GSM	846	αὐτός	αὐτοῦ	
Matt 24:19	οὐαὶ	INJ	INJ	3759	οὐαί	οὐαί	
Matt 24:19	δὲ	CONJ	CONJ	1161	δέ	δέ	
Matt 24:19	ταῖς	T-DPF	T-DPF	3588	ὁ	ταῖς	
Matt 24:19	ἐν	PREP	PREP	1722	ἐν	ἐν	
Matt 24:19	γαστρὶ	N-DSF	N-DSF	1064	γαστήρ	γαστρί	
Matt 24:19	ἐχούσαις	V-PAP-DPF	V-PAP-DPF	2192&5723	ἔχω	ἐχούσαις	
Matt 24:19	καὶ	CONJ	CONJ	2532	καί	καί	
Matt 24:19	ταῖς	T-DPF	T-DPF	3588	ὁ	ταῖς	
Matt 24:19	θηλαζούσαις	V-PAP-DPF	V-PAP-DPF	2337&5723	θηλάζω	θηλαζούσαις	
Matt 24:19	ἐν	PREP	PREP	1722	ἐν	ἐν	
Matt 24:19	ἐκείναις	D-DPF	D-DPF	1565	ἐκεῖνος	ἐκείναις	
Matt 24:19	ταῖς	T-DPF	T-DPF	3588	ὁ	ταῖς	
Matt 24:19	ἡμέραις.	N-DPF	N-DPF	2250	ἡμέρα	ἡμέραις	
Matt 24:20	προσεύχεσθε	V-PNM-2P	V-PNM-2P	4336&5737	προσεύχομαι	προσεύχεσθε	
Matt 24:20	δὲ	CONJ	CONJ	1161	δέ	δέ	
Matt 24:20	ἵνα	CONJ	CONJ	2443	ἵνα	ἵνα	
Matt 24:20	μὴ	PRT-N	PRT-N	3361	μή	μή	
Matt 24:20	γένηται	V-2ADS-3S	V-2ADS-3S	1096&5638	γίνομαι	γένηται	
Matt 24:20	ἡ	T-NSF	T-NSF	3588	ὁ	ἡ	
Matt 24:20	φυγὴ	N-NSF	N-NSF	5437	φυγή	φυγή	
Matt 24:20	ὑμῶν	P-2GP	P-2GP	4771	σύ	ὑμῶν	
Matt 24:20	χειμῶνος	N-GSM	N-GSM	5494	χειμών	χειμῶνος	
Matt 24:20	μηδὲ	CONJ-N	CONJ-N	3366	μηδέ	μηδέ	
Matt 24:20	σαββάτῳ·	N-DSN	N-DSN	4521	σάββατον	σαββάτῳ	
Matt 24:21	ἔσται	V-FDI-3S	V-FDI-3S	1510&5695	εἰμί	ἔσται	
Matt 24:21	γὰρ	CONJ	CONJ	1063	γάρ	γάρ	
Matt 24:21	τότε	ADV	ADV	5119	τότε	τότε	
Matt 24:21	θλῖψις	N-NSF	N-NSF	2347	θλῖψις	θλῖψις	
Matt 24:21	μεγάλη,	A-NSF	A-NSF	3173	μέγας	μεγάλη	
Matt 24:21	οἵα	R-NSF	R-NSF	3634	οἷος	οἵα	
Matt 24:21	οὐ	PRT-N	PRT-N	3756	οὐ	οὐ	
Matt 24:21	γέγονεν	V-2RAI-3S	V-2RAI-3S	1096&5754	γίνομαι	γέγονεν	
Matt 24:21	ἀπ’	PREP	PREP	575	ἀπό	ἀπ’	
Matt 24:21	ἀρχῆς	N-GSF	N-GSF	746	ἀρχή	ἀρχῆς	
Matt 24:21	κόσμου	N-GSM	N-GSM	2889	κόσμος	κόσμου	
Matt 24:21	ἕως	ADV	ADV	2193	ἕως	ἕως	
Matt 24:21	τοῦ	T-GSM	T-GSM	3588	ὁ	τοῦ	
Matt 24:21	νῦν	ADV	ADV	3568	νῦν	νῦν	
Matt 24:21	οὐδ’	CONJ-N	CONJ-N	3761	οὐδέ	οὐδ’	
Matt 24:21	οὐ	PRT-N	PRT-N	3756	οὐ	οὐ	
Matt 24:21	μὴ	PRT-N	PRT-N	3361	μή	μή	
Matt 24:21	γένηται.	V-2ADS-3S	V-2ADS-3S	1096&5638	γίνομαι	γένηται	
Matt 24:22	καὶ	CONJ	CONJ	2532	καί	καί	
Matt 24:22	εἰ	COND	COND	1487	εἰ	εἰ	
Matt 24:22	μὴ	PRT-N	PRT-N	3361	μή	μή	
Matt 24:22	ἐκολοβώθησαν	V-API-3P	V-API-3P	2856&5681	κολοβόω	ἐκολοβώθησαν	
Matt 24:22	αἱ	T-NPF	T-NPF	3588	ὁ	αἱ	
Matt 24:22	ἡμέραι	N-NPF	N-NPF	2250	ἡμέρα	ἡμέραι	
Matt 24:22	ἐκεῖναι,	D-NPF	D-NPF	1565	ἐκεῖνος	ἐκεῖναι	
Matt 24:22	οὐκ	PRT-N	PRT-N	3756	οὐ	οὐκ	
Matt 24:22	ἂν	PRT	PRT	302	ἄν	ἄν	
Matt 24:22	ἐσώθη	V-API-3S	V-API-3S	4982&5681	σῴζω	ἐσώθη	
Matt 24:22	πᾶσα	A-NSF	A-NSF	3956	πᾶς	πᾶσα	
Matt 24:22	σάρξ·	N-NSF	N-NSF	4561	σάρξ	σάρξ	
Matt 24:22	διὰ	PREP	PREP	1223	διά	διά	
Matt 24:22	δὲ	CONJ	CONJ	1161	δέ	δέ	
Matt 24:22	τοὺς	T-APM	T-APM	3588	ὁ	τούς	
Matt 24:22	ἐκλεκτοὺς	A-APM	A-APM	1588	ἐκλεκτός	ἐκλεκτούς	
Matt 24:22	κολοβωθήσονται	V-FPI-3P	V-FPI-3P	2856&5701	κολοβόω	κολοβωθήσονται	
Matt 24:22	αἱ	T-NPF	T-NPF	3588	ὁ	αἱ	
Matt 24:22	ἡμέραι	N-NPF	N-NPF	2250	ἡμέρα	ἡμέραι	
Matt 24:22	ἐκεῖναι.	D-NPF	D-NPF	1565	ἐκεῖνος	ἐκεῖναι	
Matt 24:23	τότε	ADV	ADV	5119	τότε	τότε	
Matt 24:23	ἐάν	COND	COND	1437	ἐάν	ἐάν	
Matt 24:23	τις	X-NSM	X-NSM	5100	τὶς	τις	
Matt 24:23	ὑμῖν	P-2DP	P-2DP	4771	σύ	ὑμῖν	
Matt 24:23	εἴπῃ	V-2AAS-3S	V-2AAS-3S	3004&5632	λέγω	εἴπῃ	
Matt 24:23	Ἰδοὺ	V-2AMM-2S	V-2AMM-2S	3708&5640	ὁράω	Ἰδού	
Matt 24:23	ὧδε	ADV	ADV	5602	ὧδε	ὧδε	
Matt 24:23	ὁ	T-NSM	T-NSM	3588	ὁ	ὁ	
Matt 24:23	Χριστός,	N-NSM	N-NSM	5547	Χριστός	Χριστός	
Matt 24:23	ἤ	PRT	PRT	2228	ἤ	ἤ	
Matt 24:23	Ὧδε,	ADV	ADV	5602	ὧδε	Ὧδε	
Matt 24:23	μὴ	PRT-N	PRT-N	3361	μή	μή	
Matt 24:23	πιστεύσητε·	V-AAS-2P	V-AAS-2P	4100&5661	πιστεύω	πιστεύσητε	
Matt 24:24	ἐγερθήσονται	V-FPI-3P	V-FPI-3P	1453&5701	ἐγείρω	ἐγερθήσονται	
Matt 24:24	γὰρ	CONJ	CONJ	1063	γάρ	γάρ	
Matt 24:24	ψευδόχριστοι	N-NPM	N-NPM	5580	ψευδόχριστος	ψευδόχριστοι	
Matt 24:24	καὶ	CONJ	CONJ	2532	καί	καί	
Matt 24:24	ψευδοπροφῆται,	N-NPM	N-NPM	5578	ψευδοπροφήτης	ψευδοπροφῆται	
Matt 24:24	καὶ	CONJ	CONJ	2532	καί	καί	
Matt 24:24	δώσουσιν	V-FAI-3P	V-FAI-3P	1325&5692	δίδωμι	δώσουσιν	
Matt 24:24	σημεῖα	N-APN	N-APN	4592	σημεῖον	σημεῖα	
Matt 24:24	μεγάλα	A-APN	A-APN	3173	μέγας	μεγάλα	
Matt 24:24	καὶ	CONJ	CONJ	2532	καί	καί	
Matt 24:24	τέρατα	N-APN	N-APN	5059	τέρας	τέρατα	
Matt 24:24	ὥστε	CONJ	CONJ	5620	ὥστε	ὥστε	
Matt 24:24	πλανῆσαι,	V-AAN	V-AAN	4105	πλανάω	πλανῆσαι	
Matt 24:24	εἰ	COND	COND	1487	εἰ	εἰ	
Matt 24:24	δυνατὸν,	A-NSN	A-NSN	1415	δυνατός	δυνατόν	
Matt 24:24	καὶ	CONJ	CONJ	2532	καί	καί	
Matt 24:24	τοὺς	T-APM	T-APM	3588	ὁ	τούς	
Matt 24:24	ἐκλεκτούς.	A-APM	A-APM	1588	ἐκλεκτός	ἐκλεκτούς	
Matt 24:25	ἰδοὺ	V-2AMM-2S	V-2AMM-2S	3708&5640	ὁράω	ἰδού	
Matt 24:25	προείρηκα	V-RAI-1S	V-RAI-1S	4302&5758	προλέγω	προείρηκα	
Matt 24:25	ὑμῖν.	P-2DP	P-2DP	4771	σύ	ὑμῖν	
Matt 24:26	ἐὰν	COND	COND	1437	ἐάν	ἐάν	
Matt 24:26	οὖν	CONJ	CONJ	3767	οὖν	οὖν	
Matt 24:26	εἴπωσιν	V-2AAS-3P	V-2AAS-3P	3004&5632	λέγω	εἴπωσιν	
Matt 24:26	ὑμῖν	P-2DP	P-2DP	4771	σύ	ὑμῖν	
Matt 24:26	Ἰδοὺ	V-2AMM-2S	V-2AMM-2S	3708&5640	ὁράω	Ἰδού	
Matt 24:26	ἐν	PREP	PREP	1722	ἐν	ἐν	
Matt 24:26	τῇ	T-DSF	T-DSF	3588	ὁ	τῇ	
Matt 24:26	ἐρήμῳ	A-DSF	A-DSF	2048	ἔρημος	ἐρήμῳ	
Matt 24:26	ἐστίν,	V-PAI-3S	V-PAI-3S	1510&5719	εἰμί	ἐστίν	
Matt 24:26	μὴ	PRT-N	PRT-N	3361	μή	μή	
Matt 24:26	ἐξέλθητε·	V-2AAS-2P	V-2AAS-2P	1831&5632	ἐξέρχομαι	ἐξέλθητε	
Matt 24:26	Ἰδοὺ	V-2AMM-2S	V-2AMM-2S	3708&5640	ὁράω	Ἰδού	
Matt 24:26	ἐν	PREP	PREP	1722	ἐν	ἐν	
Matt 24:26	τοῖς	T-DPN	T-DPN	3588	ὁ	τοῖς	
Matt 24:26	ταμείοις,	N-DPN	N-DPN	5009	ταμεῖον	ταμείοις	
Matt 24:26	μὴ	PRT-N	PRT-N	3361	μή	μή	
Matt 24:26	πιστεύσητε·	V-AAS-2P	V-AAS-2P	4100&5661	πιστεύω	πιστεύσητε	
Matt 24:27	ὥσπερ	ADV	ADV	5618	ὥσπερ	ὥσπερ	
Matt 24:27	γὰρ	CONJ	CONJ	1063	γάρ	γάρ	
Matt 24:27	ἡ	T-NSF	T-NSF	3588	ὁ	ἡ	
Matt 24:27	ἀστραπὴ	N-NSF	N-NSF	796	ἀστραπή	ἀστραπή	
Matt 24:27	ἐξέρχεται	V-PNI-3S	V-PNI-3S	1831&5736	ἐξέρχομαι	ἐξέρχεται	
Matt 24:27	ἀπὸ	PREP	PREP	575	ἀπό	ἀπό	
Matt 24:27	ἀνατολῶν	N-GPF	N-GPF	395	ἀνατολή	ἀνατολῶν	
Matt 24:27	καὶ	CONJ	CONJ	2532	καί	καί	
Matt 24:27	φαίνεται	V-PEI-3S	V-PEI-3S	5316&5727	φαίνω	φαίνεται	
Matt 24:27	ἕως	ADV	ADV	2193	ἕως	ἕως	
Matt 24:27	δυσμῶν,	N-GPF	N-GPF	1424	δυσμή	δυσμῶν	
Matt 24:27	οὕτως	ADV	ADV	3779	οὕτω	οὕτως	
Matt 24:27	ἔσται	V-FDI-3S	V-FDI-3S	1510&5695	εἰμί	ἔσται	
Matt 24:27	ἡ	T-NSF	T-NSF	3588	ὁ	ἡ	
Matt 24:27	παρουσία	N-NSF	N-NSF	3952	παρουσία	παρουσία	
Matt 24:27	τοῦ	T-GSM	T-GSM	3588	ὁ	τοῦ	
Matt 24:27	Υἱοῦ	N-GSM	N-GSM	5207	υἱός	Υἱοῦ	
Matt 24:27	τοῦ	T-GSM	T-GSM	3588	ὁ	τοῦ	
Matt 24:27	ἀνθρώπου·	N-GSM	N-GSM	444	ἄνθρωπος	ἀνθρώπου	
Matt 24:28	ὅπου	ADV	ADV	3699	ὅπου	ὅπου	
Matt 24:28	ἐὰν	COND	COND	1437	ἐάν	ἐάν	
Matt 24:28	ᾖ	V-PAS-3S	V-PAS-3S	1510&5725	εἰμί	ᾖ	
Matt 24:28	τὸ	T-NSN	T-NSN	3588	ὁ	τό	
Matt 24:28	πτῶμα,	N-NSN	N-NSN	4430	πτῶμα	πτῶμα	
Matt 24:28	ἐκεῖ	ADV	ADV	1563	ἐκεῖ	ἐκεῖ	
Matt 24:28	συναχθήσονται	V-FPI-3P	V-FPI-3P	4863&5701	συνάγω	συναχθήσονται	
Matt 24:28	οἱ	T-NPM	T-NPM	3588	ὁ	οἱ	
Matt 24:28	ἀετοί.	N-NPM	N-NPM	105	ἀετός	ἀετοί	
Matt 24:29	Εὐθέως	ADV	ADV	2112	εὐθέως	Εὐθέως	
Matt 24:29	δὲ	CONJ	CONJ	1161	δέ	δέ	
Matt 24:29	μετὰ	PREP	PREP	3326	μετά	μετά	
Matt 24:29	τὴν	T-ASF	T-ASF	3588	ὁ	τήν	
Matt 24:29	θλῖψιν	N-ASF	N-ASF	2347	θλῖψις	θλῖψιν	
Matt 24:29	τῶν	T-GPF	T-GPF	3588	ὁ	τῶν	
Matt 24:29	ἡμερῶν	N-GPF	N-GPF	2250	ἡμέρα	ἡμερῶν	
Matt 24:29	ἐκείνων	D-GPF	D-GPF	1565	ἐκεῖνος	ἐκείνων	
Matt 24:29	ὁ	T-NSM	T-NSM	3588	ὁ	ὁ	
Matt 24:29	ἥλιος	N-NSM	N-NSM	2246	ἥλιος	ἥλιος	
Matt 24:29	σκοτισθήσεται,	V-FPI-3S	V-FPI-3S	4654&5701	σκοτίζω	σκοτισθήσεται	
Matt 24:29	καὶ	CONJ	CONJ	2532	καί	καί	
Matt 24:29	ἡ	T-NSF	T-NSF	3588	ὁ	ἡ	
Matt 24:29	σελήνη	N-NSF	N-NSF	4582	σελήνη	σελήνη	
Matt 24:29	οὐ	PRT-N	PRT-N	3756	οὐ	οὐ	
Matt 24:29	δώσει	V-FAI-3S	V-FAI-3S	1325&5692	δίδωμι	δώσει	
Matt 24:29	τὸ	T-ASN	T-ASN	3588	ὁ	τό	
Matt 24:29	φέγγος	N-ASN	N-ASN	5338	φέγγος	φέγγος	
Matt 24:29	αὐτῆς,	P-GSF	P-GSF	846	αὐτός	αὐτῆς	
Matt 24:29	καὶ	CONJ	CONJ	2532	καί	καί	
Matt 24:29	οἱ	T-NPM	T-NPM	3588	ὁ	οἱ	
Matt 24:29	ἀστέρες	N-NPM	N-NPM	792	ἀστήρ	ἀστέρες	
Matt 24:29	πεσοῦνται	V-FNI-3P	V-FDI-3P	4098&5699	πίπτω	πεσοῦνται	
Matt 24:29	ἀπὸ	PREP	PREP	575	ἀπό	ἀπό	
Matt 24:29	τοῦ	T-GSM	T-GSM	3588	ὁ	τοῦ	
Matt 24:29	οὐρανοῦ,	N-GSM	N-GSM	3772	οὐρανός	οὐρανοῦ	
Matt 24:29	καὶ	CONJ	CONJ	2532	καί	καί	
Matt 24:29	αἱ	T-NPF	T-NPF	3588	ὁ	αἱ	
Matt 24:29	δυνάμεις	N-NPF	N-NPF	1411	δύναμις	δυνάμεις	
Matt 24:29	τῶν	T-GPM	T-GPM	3588	ὁ	τῶν	
Matt 24:29	οὐρανῶν	N-GPM	N-GPM	3772	οὐρανός	οὐρανῶν	
Matt 24:29	σαλευθήσονται.	V-FPI-3P	V-FPI-3P	4531&5701	σαλεύω	σαλευθήσονται	
Matt 24:30	καὶ	CONJ	CONJ	2532	καί	καί	
Matt 24:30	τότε	ADV	ADV	5119	τότε	τότε	
Matt 24:30	φανήσεται	V-2FPI-3S	V-2FPI-3S	5316&5691	φαίνω	φανήσεται	
Matt 24:30	τὸ	T-NSN	T-NSN	3588	ὁ	τό	
Matt 24:30	σημεῖον	N-NSN	N-NSN	4592	σημεῖον	σημεῖον	
Matt 24:30	τοῦ	T-GSM	T-GSM	3588	ὁ	τοῦ	
Matt 24:30	Υἱοῦ	N-GSM	N-GSM	5207	υἱός	Υἱοῦ	
Matt 24:30	τοῦ	T-GSM	T-GSM	3588	ὁ	τοῦ	
Matt 24:30	ἀνθρώπου	N-GSM	N-GSM	444	ἄνθρωπος	ἀνθρώπου	
Matt 24:30	ἐν	PREP	PREP	1722	ἐν	ἐν	
Matt 24:30	οὐρανῷ,	N-DSM	N-DSM	3772	οὐρανός	οὐρανῷ	
Matt 24:30	καὶ	CONJ	CONJ	2532	καί	καί	
Matt 24:30	τότε	ADV	ADV	5119	τότε	τότε	
Matt 24:30	κόψονται	V-FDI-3P	V-FDI-3P	2875&5695	κόπτω	κόψονται	
Matt 24:30	πᾶσαι	A-NPF	A-NPF	3956	πᾶς	πᾶσαι	
Matt 24:30	αἱ	T-NPF	T-NPF	3588	ὁ	αἱ	
Matt 24:30	φυλαὶ	N-NPF	N-NPF	5443	φυλή	φυλαί	
Matt 24:30	τῆς	T-GSF	T-GSF	3588	ὁ	τῆς	
Matt 24:30	γῆς	N-GSF	N-GSF	1093	γῆ	γῆς	
Matt 24:30	καὶ	CONJ	CONJ	2532	καί	καί	
Matt 24:30	ὄψονται	V-FDI-3P	V-FDI-3P	3708&5695	ὁράω	ὄψονται	
Matt 24:30	τὸν	T-ASM	T-ASM	3588	ὁ	τόν	
Matt 24:30	Υἱὸν	N-ASM	N-ASM	5207	υἱός	Υἱόν	
Matt 24:30	τοῦ	T-GSM	T-GSM	3588	ὁ	τοῦ	
Matt 24:30	ἀνθρώπου	N-GSM	N-GSM	444	ἄνθρωπος	ἀνθρώπου	
Matt 24:30	ἐρχόμενον	V-PNP-ASM	V-PNP-ASM	2064&5740	ἔρχομαι	ἐρχόμενον	
Matt 24:30	ἐπὶ	PREP	PREP	1909	ἐπί	ἐπί	
Matt 24:30	τῶν	T-GPF	T-GPF	3588	ὁ	τῶν	
Matt 24:30	νεφελῶν	N-GPF	N-GPF	3507	νεφέλη	νεφελῶν	
Matt 24:30	τοῦ	T-GSM	T-GSM	3588	ὁ	τοῦ	
Matt 24:30	οὐρανοῦ	N-GSM	N-GSM	3772	οὐρανός	οὐρανοῦ	
Matt 24:30	μετὰ	PREP	PREP	3326	μετά	μετά	
Matt 24:30	δυνάμεως	N-GSF	N-GSF	1411	δύναμις	δυνάμεως	
Matt 24:30	καὶ	CONJ	CONJ	2532	καί	καί	
Matt 24:30	δόξης	N-GSF	N-GSF	1391	δόξα	δόξης	
Matt 24:30	πολλῆς·	A-GSF	A-GSF	4183	πολύς	πολλῆς	
Matt 24:31	καὶ	CONJ	CONJ	2532	καί	καί	
Matt 24:31	ἀποστελεῖ	V-FAI-3S	V-FAI-3S	649&5692	ἀποστέλλω	ἀποστελεῖ	
Matt 24:31	τοὺς	T-APM	T-APM	3588	ὁ	τούς	
Matt 24:31	ἀγγέλους	N-APM	N-APM	32	ἄγγελος	ἀγγέλους	
Matt 24:31	αὐτοῦ	P-GSM	P-GSM	846	αὐτός	αὐτοῦ	
Matt 24:31	μετὰ	PREP	PREP	3326	μετά	μετά	
Matt 24:31	σάλπιγγος	N-GSF	N-GSF	4536	σάλπιγξ	σάλπιγγος	
Matt 24:31	μεγάλης,	A-GSF	A-GSF	3173	μέγας	μεγάλης	
Matt 24:31	καὶ	CONJ	CONJ	2532	καί	καί	
Matt 24:31	ἐπισυνάξουσιν	V-FAI-3P	V-FAI-3P	1996&5692	ἐπισυνάγω	ἐπισυνάξουσιν	
Matt 24:31	τοὺς	T-APM	T-APM	3588	ὁ	τούς	
Matt 24:31	ἐκλεκτοὺς	A-APM	A-APM	1588	ἐκλεκτός	ἐκλεκτούς	
Matt 24:31	αὐτοῦ	P-GSM	P-GSM	846	αὐτός	αὐτοῦ	
Matt 24:31	ἐκ	PREP	PREP	1537	ἐκ	ἐκ	
Matt 24:31	τῶν	T-GPM	T-GPM	3588	ὁ	τῶν	
Matt 24:31	τεσσάρων	A-GPM	A-GPM	5064	τέσσαρες	τεσσάρων	
Matt 24:31	ἀνέμων	N-GPM	N-GPM	417	ἄνεμος	ἀνέμων	
Matt 24:31	ἀπ’	PREP	PREP	575	ἀπό	ἀπ’	
Matt 24:31	ἄκρων	N-GPN	N-GPN	206	ἄκρον	ἄκρων	
Matt 24:31	οὐρανῶν	N-GPM	N-GPM	3772	οὐρανός	οὐρανῶν	
Matt 24:31	ἕως	ADV	ADV	2193	ἕως	ἕως	
Matt 24:31	ἄκρων	N-GPN	N-GPN	206	ἄκρον	ἄκρων	
Matt 24:31	αὐτῶν.	P-GPM	P-GPM	846	αὐτός	αὐτῶν	
Matt 24:32	Ἀπὸ	PREP	PREP	575	ἀπό	Ἀπό	
Matt 24:32	δὲ	CONJ	CONJ	1161	δέ	δέ	
Matt 24:32	τῆς	T-GSF	T-GSF	3588	ὁ	τῆς	
Matt 24:32	συκῆς	N-GSF	N-GSF	4808	συκῆ	συκῆς	
Matt 24:32	μάθετε	V-2AAM-2P	V-2AAM-2P	3129&5628	μανθάνω	μάθετε	
Matt 24:32	τὴν	T-ASF	T-ASF	3588	ὁ	τήν	
Matt 24:32	παραβολήν·	N-ASF	N-ASF	3850	παραβολή	παραβολήν	
Matt 24:32	ὅταν	CONJ	CONJ	3752	ὅταν	ὅταν	
Matt 24:32	ἤδη	ADV	ADV	2235	ἤδη	ἤδη	
Matt 24:32	ὁ	T-NSM	T-NSM	3588	ὁ	ὁ	
Matt 24:32	κλάδος	N-NSM	N-NSM	2798	κλάδος	κλάδος	
Matt 24:32	αὐτῆς	P-GSF	P-GSF	846	αὐτός	αὐτῆς	
Matt 24:32	γένηται	V-2ADS-3S	V-2ADS-3S	1096&5638	γίνομαι	γένηται	
Matt 24:32	ἁπαλὸς	A-NSM	A-NSM	527	ἁπαλός	ἁπαλός	
Matt 24:32	καὶ	CONJ	CONJ	2532	καί	καί	
Matt 24:32	τὰ	T-APN	T-APN	3588	ὁ	τά	
Matt 24:32	φύλλα	N-APN	N-APN	5444	φύλλον	φύλλα	
Matt 24:32	ἐκφύῃ,	V-PAS-3S	V-PAS-3S	1631&5725	ἐκφύω	ἐκφύῃ	
Matt 24:32	γινώσκετε	V-PAI-2P	V-PAI-2P	1097&5719	γινώσκω	γινώσκετε	
Matt 24:32	ὅτι	CONJ	CONJ	3754	ὅτι	ὅτι	
Matt 24:32	ἐγγὺς	ADV	ADV	1451	ἐγγύς	ἐγγύς	
Matt 24:32	τὸ	T-NSN	T-NSN	3588	ὁ	τό	
Matt 24:32	θέρος·	N-NSN	N-NSN	2330	θέρος	θέρος	
Matt 24:33	οὕτως	ADV	ADV	3779	οὕτω	οὕτως	
Matt 24:33	καὶ	CONJ	CONJ	2532	καί	καί	
Matt 24:33	ὑμεῖς	P-2NP	P-2NP	4771	σύ	ὑμεῖς	
Matt 24:33	ὅταν	CONJ	CONJ	3752	ὅταν	ὅταν	
Matt 24:33	ἴδητε	V-2AAS-2P	V-2AAS-2P	3708&5632	ὁράω	ἴδητε	
Matt 24:33	πάντα	A-APN	A-APN	3956	πᾶς	πάντα	
Matt 24:33	ταῦτα,	D-APN	D-APN	3778	οὗτος	ταῦτα	
Matt 24:33	γινώσκετε	V-PAM-2P	V-PAM-2P	1097&5720	γινώσκω	γινώσκετε	
Matt 24:33	ὅτι	CONJ	CONJ	3754	ὅτι	ὅτι	
Matt 24:33	ἐγγύς	ADV	ADV	1451	ἐγγύς	ἐγγύς	
Matt 24:33	ἐστιν	V-PAI-3S	V-PAI-3S	1510&5719	εἰμί	ἐστιν	
Matt 24:33	ἐπὶ	PREP	PREP	1909	ἐπί	ἐπί	
Matt 24:33	θύραις.	N-DPF	N-DPF	2374	θύρα	θύραις	
Matt 24:34	ἀμὴν	HEB	HEB	281	ἀμήν	ἀμήν	
Matt 24:34	λέγω	V-PAI-1S	V-PAI-1S	3004&5719	λέγω	λέγω	
Matt 24:34	ὑμῖν	P-2DP	P-2DP	4771	σύ	ὑμῖν	
Matt 24:34	ὅτι	CONJ	CONJ	3754	ὅτι	ὅτι	
Matt 24:34	οὐ	PRT-N	PRT-N	3756	οὐ	οὐ	
Matt 24:34	μὴ	PRT-N	PRT-N	3361	μή	μή	
Matt 24:34	παρέλθῃ	V-2AAS-3S	V-2AAS-3S	3928&5632	παρέρχομαι	παρέλθῃ	
Matt 24:34	ἡ	T-NSF	T-NSF	3588	ὁ	ἡ	
Matt 24:34	γενεὰ	N-NSF	N-NSF	1074	γενεά	γενεά	
Matt 24:34	αὕτη	D-NSF	D-NSF	3778	οὗτος	αὕτη	
Matt 24:34	ἕως	ADV	ADV	2193	ἕως	ἕως	
Matt 24:34	ἂν	PRT	PRT	302	ἄν	ἄν	
Matt 24:34	πάντα	A-NPN	A-NPN	3956	πᾶς	πάντα	
Matt 24:34	ταῦτα	D-NPN	D-NPN	3778	οὗτος	ταῦτα	
Matt 24:34	γένηται.	V-2ADS-3S	V-2ADS-3S	1096&5638	γίνομαι	γένηται	
Matt 24:35	ὁ	T-NSM	T-NSM	3588	ὁ	ὁ	
Matt 24:35	οὐρανὸς	N-NSM	N-NSM	3772	οὐρανός	οὐρανός	
Matt 24:35	καὶ	CONJ	CONJ	2532	καί	καί	
Matt 24:35	ἡ	T-NSF	T-NSF	3588	ὁ	ἡ	
Matt 24:35	γῆ	N-NSF	N-NSF	1093	γῆ	γῆ	
Matt 24:35	παρελεύσεται,	V-FDI-3S	V-FDI-3S	3928&5695	παρέρχομαι	παρελεύσεται	
Matt 24:35	οἱ	T-NPM	T-NPM	3588	ὁ	οἱ	
Matt 24:35	δὲ	CONJ	CONJ	1161	δέ	δέ	
Matt 24:35	λόγοι	N-NPM	N-NPM	3056	λόγος	λόγοι	
Matt 24:35	μου	P-1GS	P-1GS	1473	ἐγώ	μου	
Matt 24:35	οὐ	PRT-N	PRT-N	3756	οὐ	οὐ	
Matt 24:35	μὴ	PRT-N	PRT-N	3361	μή	μή	
Matt 24:35	παρέλθωσιν.	V-2AAS-3P	V-2AAS-3P	3928&5632	παρέρχομαι	παρέλθωσιν	
Matt 24:36	Περὶ	PREP	PREP	4012	περί	Περί	
Matt 24:36	δὲ	CONJ	CONJ	1161	δέ	δέ	
Matt 24:36	τῆς	T-GSF	T-GSF	3588	ὁ	τῆς	
Matt 24:36	ἡμέρας	N-GSF	N-GSF	2250	ἡμέρα	ἡμέρας	
Matt 24:36	ἐκείνης	D-GSF	D-GSF	1565	ἐκεῖνος	ἐκείνης	
Matt 24:36	καὶ	CONJ	CONJ	2532	καί	καί	
Matt 24:36	ὥρας	N-GSF	N-GSF	5610	ὥρα	ὥρας	
Matt 24:36	οὐδεὶς	A-NSM-N	A-NSM-N	3762	οὐδείς	οὐδείς	
Matt 24:36	οἶδεν,	V-RAI-3S	V-RAI-3S	1492&5758	οἶδα	οἶδεν	
Matt 24:36	οὐδὲ	CONJ-N	CONJ-N	3761	οὐδέ	οὐδέ	
Matt 24:36	οἱ	T-NPM	T-NPM	3588	ὁ	οἱ	
Matt 24:36	ἄγγελοι	N-NPM	N-NPM	32	ἄγγελος	ἄγγελοι	
Matt 24:36	τῶν	T-GPM	T-GPM	3588	ὁ	τῶν	
Matt 24:36	οὐρανῶν	N-GPM	N-GPM	3772	οὐρανός	οὐρανῶν	
Matt 24:36	οὐδὲ	CONJ-N	CONJ-N	3761	οὐδέ	οὐδέ	
Matt 24:36	ὁ	T-NSM	T-NSM	3588	ὁ	ὁ	
Matt 24:36	Υἱός,	N-NSM	N-NSM	5207	υἱός	Υἱός	
Matt 24:36	εἰ	COND	COND	1487	εἰ	εἰ	
Matt 24:36	μὴ	PRT-N	PRT-N	3361	μή	μή	
Matt 24:36	ὁ	T-NSM	T-NSM	3588	ὁ	ὁ	
Matt 24:36	Πατὴρ	N-NSM	N-NSM	3962	πατήρ	Πατήρ	
Matt 24:36	μόνος.	A-NSM	A-NSM	3441	μόνος	μόνος	
Matt 24:37	ὥσπερ	ADV	ADV	5618	ὥσπερ	ὥσπερ	
Matt 24:37	γὰρ	CONJ	CONJ	1063	γάρ	γάρ	
Matt 24:37	αἱ	T-NPF	T-NPF	3588	ὁ	αἱ	
Matt 24:37	ἡμέραι	N-NPF	N-NPF	2250	ἡμέρα	ἡμέραι	
Matt 24:37	τοῦ	T-GSM	T-GSM	3588	ὁ	τοῦ	
Matt 24:37	Νῶε,	N-PRI	N-PRI	3575	Νῶε	Νῶε	
Matt 24:37	οὕτως	ADV	ADV	3779	οὕτω	οὕτως	
Matt 24:37	ἔσται	V-FDI-3S	V-FDI-3S	1510&5695	εἰμί	ἔσται	
Matt 24:37	ἡ	T-NSF	T-NSF	3588	ὁ	ἡ	
Matt 24:37	παρουσία	N-NSF	N-NSF	3952	παρουσία	παρουσία	
Matt 24:37	τοῦ	T-GSM	T-GSM	3588	ὁ	τοῦ	
Matt 24:37	Υἱοῦ	N-GSM	N-GSM	5207	υἱός	Υἱοῦ	
Matt 24:37	τοῦ	T-GSM	T-GSM	3588	ὁ	τοῦ	
Matt 24:37	ἀνθρώπου.	N-GSM	N-GSM	444	ἄνθρωπος	ἀνθρώπου	
Matt 24:38	ὡς	ADV	ADV	5613	ὡς	ὡς	
Matt 24:38	γὰρ	CONJ	CONJ	1063	γάρ	γάρ	
Matt 24:38	ἦσαν	V-IAI-3P	V-IAI-3P	1510&5707	εἰμί	ἦσαν	
Matt 24:38	ἐν	PREP	PREP	1722	ἐν	ἐν	
Matt 24:38	ταῖς	T-DPF	T-DPF	3588	ὁ	ταῖς	
Matt 24:38	ἡμέραις	N-DPF	N-DPF	2250	ἡμέρα	ἡμέραις	
Matt 24:38	ἐκείναις	D-DPF	D-DPF	1565	ἐκεῖνος	ἐκείναις	
Matt 24:38	ταῖς	T-DPF	T-DPF	3588	ὁ	ταῖς	
Matt 24:38	πρὸ	PREP	PREP	4253	πρό	πρό	
Matt 24:38	τοῦ	T-GSM	T-GSM	3588	ὁ	τοῦ	
Matt 24:38	κατακλυσμοῦ	N-GSM	N-GSM	2627	κατακλυσμός	κατακλυσμοῦ	
Matt 24:38	τρώγοντες	V-PAP-NPM	V-PAP-NPM	5176&5723	τρώγω	τρώγοντες	
Matt 24:38	καὶ	CONJ	CONJ	2532	καί	καί	
Matt 24:38	πίνοντες,	V-PAP-NPM	V-PAP-NPM	4095&5723	πίνω	πίνοντες	
Matt 24:38	γαμοῦντες	V-PAP-NPM	V-PAP-NPM	1060&5723	γαμέω	γαμοῦντες	
Matt 24:38	καὶ	CONJ	CONJ	2532	καί	καί	
Matt 24:38	γαμίζοντες,	V-PAP-NPM	V-PAP-NPM	01061&5723	γαμίζω	γαμίζοντες	
Matt 24:38	ἄχρι	ADV	ADV	891	ἄχρι	ἄχρι	
Matt 24:38	ἧς	R-GSF	R-GSF	3739	ὅς	ἧς	
Matt 24:38	ἡμέρας	N-GSF	N-GSF	2250	ἡμέρα	ἡμέρας	
Matt 24:38	εἰσῆλθεν	V-2AAI-3S	V-2AAI-3S	1525&5627	εἰσέρχομαι	εἰσῆλθεν	
Matt 24:38	Νῶε	N-PRI	N-PRI	3575	Νῶε	Νῶε	
Matt 24:38	εἰς	PREP	PREP	1519	εἰς	εἰς	
Matt 24:38	τὴν	T-ASF	T-ASF	3588	ὁ	τήν	
Matt 24:38	κιβωτόν,	N-ASF	N-ASF	2787	κιβωτός	κιβωτόν	
Matt 24:39	καὶ	CONJ	CONJ	2532	καί	καί	
Matt 24:39	οὐκ	PRT-N	PRT-N	3756	οὐ	οὐκ	
Matt 24:39	ἔγνωσαν	V-2AAI-3P	V-2AAI-3P	1097&5627	γινώσκω	ἔγνωσαν	
Matt 24:39	ἕως	ADV	ADV	2193	ἕως	ἕως	
Matt 24:39	ἦλθεν	V-2AAI-3S	V-2AAI-3S	2064&5627	ἔρχομαι	ἦλθεν	
Matt 24:39	ὁ	T-NSM	T-NSM	3588	ὁ	ὁ	
Matt 24:39	κατακλυσμὸς	N-NSM	N-NSM	2627	κατακλυσμός	κατακλυσμός	
Matt 24:39	καὶ	CONJ	CONJ	2532	καί	καί	
Matt 24:39	ἦρεν	V-AAI-3S	V-AAI-3S	142&5656	αἴρω	ἦρεν	
Matt 24:39	ἅπαντας,	A-APM	A-APM	537	ἅπας	ἅπαντας	
Matt 24:39	οὕτως	ADV	ADV	3779	οὕτω	οὕτως	
Matt 24:39	ἔσται	V-FDI-3S	V-FDI-3S	1510&5695	εἰμί	ἔσται	
Matt 24:39	καὶ	CONJ	CONJ	2532	καί	καί	
Matt 24:39	ἡ	T-NSF	T-NSF	3588	ὁ	ἡ	
Matt 24:39	παρουσία	N-NSF	N-NSF	3952	παρουσία	παρουσία	
Matt 24:39	τοῦ	T-GSM	T-GSM	3588	ὁ	τοῦ	
Matt 24:39	Υἱοῦ	N-GSM	N-GSM	5207	υἱός	Υἱοῦ	
Matt 24:39	τοῦ	T-GSM	T-GSM	3588	ὁ	τοῦ	
Matt 24:39	ἀνθρώπου.	N-GSM	N-GSM	444	ἄνθρωπος	ἀνθρώπου	
Matt 24:40	τότε	ADV	ADV	5119	τότε	τότε	
Matt 24:40	ἔσονται	V-FDI-3P	V-FDI-3P	1510&5695	εἰμί	ἔσονται	
Matt 24:40	δύο	A-NUI	A-NUI	1417	δύο	δύο	
Matt 24:40	ἐν	PREP	PREP	1722	ἐν	ἐν	
Matt 24:40	τῷ	T-DSM	T-DSM	3588	ὁ	τῷ	
Matt 24:40	ἀγρῷ,	N-DSM	N-DSM	68	ἀγρός	ἀγρῷ	
Matt 24:40	εἷς	A-NSM	A-NSM	1520	εἷς	εἷς	
Matt 24:40	παραλαμβάνεται	V-PPI-3S	V-PEI-3S	3880&5743	παραλαμβάνω	παραλαμβάνεται	
Matt 24:40	καὶ	CONJ	CONJ	2532	καί	καί	
Matt 24:40	εἷς	A-NSM	A-NSM	1520	εἷς	εἷς	
Matt 24:40	ἀφίεται·	V-PPI-3S	V-PEI-3S	863&5743	ἀφίημι	ἀφίεται	
Matt 24:41	δύο	A-NUI	A-NUI	1417	δύο	δύο	
Matt 24:41	ἀλήθουσαι	V-PAP-NPF	V-PAP-NPF	229&5723	ἀλήθω	ἀλήθουσαι	
Matt 24:41	ἐν	PREP	PREP	1722	ἐν	ἐν	
Matt 24:41	τῷ	T-DSM	T-DSM	3588	ὁ	τῷ	
Matt 24:41	μύλῳ,	N-DSM	N-DSM	3458	μύλος	μύλῳ	
Matt 24:41	μία	A-NSF	A-NSF	1520	εἷς	μία	
Matt 24:41	παραλαμβάνεται	V-PPI-3S	V-PEI-3S	3880&5743	παραλαμβάνω	παραλαμβάνεται	
Matt 24:41	καὶ	CONJ	CONJ	2532	καί	καί	
Matt 24:41	μία	A-NSF	A-NSF	1520	εἷς	μία	
Matt 24:41	ἀφίεται.	V-PPI-3S	V-PEI-3S	863&5743	ἀφίημι	ἀφίεται	
Matt 24:42	γρηγορεῖτε	V-PAM-2P	V-PAM-2P	1127&5720	γρηγορέω	γρηγορεῖτε	
Matt 24:42	οὖν,	CONJ	CONJ	3767	οὖν	οὖν	
Matt 24:42	ὅτι	CONJ	CONJ	3754	ὅτι	ὅτι	
Matt 24:42	οὐκ	PRT-N	PRT-N	3756	οὐ	οὐκ	
Matt 24:42	οἴδατε	V-RAI-2P	V-RAI-2P	1492&5758	οἶδα	οἴδατε	
Matt 24:42	ποίᾳ	I-DSF	I-DSF	4169	ποῖος	ποίᾳ	
Matt 24:42	ἡμέρᾳ	N-DSF	N-DSF	2250	ἡμέρα	ἡμέρᾳ	
Matt 24:42	ὁ	T-NSM	T-NSM	3588	ὁ	ὁ	
Matt 24:42	κύριος	N-NSM	N-NSM	2962	κύριος	κύριος	
Matt 24:42	ὑμῶν	P-2GP	P-2GP	4771	σύ	ὑμῶν	
Matt 24:42	ἔρχεται.	V-PNI-3S	V-PNI-3S	2064&5736	ἔρχομαι	ἔρχεται	
Matt 24:43	ἐκεῖνο	D-ASN	D-ASN	1565	ἐκεῖνος	ἐκεῖνο	
Matt 24:43	δὲ	CONJ	CONJ	1161	δέ	δέ	
Matt 24:43	γινώσκετε	V-PAM-2P	V-PAM-2P	1097&5720	γινώσκω	γινώσκετε	
Matt 24:43	ὅτι	CONJ	CONJ	3754	ὅτι	ὅτι	
Matt 24:43	εἰ	COND	COND	1487	εἰ	εἰ	
Matt 24:43	ᾔδει	V-2LAI-3S	V-2LAI-3S	1492&5714	οἶδα	ᾔδει	
Matt 24:43	ὁ	T-NSM	T-NSM	3588	ὁ	ὁ	
Matt 24:43	οἰκοδεσπότης	N-NSM	N-NSM	3617	οἰκοδεσπότης	οἰκοδεσπότης	
Matt 24:43	ποίᾳ	I-DSF	I-DSF	4169	ποῖος	ποίᾳ	
Matt 24:43	φυλακῇ	N-DSF	N-DSF	5438	φυλακή	φυλακῇ	
Matt 24:43	ὁ	T-NSM	T-NSM	3588	ὁ	ὁ	
Matt 24:43	κλέπτης	N-NSM	N-NSM	2812	κλέπτης	κλέπτης	
Matt 24:43	ἔρχεται,	V-PNI-3S	V-PNI-3S	2064&5736	ἔρχομαι	ἔρχεται	
Matt 24:43	ἐγρηγόρησεν	V-AAI-3S	V-AAI-3S	1127&5656	γρηγορέω	ἐγρηγόρησεν	
Matt 24:43	ἂν	PRT	PRT	302	ἄν	ἄν	
Matt 24:43	καὶ	CONJ	CONJ	2532	καί	καί	
Matt 24:43	οὐκ	PRT-N	PRT-N	3756	οὐ	οὐκ	
Matt 24:43	ἂν	PRT	PRT	302	ἄν	ἄν	
Matt 24:43	εἴασεν	V-AAI-3S	V-AAI-3S	1439&5656	ἐάω	εἴασεν	
Matt 24:43	διορυχθῆναι	V-APN	V-APN	1358&5683	διορύσσω	διορυχθῆναι	
Matt 24:43	τὴν	T-ASF	T-ASF	3588	ὁ	τήν	
Matt 24:43	οἰκίαν	N-ASF	N-ASF	3614	οἰκία	οἰκίαν	
Matt 24:43	αὐτοῦ.	P-GSM	P-GSM	846	αὐτός	αὐτοῦ	
Matt 24:44	διὰ	PREP	PREP	1223	διά	διά	
Matt 24:44	τοῦτο	D-ASN	D-ASN	3778	οὗτος	τοῦτο	
Matt 24:44	καὶ	CONJ	CONJ	2532	καί	καί	
Matt 24:44	ὑμεῖς	P-2NP	P-2NP	4771	σύ	ὑμεῖς	
Matt 24:44	γίνεσθε	V-PNM-2P	V-PNM-2P	1096&5737	γίνομαι	γίνεσθε	
Matt 24:44	ἕτοιμοι,	A-NPM	A-NPM	2092	ἕτοιμος	ἕτοιμοι	
Matt 24:44	ὅτι	CONJ	CONJ	3754	ὅτι	ὅτι	
Matt 24:44	ᾗ	R-DSF	R-DSF	3739	ὅς	ᾗ	
Matt 24:44	οὐ	PRT-N	PRT-N	3756	οὐ	οὐ	
Matt 24:44	δοκεῖτε	V-PAI-2P	V-PAI-2P	1380&5719	δοκέω	δοκεῖτε	
Matt 24:44	ὥρᾳ	N-DSF	N-DSF	5610	ὥρα	ὥρᾳ	
Matt 24:44	ὁ	T-NSM	T-NSM	3588	ὁ	ὁ	
Matt 24:44	Υἱὸς	N-NSM	N-NSM	5207	υἱός	Υἱός	
Matt 24:44	τοῦ	T-GSM	T-GSM	3588	ὁ	τοῦ	
Matt 24:44	ἀνθρώπου	N-GSM	N-GSM	444	ἄνθρωπος	ἀνθρώπου	
Matt 24:44	ἔρχεται.	V-PNI-3S	V-PNI-3S	2064&5736	ἔρχομαι	ἔρχεται	
Matt 24:45	Τίς	I-NSM	I-NSM	5101	τίς	Τίς	
Matt 24:45	ἄρα	PRT-I	PRT-I	687	ἆρα	ἄρα	
Matt 24:45	ἐστὶν	V-PAI-3S	V-PAI-3S	1510&5719	εἰμί	ἐστίν	
Matt 24:45	ὁ	T-NSM	T-NSM	3588	ὁ	ὁ	
Matt 24:45	πιστὸς	A-NSM	A-NSM	4103	πιστός	πιστός	
Matt 24:45	δοῦλος	N-NSM	N-NSM	1401	δοῦλος (II)	δοῦλος	
Matt 24:45	καὶ	CONJ	CONJ	2532	καί	καί	
Matt 24:45	φρόνιμος	A-NSM	A-NSM	5429	φρόνιμος	φρόνιμος	
Matt 24:45	ὃν	R-ASM	R-ASM	3739	ὅς	ὅν	
Matt 24:45	κατέστησεν	V-AAI-3S	V-AAI-3S	2525&5656	καθίστημι	κατέστησεν	
Matt 24:45	ὁ	T-NSM	T-NSM	3588	ὁ	ὁ	
Matt 24:45	κύριος	N-NSM	N-NSM	2962	κύριος	κύριος	
Matt 24:45	ἐπὶ	PREP	PREP	1909	ἐπί	ἐπί	
Matt 24:45	τῆς	T-GSF	T-GSF	3588	ὁ	τῆς	
Matt 24:45	οἰκετείας	N-GSF	N-GSF	03610	οἰκετεία	οἰκετείας	
Matt 24:45	αὐτοῦ	P-GSM	P-GSM	846	αὐτός	αὐτοῦ	
Matt 24:45	τοῦ	T-GSN	T-GSN	3588	ὁ	τοῦ	
Matt 24:45	δοῦναι	V-2AAN	V-2AAN	1325&5629	δίδωμι	δοῦναι	
Matt 24:45	αὐτοῖς	P-DPM	P-DPM	846	αὐτός	αὐτοῖς	
Matt 24:45	τὴν	T-ASF	T-ASF	3588	ὁ	τήν	
Matt 24:45	τροφὴν	N-ASF	N-ASF	5160	τροφή	τροφήν	
Matt 24:45	ἐν	PREP	PREP	1722	ἐν	ἐν	
Matt 24:45	καιρῷ;	N-DSM	N-DSM	2540	καιρός	καιρῷ	
Matt 24:46	μακάριος	A-NSM	A-NSM	3107	μακάριος	μακάριος	
Matt 24:46	ὁ	T-NSM	T-NSM	3588	ὁ	ὁ	
Matt 24:46	δοῦλος	N-NSM	N-NSM	1401	δοῦλος (II)	δοῦλος	
Matt 24:46	ἐκεῖνος	D-NSM	D-NSM	1565	ἐκεῖνος	ἐκεῖνος	
Matt 24:46	ὃν	R-ASM	R-ASM	3739	ὅς	ὅν	
Matt 24:46	ἐλθὼν	V-2AAP-NSM	V-2AAP-NSM	2064&5631	ἔρχομαι	ἐλθών	
Matt 24:46	ὁ	T-NSM	T-NSM	3588	ὁ	ὁ	
Matt 24:46	κύριος	N-NSM	N-NSM	2962	κύριος	κύριος	
Matt 24:46	αὐτοῦ	P-GSM	P-GSM	846	αὐτός	αὐτοῦ	
Matt 24:46	εὑρήσει	V-FAI-3S	V-FAI-3S	2147&5692	εὑρίσκω	εὑρήσει	
Matt 24:46	οὕτως	ADV	ADV	3779	οὕτω	οὕτως	
Matt 24:46	ποιοῦντα·	V-PAP-ASM	V-PAP-ASM	4160&5723	ποιέω	ποιοῦντα	
Matt 24:47	ἀμὴν	HEB	HEB	281	ἀμήν	ἀμήν	
Matt 24:47	λέγω	V-PAI-1S	V-PAI-1S	3004&5719	λέγω	λέγω	
Matt 24:47	ὑμῖν	P-2DP	P-2DP	4771	σύ	ὑμῖν	
Matt 24:47	ὅτι	CONJ	CONJ	3754	ὅτι	ὅτι	
Matt 24:47	ἐπὶ	PREP	PREP	1909	ἐπί	ἐπί	
Matt 24:47	πᾶσιν	A-DPN	A-DPN	3956	πᾶς	πᾶσιν	
Matt 24:47	τοῖς	T-DPN	T-DPN	3588	ὁ	τοῖς	
Matt 24:47	ὑπάρχουσιν	V-PAP-DPN	V-PAP-DPN	5225&5723	ὑπάρχω	ὑπάρχουσιν	
Matt 24:47	αὐτοῦ	P-GSM	P-GSM	846	αὐτός	αὐτοῦ	
Matt 24:47	καταστήσει	V-FAI-3S	V-FAI-3S	2525&5692	καθίστημι	καταστήσει	
Matt 24:47	αὐτόν.	P-ASM	P-ASM	846	αὐτός	αὐτόν	
Matt 24:48	ἐὰν	COND	COND	1437	ἐάν	ἐάν	
Matt 24:48	δὲ	CONJ	CONJ	1161	δέ	δέ	
Matt 24:48	εἴπῃ	V-2AAS-3S	V-2AAS-3S	3004&5632	λέγω	εἴπῃ	
Matt 24:48	ὁ	T-NSM	T-NSM	3588	ὁ	ὁ	
Matt 24:48	κακὸς	A-NSM	A-NSM	2556	κακός	κακός	
Matt 24:48	δοῦλος	N-NSM	N-NSM	1401	δοῦλος (II)	δοῦλος	
Matt 24:48	ἐκεῖνος	D-NSM	D-NSM	1565	ἐκεῖνος	ἐκεῖνος	
Matt 24:48	ἐν	PREP	PREP	1722	ἐν	ἐν	
Matt 24:48	τῇ	T-DSF	T-DSF	3588	ὁ	τῇ	
Matt 24:48	καρδίᾳ	N-DSF	N-DSF	2588	καρδία	καρδίᾳ	
Matt 24:48	αὐτοῦ	P-GSM	P-GSM	846	αὐτός	αὐτοῦ	
Matt 24:48	Χρονίζει	V-PAI-3S	V-PAI-3S	5549&5719	χρονίζω	Χρονίζει	
Matt 24:48	μου	P-1GS	P-1GS	1473	ἐγώ	μου	
Matt 24:48	ὁ	T-NSM	T-NSM	3588	ὁ	ὁ	
Matt 24:48	κύριος,	N-NSM	N-NSM	2962	κύριος	κύριος	
Matt 24:49	καὶ	CONJ	CONJ	2532	καί	καί	
Matt 24:49	ἄρξηται	V-AMS-3S	V-AMS-3S	756&5672	ἄρχω	ἄρξηται	
Matt 24:49	τύπτειν	V-PAN	V-PAN	5180&5721	τύπτω	τύπτειν	
Matt 24:49	τοὺς	T-APM	T-APM	3588	ὁ	τούς	
Matt 24:49	συνδούλους	N-APM	N-APM	4889	σύνδουλος	συνδούλους	
Matt 24:49	αὐτοῦ,	P-GSM	P-GSM	846	αὐτός	αὐτοῦ	
Matt 24:49	ἐσθίῃ	V-PAS-3S	V-PAS-3S	2068&5725	ἐσθίω	ἐσθίῃ	
Matt 24:49	δὲ	CONJ	CONJ	1161	δέ	δέ	
Matt 24:49	καὶ	CONJ	CONJ	2532	καί	καί	
Matt 24:49	πίνῃ	V-PAS-3S	V-PAS-3S	4095&5725	πίνω	πίνῃ	
Matt 24:49	μετὰ	PREP	PREP	3326	μετά	μετά	
Matt 24:49	τῶν	T-GPM	T-GPM	3588	ὁ	τῶν	
Matt 24:49	μεθυόντων,	V-PAP-GPM	V-PAP-GPM	3184&5723	μεθύω	μεθυόντων	
Matt 24:50	ἥξει	V-FAI-3S	V-FAI-3S	2240&5692	ἥκω	ἥξει	
Matt 24:50	ὁ	T-NSM	T-NSM	3588	ὁ	ὁ	
Matt 24:50	κύριος	N-NSM	N-NSM	2962	κύριος	κύριος	
Matt 24:50	τοῦ	T-GSM	T-GSM	3588	ὁ	τοῦ	
Matt 24:50	δούλου	N-GSM	N-GSM	1401	δοῦλος (II)	δούλου	
Matt 24:50	ἐκείνου	D-GSM	D-GSM	1565	ἐκεῖνος	ἐκείνου	
Matt 24:50	ἐν	PREP	PREP	1722	ἐν	ἐν	
Matt 24:50	ἡμέρᾳ	N-DSF	N-DSF	2250	ἡμέρα	ἡμέρᾳ	
Matt 24:50	ᾗ	R-DSF	R-DSF	3739	ὅς	ᾗ	
Matt 24:50	οὐ	PRT-N	PRT-N	3756	οὐ	οὐ	
Matt 24:50	προσδοκᾷ	V-PAI-3S	V-PAI-3S	4328&5719	προσδοκάω	προσδοκᾷ	
Matt 24:50	καὶ	CONJ	CONJ	2532	καί	καί	
Matt 24:50	ἐν	PREP	PREP	1722	ἐν	ἐν	
Matt 24:50	ὥρᾳ	N-DSF	N-DSF	5610	ὥρα	ὥρᾳ	
Matt 24:50	ᾗ	R-DSF	R-DSF	3739	ὅς	ᾗ	
Matt 24:50	οὐ	PRT-N	PRT-N	3756	οὐ	οὐ	
Matt 24:50	γινώσκει,	V-PAI-3S	V-PAI-3S	1097&5719	γινώσκω	γινώσκει	
Matt 24:51	καὶ	CONJ	CONJ	2532	καί	καί	
Matt 24:51	διχοτομήσει	V-FAI-3S	V-FAI-3S	1371&5692	διχοτομέω	διχοτομήσει	
Matt 24:51	αὐτὸν	P-ASM	P-ASM	846	αὐτός	αὐτόν	
Matt 24:51	καὶ	CONJ	CONJ	2532	καί	καί	
Matt 24:51	τὸ	T-ASN	T-ASN	3588	ὁ	τό	
Matt 24:51	μέρος	N-ASN	N-ASN	3313	μέρος	μέρος	
Matt 24:51	αὐτοῦ	P-GSM	P-GSM	846	αὐτός	αὐτοῦ	
Matt 24:51	μετὰ	PREP	PREP	3326	μετά	μετά	
Matt 24:51	τῶν	T-GPM	T-GPM	3588	ὁ	τῶν	
Matt 24:51	ὑποκριτῶν	N-GPM	N-GPM	5273	ὑποκριτής	ὑποκριτῶν	
Matt 24:51	θήσει·	V-FAI-3S	V-FAI-3S	5087&5692	τίθημι	θήσει	
Matt 24:51	ἐκεῖ	ADV	ADV	1563	ἐκεῖ	ἐκεῖ	
Matt 24:51	ἔσται	V-FDI-3S	V-FDI-3S	1510&5695	εἰμί	ἔσται	
Matt 24:51	ὁ	T-NSM	T-NSM	3588	ὁ	ὁ	
Matt 24:51	κλαυθμὸς	N-NSM	N-NSM	2805	κλαυθμός	κλαυθμός	
Matt 24:51	καὶ	CONJ	CONJ	2532	καί	καί	
Matt 24:51	ὁ	T-NSM	T-NSM	3588	ὁ	ὁ	
Matt 24:51	βρυγμὸς	N-NSM	N-NSM	1030	βρυγμός	βρυγμός	
Matt 24:51	τῶν	T-GPM	T-GPM	3588	ὁ	τῶν	
Matt 24:51	ὀδόντων.	N-GPM	N-GPM	3599	ὀδούς	ὀδόντων	
Matt 25:1	Τότε	ADV	ADV	5119	τότε	Τότε	
Matt 25:1	ὁμοιωθήσεται	V-FPI-3S	V-FPI-3S	3666&5701	ὁμοιόω	ὁμοιωθήσεται	
Matt 25:1	ἡ	T-NSF	T-NSF	3588	ὁ	ἡ	
Matt 25:1	βασιλεία	N-NSF	N-NSF	932	βασιλεία	βασιλεία	
Matt 25:1	τῶν	T-GPM	T-GPM	3588	ὁ	τῶν	
Matt 25:1	οὐρανῶν	N-GPM	N-GPM	3772	οὐρανός	οὐρανῶν	
Matt 25:1	δέκα	A-NUI	A-NUI	1176	δέκα	δέκα	
Matt 25:1	παρθένοις,	N-DPF	N-DPF	3933	παρθένος	παρθένοις	
Matt 25:1	αἵτινες	R-NPF	R-NPF	3748	ὅστις	αἵτινες	
Matt 25:1	λαβοῦσαι	V-2AAP-NPF	V-2AAP-NPF	2983&5631	λαμβάνω	λαβοῦσαι	
Matt 25:1	τὰς	T-APF	T-APF	3588	ὁ	τάς	
Matt 25:1	λαμπάδας	N-APF	N-APF	2985	λαμπάς	λαμπάδας	
Matt 25:1	ἑαυτῶν	F-3GPF	F-3GPF	1438	ἑαυτοῦ	ἑαυτῶν	
Matt 25:1	ἐξῆλθον	V-2AAI-3P	V-2AAI-3P	1831&5627	ἐξέρχομαι	ἐξῆλθον	
Matt 25:1	εἰς	PREP	PREP	1519	εἰς	εἰς	
Matt 25:1	ὑπάντησιν	N-ASF	N-ASF	5222	ὑπάντησις	ὑπάντησιν	
Matt 25:1	τοῦ	T-GSM	T-GSM	3588	ὁ	τοῦ	
Matt 25:1	νυμφίου.	N-GSM	N-GSM	3566	νυμφίος	νυμφίου	
Matt 25:2	πέντε	A-NUI	A-NUI	4002	πέντε	πέντε	
Matt 25:2	δὲ	CONJ	CONJ	1161	δέ	δέ	
Matt 25:2	ἐξ	PREP	PREP	1537	ἐκ	ἐξ	
Matt 25:2	αὐτῶν	P-GPF	P-GPF	846	αὐτός	αὐτῶν	
Matt 25:2	ἦσαν	V-IAI-3P	V-IAI-3P	1510&5707	εἰμί	ἦσαν	
Matt 25:2	μωραὶ	A-NPF	A-NPF	3474	μωρός	μωραί	
Matt 25:2	καὶ	CONJ	CONJ	2532	καί	καί	
Matt 25:2	πέντε	A-NUI	A-NUI	4002	πέντε	πέντε	
Matt 25:2	φρόνιμοι.	A-NPF	A-NPF	5429	φρόνιμος	φρόνιμοι	
Matt 25:3	αἱ	T-NPF	T-NPF	3588	ὁ	αἱ	
Matt 25:3	γὰρ	CONJ	CONJ	1063	γάρ	γάρ	
Matt 25:3	μωραὶ	A-NPF	A-NPF	3474	μωρός	μωραί	
Matt 25:3	λαβοῦσαι	V-2AAP-NPF	V-2AAP-NPF	2983&5631	λαμβάνω	λαβοῦσαι	
Matt 25:3	τὰς	T-APF	T-APF	3588	ὁ	τάς	
Matt 25:3	λαμπάδας	N-APF	N-APF	2985	λαμπάς	λαμπάδας	
Matt 25:3	οὐκ	PRT-N	PRT-N	3756	οὐ	οὐκ	
Matt 25:3	ἔλαβον	V-2AAI-3P	V-2AAI-3P	2983&5627	λαμβάνω	ἔλαβον	
Matt 25:3	μεθ’	PREP	PREP	3326	μετά	μεθ’	
Matt 25:3	ἑαυτῶν	F-3GPF	F-3GPF	1438	ἑαυτοῦ	ἑαυτῶν	
Matt 25:3	ἔλαιον·	N-ASN	N-ASN	1637	ἔλαιον	ἔλαιον	
Matt 25:4	αἱ	T-NPF	T-NPF	3588	ὁ	αἱ	
Matt 25:4	δὲ	CONJ	CONJ	1161	δέ	δέ	
Matt 25:4	φρόνιμοι	A-NPF	A-NPF	5429	φρόνιμος	φρόνιμοι	
Matt 25:4	ἔλαβον	V-2AAI-3P	V-2AAI-3P	2983&5627	λαμβάνω	ἔλαβον	
Matt 25:4	ἔλαιον	N-ASN	N-ASN	1637	ἔλαιον	ἔλαιον	
Matt 25:4	ἐν	PREP	PREP	1722	ἐν	ἐν	
Matt 25:4	τοῖς	T-DPN	T-DPN	3588	ὁ	τοῖς	
Matt 25:4	ἀγγείοις	N-DPN	N-DPN	30	ἀγγεῖον	ἀγγείοις	
Matt 25:4	μετὰ	PREP	PREP	3326	μετά	μετά	
Matt 25:4	τῶν	T-GPF	T-GPF	3588	ὁ	τῶν	
Matt 25:4	λαμπάδων	N-GPF	N-GPF	2985	λαμπάς	λαμπάδων	
Matt 25:4	ἑαυτῶν.	F-3GPF	F-3GPF	1438	ἑαυτοῦ	ἑαυτῶν	
Matt 25:5	χρονίζοντος	V-PAP-GSM	V-PAP-GSM	5549&5723	χρονίζω	χρονίζοντος	
Matt 25:5	δὲ	CONJ	CONJ	1161	δέ	δέ	
Matt 25:5	τοῦ	T-GSM	T-GSM	3588	ὁ	τοῦ	
Matt 25:5	νυμφίου	N-GSM	N-GSM	3566	νυμφίος	νυμφίου	
Matt 25:5	ἐνύσταξαν	V-AAI-3P	V-AAI-3P	3573&5656	νυστάζω	ἐνύσταξαν	
Matt 25:5	πᾶσαι	A-NPF	A-NPF	3956	πᾶς	πᾶσαι	
Matt 25:5	καὶ	CONJ	CONJ	2532	καί	καί	
Matt 25:5	ἐκάθευδον.	V-IAI-3P	V-IAI-3P	2518&5707	καθεύδω	ἐκάθευδον	
Matt 25:6	μέσης	A-GSF	A-GSF	3319	μέσος	μέσης	
Matt 25:6	δὲ	CONJ	CONJ	1161	δέ	δέ	
Matt 25:6	νυκτὸς	N-GSF	N-GSF	3571	νύξ	νυκτός	
Matt 25:6	κραυγὴ	N-NSF	N-NSF	2906	κραυγή	κραυγή	
Matt 25:6	γέγονεν	V-2RAI-3S	V-2RAI-3S	1096&5754	γίνομαι	γέγονεν	
Matt 25:6	Ἰδοὺ	V-2AMM-2S	V-2AMM-2S	3708&5640	ὁράω	Ἰδού	
Matt 25:6	ὁ	T-NSM	T-NSM	3588	ὁ	ὁ	
Matt 25:6	νυμφίος,	N-NSM	N-NSM	3566	νυμφίος	νυμφίος	
Matt 25:6	ἐξέρχεσθε	V-PNM-2P	V-PNM-2P	1831&5737	ἐξέρχομαι	ἐξέρχεσθε	
Matt 25:6	εἰς	PREP	PREP	1519	εἰς	εἰς	
Matt 25:6	ἀπάντησιν.	N-ASF	N-ASF	529	ἀπάντησις	ἀπάντησιν	
Matt 25:7	τότε	ADV	ADV	5119	τότε	τότε	
Matt 25:7	ἠγέρθησαν	V-API-3P	V-API-3P	1453&5681	ἐγείρω	ἠγέρθησαν	
Matt 25:7	πᾶσαι	A-NPF	A-NPF	3956	πᾶς	πᾶσαι	
Matt 25:7	αἱ	T-NPF	T-NPF	3588	ὁ	αἱ	
Matt 25:7	παρθένοι	N-NPF	N-NPF	3933	παρθένος	παρθένοι	
Matt 25:7	ἐκεῖναι	D-NPF	D-NPF	1565	ἐκεῖνος	ἐκεῖναι	
Matt 25:7	καὶ	CONJ	CONJ	2532	καί	καί	
Matt 25:7	ἐκόσμησαν	V-AAI-3P	V-AAI-3P	2885&5656	κοσμέω	ἐκόσμησαν	
Matt 25:7	τὰς	T-APF	T-APF	3588	ὁ	τάς	
Matt 25:7	λαμπάδας	N-APF	N-APF	2985	λαμπάς	λαμπάδας	
Matt 25:7	ἑαυτῶν.	F-3GPF	F-3GPF	1438	ἑαυτοῦ	ἑαυτῶν	
Matt 25:8	αἱ	T-NPF	T-NPF	3588	ὁ	αἱ	
Matt 25:8	δὲ	CONJ	CONJ	1161	δέ	δέ	
Matt 25:8	μωραὶ	A-NPF	A-NPF	3474	μωρός	μωραί	
Matt 25:8	ταῖς	T-DPF	T-DPF	3588	ὁ	ταῖς	
Matt 25:8	φρονίμοις	A-DPF	A-DPF	5429	φρόνιμος	φρονίμοις	
Matt 25:8	εἶπαν	V-2AAI-3P	V-2AAI-3P	3004&5627	λέγω	εἶπαν	
Matt 25:8	Δότε	V-2AAM-2P	V-2AAM-2P	1325&5628	δίδωμι	Δότε	
Matt 25:8	ἡμῖν	P-1DP	P-1DP	1473	ἐγώ	ἡμῖν	
Matt 25:8	ἐκ	PREP	PREP	1537	ἐκ	ἐκ	
Matt 25:8	τοῦ	T-GSN	T-GSN	3588	ὁ	τοῦ	
Matt 25:8	ἐλαίου	N-GSN	N-GSN	1637	ἔλαιον	ἐλαίου	
Matt 25:8	ὑμῶν,	P-2GP	P-2GP	4771	σύ	ὑμῶν	
Matt 25:8	ὅτι	CONJ	CONJ	3754	ὅτι	ὅτι	
Matt 25:8	αἱ	T-NPF	T-NPF	3588	ὁ	αἱ	
Matt 25:8	λαμπάδες	N-NPF	N-NPF	2985	λαμπάς	λαμπάδες	
Matt 25:8	ἡμῶν	P-1GP	P-1GP	1473	ἐγώ	ἡμῶν	
Matt 25:8	σβέννυνται.	V-PPI-3P	V-PEI-3P	4570&5743	σβέννυμι	σβέννυνται	
Matt 25:9	ἀπεκρίθησαν	V-ADI-3P	V-ADI-3P	611&5662	ἀποκρίνομαι	ἀπεκρίθησαν	
Matt 25:9	δὲ	CONJ	CONJ	1161	δέ	δέ	
Matt 25:9	αἱ	T-NPF	T-NPF	3588	ὁ	αἱ	
Matt 25:9	φρόνιμοι	A-NPF	A-NPF	5429	φρόνιμος	φρόνιμοι	
Matt 25:9	λέγουσαι	V-PAP-NPF	V-PAP-NPF	3004&5723	λέγω	λέγουσαι	
Matt 25:9	Μή	PRT-N	PRT-N	3361	μή	Μή	
Matt 25:9	ποτε	ADV	ADV	4218	ποτέ	ποτε	
Matt 25:9	οὐ	PRT-N	PRT-N	3756	οὐ	οὐ	
Matt 25:9	μὴ	PRT-N	PRT-N	3361	μή	μή	
Matt 25:9	ἀρκέσῃ	V-AAS-3S	V-AAS-3S	714&5661	ἀρκέω	ἀρκέσῃ	
Matt 25:9	ἡμῖν	P-1DP	P-1DP	1473	ἐγώ	ἡμῖν	
Matt 25:9	καὶ	CONJ	CONJ	2532	καί	καί	
Matt 25:9	ὑμῖν·	P-2DP	P-2DP	4771	σύ	ὑμῖν	
Matt 25:9	πορεύεσθε	V-PNM-2P	V-PNM-2P	4198&5737	πορεύομαι	πορεύεσθε	
Matt 25:9	μᾶλλον	ADV	ADV	3123	μᾶλλον	μᾶλλον	
Matt 25:9	πρὸς	PREP	PREP	4314	πρός	πρός	
Matt 25:9	τοὺς	T-APM	T-APM	3588	ὁ	τούς	
Matt 25:9	πωλοῦντας	V-PAP-APM	V-PAP-APM	4453&5723	πωλέω	πωλοῦντας	
Matt 25:9	καὶ	CONJ	CONJ	2532	καί	καί	
Matt 25:9	ἀγοράσατε	V-AAM-2P	V-AAM-2P	59&5657	ἀγοράζω	ἀγοράσατε	
Matt 25:9	ἑαυταῖς.	F-2DPF	F-2DPF	1438	ἑαυτοῦ	ἑαυταῖς	
Matt 25:10	ἀπερχομένων	V-PNP-GPF	V-PNP-GPF	565&5740	ἀπέρχομαι	ἀπερχομένων	
Matt 25:10	δὲ	CONJ	CONJ	1161	δέ	δέ	
Matt 25:10	αὐτῶν	P-GPF	P-GPF	846	αὐτός	αὐτῶν	
Matt 25:10	ἀγοράσαι	V-AAN	V-AAN	59&5658	ἀγοράζω	ἀγοράσαι	
Matt 25:10	ἦλθεν	V-2AAI-3S	V-2AAI-3S	2064&5627	ἔρχομαι	ἦλθεν	
Matt 25:10	ὁ	T-NSM	T-NSM	3588	ὁ	ὁ	
Matt 25:10	νυμφίος,	N-NSM	N-NSM	3566	νυμφίος	νυμφίος	
Matt 25:10	καὶ	CONJ	CONJ	2532	καί	καί	
Matt 25:10	αἱ	T-NPF	T-NPF	3588	ὁ	αἱ	
Matt 25:10	ἕτοιμοι	A-NPF	A-NPF	2092	ἕτοιμος	ἕτοιμοι	
Matt 25:10	εἰσῆλθον	V-2AAI-3P	V-2AAI-3P	1525&5627	εἰσέρχομαι	εἰσῆλθον	
Matt 25:10	μετ’	PREP	PREP	3326	μετά	μετ’	
Matt 25:10	αὐτοῦ	P-GSM	P-GSM	846	αὐτός	αὐτοῦ	
Matt 25:10	εἰς	PREP	PREP	1519	εἰς	εἰς	
Matt 25:10	τοὺς	T-APM	T-APM	3588	ὁ	τούς	
Matt 25:10	γάμους,	N-APM	N-APM	1062	γάμος	γάμους	
Matt 25:10	καὶ	CONJ	CONJ	2532	καί	καί	
Matt 25:10	ἐκλείσθη	V-API-3S	V-API-3S	2808&5681	κλείω	ἐκλείσθη	
Matt 25:10	ἡ	T-NSF	T-NSF	3588	ὁ	ἡ	
Matt 25:10	θύρα.	N-NSF	N-NSF	2374	θύρα	θύρα	
Matt 25:11	ὕστερον	ADV	ADV	5305	ὕστερος	ὕστερον	
Matt 25:11	δὲ	CONJ	CONJ	1161	δέ	δέ	
Matt 25:11	ἔρχονται	V-PNI-3P	V-PNI-3P	2064&5736	ἔρχομαι	ἔρχονται	
Matt 25:11	καὶ	CONJ	CONJ	2532	καί	καί	
Matt 25:11	αἱ	T-NPF	T-NPF	3588	ὁ	αἱ	
Matt 25:11	λοιπαὶ	A-NPF	A-NPF	3062	λοιπός	λοιπαί	
Matt 25:11	παρθένοι	N-NPF	N-NPF	3933	παρθένος	παρθένοι	
Matt 25:11	λέγουσαι	V-PAP-NPF	V-PAP-NPF	3004&5723	λέγω	λέγουσαι	
Matt 25:11	Κύριε	N-VSM	N-VSM	2962	κύριος	Κύριε	
Matt 25:11	κύριε,	N-VSM	N-VSM	2962	κύριος	κύριε	
Matt 25:11	ἄνοιξον	V-AAM-2S	V-AAM-2S	455&5657	ἀνοίγω	ἄνοιξον	
Matt 25:11	ἡμῖν.	P-1DP	P-1DP	1473	ἐγώ	ἡμῖν	
Matt 25:12	ὁ	T-NSM	T-NSM	3588	ὁ	ὁ	
Matt 25:12	δὲ	CONJ	CONJ	1161	δέ	δέ	
Matt 25:12	ἀποκριθεὶς	V-AOP-NSM	V-AOP-NSM	611&5679	ἀποκρίνομαι	ἀποκριθείς	
Matt 25:12	εἶπεν	V-2AAI-3S	V-2AAI-3S	3004&5627	λέγω	εἶπεν	
Matt 25:12	Ἀμὴν	HEB	HEB	281	ἀμήν	Ἀμήν	
Matt 25:12	λέγω	V-PAI-1S	V-PAI-1S	3004&5719	λέγω	λέγω	
Matt 25:12	ὑμῖν,	P-2DP	P-2DP	4771	σύ	ὑμῖν	
Matt 25:12	οὐκ	PRT-N	PRT-N	3756	οὐ	οὐκ	
Matt 25:12	οἶδα	V-RAI-1S	V-RAI-1S	1492&5758	οἶδα	οἶδα	
Matt 25:12	ὑμᾶς.	P-2AP	P-2AP	4771	σύ	ὑμᾶς	
Matt 25:13	Γρηγορεῖτε	V-PAM-2P	V-PAM-2P	1127&5720	γρηγορέω	Γρηγορεῖτε	
Matt 25:13	οὖν,	CONJ	CONJ	3767	οὖν	οὖν	
Matt 25:13	ὅτι	CONJ	CONJ	3754	ὅτι	ὅτι	
Matt 25:13	οὐκ	PRT-N	PRT-N	3756	οὐ	οὐκ	
Matt 25:13	οἴδατε	V-RAI-2P	V-RAI-2P	1492&5758	οἶδα	οἴδατε	
Matt 25:13	τὴν	T-ASF	T-ASF	3588	ὁ	τήν	
Matt 25:13	ἡμέραν	N-ASF	N-ASF	2250	ἡμέρα	ἡμέραν	
Matt 25:13	οὐδὲ	CONJ-N	CONJ-N	3761	οὐδέ	οὐδέ	
Matt 25:13	τὴν	T-ASF	T-ASF	3588	ὁ	τήν	
Matt 25:13	ὥραν.	N-ASF	N-ASF	5610	ὥρα	ὥραν	
Matt 25:14	Ὥσπερ	ADV	ADV	5618	ὥσπερ	Ὥσπερ	
Matt 25:14	γὰρ	CONJ	CONJ	1063	γάρ	γάρ	
Matt 25:14	ἄνθρωπος	N-NSM	N-NSM	444	ἄνθρωπος	ἄνθρωπος	
Matt 25:14	ἀποδημῶν	V-PAP-NSM	V-PAP-NSM	589&5723	ἀποδημέω	ἀποδημῶν	
Matt 25:14	ἐκάλεσεν	V-AAI-3S	V-AAI-3S	2564&5656	καλέω	ἐκάλεσεν	
Matt 25:14	τοὺς	T-APM	T-APM	3588	ὁ	τούς	
Matt 25:14	ἰδίους	A-APM	A-APM	2398	ἴδιος	ἰδίους	
Matt 25:14	δούλους	N-APM	N-APM	1401	δοῦλος (II)	δούλους	
Matt 25:14	καὶ	CONJ	CONJ	2532	καί	καί	
Matt 25:14	παρέδωκεν	V-AAI-3S	V-AAI-3S	3860&5656	παραδίδωμι	παρέδωκεν	
Matt 25:14	αὐτοῖς	P-DPM	P-DPM	846	αὐτός	αὐτοῖς	
Matt 25:14	τὰ	T-APN	T-APN	3588	ὁ	τά	
Matt 25:14	ὑπάρχοντα	V-PAP-APN	V-PAP-APN	5225&5723	ὑπάρχω	ὑπάρχοντα	
Matt 25:14	αὐτοῦ,	P-GSM	P-GSM	846	αὐτός	αὐτοῦ	
Matt 25:15	καὶ	CONJ	CONJ	2532	καί	καί	
Matt 25:15	ᾧ	R-DSM	R-DSM	3739	ὅς	ᾧ	
Matt 25:15	μὲν	PRT	PRT	3303	μέν	μέν	
Matt 25:15	ἔδωκεν	V-AAI-3S	V-AAI-3S	1325&5656	δίδωμι	ἔδωκεν	
Matt 25:15	πέντε	A-NUI	A-NUI	4002	πέντε	πέντε	
Matt 25:15	τάλαντα,	N-APN	N-APN	5007	τάλαντον	τάλαντα	
Matt 25:15	ᾧ	R-DSM	R-DSM	3739	ὅς	ᾧ	
Matt 25:15	δὲ	CONJ	CONJ	1161	δέ	δέ	
Matt 25:15	δύο,	A-NUI	A-NUI	1417	δύο	δύο	
Matt 25:15	ᾧ	R-DSM	R-DSM	3739	ὅς	ᾧ	
Matt 25:15	δὲ	CONJ	CONJ	1161	δέ	δέ	
Matt 25:15	ἕν,	A-ASN	A-ASN	1520	εἷς	ἕν	
Matt 25:15	ἑκάστῳ	A-DSM	A-DSM	1538	ἕκαστος	ἑκάστῳ	
Matt 25:15	κατὰ	PREP	PREP	2596	κατά	κατά	
Matt 25:15	τὴν	T-ASF	T-ASF	3588	ὁ	τήν	
Matt 25:15	ἰδίαν	A-ASF	A-ASF	2398	ἴδιος	ἰδίαν	
Matt 25:15	δύναμιν,	N-ASF	N-ASF	1411	δύναμις	δύναμιν	
Matt 25:15	καὶ	CONJ	CONJ	2532	καί	καί	
Matt 25:15	ἀπεδήμησεν.	V-AAI-3S	V-AAI-3S	589&5656	ἀποδημέω	ἀπεδήμησεν	
Matt 25:15	Εὐθέως	ADV	ADV	2112	εὐθέως	Εὐθέως	
Matt 25:16	πορευθεὶς	V-AOP-NSM	V-AOP-NSM	4198&5679	πορεύομαι	πορευθείς	
Matt 25:16	ὁ	T-NSM	T-NSM	3588	ὁ	ὁ	
Matt 25:16	τὰ	T-APN	T-APN	3588	ὁ	τά	
Matt 25:16	πέντε	A-NUI	A-NUI	4002	πέντε	πέντε	
Matt 25:16	τάλαντα	N-APN	N-APN	5007	τάλαντον	τάλαντα	
Matt 25:16	λαβὼν	V-2AAP-NSM	V-2AAP-NSM	2983&5631	λαμβάνω	λαβών	
Matt 25:16	ἠργάσατο	V-ADI-3S	V-ADI-3S	2038&5662	ἐργάζομαι	ἠργάσατο	
Matt 25:16	ἐν	PREP	PREP	1722	ἐν	ἐν	
Matt 25:16	αὐτοῖς	P-DPN	P-DPN	846	αὐτός	αὐτοῖς	
Matt 25:16	καὶ	CONJ	CONJ	2532	καί	καί	
Matt 25:16	ἐκέρδησεν	V-AAI-3S	V-AAI-3S	2770&5656	κερδαίνω	ἐκέρδησεν	
Matt 25:16	ἄλλα	A-APN	A-APN	243	ἄλλος	ἄλλα	
Matt 25:16	πέντε·	A-NUI	A-NUI	4002	πέντε	πέντε	
Matt 25:17	ὡσαύτως	ADV	ADV	5615	ὡσαύτως	ὡσαύτως	
Matt 25:17	ὁ	T-NSM	T-NSM	3588	ὁ	ὁ	
Matt 25:17	τὰ	T-APN	T-APN	3588	ὁ	τά	
Matt 25:17	δύο	A-NUI	A-NUI	1417	δύο	δύο	
Matt 25:17	ἐκέρδησεν	V-AAI-3S	V-AAI-3S	2770&5656	κερδαίνω	ἐκέρδησεν	
Matt 25:17	ἄλλα	A-APN	A-APN	243	ἄλλος	ἄλλα	
Matt 25:17	δύο.	A-NUI	A-NUI	1417	δύο	δύο	
Matt 25:18	ὁ	T-NSM	T-NSM	3588	ὁ	ὁ	
Matt 25:18	δὲ	CONJ	CONJ	1161	δέ	δέ	
Matt 25:18	τὸ	T-ASN	T-ASN	3588	ὁ	τό	
Matt 25:18	ἓν	A-ASN	A-ASN	1520	εἷς	ἕν	
Matt 25:18	λαβὼν	V-2AAP-NSM	V-2AAP-NSM	2983&5631	λαμβάνω	λαβών	
Matt 25:18	ἀπελθὼν	V-2AAP-NSM	V-2AAP-NSM	565&5631	ἀπέρχομαι	ἀπελθών	
Matt 25:18	ὤρυξεν	V-AAI-3S	V-AAI-3S	3736&5656	ὀρύσσω	ὤρυξεν	
Matt 25:18	γῆν	N-ASF	N-ASF	1093	γῆ	γῆν	
Matt 25:18	καὶ	CONJ	CONJ	2532	καί	καί	
Matt 25:18	ἔκρυψεν	V-AAI-3S	V-AAI-3S	2928&5656	κρύπτω	ἔκρυψεν	
Matt 25:18	τὸ	T-ASN	T-ASN	3588	ὁ	τό	
Matt 25:18	ἀργύριον	N-ASN	N-ASN	694	ἀργύριον	ἀργύριον	
Matt 25:18	τοῦ	T-GSM	T-GSM	3588	ὁ	τοῦ	
Matt 25:18	κυρίου	N-GSM	N-GSM	2962	κύριος	κυρίου	
Matt 25:18	αὐτοῦ.	P-GSM	P-GSM	846	αὐτός	αὐτοῦ	
Matt 25:19	μετὰ	PREP	PREP	3326	μετά	μετά	
Matt 25:19	δὲ	CONJ	CONJ	1161	δέ	δέ	
Matt 25:19	πολὺν	A-ASM	A-ASM	4183	πολύς	πολύν	
Matt 25:19	χρόνον	N-ASM	N-ASM	5550	χρόνος	χρόνον	
Matt 25:19	ἔρχεται	V-PNI-3S	V-PNI-3S	2064&5736	ἔρχομαι	ἔρχεται	
Matt 25:19	ὁ	T-NSM	T-NSM	3588	ὁ	ὁ	
Matt 25:19	κύριος	N-NSM	N-NSM	2962	κύριος	κύριος	
Matt 25:19	τῶν	T-GPM	T-GPM	3588	ὁ	τῶν	
Matt 25:19	δούλων	N-GPM	N-GPM	1401	δοῦλος (II)	δούλων	
Matt 25:19	ἐκείνων	D-GPM	D-GPM	1565	ἐκεῖνος	ἐκείνων	
Matt 25:19	καὶ	CONJ	CONJ	2532	καί	καί	
Matt 25:19	συναίρει	V-PAI-3S	V-PAI-3S	4868&5719	συναίρω	συναίρει	
Matt 25:19	λόγον	N-ASM	N-ASM	3056	λόγος	λόγον	
Matt 25:19	μετ’	PREP	PREP	3326	μετά	μετ’	
Matt 25:19	αὐτῶν.	P-GPM	P-GPM	846	αὐτός	αὐτῶν	
Matt 25:20	καὶ	CONJ	CONJ	2532	καί	καί	
Matt 25:20	προσελθὼν	V-2AAP-NSM	V-2AAP-NSM	4334&5631	προσέρχομαι	προσελθών	
Matt 25:20	ὁ	T-NSM	T-NSM	3588	ὁ	ὁ	
Matt 25:20	τὰ	T-APN	T-APN	3588	ὁ	τά	
Matt 25:20	πέντε	A-NUI	A-NUI	4002	πέντε	πέντε	
Matt 25:20	τάλαντα	N-APN	N-APN	5007	τάλαντον	τάλαντα	
Matt 25:20	λαβὼν	V-2AAP-NSM	V-2AAP-NSM	2983&5631	λαμβάνω	λαβών	
Matt 25:20	προσήνεγκεν	V-AAI-3S	V-AAI-3S	4374&5656	προσφέρω	προσήνεγκεν	
Matt 25:20	ἄλλα	A-APN	A-APN	243	ἄλλος	ἄλλα	
Matt 25:20	πέντε	A-NUI	A-NUI	4002	πέντε	πέντε	
Matt 25:20	τάλαντα	N-APN	N-APN	5007	τάλαντον	τάλαντα	
Matt 25:20	λέγων	V-PAP-NSM	V-PAP-NSM	3004&5723	λέγω	λέγων	
Matt 25:20	Κύριε,	N-VSM	N-VSM	2962	κύριος	Κύριε	
Matt 25:20	πέντε	A-NUI	A-NUI	4002	πέντε	πέντε	
Matt 25:20	τάλαντά	N-APN	N-APN	5007	τάλαντον	τάλαντα	
Matt 25:20	μοι	P-1DS	P-1DS	1473	ἐγώ	μοι	
Matt 25:20	παρέδωκας·	V-AAI-2S	V-AAI-2S	3860&5656	παραδίδωμι	παρέδωκας	
Matt 25:20	ἴδε	V-2AAM-2S	V-2AAM-2S	3708&5628	ὁράω	ἴδε	
Matt 25:20	ἄλλα	A-APN	A-APN	243	ἄλλος	ἄλλα	
Matt 25:20	πέντε	A-NUI	A-NUI	4002	πέντε	πέντε	
Matt 25:20	τάλαντα	N-APN	N-APN	5007	τάλαντον	τάλαντα	
Matt 25:20	ἐκέρδησα.	V-AAI-1S	V-AAI-1S	2770&5656	κερδαίνω	ἐκέρδησα	
Matt 25:21	ἔφη	V-IAI-3S	V-IAI-3S	5346&5707	φημί	ἔφη	
Matt 25:21	αὐτῷ	P-DSM	P-DSM	846	αὐτός	αὐτῷ	
Matt 25:21	ὁ	T-NSM	T-NSM	3588	ὁ	ὁ	
Matt 25:21	κύριος	N-NSM	N-NSM	2962	κύριος	κύριος	
Matt 25:21	αὐτοῦ	P-GSM	P-GSM	846	αὐτός	αὐτοῦ	
Matt 25:21	Εὖ,	ADV	ADV	2095	εὖ	Εὖ	
Matt 25:21	δοῦλε	N-VSM	N-VSM	1401	δοῦλος (II)	δοῦλε	
Matt 25:21	ἀγαθὲ	A-VSM	A-VSM	18	ἀγαθός	ἀγαθέ	
Matt 25:21	καὶ	CONJ	CONJ	2532	καί	καί	
Matt 25:21	πιστέ,	A-VSM	A-VSM	4103	πιστός	πιστέ	
Matt 25:21	ἐπὶ	PREP	PREP	1909	ἐπί	ἐπί	
Matt 25:21	ὀλίγα	A-APN	A-APN	3641	ὀλίγος	ὀλίγα	
Matt 25:21	ἦς	V-IAI-2S	V-IAI-2S	1510&5707	εἰμί	ἦς	
Matt 25:21	πιστός,	A-NSM	A-NSM	4103	πιστός	πιστός	
Matt 25:21	ἐπὶ	PREP	PREP	1909	ἐπί	ἐπί	
Matt 25:21	πολλῶν	A-GPN	A-GPN	4183	πολύς	πολλῶν	
Matt 25:21	σε	P-2AS	P-2AS	4771	σύ	σε	
Matt 25:21	καταστήσω·	V-FAI-1S	V-FAI-1S	2525&5692	καθίστημι	καταστήσω	
Matt 25:21	εἴσελθε	V-2AAM-2S	V-2AAM-2S	1525&5628	εἰσέρχομαι	εἴσελθε	
Matt 25:21	εἰς	PREP	PREP	1519	εἰς	εἰς	
Matt 25:21	τὴν	T-ASF	T-ASF	3588	ὁ	τήν	
Matt 25:21	χαρὰν	N-ASF	N-ASF	5479	χαρά	χαράν	
Matt 25:21	τοῦ	T-GSM	T-GSM	3588	ὁ	τοῦ	
Matt 25:21	κυρίου	N-GSM	N-GSM	2962	κύριος	κυρίου	
Matt 25:21	σου.	P-2GS	P-2GS	4771	σύ	σου	
Matt 25:22	προσελθὼν	V-2AAP-NSM	V-2AAP-NSM	4334&5631	προσέρχομαι	προσελθών	
Matt 25:22	καὶ	CONJ	CONJ	2532	καί	καί	
Matt 25:22	ὁ	T-NSM	T-NSM	3588	ὁ	ὁ	
Matt 25:22	τὰ	T-APN	T-APN	3588	ὁ	τά	
Matt 25:22	δύο	A-NUI	A-NUI	1417	δύο	δύο	
Matt 25:22	τάλαντα	N-APN	N-APN	5007	τάλαντον	τάλαντα	
Matt 25:22	εἶπεν	V-2AAI-3S	V-2AAI-3S	3004&5627	λέγω	εἶπεν	
Matt 25:22	Κύριε,	N-VSM	N-VSM	2962	κύριος	Κύριε	
Matt 25:22	δύο	A-NUI	A-NUI	1417	δύο	δύο	
Matt 25:22	τάλαντά	N-APN	N-APN	5007	τάλαντον	τάλαντα	
Matt 25:22	μοι	P-1DS	P-1DS	1473	ἐγώ	μοι	
Matt 25:22	παρέδωκας·	V-AAI-2S	V-AAI-2S	3860&5656	παραδίδωμι	παρέδωκας	
Matt 25:22	ἴδε	V-2AAM-2S	V-2AAM-2S	3708&5628	ὁράω	ἴδε	
Matt 25:22	ἄλλα	A-APN	A-APN	243	ἄλλος	ἄλλα	
Matt 25:22	δύο	A-NUI	A-NUI	1417	δύο	δύο	
Matt 25:22	τάλαντα	N-APN	N-APN	5007	τάλαντον	τάλαντα	
Matt 25:22	ἐκέρδησα.	V-AAI-1S	V-AAI-1S	2770&5656	κερδαίνω	ἐκέρδησα	
Matt 25:23	ἔφη	V-IAI-3S	V-IAI-3S	5346&5707	φημί	ἔφη	
Matt 25:23	αὐτῷ	P-DSM	P-DSM	846	αὐτός	αὐτῷ	
Matt 25:23	ὁ	T-NSM	T-NSM	3588	ὁ	ὁ	
Matt 25:23	κύριος	N-NSM	N-NSM	2962	κύριος	κύριος	
Matt 25:23	αὐτοῦ	P-GSM	P-GSM	846	αὐτός	αὐτοῦ	
Matt 25:23	Εὖ,	ADV	ADV	2095	εὖ	Εὖ	
Matt 25:23	δοῦλε	N-VSM	N-VSM	1401	δοῦλος (II)	δοῦλε	
Matt 25:23	ἀγαθὲ	A-VSM	A-VSM	18	ἀγαθός	ἀγαθέ	
Matt 25:23	καὶ	CONJ	CONJ	2532	καί	καί	
Matt 25:23	πιστέ,	A-VSM	A-VSM	4103	πιστός	πιστέ	
Matt 25:23	ἐπὶ	PREP	PREP	1909	ἐπί	ἐπί	
Matt 25:23	ὀλίγα	A-APN	A-APN	3641	ὀλίγος	ὀλίγα	
Matt 25:23	ἦς	V-IAI-2S	V-IAI-2S	1510&5707	εἰμί	ἦς	
Matt 25:23	πιστός,	A-NSM	A-NSM	4103	πιστός	πιστός	
Matt 25:23	ἐπὶ	PREP	PREP	1909	ἐπί	ἐπί	
Matt 25:23	πολλῶν	A-GPN	A-GPN	4183	πολύς	πολλῶν	
Matt 25:23	σε	P-2AS	P-2AS	4771	σύ	σε	
Matt 25:23	καταστήσω·	V-FAI-1S	V-FAI-1S	2525&5692	καθίστημι	καταστήσω	
Matt 25:23	εἴσελθε	V-2AAM-2S	V-2AAM-2S	1525&5628	εἰσέρχομαι	εἴσελθε	
Matt 25:23	εἰς	PREP	PREP	1519	εἰς	εἰς	
Matt 25:23	τὴν	T-ASF	T-ASF	3588	ὁ	τήν	
Matt 25:23	χαρὰν	N-ASF	N-ASF	5479	χαρά	χαράν	
Matt 25:23	τοῦ	T-GSM	T-GSM	3588	ὁ	τοῦ	
Matt 25:23	κυρίου	N-GSM	N-GSM	2962	κύριος	κυρίου	
Matt 25:23	σου.	P-2GS	P-2GS	4771	σύ	σου	
Matt 25:24	προσελθὼν	V-2AAP-NSM	V-2AAP-NSM	4334&5631	προσέρχομαι	προσελθών	
Matt 25:24	δὲ	CONJ	CONJ	1161	δέ	δέ	
Matt 25:24	καὶ	CONJ	CONJ	2532	καί	καί	
Matt 25:24	ὁ	T-NSM	T-NSM	3588	ὁ	ὁ	
Matt 25:24	τὸ	T-ASN	T-ASN	3588	ὁ	τό	
Matt 25:24	ἓν	A-ASN	A-ASN	1520	εἷς	ἕν	
Matt 25:24	τάλαντον	N-ASN	N-ASN	5007	τάλαντον	τάλαντον	
Matt 25:24	εἰληφὼς	V-2RAP-NSM	V-2RAP-NSM	2983&5756	λαμβάνω	εἰληφώς	
Matt 25:24	εἶπεν	V-2AAI-3S	V-2AAI-3S	3004&5627	λέγω	εἶπεν	
Matt 25:24	Κύριε,	N-VSM	N-VSM	2962	κύριος	Κύριε	
Matt 25:24	ἔγνων	V-2AAI-1S	V-2AAI-1S	1097&5627	γινώσκω	ἔγνων	
Matt 25:24	σε	P-2AS	P-2AS	4771	σύ	σε	
Matt 25:24	ὅτι	CONJ	CONJ	3754	ὅτι	ὅτι	
Matt 25:24	σκληρὸς	A-NSM	A-NSM	4642	σκληρός	σκληρός	
Matt 25:24	εἶ	V-PAI-2S	V-PAI-2S	1510&5719	εἰμί	εἶ	
Matt 25:24	ἄνθρωπος,	N-NSM	N-NSM	444	ἄνθρωπος	ἄνθρωπος	
Matt 25:24	θερίζων	V-PAP-NSM	V-PAP-NSM	2325&5723	θερίζω	θερίζων	
Matt 25:24	ὅπου	ADV	ADV	3699	ὅπου	ὅπου	
Matt 25:24	οὐκ	PRT-N	PRT-N	3756	οὐ	οὐκ	
Matt 25:24	ἔσπειρας,	V-AAI-2S	V-AAI-2S	4687&5656	σπείρω	ἔσπειρας	
Matt 25:24	καὶ	CONJ	CONJ	2532	καί	καί	
Matt 25:24	συνάγων	V-PAP-NSM	V-PAP-NSM	4863&5723	συνάγω	συνάγων	
Matt 25:24	ὅθεν	ADV	ADV	3606	ὅθεν	ὅθεν	
Matt 25:24	οὐ	PRT-N	PRT-N	3756	οὐ	οὐ	
Matt 25:24	διεσκόρπισας·	V-AAI-2S	V-AAI-2S	1287&5656	διασκορπίζω	διεσκόρπισας	
Matt 25:25	καὶ	CONJ	CONJ	2532	καί	καί	
Matt 25:25	φοβηθεὶς	V-AOP-NSM	V-AOP-NSM	5399&5679	φοβέω	φοβηθείς	
Matt 25:25	ἀπελθὼν	V-2AAP-NSM	V-2AAP-NSM	565&5631	ἀπέρχομαι	ἀπελθών	
Matt 25:25	ἔκρυψα	V-AAI-1S	V-AAI-1S	2928&5656	κρύπτω	ἔκρυψα	
Matt 25:25	τὸ	T-ASN	T-ASN	3588	ὁ	τό	
Matt 25:25	τάλαντόν	N-ASN	N-ASN	5007	τάλαντον	τάλαντον	
Matt 25:25	σου	P-2GS	P-2GS	4771	σύ	σου	
Matt 25:25	ἐν	PREP	PREP	1722	ἐν	ἐν	
Matt 25:25	τῇ	T-DSF	T-DSF	3588	ὁ	τῇ	
Matt 25:25	γῇ·	N-DSF	N-DSF	1093	γῆ	γῇ	
Matt 25:25	ἴδε	V-2AAM-2S	V-2AAM-2S	3708&5628	ὁράω	ἴδε	
Matt 25:25	ἔχεις	V-PAI-2S	V-PAI-2S	2192&5719	ἔχω	ἔχεις	
Matt 25:25	τὸ	T-ASN	T-ASN	3588	ὁ	τό	
Matt 25:25	σόν.	S-2SASN	S-2SASN	4674	σός	σόν	
Matt 25:26	ἀποκριθεὶς	V-AOP-NSM	V-AOP-NSM	611&5679	ἀποκρίνομαι	ἀποκριθείς	
Matt 25:26	δὲ	CONJ	CONJ	1161	δέ	δέ	
Matt 25:26	ὁ	T-NSM	T-NSM	3588	ὁ	ὁ	
Matt 25:26	κύριος	N-NSM	N-NSM	2962	κύριος	κύριος	
Matt 25:26	αὐτοῦ	P-GSM	P-GSM	846	αὐτός	αὐτοῦ	
Matt 25:26	εἶπεν	V-2AAI-3S	V-2AAI-3S	3004&5627	λέγω	εἶπεν	
Matt 25:26	αὐτῷ	P-DSM	P-DSM	846	αὐτός	αὐτῷ	
Matt 25:26	Πονηρὲ	A-VSM	A-VSM	4190	πονηρός	Πονηρέ	
Matt 25:26	δοῦλε	N-VSM	N-VSM	1401	δοῦλος (II)	δοῦλε	
Matt 25:26	καὶ	CONJ	CONJ	2532	καί	καί	
Matt 25:26	ὀκνηρέ,	A-VSM	A-VSM	3636	ὀκνηρός	ὀκνηρέ	
Matt 25:26	ᾔδεις	V-2LAI-2S	V-2LAI-2S	1492&5714	οἶδα	ᾔδεις	
Matt 25:26	ὅτι	CONJ	CONJ	3754	ὅτι	ὅτι	
Matt 25:26	θερίζω	V-PAI-1S	V-PAI-1S	2325&5719	θερίζω	θερίζω	
Matt 25:26	ὅπου	ADV	ADV	3699	ὅπου	ὅπου	
Matt 25:26	οὐκ	PRT-N	PRT-N	3756	οὐ	οὐκ	
Matt 25:26	ἔσπειρα,	V-AAI-1S	V-AAI-1S	4687&5656	σπείρω	ἔσπειρα	
Matt 25:26	καὶ	CONJ	CONJ	2532	καί	καί	
Matt 25:26	συνάγω	V-PAI-1S	V-PAI-1S	4863&5719	συνάγω	συνάγω	
Matt 25:26	ὅθεν	ADV	ADV	3606	ὅθεν	ὅθεν	
Matt 25:26	οὐ	PRT-N	PRT-N	3756	οὐ	οὐ	
Matt 25:26	διεσκόρπισα;	V-AAI-1S	V-AAI-1S	1287&5656	διασκορπίζω	διεσκόρπισα	
Matt 25:27	ἔδει	V-IAI-3S	V-IAI-3S	1163&5707	δεῖ	ἔδει	
Matt 25:27	σε	P-2AS	P-2AS	4771	σύ	σε	
Matt 25:27	οὖν	CONJ	CONJ	3767	οὖν	οὖν	
Matt 25:27	βαλεῖν	V-2AAN	V-2AAN	906&5629	βάλλω	βαλεῖν	
Matt 25:27	τὰ	T-APN	T-APN	3588	ὁ	τά	
Matt 25:27	ἀργύριά	N-APN	N-APN	694	ἀργύριον	ἀργύρια	
Matt 25:27	μου	P-1GS	P-1GS	1473	ἐγώ	μου	
Matt 25:27	τοῖς	T-DPM	T-DPM	3588	ὁ	τοῖς	
Matt 25:27	τραπεζείταις,	N-DPM	N-DPM	5133	τραπεζίτης	τραπεζείταις	
Matt 25:27	καὶ	CONJ	CONJ	2532	καί	καί	
Matt 25:27	ἐλθὼν	V-2AAP-NSM	V-2AAP-NSM	2064&5631	ἔρχομαι	ἐλθών	
Matt 25:27	ἐγὼ	P-1NS	P-1NS	1473	ἐγώ	ἐγώ	
Matt 25:27	ἐκομισάμην	V-AMI-1S	V-AMI-1S	2865&5668	κομίζω	ἐκομισάμην	
Matt 25:27	ἂν	PRT	PRT	302	ἄν	ἄν	
Matt 25:27	τὸ	T-ASN	T-ASN	3588	ὁ	τό	
Matt 25:27	ἐμὸν	S-1SASN	S-1SASN	1699	ἐμός	ἐμόν	
Matt 25:27	σὺν	PREP	PREP	4862	σύν	σύν	
Matt 25:27	τόκῳ.	N-DSM	N-DSM	5110	τόκος	τόκῳ	
Matt 25:28	ἄρατε	V-AAM-2P	V-AAM-2P	142&5657	αἴρω	ἄρατε	
Matt 25:28	οὖν	CONJ	CONJ	3767	οὖν	οὖν	
Matt 25:28	ἀπ’	PREP	PREP	575	ἀπό	ἀπ’	
Matt 25:28	αὐτοῦ	P-GSM	P-GSM	846	αὐτός	αὐτοῦ	
Matt 25:28	τὸ	T-ASN	T-ASN	3588	ὁ	τό	
Matt 25:28	τάλαντον	N-ASN	N-ASN	5007	τάλαντον	τάλαντον	
Matt 25:28	καὶ	CONJ	CONJ	2532	καί	καί	
Matt 25:28	δότε	V-2AAM-2P	V-2AAM-2P	1325&5628	δίδωμι	δότε	
Matt 25:28	τῷ	T-DSM	T-DSM	3588	ὁ	τῷ	
Matt 25:28	ἔχοντι	V-PAP-DSM	V-PAP-DSM	2192&5723	ἔχω	ἔχοντι	
Matt 25:28	τὰ	T-APN	T-APN	3588	ὁ	τά	
Matt 25:28	δέκα	A-NUI	A-NUI	1176	δέκα	δέκα	
Matt 25:28	τάλαντα·	N-APN	N-APN	5007	τάλαντον	τάλαντα	
Matt 25:29	τῷ	T-DSM	T-DSM	3588	ὁ	τῷ	
Matt 25:29	γὰρ	CONJ	CONJ	1063	γάρ	γάρ	
Matt 25:29	ἔχοντι	V-PAP-DSM	V-PAP-DSM	2192&5723	ἔχω	ἔχοντι	
Matt 25:29	παντὶ	A-DSM	A-DSM	3956	πᾶς	παντί	
Matt 25:29	δοθήσεται	V-FPI-3S	V-FPI-3S	1325&5701	δίδωμι	δοθήσεται	
Matt 25:29	καὶ	CONJ	CONJ	2532	καί	καί	
Matt 25:29	περισσευθήσεται·	V-FPI-3S	V-FPI-3S	4052&5701	περισσεύω	περισσευθήσεται	
Matt 25:29	τοῦ	T-GSM	T-GSM	3588	ὁ	τοῦ	
Matt 25:29	δὲ	CONJ	CONJ	1161	δέ	δέ	
Matt 25:29	μὴ	PRT-N	PRT-N	3361	μή	μή	
Matt 25:29	ἔχοντος	V-PAP-GSM	V-PAP-GSM	2192&5723	ἔχω	ἔχοντος	
Matt 25:29	καὶ	CONJ	CONJ	2532	καί	καί	
Matt 25:29	ὃ	R-ASN	R-ASN	3739	ὅς	ὅ	
Matt 25:29	ἔχει	V-PAI-3S	V-PAI-3S	2192&5719	ἔχω	ἔχει	
Matt 25:29	ἀρθήσεται	V-FPI-3S	V-FPI-3S	142&5701	αἴρω	ἀρθήσεται	
Matt 25:29	ἀπ’	PREP	PREP	575	ἀπό	ἀπ’	
Matt 25:29	αὐτοῦ.	P-GSM	P-GSM	846	αὐτός	αὐτοῦ	
Matt 25:30	καὶ	CONJ	CONJ	2532	καί	καί	
Matt 25:30	τὸν	T-ASM	T-ASM	3588	ὁ	τόν	
Matt 25:30	ἀχρεῖον	A-ASM	A-ASM	888	ἀχρεῖος	ἀχρεῖον	
Matt 25:30	δοῦλον	N-ASM	N-ASM	1401	δοῦλος (II)	δοῦλον	
Matt 25:30	ἐκβάλετε	V-2AAM-2P	V-2AAM-2P	1544&5628	ἐκβάλλω	ἐκβάλετε	
Matt 25:30	εἰς	PREP	PREP	1519	εἰς	εἰς	
Matt 25:30	τὸ	T-ASN	T-ASN	3588	ὁ	τό	
Matt 25:30	σκότος	N-ASN	N-ASN	4655	σκότος	σκότος	
Matt 25:30	τὸ	T-ASN	T-ASN	3588	ὁ	τό	
Matt 25:30	ἐξώτερον·	A-ASN-C	A-ASN-C	1857	ἐξώτερος	ἐξώτερον	
Matt 25:30	ἐκεῖ	ADV	ADV	1563	ἐκεῖ	ἐκεῖ	
Matt 25:30	ἔσται	V-FDI-3S	V-FDI-3S	1510&5695	εἰμί	ἔσται	
Matt 25:30	ὁ	T-NSM	T-NSM	3588	ὁ	ὁ	
Matt 25:30	κλαυθμὸς	N-NSM	N-NSM	2805	κλαυθμός	κλαυθμός	
Matt 25:30	καὶ	CONJ	CONJ	2532	καί	καί	
Matt 25:30	ὁ	T-NSM	T-NSM	3588	ὁ	ὁ	
Matt 25:30	βρυγμὸς	N-NSM	N-NSM	1030	βρυγμός	βρυγμός	
Matt 25:30	τῶν	T-GPM	T-GPM	3588	ὁ	τῶν	
Matt 25:30	ὀδόντων.	N-GPM	N-GPM	3599	ὀδούς	ὀδόντων	
Matt 25:31	Ὅταν	CONJ	CONJ	3752	ὅταν	Ὅταν	
Matt 25:31	δὲ	CONJ	CONJ	1161	δέ	δέ	
Matt 25:31	ἔλθῃ	V-2AAS-3S	V-2AAS-3S	2064&5632	ἔρχομαι	ἔλθῃ	
Matt 25:31	ὁ	T-NSM	T-NSM	3588	ὁ	ὁ	
Matt 25:31	υἱὸς	N-NSM	N-NSM	5207	υἱός	υἱός	
Matt 25:31	τοῦ	T-GSM	T-GSM	3588	ὁ	τοῦ	
Matt 25:31	ἀνθρώπου	N-GSM	N-GSM	444	ἄνθρωπος	ἀνθρώπου	
Matt 25:31	ἐν	PREP	PREP	1722	ἐν	ἐν	
Matt 25:31	τῇ	T-DSF	T-DSF	3588	ὁ	τῇ	
Matt 25:31	δόξῃ	N-DSF	N-DSF	1391	δόξα	δόξῃ	
Matt 25:31	αὐτοῦ	P-GSM	P-GSM	846	αὐτός	αὐτοῦ	
Matt 25:31	καὶ	CONJ	CONJ	2532	καί	καί	
Matt 25:31	πάντες	A-NPM	A-NPM	3956	πᾶς	πάντες	
Matt 25:31	οἱ	T-NPM	T-NPM	3588	ὁ	οἱ	
Matt 25:31	ἄγγελοι	N-NPM	N-NPM	32	ἄγγελος	ἄγγελοι	
Matt 25:31	μετ’	PREP	PREP	3326	μετά	μετ’	
Matt 25:31	αὐτοῦ,	P-GSM	P-GSM	846	αὐτός	αὐτοῦ	
Matt 25:31	τότε	ADV	ADV	5119	τότε	τότε	
Matt 25:31	καθίσει	V-FAI-3S	V-FAI-3S	2523&5692	καθίζω	καθίσει	
Matt 25:31	ἐπὶ	PREP	PREP	1909	ἐπί	ἐπί	
Matt 25:31	θρόνου	N-GSM	N-GSM	2362	θρόνος	θρόνου	
Matt 25:31	δόξης	N-GSF	N-GSF	1391	δόξα	δόξης	
Matt 25:31	αὐτοῦ·	P-GSM	P-GSM	846	αὐτός	αὐτοῦ	
Matt 25:32	καὶ	CONJ	CONJ	2532	καί	καί	
Matt 25:32	συναχθήσονται	V-FPI-3P	V-FPI-3P	4863&5701	συνάγω	συναχθήσονται	
Matt 25:32	ἔμπροσθεν	PREP	PREP	1715	ἔμπροσθεν	ἔμπροσθεν	
Matt 25:32	αὐτοῦ	P-GSM	P-GSM	846	αὐτός	αὐτοῦ	
Matt 25:32	πάντα	A-NPN	A-NPN	3956	πᾶς	πάντα	
Matt 25:32	τὰ	T-NPN	T-NPN	3588	ὁ	τά	
Matt 25:32	ἔθνη,	N-NPN	N-NPN	1484	ἔθνος	ἔθνη	
Matt 25:32	καὶ	CONJ	CONJ	2532	καί	καί	
Matt 25:32	ἀφορίσει	V-FAI-3S	V-FAI-3S	873&5692	ἀφορίζω	ἀφορίσει	
Matt 25:32	αὐτοὺς	P-APM	P-APM	846	αὐτός	αὐτούς	
Matt 25:32	ἀπ’	PREP	PREP	575	ἀπό	ἀπ’	
Matt 25:32	ἀλλήλων,	C-GPM	C-GPM	240	ἀλλήλων	ἀλλήλων	
Matt 25:32	ὥσπερ	ADV	ADV	5618	ὥσπερ	ὥσπερ	
Matt 25:32	ὁ	T-NSM	T-NSM	3588	ὁ	ὁ	
Matt 25:32	ποιμὴν	N-NSM	N-NSM	4166	ποιμήν	ποιμήν	
Matt 25:32	ἀφορίζει	V-PAI-3S	V-PAI-3S	873&5719	ἀφορίζω	ἀφορίζει	
Matt 25:32	τὰ	T-APN	T-APN	3588	ὁ	τά	
Matt 25:32	πρόβατα	N-APN	N-APN	4263	πρόβατον	πρόβατα	
Matt 25:32	ἀπὸ	PREP	PREP	575	ἀπό	ἀπό	
Matt 25:32	τῶν	T-GPM	T-GPM	3588	ὁ	τῶν	
Matt 25:32	ἐρίφων,	N-GPM	N-GPM	2056	ἔριφος	ἐρίφων	
Matt 25:33	καὶ	CONJ	CONJ	2532	καί	καί	
Matt 25:33	στήσει	V-FAI-3S	V-FAI-3S	2476&5692	ἵστημι	στήσει	
Matt 25:33	τὰ	T-APN	T-APN	3588	ὁ	τά	
Matt 25:33	μὲν	PRT	PRT	3303	μέν	μέν	
Matt 25:33	πρόβατα	N-APN	N-APN	4263	πρόβατον	πρόβατα	
Matt 25:33	ἐκ	PREP	PREP	1537	ἐκ	ἐκ	
Matt 25:33	δεξιῶν	A-GPN	A-GPN	1188	δεξιός	δεξιῶν	
Matt 25:33	αὐτοῦ,	P-GSM	P-GSM	846	αὐτός	αὐτοῦ	
Matt 25:33	τὰ	T-APN	T-APN	3588	ὁ	τά	
Matt 25:33	δὲ	CONJ	CONJ	1161	δέ	δέ	
Matt 25:33	ἐρίφια	N-APN	N-APN	2055	ἐρίφιον	ἐρίφια	
Matt 25:33	ἐξ	PREP	PREP	1537	ἐκ	ἐξ	
Matt 25:33	εὐωνύμων.	A-GPN	A-GPN	2176	εὐώνυμος	εὐωνύμων	
Matt 25:34	τότε	ADV	ADV	5119	τότε	τότε	
Matt 25:34	ἐρεῖ	V-FAI-3S	V-FAI-3S	2046&5692	εἶπον	ἐρεῖ	
Matt 25:34	ὁ	T-NSM	T-NSM	3588	ὁ	ὁ	
Matt 25:34	Βασιλεὺς	N-NSM	N-NSM	935	βασιλεύς	Βασιλεύς	
Matt 25:34	τοῖς	T-DPN	T-DPN	3588	ὁ	τοῖς	
Matt 25:34	ἐκ	PREP	PREP	1537	ἐκ	ἐκ	
Matt 25:34	δεξιῶν	A-GPN	A-GPN	1188	δεξιός	δεξιῶν	
Matt 25:34	αὐτοῦ	P-GSM	P-GSM	846	αὐτός	αὐτοῦ	
Matt 25:34	Δεῦτε	V-PAM-2P	V-PAM-2P	1205&5720	δεῦτε	Δεῦτε	
Matt 25:34	οἱ	T-NPM	T-NPM	3588	ὁ	οἱ	
Matt 25:34	εὐλογημένοι	V-RPP-NPM	V-RPP-NPM	2127&5772	εὐλογέω	εὐλογημένοι	
Matt 25:34	τοῦ	T-GSM	T-GSM	3588	ὁ	τοῦ	
Matt 25:34	Πατρός	N-GSM	N-GSM	3962	πατήρ	Πατρός	
Matt 25:34	μου,	P-1GS	P-1GS	1473	ἐγώ	μου	
Matt 25:34	κληρονομήσατε	V-AAM-2P	V-AAM-2P	2816&5657	κληρονομέω	κληρονομήσατε	
Matt 25:34	τὴν	T-ASF	T-ASF	3588	ὁ	τήν	
Matt 25:34	ἡτοιμασμένην	V-RPP-ASF	V-RPP-ASF	2090&5772	ἑτοιμάζω	ἡτοιμασμένην	
Matt 25:34	ὑμῖν	P-2DP	P-2DP	4771	σύ	ὑμῖν	
Matt 25:34	βασιλείαν	N-ASF	N-ASF	932	βασιλεία	βασιλείαν	
Matt 25:34	ἀπὸ	PREP	PREP	575	ἀπό	ἀπό	
Matt 25:34	καταβολῆς	N-GSF	N-GSF	2602	καταβολή	καταβολῆς	
Matt 25:34	κόσμου.	N-GSM	N-GSM	2889	κόσμος	κόσμου	
Matt 25:35	ἐπείνασα	V-AAI-1S	V-AAI-1S	3983&5656	πεινάω	ἐπείνασα	
Matt 25:35	γὰρ	CONJ	CONJ	1063	γάρ	γάρ	
Matt 25:35	καὶ	CONJ	CONJ	2532	καί	καί	
Matt 25:35	ἐδώκατέ	V-AAI-2P	V-AAI-2P	1325&5656	δίδωμι	ἐδώκατε	
Matt 25:35	μοι	P-1DS	P-1DS	1473	ἐγώ	μοι	
Matt 25:35	φαγεῖν,	V-2AAN	V-2AAN	5315&5629	ἐσθίω	φαγεῖν	
Matt 25:35	ἐδίψησα	V-AAI-1S	V-AAI-1S	1372&5656	διψάω	ἐδίψησα	
Matt 25:35	καὶ	CONJ	CONJ	2532	καί	καί	
Matt 25:35	ἐποτίσατέ	V-AAI-2P	V-AAI-2P	4222&5656	ποτίζω	ἐποτίσατε	
Matt 25:35	με,	P-1AS	P-1AS	1473	ἐγώ	με	
Matt 25:35	ξένος	A-NSM	A-NSM	3581	ξένος	ξένος	
Matt 25:35	ἤμην	V-IMI-1S	V-IEI-1S	1510&5710	εἰμί	ἤμην	
Matt 25:35	καὶ	CONJ	CONJ	2532	καί	καί	
Matt 25:35	συνηγάγετέ	V-2AAI-2P	V-2AAI-2P	4863&5627	συνάγω	συνηγάγετε	
Matt 25:35	με,	P-1AS	P-1AS	1473	ἐγώ	με	
Matt 25:36	γυμνὸς	A-NSM	A-NSM	1131	γυμνός	γυμνός	
Matt 25:36	καὶ	CONJ	CONJ	2532	καί	καί	
Matt 25:36	περιεβάλετέ	V-2AAI-2P	V-2AAI-2P	4016&5627	περιβάλλω	περιεβάλετε	
Matt 25:36	με,	P-1AS	P-1AS	1473	ἐγώ	με	
Matt 25:36	ἠσθένησα	V-AAI-1S	V-AAI-1S	770&5656	ἀσθενέω	ἠσθένησα	
Matt 25:36	καὶ	CONJ	CONJ	2532	καί	καί	
Matt 25:36	ἐπεσκέψασθέ	V-ADI-2P	V-ADI-2P	1980&5662	ἐπισκέπτομαι	ἐπεσκέψασθε	
Matt 25:36	με,	P-1AS	P-1AS	1473	ἐγώ	με	
Matt 25:36	ἐν	PREP	PREP	1722	ἐν	ἐν	
Matt 25:36	φυλακῇ	N-DSF	N-DSF	5438	φυλακή	φυλακῇ	
Matt 25:36	ἤμην	V-IMI-1S	V-IEI-1S	1510&5710	εἰμί	ἤμην	
Matt 25:36	καὶ	CONJ	CONJ	2532	καί	καί	
Matt 25:36	ἤλθατε	V-2AAI-2P	V-2AAI-2P	2064&5627	ἔρχομαι	ἤλθατε	
Matt 25:36	πρός	PREP	PREP	4314	πρός	πρός	
Matt 25:36	με.	P-1AS	P-1AS	1473	ἐγώ	με	
Matt 25:37	τότε	ADV	ADV	5119	τότε	τότε	
Matt 25:37	ἀποκριθήσονται	V-FOI-3P	V-FOI-3P	611&5700	ἀποκρίνομαι	ἀποκριθήσονται	
Matt 25:37	αὐτῷ	P-DSM	P-DSM	846	αὐτός	αὐτῷ	
Matt 25:37	οἱ	T-NPM	T-NPM	3588	ὁ	οἱ	
Matt 25:37	δίκαιοι	A-NPM	A-NPM	1342	δίκαιος	δίκαιοι	
Matt 25:37	λέγοντες	V-PAP-NPM	V-PAP-NPM	3004&5723	λέγω	λέγοντες	
Matt 25:37	Κύριε,	N-VSM	N-VSM	2962	κύριος	Κύριε	
Matt 25:37	πότε	PRT-I	PRT-I	4219	πότε	πότε	
Matt 25:37	σε	P-2AS	P-2AS	4771	σύ	σε	
Matt 25:37	εἴδομεν	V-2AAI-1P	V-2AAI-1P	3708	ὁράω	εἴδομεν	
Matt 25:37	πεινῶντα	V-PAP-ASM	V-PAP-ASM	3983&5723	πεινάω	πεινῶντα	
Matt 25:37	καὶ	CONJ	CONJ	2532	καί	καί	
Matt 25:37	ἐθρέψαμεν,	V-AAI-1P	V-AAI-1P	5142&5656	τρέφω	ἐθρέψαμεν	
Matt 25:37	ἢ	PRT	PRT	2228	ἤ	ἤ	
Matt 25:37	διψῶντα	V-PAP-ASM	V-PAP-ASM	1372&5723	διψάω	διψῶντα	
Matt 25:37	καὶ	CONJ	CONJ	2532	καί	καί	
Matt 25:37	ἐποτίσαμεν;	V-AAI-1P	V-AAI-1P	4222&5656	ποτίζω	ἐποτίσαμεν	
Matt 25:38	πότε	PRT-I	PRT-I	4219	πότε	πότε	
Matt 25:38	δέ	CONJ	CONJ	1161	δέ	δέ	
Matt 25:38	σε	P-2AS	P-2AS	4771	σύ	σε	
Matt 25:38	εἴδομεν	V-2AAI-1P	V-2AAI-1P	3708	ὁράω	εἴδομεν	
Matt 25:38	ξένον	A-ASM	A-ASM	3581	ξένος	ξένον	
Matt 25:38	καὶ	CONJ	CONJ	2532	καί	καί	
Matt 25:38	συνηγάγομεν,	V-2AAI-1P	V-2AAI-1P	4863&5627	συνάγω	συνηγάγομεν	
Matt 25:38	ἢ	PRT	PRT	2228	ἤ	ἤ	
Matt 25:38	γυμνὸν	A-ASM	A-ASM	1131	γυμνός	γυμνόν	
Matt 25:38	καὶ	CONJ	CONJ	2532	καί	καί	
Matt 25:38	περιεβάλομεν;	V-2AAI-1P	V-2AAI-1P	4016&5627	περιβάλλω	περιεβάλομεν	
Matt 25:39	πότε	PRT-I	PRT-I	4219	πότε	πότε	
Matt 25:39	δέ	CONJ	CONJ	1161	δέ	δέ	
Matt 25:39	σε	P-2AS	P-2AS	4771	σύ	σε	
Matt 25:39	εἴδομεν	V-2AAI-1P	V-2AAI-1P	3708&5627	ὁράω	εἴδομεν	
Matt 25:39	ἀσθενοῦντα	V-PAP-ASM	V-PAP-ASM	770&5723	ἀσθενέω	ἀσθενοῦντα	
Matt 25:39	ἢ	PRT	PRT	2228	ἤ	ἤ	
Matt 25:39	ἐν	PREP	PREP	1722	ἐν	ἐν	
Matt 25:39	φυλακῇ	N-DSF	N-DSF	5438	φυλακή	φυλακῇ	
Matt 25:39	καὶ	CONJ	CONJ	2532	καί	καί	
Matt 25:39	ἤλθομεν	V-2AAI-1P	V-2AAI-1P	2064&5627	ἔρχομαι	ἤλθομεν	
Matt 25:39	πρός	PREP	PREP	4314	πρός	πρός	
Matt 25:39	σε;	P-2AS	P-2AS	4771	σύ	σε	
Matt 25:40	καὶ	CONJ	CONJ	2532	καί	καί	
Matt 25:40	ἀποκριθεὶς	V-AOP-NSM	V-AOP-NSM	611&5679	ἀποκρίνομαι	ἀποκριθείς	
Matt 25:40	ὁ	T-NSM	T-NSM	3588	ὁ	ὁ	
Matt 25:40	Βασιλεὺς	N-NSM	N-NSM	935	βασιλεύς	Βασιλεύς	
Matt 25:40	ἐρεῖ	V-FAI-3S	V-FAI-3S	2046&5692	εἶπον	ἐρεῖ	
Matt 25:40	αὐτοῖς	P-DPM	P-DPM	846	αὐτός	αὐτοῖς	
Matt 25:40	Ἀμὴν	HEB	HEB	281	ἀμήν	Ἀμήν	
Matt 25:40	λέγω	V-PAI-1S	V-PAI-1S	3004&5719	λέγω	λέγω	
Matt 25:40	ὑμῖν,	P-2DP	P-2DP	4771	σύ	ὑμῖν	
Matt 25:40	ἐφ’	PREP	PREP	1909	ἐπί	ἐφ’	
Matt 25:40	ὅσον	K-ASN	K-ASN	3745	ὅσος	ὅσον	
Matt 25:40	ἐποιήσατε	V-AAI-2P	V-AAI-2P	4160&5656	ποιέω	ἐποιήσατε	
Matt 25:40	ἑνὶ	A-DSM	A-DSM	1520	εἷς	ἑνί	
Matt 25:40	τούτων	D-GPM	D-GPM	3778	οὗτος	τούτων	
Matt 25:40	τῶν	T-GPM	T-GPM	3588	ὁ	τῶν	
Matt 25:40	ἀδελφῶν	N-GPM	N-GPM	80	ἀδελφός	ἀδελφῶν	
Matt 25:40	μου	P-1GS	P-1GS	1473	ἐγώ	μου	
Matt 25:40	τῶν	T-GPM	T-GPM	3588	ὁ	τῶν	
Matt 25:40	ἐλαχίστων,	A-GPM-S	A-GPM-S	1646	ἐλάχιστος	ἐλαχίστων	
Matt 25:40	ἐμοὶ	P-1DS	P-1DS	1473	ἐγώ	ἐμοί	
Matt 25:40	ἐποιήσατε.	V-AAI-2P	V-AAI-2P	4160&5656	ποιέω	ἐποιήσατε	
Matt 25:41	τότε	ADV	ADV	5119	τότε	τότε	
Matt 25:41	ἐρεῖ	V-FAI-3S	V-FAI-3S	2046&5692	εἶπον	ἐρεῖ	
Matt 25:41	καὶ	CONJ	CONJ	2532	καί	καί	
Matt 25:41	τοῖς	T-DPN	T-DPN	3588	ὁ	τοῖς	
Matt 25:41	ἐξ	PREP	PREP	1537	ἐκ	ἐξ	
Matt 25:41	εὐωνύμων	A-GPN	A-GPN	2176	εὐώνυμος	εὐωνύμων	
Matt 25:41	Πορεύεσθε	V-PNM-2P	V-PNM-2P	4198&5737	πορεύομαι	Πορεύεσθε	
Matt 25:41	ἀπ’	PREP	PREP	575	ἀπό	ἀπ’	
Matt 25:41	ἐμοῦ	P-1GS	P-1GS	1473	ἐγώ	ἐμοῦ	
Matt 25:41	κατηραμένοι	V-RPP-NPM	V-RPP-NPM	2672&5772	καταράομαι	κατηραμένοι	
Matt 25:41	εἰς	PREP	PREP	1519	εἰς	εἰς	
Matt 25:41	τὸ	T-ASN	T-ASN	3588	ὁ	τό	
Matt 25:41	πῦρ	N-ASN	N-ASN	4442	πῦρ	πῦρ	
Matt 25:41	τὸ	T-ASN	T-ASN	3588	ὁ	τό	
Matt 25:41	αἰώνιον	A-ASN	A-ASN	166	αἰώνιος	αἰώνιον	
Matt 25:41	τὸ	T-ASN	T-ASN	3588	ὁ	τό	
Matt 25:41	ἡτοιμασμένον	V-RPP-ASN	V-RPP-ASN	2090&5772	ἑτοιμάζω	ἡτοιμασμένον	
Matt 25:41	τῷ	T-DSM	T-DSM	3588	ὁ	τῷ	
Matt 25:41	διαβόλῳ	A-DSM	A-DSM	1228	διάβολος	διαβόλῳ	
Matt 25:41	καὶ	CONJ	CONJ	2532	καί	καί	
Matt 25:41	τοῖς	T-DPM	T-DPM	3588	ὁ	τοῖς	
Matt 25:41	ἀγγέλοις	N-DPM	N-DPM	32	ἄγγελος	ἀγγέλοις	
Matt 25:41	αὐτοῦ.	P-GSM	P-GSM	846	αὐτός	αὐτοῦ	
Matt 25:42	ἐπείνασα	V-AAI-1S	V-AAI-1S	3983&5656	πεινάω	ἐπείνασα	
Matt 25:42	γὰρ	CONJ	CONJ	1063	γάρ	γάρ	
Matt 25:42	καὶ	CONJ	CONJ	2532	καί	καί	
Matt 25:42	οὐκ	PRT-N	PRT-N	3756	οὐ	οὐκ	
Matt 25:42	ἐδώκατέ	V-AAI-2P	V-AAI-2P	1325&5656	δίδωμι	ἐδώκατε	
Matt 25:42	μοι	P-1DS	P-1DS	1473	ἐγώ	μοι	
Matt 25:42	φαγεῖν,	V-2AAN	V-2AAN	5315&5629	ἐσθίω	φαγεῖν	
Matt 25:42	ἐδίψησα	V-AAI-1S	V-AAI-1S	1372&5656	διψάω	ἐδίψησα	
Matt 25:42	καὶ	CONJ	CONJ	2532	καί	καί	
Matt 25:42	οὐκ	PRT-N	PRT-N	3756	οὐ	οὐκ	
Matt 25:42	ἐποτίσατέ	V-AAI-2P	V-AAI-2P	4222&5656	ποτίζω	ἐποτίσατε	
Matt 25:42	με,	P-1AS	P-1AS	1473	ἐγώ	με	
Matt 25:43	ξένος	A-NSM	A-NSM	3581	ξένος	ξένος	
Matt 25:43	ἤμην	V-IMI-1S	V-IEI-1S	1510&5710	εἰμί	ἤμην	
Matt 25:43	καὶ	CONJ	CONJ	2532	καί	καί	
Matt 25:43	οὐ	PRT-N	PRT-N	3756	οὐ	οὐ	
Matt 25:43	συνηγάγετέ	V-2AAI-2P	V-2AAI-2P	4863&5627	συνάγω	συνηγάγετε	
Matt 25:43	με,	P-1AS	P-1AS	1473	ἐγώ	με	
Matt 25:43	γυμνὸς	A-NSM	A-NSM	1131	γυμνός	γυμνός	
Matt 25:43	καὶ	CONJ	CONJ	2532	καί	καί	
Matt 25:43	οὐ	PRT-N	PRT-N	3756	οὐ	οὐ	
Matt 25:43	περιεβάλετέ	V-2AAI-2P	V-2AAI-2P	4016&5627	περιβάλλω	περιεβάλετε	
Matt 25:43	με,	P-1AS	P-1AS	1473	ἐγώ	με	
Matt 25:43	ἀσθενὴς	A-NSM	A-NSM	772	ἀσθενής	ἀσθενής	
Matt 25:43	καὶ	CONJ	CONJ	2532	καί	καί	
Matt 25:43	ἐν	PREP	PREP	1722	ἐν	ἐν	
Matt 25:43	φυλακῇ	N-DSF	N-DSF	5438	φυλακή	φυλακῇ	
Matt 25:43	καὶ	CONJ	CONJ	2532	καί	καί	
Matt 25:43	οὐκ	PRT-N	PRT-N	3756	οὐ	οὐκ	
Matt 25:43	ἐπεσκέψασθέ	V-ADI-2P	V-ADI-2P	1980&5662	ἐπισκέπτομαι	ἐπεσκέψασθε	
Matt 25:43	με.	P-1AS	P-1AS	1473	ἐγώ	με	
Matt 25:44	τότε	ADV	ADV	5119	τότε	τότε	
Matt 25:44	ἀποκριθήσονται	V-FOI-3P	V-FOI-3P	611&5700	ἀποκρίνομαι	ἀποκριθήσονται	
Matt 25:44	καὶ	CONJ	CONJ	2532	καί	καί	
Matt 25:44	αὐτοὶ	P-NPM	P-NPM	846	αὐτός	αὐτοί	
Matt 25:44	λέγοντες	V-PAP-NPM	V-PAP-NPM	3004&5723	λέγω	λέγοντες	
Matt 25:44	Κύριε,	N-VSM	N-VSM	2962	κύριος	Κύριε	
Matt 25:44	πότε	PRT-I	PRT-I	4219	πότε	πότε	
Matt 25:44	σε	P-2AS	P-2AS	4771	σύ	σε	
Matt 25:44	εἴδομεν	V-2AAI-1P	V-2AAI-1P	3708&5627	ὁράω	εἴδομεν	
Matt 25:44	πεινῶντα	V-PAP-ASM	V-PAP-ASM	3983&5723	πεινάω	πεινῶντα	
Matt 25:44	ἢ	PRT	PRT	2228	ἤ	ἤ	
Matt 25:44	διψῶντα	V-PAP-ASM	V-PAP-ASM	1372&5723	διψάω	διψῶντα	
Matt 25:44	ἢ	PRT	PRT	2228	ἤ	ἤ	
Matt 25:44	ξένον	A-ASM	A-ASM	3581	ξένος	ξένον	
Matt 25:44	ἢ	PRT	PRT	2228	ἤ	ἤ	
Matt 25:44	γυμνὸν	A-ASM	A-ASM	1131	γυμνός	γυμνόν	
Matt 25:44	ἢ	PRT	PRT	2228	ἤ	ἤ	
Matt 25:44	ἀσθενῆ	A-ASM	A-ASM	772	ἀσθενής	ἀσθενῆ	
Matt 25:44	ἢ	PRT	PRT	2228	ἤ	ἤ	
Matt 25:44	ἐν	PREP	PREP	1722	ἐν	ἐν	
Matt 25:44	φυλακῇ	N-DSF	N-DSF	5438	φυλακή	φυλακῇ	
Matt 25:44	καὶ	CONJ	CONJ	2532	καί	καί	
Matt 25:44	οὐ	PRT-N	PRT-N	3756	οὐ	οὐ	
Matt 25:44	διηκονήσαμέν	V-AAI-1P	V-AAI-1P	1247&5656	διακονέω	διηκονήσαμεν	
Matt 25:44	σοι;	P-2DS	P-2DS	4771	σύ	σοι	
Matt 25:45	τότε	ADV	ADV	5119	τότε	τότε	
Matt 25:45	ἀποκριθήσεται	V-FOI-3S	V-FOI-3S	611&5700	ἀποκρίνομαι	ἀποκριθήσεται	
Matt 25:45	αὐτοῖς	P-DPM	P-DPM	846	αὐτός	αὐτοῖς	
Matt 25:45	λέγων	V-PAP-NSM	V-PAP-NSM	3004&5723	λέγω	λέγων	
Matt 25:45	Ἀμὴν	HEB	HEB	281	ἀμήν	Ἀμήν	
Matt 25:45	λέγω	V-PAI-1S	V-PAI-1S	3004&5719	λέγω	λέγω	
Matt 25:45	ὑμῖν,	P-2DP	P-2DP	4771	σύ	ὑμῖν	
Matt 25:45	ἐφ’	PREP	PREP	1909	ἐπί	ἐφ’	
Matt 25:45	ὅσον	K-ASN	K-ASN	3745	ὅσος	ὅσον	
Matt 25:45	οὐκ	PRT-N	PRT-N	3756	οὐ	οὐκ	
Matt 25:45	ἐποιήσατε	V-AAI-2P	V-AAI-2P	4160&5656	ποιέω	ἐποιήσατε	
Matt 25:45	ἑνὶ	A-DSM	A-DSM	1520	εἷς	ἑνί	
Matt 25:45	τούτων	D-GPM	D-GPM	3778	οὗτος	τούτων	
Matt 25:45	τῶν	T-GPM	T-GPM	3588	ὁ	τῶν	
Matt 25:45	ἐλαχίστων,	A-GPM-S	A-GPM-S	1646	ἐλάχιστος	ἐλαχίστων	
Matt 25:45	οὐδὲ	CONJ-N	CONJ-N	3761	οὐδέ	οὐδέ	
Matt 25:45	ἐμοὶ	P-1DS	P-1DS	1473	ἐγώ	ἐμοί	
Matt 25:45	ἐποιήσατε.	V-AAI-2P	V-AAI-2P	4160&5656	ποιέω	ἐποιήσατε	
Matt 25:46	καὶ	CONJ	CONJ	2532	καί	καί	
Matt 25:46	ἀπελεύσονται	V-FDI-3P	V-FDI-3P	565&5695	ἀπέρχομαι	ἀπελεύσονται	
Matt 25:46	οὗτοι	D-NPM	D-NPM	3778	οὗτος	οὗτοι	
Matt 25:46	εἰς	PREP	PREP	1519	εἰς	εἰς	
Matt 25:46	κόλασιν	N-ASF	N-ASF	2851	κόλασις	κόλασιν	
Matt 25:46	αἰώνιον,	A-ASF	A-ASF	166	αἰώνιος	αἰώνιον	
Matt 25:46	οἱ	T-NPM	T-NPM	3588	ὁ	οἱ	
Matt 25:46	δὲ	CONJ	CONJ	1161	δέ	δέ	
Matt 25:46	δίκαιοι	A-NPM	A-NPM	1342	δίκαιος	δίκαιοι	
Matt 25:46	εἰς	PREP	PREP	1519	εἰς	εἰς	
Matt 25:46	ζωὴν	N-ASF	N-ASF	2222	ζωή	ζωήν	
Matt 25:46	αἰώνιον.	A-ASF	A-ASF	166	αἰώνιος	αἰώνιον	
Matt 26:1	Καὶ	CONJ	CONJ	2532	καί	Καί	
Matt 26:1	ἐγένετο	V-2ADI-3S	V-2ADI-3S	1096	γίνομαι	ἐγένετο	
Matt 26:1	ὅτε	ADV	ADV	3753	ὅτε	ὅτε	
Matt 26:1	ἐτέλεσεν	V-AAI-3S	V-AAI-3S	5055&5656	τελέω	ἐτέλεσεν	
Matt 26:1	ὁ	T-NSM	T-NSM	3588	ὁ	ὁ	
Matt 26:1	Ἰησοῦς	N-NSM	N-NSM	2424	Ἰησοῦς	Ἰησοῦς	
Matt 26:1	πάντας	A-APM	A-APM	3956	πᾶς	πάντας	
Matt 26:1	τοὺς	T-APM	T-APM	3588	ὁ	τούς	
Matt 26:1	λόγους	N-APM	N-APM	3056	λόγος	λόγους	
Matt 26:1	τούτους,	D-APM	D-APM	3778	οὗτος	τούτους	
Matt 26:1	εἶπεν	V-2AAI-3S	V-2AAI-3S	3004&5627	λέγω	εἶπεν	
Matt 26:1	τοῖς	T-DPM	T-DPM	3588	ὁ	τοῖς	
Matt 26:1	μαθηταῖς	N-DPM	N-DPM	3101	μαθητής	μαθηταῖς	
Matt 26:1	αὐτοῦ	P-GSM	P-GSM	846	αὐτός	αὐτοῦ	
Matt 26:2	Οἴδατε	V-RAI-2P	V-RAI-2P	1492&5758	οἶδα	Οἴδατε	
Matt 26:2	ὅτι	CONJ	CONJ	3754	ὅτι	ὅτι	
Matt 26:2	μετὰ	PREP	PREP	3326	μετά	μετά	
Matt 26:2	δύο	A-NUI	A-NUI	1417	δύο	δύο	
Matt 26:2	ἡμέρας	N-APF	N-APF	2250	ἡμέρα	ἡμέρας	
Matt 26:2	τὸ	T-NSN	T-NSN	3588	ὁ	τό	
Matt 26:2	πάσχα	ARAM	ARAM	3957	πάσχα	πάσχα	
Matt 26:2	γίνεται,	V-PNI-3S	V-PNI-3S	1096&5736	γίνομαι	γίνεται	
Matt 26:2	καὶ	CONJ	CONJ	2532	καί	καί	
Matt 26:2	ὁ	T-NSM	T-NSM	3588	ὁ	ὁ	
Matt 26:2	Υἱὸς	N-NSM	N-NSM	5207	υἱός	Υἱός	
Matt 26:2	τοῦ	T-GSM	T-GSM	3588	ὁ	τοῦ	
Matt 26:2	ἀνθρώπου	N-GSM	N-GSM	444	ἄνθρωπος	ἀνθρώπου	
Matt 26:2	παραδίδοται	V-PPI-3S	V-PEI-3S	3860&5743	παραδίδωμι	παραδίδοται	
Matt 26:2	εἰς	PREP	PREP	1519	εἰς	εἰς	
Matt 26:2	τὸ	T-ASN	T-ASN	3588	ὁ	τό	
Matt 26:2	σταυρωθῆναι.	V-APN	V-APN	4717&5683	σταυρόω	σταυρωθῆναι	
Matt 26:3	Τότε	ADV	ADV	5119	τότε	Τότε	
Matt 26:3	συνήχθησαν	V-API-3P	V-API-3P	4863&5681	συνάγω	συνήχθησαν	
Matt 26:3	οἱ	T-NPM	T-NPM	3588	ὁ	οἱ	
Matt 26:3	ἀρχιερεῖς	N-NPM	N-NPM	749	ἀρχιερεύς	ἀρχιερεῖς	
Matt 26:3	καὶ	CONJ	CONJ	2532	καί	καί	
Matt 26:3	οἱ	T-NPM	T-NPM	3588	ὁ	οἱ	
Matt 26:3	πρεσβύτεροι	A-NPM-C	A-NPM-C	4245	πρεσβύτερος	πρεσβύτεροι	
Matt 26:3	τοῦ	T-GSM	T-GSM	3588	ὁ	τοῦ	
Matt 26:3	λαοῦ	N-GSM	N-GSM	2992	λαός	λαοῦ	
Matt 26:3	εἰς	PREP	PREP	1519	εἰς	εἰς	
Matt 26:3	τὴν	T-ASF	T-ASF	3588	ὁ	τήν	
Matt 26:3	αὐλὴν	N-ASF	N-ASF	833	αὐλή	αὐλήν	
Matt 26:3	τοῦ	T-GSM	T-GSM	3588	ὁ	τοῦ	
Matt 26:3	ἀρχιερέως	N-GSM	N-GSM	749	ἀρχιερεύς	ἀρχιερέως	
Matt 26:3	τοῦ	T-GSM	T-GSM	3588	ὁ	τοῦ	
Matt 26:3	λεγομένου	V-PPP-GSM	V-PEP-GSM	3004&5746	λέγω	λεγομένου	
Matt 26:3	Καϊάφα,	N-GSM	N-GSM	2533	Καϊάφας	Καϊάφα	
Matt 26:4	καὶ	CONJ	CONJ	2532	καί	καί	
Matt 26:4	συνεβουλεύσαντο	V-AMI-3P	V-AMI-3P	4823&5668	συμβουλεύω	συνεβουλεύσαντο	
Matt 26:4	ἵνα	CONJ	CONJ	2443	ἵνα	ἵνα	
Matt 26:4	τὸν	T-ASM	T-ASM	3588	ὁ	τόν	
Matt 26:4	Ἰησοῦν	N-ASM	N-ASM	2424	Ἰησοῦς	Ἰησοῦν	
Matt 26:4	δόλῳ	N-DSM	N-DSM	1388	δόλος	δόλῳ	
Matt 26:4	κρατήσωσιν	V-AAS-3P	V-AAS-3P	2902&5661	κρατέω	κρατήσωσιν	
Matt 26:4	καὶ	CONJ	CONJ	2532	καί	καί	
Matt 26:4	ἀποκτείνωσιν·	V-AAS-3P	V-AAS-3P	615&5661	ἀποκτείνω	ἀποκτείνωσιν	
Matt 26:5	ἔλεγον	V-IAI-3P	V-IAI-3P	3004&5707	λέγω	ἔλεγον	
Matt 26:5	δέ	CONJ	CONJ	1161	δέ	δέ	
Matt 26:5	Μὴ	PRT-N	PRT-N	3361	μή	Μή	
Matt 26:5	ἐν	PREP	PREP	1722	ἐν	ἐν	
Matt 26:5	τῇ	T-DSF	T-DSF	3588	ὁ	τῇ	
Matt 26:5	ἑορτῇ,	N-DSF	N-DSF	1859	ἑορτή	ἑορτῇ	
Matt 26:5	ἵνα	CONJ	CONJ	2443	ἵνα	ἵνα	
Matt 26:5	μὴ	PRT-N	PRT-N	3361	μή	μή	
Matt 26:5	θόρυβος	N-NSM	N-NSM	2351	θόρυβος	θόρυβος	
Matt 26:5	γένηται	V-2ADS-3S	V-2ADS-3S	1096&5638	γίνομαι	γένηται	
Matt 26:5	ἐν	PREP	PREP	1722	ἐν	ἐν	
Matt 26:5	τῷ	T-DSM	T-DSM	3588	ὁ	τῷ	
Matt 26:5	λαῷ.	N-DSM	N-DSM	2992	λαός	λαῷ	
Matt 26:6	Τοῦ	T-GSM	T-GSM	3588	ὁ	Τοῦ	
Matt 26:6	δὲ	CONJ	CONJ	1161	δέ	δέ	
Matt 26:6	Ἰησοῦ	N-GSM	N-GSM	2424	Ἰησοῦς	Ἰησοῦ	
Matt 26:6	γενομένου	V-2ADP-GSM	V-2ADP-GSM	1096&5637	γίνομαι	γενομένου	
Matt 26:6	ἐν	PREP	PREP	1722	ἐν	ἐν	
Matt 26:6	Βηθανίᾳ	N-DSF	N-DSF	963	Βηθανία	Βηθανίᾳ	
Matt 26:6	ἐν	PREP	PREP	1722	ἐν	ἐν	
Matt 26:6	οἰκίᾳ	N-DSF	N-DSF	3614	οἰκία	οἰκίᾳ	
Matt 26:6	Σίμωνος	N-GSM	N-GSM	4613	Σίμων	Σίμωνος	
Matt 26:6	τοῦ	T-GSM	T-GSM	3588	ὁ	τοῦ	
Matt 26:6	λεπροῦ,	A-GSM	A-GSM	3015	λεπρός	λεπροῦ	
Matt 26:7	προσῆλθεν	V-2AAI-3S	V-2AAI-3S	4334&5627	προσέρχομαι	προσῆλθεν	
Matt 26:7	αὐτῷ	P-DSM	P-DSM	846	αὐτός	αὐτῷ	
Matt 26:7	γυνὴ	N-NSF	N-NSF	1135	γυνή	γυνή	
Matt 26:7	ἔχουσα	V-PAP-NSF	V-PAP-NSF	2192&5723	ἔχω	ἔχουσα	
Matt 26:7	ἀλάβαστρον	N-ASN	N-ASN	211	ἀλάβαστρος	ἀλάβαστρον	
Matt 26:7	μύρου	N-GSN	N-GSN	3464	μύρον	μύρου	
Matt 26:7	βαρυτίμου	A-GSN	A-GSN	927	βαρύτιμος	βαρυτίμου	
Matt 26:7	καὶ	CONJ	CONJ	2532	καί	καί	
Matt 26:7	κατέχεεν	V-AAI-3S	V-AAI-3S	2708&5656	καταχέω	κατέχεεν	
Matt 26:7	ἐπὶ	PREP	PREP	1909	ἐπί	ἐπί	
Matt 26:7	τῆς	T-GSF	T-GSF	3588	ὁ	τῆς	
Matt 26:7	κεφαλῆς	N-GSF	N-GSF	2776	κεφαλή	κεφαλῆς	
Matt 26:7	αὐτοῦ	P-GSM	P-GSM	846	αὐτός	αὐτοῦ	
Matt 26:7	ἀνακειμένου.	V-PNP-GSM	V-PNP-GSM	345&5740	ἀνάκειμαι	ἀνακειμένου	
Matt 26:8	ἰδόντες	V-2AAP-NPM	V-2AAP-NPM	3708&5631	ὁράω	ἰδόντες	
Matt 26:8	δὲ	CONJ	CONJ	1161	δέ	δέ	
Matt 26:8	οἱ	T-NPM	T-NPM	3588	ὁ	οἱ	
Matt 26:8	μαθηταὶ	N-NPM	N-NPM	3101	μαθητής	μαθηταί	
Matt 26:8	ἠγανάκτησαν	V-AAI-3P	V-AAI-3P	23&5656	ἀγανακτέω	ἠγανάκτησαν	
Matt 26:8	λέγοντες	V-PAP-NPM	V-PAP-NPM	3004&5723	λέγω	λέγοντες	
Matt 26:8	Εἰς	PREP	PREP	1519	εἰς	Εἰς	
Matt 26:8	τί	I-ASN	I-ASN	5101	τίς	τί	
Matt 26:8	ἡ	T-NSF	T-NSF	3588	ὁ	ἡ	
Matt 26:8	ἀπώλεια	N-NSF	N-NSF	684	ἀπώλεια	ἀπώλεια	
Matt 26:8	αὕτη;	D-NSF	D-NSF	3778	οὗτος	αὕτη	
Matt 26:9	ἐδύνατο	V-INI-3S	V-INI-3S	1410&5711	δύναμαι	ἐδύνατο	
Matt 26:9	γὰρ	CONJ	CONJ	1063	γάρ	γάρ	
Matt 26:9	τοῦτο	D-NSN	D-NSN	3778	οὗτος	τοῦτο	
Matt 26:9	πραθῆναι	V-APN	V-APN	4097&5683	πιπράσκω	πραθῆναι	
Matt 26:9	πολλοῦ	A-GSN	A-GSN	4183	πολύς	πολλοῦ	
Matt 26:9	καὶ	CONJ	CONJ	2532	καί	καί	
Matt 26:9	δοθῆναι	V-APN	V-APN	1325&5683	δίδωμι	δοθῆναι	
Matt 26:9	πτωχοῖς.	A-DPM	A-DPM	4434	πτωχός	πτωχοῖς	
Matt 26:10	γνοὺς	V-2AAP-NSM	V-2AAP-NSM	1097&5631	γινώσκω	γνούς	
Matt 26:10	δὲ	CONJ	CONJ	1161	δέ	δέ	
Matt 26:10	ὁ	T-NSM	T-NSM	3588	ὁ	ὁ	
Matt 26:10	Ἰησοῦς	N-NSM	N-NSM	2424	Ἰησοῦς	Ἰησοῦς	
Matt 26:10	εἶπεν	V-2AAI-3S	V-2AAI-3S	3004&5627	λέγω	εἶπεν	
Matt 26:10	αὐτοῖς	P-DPM	P-DPM	846	αὐτός	αὐτοῖς	
Matt 26:10	Τί	I-ASN	I-ASN	5101	τίς	Τί	
Matt 26:10	κόπους	N-APM	N-APM	2873	κόπος	κόπους	
Matt 26:10	παρέχετε	V-PAI-2P	V-PAI-2P	3930&5719	παρέχω	παρέχετε	
Matt 26:10	τῇ	T-DSF	T-DSF	3588	ὁ	τῇ	
Matt 26:10	γυναικί;	N-DSF	N-DSF	1135	γυνή	γυναικί	
Matt 26:10	ἔργον	N-ASN	N-ASN	2041	ἔργον	ἔργον	
Matt 26:10	γὰρ	CONJ	CONJ	1063	γάρ	γάρ	
Matt 26:10	καλὸν	A-ASN	A-ASN	2570	καλός	καλόν	
Matt 26:10	ἠργάσατο	V-ADI-3S	V-ADI-3S	2038&5662	ἐργάζομαι	ἠργάσατο	
Matt 26:10	εἰς	PREP	PREP	1519	εἰς	εἰς	
Matt 26:10	ἐμέ·	P-1AS	P-1AS	1473	ἐγώ	ἐμέ	
Matt 26:11	πάντοτε	ADV	ADV	3842	πάντοτε	πάντοτε	
Matt 26:11	γὰρ	CONJ	CONJ	1063	γάρ	γάρ	
Matt 26:11	τοὺς	T-APM	T-APM	3588	ὁ	τούς	
Matt 26:11	πτωχοὺς	A-APM	A-APM	4434	πτωχός	πτωχούς	
Matt 26:11	ἔχετε	V-PAI-2P	V-PAI-2P	2192&5719	ἔχω	ἔχετε	
Matt 26:11	μεθ’	PREP	PREP	3326	μετά	μεθ’	
Matt 26:11	ἑαυτῶν,	F-2GPM	F-2GPM	1438	ἑαυτοῦ	ἑαυτῶν	
Matt 26:11	ἐμὲ	P-1AS	P-1AS	1473	ἐγώ	ἐμέ	
Matt 26:11	δὲ	CONJ	CONJ	1161	δέ	δέ	
Matt 26:11	οὐ	PRT-N	PRT-N	3756	οὐ	οὐ	
Matt 26:11	πάντοτε	ADV	ADV	3842	πάντοτε	πάντοτε	
Matt 26:11	ἔχετε·	V-PAI-2P	V-PAI-2P	2192&5719	ἔχω	ἔχετε	
Matt 26:12	βαλοῦσα	V-2AAP-NSF	V-2AAP-NSF	906&5631	βάλλω	βαλοῦσα	
Matt 26:12	γὰρ	CONJ	CONJ	1063	γάρ	γάρ	
Matt 26:12	αὕτη	D-NSF	D-NSF	3778	οὗτος	αὕτη	
Matt 26:12	τὸ	T-ASN	T-ASN	3588	ὁ	τό	
Matt 26:12	μύρον	N-ASN	N-ASN	3464	μύρον	μύρον	
Matt 26:12	τοῦτο	D-ASN	D-ASN	3778	οὗτος	τοῦτο	
Matt 26:12	ἐπὶ	PREP	PREP	1909	ἐπί	ἐπί	
Matt 26:12	τοῦ	T-GSN	T-GSN	3588	ὁ	τοῦ	
Matt 26:12	σώματός	N-GSN	N-GSN	4983	σῶμα	σώματος	
Matt 26:12	μου	P-1GS	P-1GS	1473	ἐγώ	μου	
Matt 26:12	πρὸς	PREP	PREP	4314	πρός	πρός	
Matt 26:12	τὸ	T-ASN	T-ASN	3588	ὁ	τό	
Matt 26:12	ἐνταφιάσαι	V-AAN	V-AAN	1779&5658	ἐνταφιάζω	ἐνταφιάσαι	
Matt 26:12	με	P-1AS	P-1AS	1473	ἐγώ	με	
Matt 26:12	ἐποίησεν.	V-AAI-3S	V-AAI-3S	4160&5656	ποιέω	ἐποίησεν	
Matt 26:13	ἀμὴν	HEB	HEB	281	ἀμήν	ἀμήν	
Matt 26:13	λέγω	V-PAI-1S	V-PAI-1S	3004&5719	λέγω	λέγω	
Matt 26:13	ὑμῖν,	P-2DP	P-2DP	4771	σύ	ὑμῖν	
Matt 26:13	ὅπου	ADV	ADV	3699	ὅπου	ὅπου	
Matt 26:13	ἐὰν	COND	COND	1437	ἐάν	ἐάν	
Matt 26:13	κηρυχθῇ	V-APS-3S	V-APS-3S	2784&5686	κηρύσσω	κηρυχθῇ	
Matt 26:13	τὸ	T-NSN	T-NSN	3588	ὁ	τό	
Matt 26:13	εὐαγγέλιον	N-NSN	N-NSN	2098	εὐαγγέλιον	εὐαγγέλιον	
Matt 26:13	τοῦτο	D-NSN	D-NSN	3778	οὗτος	τοῦτο	
Matt 26:13	ἐν	PREP	PREP	1722	ἐν	ἐν	
Matt 26:13	ὅλῳ	A-DSM	A-DSM	3650	ὅλος	ὅλῳ	
Matt 26:13	τῷ	T-DSM	T-DSM	3588	ὁ	τῷ	
Matt 26:13	κόσμῳ,	N-DSM	N-DSM	2889	κόσμος	κόσμῳ	
Matt 26:13	λαληθήσεται	V-FPI-3S	V-FPI-3S	2980&5701	λαλέω	λαληθήσεται	
Matt 26:13	καὶ	CONJ	CONJ	2532	καί	καί	
Matt 26:13	ὃ	R-ASN	R-ASN	3739	ὅς	ὅ	
Matt 26:13	ἐποίησεν	V-AAI-3S	V-AAI-3S	4160&5656	ποιέω	ἐποίησεν	
Matt 26:13	αὕτη	D-NSF	D-NSF	3778	οὗτος	αὕτη	
Matt 26:13	εἰς	PREP	PREP	1519	εἰς	εἰς	
Matt 26:13	μνημόσυνον	N-ASN	N-ASN	3422	μνημόσυνον	μνημόσυνον	
Matt 26:13	αὐτῆς.	P-GSF	P-GSF	846	αὐτός	αὐτῆς	
Matt 26:14	Τότε	ADV	ADV	5119	τότε	Τότε	
Matt 26:14	πορευθεὶς	V-AOP-NSM	V-AOP-NSM	4198&5679	πορεύομαι	πορευθείς	
Matt 26:14	εἷς	A-NSM	A-NSM	1520	εἷς	εἷς	
Matt 26:14	τῶν	T-GPM	T-GPM	3588	ὁ	τῶν	
Matt 26:14	δώδεκα,	A-NUI	A-NUI	1427	δώδεκα	δώδεκα	
Matt 26:14	ὁ	T-NSM	T-NSM	3588	ὁ	ὁ	
Matt 26:14	λεγόμενος	V-PPP-NSM	V-PEP-NSM	3004&5746	λέγω	λεγόμενος	
Matt 26:14	Ἰούδας	N-NSM	N-NSM	2455	Ἰούδας	Ἰούδας	
Matt 26:14	Ἰσκαριώτης,	N-NSM	N-NSM	2469	Ἰσκαριώθ	Ἰσκαριώτης	
Matt 26:14	πρὸς	PREP	PREP	4314	πρός	πρός	
Matt 26:14	τοὺς	T-APM	T-APM	3588	ὁ	τούς	
Matt 26:14	ἀρχιερεῖς	N-APM	N-APM	749	ἀρχιερεύς	ἀρχιερεῖς	
Matt 26:15	εἶπεν	V-2AAI-3S	V-2AAI-3S	3004&5627	λέγω	εἶπεν	
Matt 26:15	Τί	I-ASN	I-ASN	5101	τίς	Τί	
Matt 26:15	θέλετέ	V-PAI-2P	V-PAI-2P	2309&5719	θέλω	θέλετε	
Matt 26:15	μοι	P-1DS	P-1DS	1473	ἐγώ	μοι	
Matt 26:15	δοῦναι,	V-2AAN	V-2AAN	1325&5629	δίδωμι	δοῦναι	
Matt 26:15	κἀγὼ	P-1NS-K	P-1NS-K	2504	κἀγώ	κἀγώ	
Matt 26:15	ὑμῖν	P-2DP	P-2DP	4771	σύ	ὑμῖν	
Matt 26:15	παραδώσω	V-FAI-1S	V-FAI-1S	3860&5692	παραδίδωμι	παραδώσω	
Matt 26:15	αὐτόν;	P-ASM	P-ASM	846	αὐτός	αὐτόν	
Matt 26:15	οἱ	T-NPM	T-NPM	3588	ὁ	οἱ	
Matt 26:15	δὲ	CONJ	CONJ	1161	δέ	δέ	
Matt 26:15	ἔστησαν	V-AAI-3P	V-AAI-3P	2476&5656	ἵστημι	ἔστησαν	
Matt 26:15	αὐτῷ	P-DSM	P-DSM	846	αὐτός	αὐτῷ	
Matt 26:15	τριάκοντα	A-NUI	A-NUI	5144	τριάκοντα	τριάκοντα	
Matt 26:15	ἀργύρια.	N-APN	N-APN	694	ἀργύριον	ἀργύρια	
Matt 26:16	καὶ	CONJ	CONJ	2532	καί	καί	
Matt 26:16	ἀπὸ	PREP	PREP	575	ἀπό	ἀπό	
Matt 26:16	τότε	ADV	ADV	5119	τότε	τότε	
Matt 26:16	ἐζήτει	V-IAI-3S	V-IAI-3S	2212&5707	ζητέω	ἐζήτει	
Matt 26:16	εὐκαιρίαν	N-ASF	N-ASF	2120	εὐκαιρία	εὐκαιρίαν	
Matt 26:16	ἵνα	CONJ	CONJ	2443	ἵνα	ἵνα	
Matt 26:16	αὐτὸν	P-ASM	P-ASM	846	αὐτός	αὐτόν	
Matt 26:16	παραδῷ.	V-2AAS-3S	V-2AAS-3S	3860&5632	παραδίδωμι	παραδῷ	
Matt 26:17	Τῇ	T-DSF	T-DSF	3588	ὁ	Τῇ	
Matt 26:17	δὲ	CONJ	CONJ	1161	δέ	δέ	
Matt 26:17	πρώτῃ	A-DSF-S	A-DSF-S	4413	πρῶτος	πρώτῃ	
Matt 26:17	τῶν	T-GPN	T-GPN	3588	ὁ	τῶν	
Matt 26:17	ἀζύμων	A-GPN	A-GPN	106	ἄζυμος	ἀζύμων	
Matt 26:17	προσῆλθον	V-2AAI-3P	V-2AAI-3P	4334&5627	προσέρχομαι	προσῆλθον	
Matt 26:17	οἱ	T-NPM	T-NPM	3588	ὁ	οἱ	
Matt 26:17	μαθηταὶ	N-NPM	N-NPM	3101	μαθητής	μαθηταί	
Matt 26:17	τῷ	T-DSM	T-DSM	3588	ὁ	τῷ	
Matt 26:17	Ἰησοῦ	N-DSM	N-DSM	2424	Ἰησοῦς	Ἰησοῦ	
Matt 26:17	λέγοντες	V-PAP-NPM	V-PAP-NPM	3004&5723	λέγω	λέγοντες	
Matt 26:17	Ποῦ	ADV-I	ADV-I	4226	ποῦ	Ποῦ	
Matt 26:17	θέλεις	V-PAI-2S	V-PAI-2S	2309&5719	θέλω	θέλεις	
Matt 26:17	ἑτοιμάσωμέν	V-AAS-1P	V-AAS-1P	2090&5661	ἑτοιμάζω	ἑτοιμάσωμεν	
Matt 26:17	σοι	P-2DS	P-2DS	4771	σύ	σοι	
Matt 26:17	φαγεῖν	V-2AAN	V-2AAN	5315&5629	ἐσθίω	φαγεῖν	
Matt 26:17	τὸ	T-ASN	T-ASN	3588	ὁ	τό	
Matt 26:17	πάσχα;	ARAM	ARAM	3957	πάσχα	πάσχα	
Matt 26:18	ὁ	T-NSM	T-NSM	3588	ὁ	ὁ	
Matt 26:18	δὲ	CONJ	CONJ	1161	δέ	δέ	
Matt 26:18	εἶπεν	V-2AAI-3S	V-2AAI-3S	3004&5627	λέγω	εἶπεν	
Matt 26:18	Ὑπάγετε	V-PAM-2P	V-PAM-2P	5217&5720	ὑπάγω	Ὑπάγετε	
Matt 26:18	εἰς	PREP	PREP	1519	εἰς	εἰς	
Matt 26:18	τὴν	T-ASF	T-ASF	3588	ὁ	τήν	
Matt 26:18	πόλιν	N-ASF	N-ASF	4172	πόλις	πόλιν	
Matt 26:18	πρὸς	PREP	PREP	4314	πρός	πρός	
Matt 26:18	τὸν	T-ASM	T-ASM	3588	ὁ	τόν	
Matt 26:18	δεῖνα	X-ASM	X-ASM	1170	δεῖνα	δεῖνα	
Matt 26:18	καὶ	CONJ	CONJ	2532	καί	καί	
Matt 26:18	εἴπατε	V-2AAM-2P	V-2AAM-2P	3004&5628	λέγω	εἴπατε	
Matt 26:18	αὐτῷ	P-DSM	P-DSM	846	αὐτός	αὐτῷ	
Matt 26:18	Ὁ	T-NSM	T-NSM	3588	ὁ	Ὁ	
Matt 26:18	Διδάσκαλος	N-NSM	N-NSM	1320	διδάσκαλος	Διδάσκαλος	
Matt 26:18	λέγει	V-PAI-3S	V-PAI-3S	3004&5719	λέγω	λέγει	
Matt 26:18	Ὁ	T-NSM	T-NSM	3588	ὁ	Ὁ	
Matt 26:18	καιρός	N-NSM	N-NSM	2540	καιρός	καιρός	
Matt 26:18	μου	P-1GS	P-1GS	1473	ἐγώ	μου	
Matt 26:18	ἐγγύς	ADV	ADV	1451	ἐγγύς	ἐγγύς	
Matt 26:18	ἐστιν·	V-PAI-3S	V-PAI-3S	1510&5719	εἰμί	ἐστιν	
Matt 26:18	πρὸς	PREP	PREP	4314	πρός	πρός	
Matt 26:18	σὲ	P-2AS	P-2AS	4771	σύ	σέ	
Matt 26:18	ποιῶ	V-PAI-1S	V-PAI-1S	4160&5719	ποιέω	ποιῶ	
Matt 26:18	τὸ	T-ASN	T-ASN	3588	ὁ	τό	
Matt 26:18	πάσχα	ARAM	ARAM	3957	πάσχα	πάσχα	
Matt 26:18	μετὰ	PREP	PREP	3326	μετά	μετά	
Matt 26:18	τῶν	T-GPM	T-GPM	3588	ὁ	τῶν	
Matt 26:18	μαθητῶν	N-GPM	N-GPM	3101	μαθητής	μαθητῶν	
Matt 26:18	μου.	P-1GS	P-1GS	1473	ἐγώ	μου	
Matt 26:19	καὶ	CONJ	CONJ	2532	καί	καί	
Matt 26:19	ἐποίησαν	V-AAI-3P	V-AAI-3P	4160&5656	ποιέω	ἐποίησαν	
Matt 26:19	οἱ	T-NPM	T-NPM	3588	ὁ	οἱ	
Matt 26:19	μαθηταὶ	N-NPM	N-NPM	3101	μαθητής	μαθηταί	
Matt 26:19	ὡς	ADV	ADV	5613	ὡς	ὡς	
Matt 26:19	συνέταξεν	V-AAI-3S	V-AAI-3S	4929&5656	συντάσσω	συνέταξεν	
Matt 26:19	αὐτοῖς	P-DPM	P-DPM	846	αὐτός	αὐτοῖς	
Matt 26:19	ὁ	T-NSM	T-NSM	3588	ὁ	ὁ	
Matt 26:19	Ἰησοῦς,	N-NSM	N-NSM	2424	Ἰησοῦς	Ἰησοῦς	
Matt 26:19	καὶ	CONJ	CONJ	2532	καί	καί	
Matt 26:19	ἡτοίμασαν	V-AAI-3P	V-AAI-3P	2090&5656	ἑτοιμάζω	ἡτοίμασαν	
Matt 26:19	τὸ	T-ASN	T-ASN	3588	ὁ	τό	
Matt 26:19	πάσχα.	ARAM	ARAM	3957	πάσχα	πάσχα	
Matt 26:20	Ὀψίας	A-GSF	A-GSF	3798	ὄψιος	Ὀψίας	
Matt 26:20	δὲ	CONJ	CONJ	1161	δέ	δέ	
Matt 26:20	γενομένης	V-2ADP-GSF	V-2ADP-GSF	1096&5637	γίνομαι	γενομένης	
Matt 26:20	ἀνέκειτο	V-INI-3S	V-INI-3S	345&5711	ἀνάκειμαι	ἀνέκειτο	
Matt 26:20	μετὰ	PREP	PREP	3326	μετά	μετά	
Matt 26:20	τῶν	T-GPM	T-GPM	3588	ὁ	τῶν	
Matt 26:20	δώδεκα	A-NUI	A-NUI	1427	δώδεκα	δώδεκα	
Matt 26:20	μαθητῶν	N-GPM	N-GPM	3101	μαθητής	μαθητῶν	
Matt 26:21	καὶ	CONJ	CONJ	2532	καί	καί	
Matt 26:21	ἐσθιόντων	V-PAP-GPM	V-PAP-GPM	2068&5723	ἐσθίω	ἐσθιόντων	
Matt 26:21	αὐτῶν	P-GPM	P-GPM	846	αὐτός	αὐτῶν	
Matt 26:21	εἶπεν	V-2AAI-3S	V-2AAI-3S	3004&5627	λέγω	εἶπεν	
Matt 26:21	Ἀμὴν	HEB	HEB	281	ἀμήν	Ἀμήν	
Matt 26:21	λέγω	V-PAI-1S	V-PAI-1S	3004&5719	λέγω	λέγω	
Matt 26:21	ὑμῖν	P-2DP	P-2DP	4771	σύ	ὑμῖν	
Matt 26:21	ὅτι	CONJ	CONJ	3754	ὅτι	ὅτι	
Matt 26:21	εἷς	A-NSM	A-NSM	1520	εἷς	εἷς	
Matt 26:21	ἐξ	PREP	PREP	1537	ἐκ	ἐξ	
Matt 26:21	ὑμῶν	P-2GP	P-2GP	4771	σύ	ὑμῶν	
Matt 26:21	παραδώσει	V-FAI-3S	V-FAI-3S	3860&5692	παραδίδωμι	παραδώσει	
Matt 26:21	με.	P-1AS	P-1AS	1473	ἐγώ	με	
Matt 26:22	καὶ	CONJ	CONJ	2532	καί	καί	
Matt 26:22	λυπούμενοι	V-PPP-NPM	V-PEP-NPM	3076&5746	λυπέω	λυπούμενοι	
Matt 26:22	σφόδρα	ADV	ADV	4970	σφόδρα	σφόδρα	
Matt 26:22	ἤρξαντο	V-AMI-3P	V-AMI-3P	756&5668	ἄρχω	ἤρξαντο	
Matt 26:22	λέγειν	V-PAN	V-PAN	3004&5721	λέγω	λέγειν	
Matt 26:22	αὐτῷ	P-DSM	P-DSM	846	αὐτός	αὐτῷ	
Matt 26:22	εἷς	A-NSM	A-NSM	1520	εἷς	εἷς	
Matt 26:22	ἕκαστος	A-NSM	A-NSM	1538	ἕκαστος	ἕκαστος	
Matt 26:22	Μήτι	PRT-I	PRT-I	3385	μήτι	Μήτι	
Matt 26:22	ἐγώ	P-1NS	P-1NS	1473	ἐγώ	ἐγώ	
Matt 26:22	εἰμι,	V-PAI-1S	V-PAI-1S	1510&5719	εἰμί	εἰμι	
Matt 26:22	Κύριε;	N-VSM	N-VSM	2962	κύριος	Κύριε	
Matt 26:23	ὁ	T-NSM	T-NSM	3588	ὁ	ὁ	
Matt 26:23	δὲ	CONJ	CONJ	1161	δέ	δέ	
Matt 26:23	ἀποκριθεὶς	V-AOP-NSM	V-AOP-NSM	611&5679	ἀποκρίνομαι	ἀποκριθείς	
Matt 26:23	εἶπεν	V-2AAI-3S	V-2AAI-3S	3004&5627	λέγω	εἶπεν	
Matt 26:23	Ὁ	T-NSM	T-NSM	3588	ὁ	Ὁ	
Matt 26:23	ἐμβάψας	V-AAP-NSM	V-AAP-NSM	1686&5660	ἐμβάπτω	ἐμβάψας	
Matt 26:23	μετ’	PREP	PREP	3326	μετά	μετ’	
Matt 26:23	ἐμοῦ	P-1GS	P-1GS	1473	ἐγώ	ἐμοῦ	
Matt 26:23	τὴν	T-ASF	T-ASF	3588	ὁ	τήν	
Matt 26:23	χεῖρα	N-ASF	N-ASF	5495	χείρ	χεῖρα	
Matt 26:23	ἐν	PREP	PREP	1722	ἐν	ἐν	
Matt 26:23	τῷ	T-DSN	T-DSN	3588	ὁ	τῷ	
Matt 26:23	τρυβλίῳ,	N-DSN	N-DSN	5165	τρύβλιον	τρυβλίῳ	
Matt 26:23	οὗτός	D-NSM	D-NSM	3778	οὗτος	οὗτος	
Matt 26:23	με	P-1AS	P-1AS	1473	ἐγώ	με	
Matt 26:23	παραδώσει.	V-FAI-3S	V-FAI-3S	3860&5692	παραδίδωμι	παραδώσει	
Matt 26:24	ὁ	T-NSM	T-NSM	3588	ὁ	ὁ	
Matt 26:24	μὲν	PRT	PRT	3303	μέν	μέν	
Matt 26:24	Υἱὸς	N-NSM	N-NSM	5207	υἱός	Υἱός	
Matt 26:24	τοῦ	T-GSM	T-GSM	3588	ὁ	τοῦ	
Matt 26:24	ἀνθρώπου	N-GSM	N-GSM	444	ἄνθρωπος	ἀνθρώπου	
Matt 26:24	ὑπάγει	V-PAI-3S	V-PAI-3S	5217&5719	ὑπάγω	ὑπάγει	
Matt 26:24	καθὼς	ADV	ADV	2531	καθώς	καθώς	
Matt 26:24	γέγραπται	V-RPI-3S	V-RPI-3S	1125&5769	γράφω	γέγραπται	
Matt 26:24	περὶ	PREP	PREP	4012	περί	περί	
Matt 26:24	αὐτοῦ,	P-GSM	P-GSM	846	αὐτός	αὐτοῦ	
Matt 26:24	οὐαὶ	INJ	INJ	3759	οὐαί	οὐαί	
Matt 26:24	δὲ	CONJ	CONJ	1161	δέ	δέ	
Matt 26:24	τῷ	T-DSM	T-DSM	3588	ὁ	τῷ	
Matt 26:24	ἀνθρώπῳ	N-DSM	N-DSM	444	ἄνθρωπος	ἀνθρώπῳ	
Matt 26:24	ἐκείνῳ	D-DSM	D-DSM	1565	ἐκεῖνος	ἐκείνῳ	
Matt 26:24	δι’	PREP	PREP	1223	διά	δι’	
Matt 26:24	οὗ	R-GSM	R-GSM	3739	ὅς	οὗ	
Matt 26:24	ὁ	T-NSM	T-NSM	3588	ὁ	ὁ	
Matt 26:24	Υἱὸς	N-NSM	N-NSM	5207	υἱός	Υἱός	
Matt 26:24	τοῦ	T-GSM	T-GSM	3588	ὁ	τοῦ	
Matt 26:24	ἀνθρώπου	N-GSM	N-GSM	444	ἄνθρωπος	ἀνθρώπου	
Matt 26:24	παραδίδοται·	V-PPI-3S	V-PEI-3S	3860&5743	παραδίδωμι	παραδίδοται	
Matt 26:24	καλὸν	A-NSN	A-NSN	2570	καλός	καλόν	
Matt 26:24	ἦν	V-IAI-3S	V-IAI-3S	1510&5707	εἰμί	ἦν	
Matt 26:24	αὐτῷ	P-DSM	P-DSM	846	αὐτός	αὐτῷ	
Matt 26:24	εἰ	COND	COND	1487	εἰ	εἰ	
Matt 26:24	οὐκ	PRT-N	PRT-N	3756	οὐ	οὐκ	
Matt 26:24	ἐγεννήθη	V-API-3S	V-API-3S	1080&5681	γεννάω	ἐγεννήθη	
Matt 26:24	ὁ	T-NSM	T-NSM	3588	ὁ	ὁ	
Matt 26:24	ἄνθρωπος	N-NSM	N-NSM	444	ἄνθρωπος	ἄνθρωπος	
Matt 26:24	ἐκεῖνος.	D-NSM	D-NSM	1565	ἐκεῖνος	ἐκεῖνος	
Matt 26:25	ἀποκριθεὶς	V-AOP-NSM	V-AOP-NSM	611&5679	ἀποκρίνομαι	ἀποκριθείς	
Matt 26:25	δὲ	CONJ	CONJ	1161	δέ	δέ	
Matt 26:25	Ἰούδας	N-NSM	N-NSM	2455	Ἰούδας	Ἰούδας	
Matt 26:25	ὁ	T-NSM	T-NSM	3588	ὁ	ὁ	
Matt 26:25	παραδιδοὺς	V-PAP-NSM	V-PAP-NSM	3860&5723	παραδίδωμι	παραδιδούς	
Matt 26:25	αὐτὸν	P-ASM	P-ASM	846	αὐτός	αὐτόν	
Matt 26:25	εἶπεν	V-2AAI-3S	V-2AAI-3S	3004&5627	λέγω	εἶπεν	
Matt 26:25	Μήτι	PRT-I	PRT-I	3385	μήτι	Μήτι	
Matt 26:25	ἐγώ	P-1NS	P-1NS	1473	ἐγώ	ἐγώ	
Matt 26:25	εἰμι,	V-PAI-1S	V-PAI-1S	1510&5719	εἰμί	εἰμι	
Matt 26:25	Ῥαββεί;	HEB	HEB	4461	ῥαββί	Ῥαββεί	
Matt 26:25	λέγει	V-PAI-3S	V-PAI-3S	3004&5719	λέγω	λέγει	
Matt 26:25	αὐτῷ	P-DSM	P-DSM	846	αὐτός	αὐτῷ	
Matt 26:25	Σὺ	P-2NS	P-2NS	4771	σύ	Σύ	
Matt 26:25	εἶπας.	V-2AAI-2S	V-2AAI-2S	3004&5627	λέγω	εἶπας	
Matt 26:26	Ἐσθιόντων	V-PAP-GPM	V-PAP-GPM	2068&5723	ἐσθίω	Ἐσθιόντων	
Matt 26:26	δὲ	CONJ	CONJ	1161	δέ	δέ	
Matt 26:26	αὐτῶν	P-GPM	P-GPM	846	αὐτός	αὐτῶν	
Matt 26:26	λαβὼν	V-2AAP-NSM	V-2AAP-NSM	2983&5631	λαμβάνω	λαβών	
Matt 26:26	ὁ	T-NSM	T-NSM	3588	ὁ	ὁ	
Matt 26:26	Ἰησοῦς	N-NSM	N-NSM	2424	Ἰησοῦς	Ἰησοῦς	
Matt 26:26	ἄρτον	N-ASM	N-ASM	740	ἄρτος	ἄρτον	
Matt 26:26	καὶ	CONJ	CONJ	2532	καί	καί	
Matt 26:26	εὐλογήσας	V-AAP-NSM	V-AAP-NSM	2127&5660	εὐλογέω	εὐλογήσας	
Matt 26:26	ἔκλασεν	V-AAI-3S	V-AAI-3S	2806&5656	κλάω	ἔκλασεν	
Matt 26:26	καὶ	CONJ	CONJ	2532	καί	καί	
Matt 26:26	δοὺς	V-2AAP-NSM	V-2AAP-NSM	1325&5631	δίδωμι	δούς	
Matt 26:26	τοῖς	T-DPM	T-DPM	3588	ὁ	τοῖς	
Matt 26:26	μαθηταῖς	N-DPM	N-DPM	3101	μαθητής	μαθηταῖς	
Matt 26:26	εἶπεν	V-2AAI-3S	V-2AAI-3S	3004&5627	λέγω	εἶπεν	
Matt 26:26	Λάβετε	V-2AAM-2P	V-2AAM-2P	2983&5628	λαμβάνω	Λάβετε	
Matt 26:26	φάγετε·	V-2AAM-2P	V-2AAM-2P	5315&5628	ἐσθίω	φάγετε	
Matt 26:26	τοῦτό	D-NSN	D-NSN	3778	οὗτος	τοῦτο	
Matt 26:26	ἐστιν	V-PAI-3S	V-PAI-3S	1510&5719	εἰμί	ἐστιν	
Matt 26:26	τὸ	T-NSN	T-NSN	3588	ὁ	τό	
Matt 26:26	σῶμά	N-NSN	N-NSN	4983	σῶμα	σῶμα	
Matt 26:26	μου.	P-1GS	P-1GS	1473	ἐγώ	μου	
Matt 26:27	καὶ	CONJ	CONJ	2532	καί	καί	
Matt 26:27	λαβὼν	V-2AAP-NSM	V-2AAP-NSM	2983&5631	λαμβάνω	λαβών	
Matt 26:27	ποτήριον	N-ASN	N-ASN	4221	ποτήριον	ποτήριον	
Matt 26:27	καὶ	CONJ	CONJ	2532	καί	καί	
Matt 26:27	εὐχαριστήσας	V-AAP-NSM	V-AAP-NSM	2168&5660	εὐχαριστέω	εὐχαριστήσας	
Matt 26:27	ἔδωκεν	V-AAI-3S	V-AAI-3S	1325&5656	δίδωμι	ἔδωκεν	
Matt 26:27	αὐτοῖς	P-DPM	P-DPM	846	αὐτός	αὐτοῖς	
Matt 26:27	λέγων	V-PAP-NSM	V-PAP-NSM	3004&5723	λέγω	λέγων	
Matt 26:27	Πίετε	V-2AAM-2P	V-2AAM-2P	4095&5628	πίνω	Πίετε	
Matt 26:27	ἐξ	PREP	PREP	1537	ἐκ	ἐξ	
Matt 26:27	αὐτοῦ	P-GSN	P-GSN	846	αὐτός	αὐτοῦ	
Matt 26:27	πάντες·	A-NPM	A-NPM	3956	πᾶς	πάντες	
Matt 26:28	τοῦτο	D-NSN	D-NSN	3778	οὗτος	τοῦτο	
Matt 26:28	γάρ	CONJ	CONJ	1063	γάρ	γάρ	
Matt 26:28	ἐστιν	V-PAI-3S	V-PAI-3S	1510&5719	εἰμί	ἐστιν	
Matt 26:28	τὸ	T-NSN	T-NSN	3588	ὁ	τό	
Matt 26:28	αἷμά	N-NSN	N-NSN	129	αἷμα	αἷμα	
Matt 26:28	μου	P-1GS	P-1GS	1473	ἐγώ	μου	
Matt 26:28	τῆς	T-GSF	T-GSF	3588	ὁ	τῆς	
Matt 26:28	διαθήκης	N-GSF	N-GSF	1242	διαθήκη	διαθήκης	
Matt 26:28	τὸ	T-NSN	T-NSN	3588	ὁ	τό	
Matt 26:28	περὶ	PREP	PREP	4012	περί	περί	
Matt 26:28	πολλῶν	A-GPM	A-GPM	4183	πολύς	πολλῶν	
Matt 26:28	ἐκχυννόμενον	V-PPP-NSN	V-PEP-NSN	1632&5746	ἐκχέω	ἐκχυννόμενον	
Matt 26:28	εἰς	PREP	PREP	1519	εἰς	εἰς	
Matt 26:28	ἄφεσιν	N-ASF	N-ASF	859	ἄφεσις	ἄφεσιν	
Matt 26:28	ἁμαρτιῶν.	N-GPF	N-GPF	266	ἁμαρτία	ἁμαρτιῶν	
Matt 26:29	λέγω	V-PAI-1S	V-PAI-1S	3004&5719	λέγω	λέγω	
Matt 26:29	δὲ	CONJ	CONJ	1161	δέ	δέ	
Matt 26:29	ὑμῖν,	P-2DP	P-2DP	4771	σύ	ὑμῖν	
Matt 26:29	οὐ	PRT-N	PRT-N	3756	οὐ	οὐ	
Matt 26:29	μὴ	PRT-N	PRT-N	3361	μή	μή	
Matt 26:29	πίω	V-2AAS-1S	V-2AAS-1S	4095&5632	πίνω	πίω	
Matt 26:29	ἀπ’	PREP	PREP	575	ἀπό	ἀπ’	
Matt 26:29	ἄρτι	ADV	ADV	737	ἄρτι	ἄρτι	
Matt 26:29	ἐκ	PREP	PREP	1537	ἐκ	ἐκ	
Matt 26:29	τούτου	D-GSN	D-GSN	3778	οὗτος	τούτου	
Matt 26:29	τοῦ	T-GSN	T-GSN	3588	ὁ	τοῦ	
Matt 26:29	γενήματος	N-GSN	N-GSN	1081	γέννημα	γενήματος	
Matt 26:29	τῆς	T-GSF	T-GSF	3588	ὁ	τῆς	
Matt 26:29	ἀμπέλου	N-GSF	N-GSF	288	ἄμπελος	ἀμπέλου	
Matt 26:29	ἕως	ADV	ADV	2193	ἕως	ἕως	
Matt 26:29	τῆς	T-GSF	T-GSF	3588	ὁ	τῆς	
Matt 26:29	ἡμέρας	N-GSF	N-GSF	2250	ἡμέρα	ἡμέρας	
Matt 26:29	ἐκείνης	D-GSF	D-GSF	1565	ἐκεῖνος	ἐκείνης	
Matt 26:29	ὅταν	CONJ	CONJ	3752	ὅταν	ὅταν	
Matt 26:29	αὐτὸ	P-ASN	P-ASN	846	αὐτός	αὐτό	
Matt 26:29	πίνω	V-PAS-1S	V-PAS-1S	4095&5725	πίνω	πίνω	
Matt 26:29	μεθ’	PREP	PREP	3326	μετά	μεθ’	
Matt 26:29	ὑμῶν	P-2GP	P-2GP	4771	σύ	ὑμῶν	
Matt 26:29	καινὸν	A-ASN	A-ASN	2537	καινός	καινόν	
Matt 26:29	ἐν	PREP	PREP	1722	ἐν	ἐν	
Matt 26:29	τῇ	T-DSF	T-DSF	3588	ὁ	τῇ	
Matt 26:29	βασιλείᾳ	N-DSF	N-DSF	932	βασιλεία	βασιλείᾳ	
Matt 26:29	τοῦ	T-GSM	T-GSM	3588	ὁ	τοῦ	
Matt 26:29	Πατρός	N-GSM	N-GSM	3962	πατήρ	Πατρός	
Matt 26:29	μου.	P-1GS	P-1GS	1473	ἐγώ	μου	
Matt 26:30	Καὶ	CONJ	CONJ	2532	καί	Καί	
Matt 26:30	ὑμνήσαντες	V-AAP-NPM	V-AAP-NPM	5214&5660	ὑμνέω	ὑμνήσαντες	
Matt 26:30	ἐξῆλθον	V-2AAI-3P	V-2AAI-3P	1831&5627	ἐξέρχομαι	ἐξῆλθον	
Matt 26:30	εἰς	PREP	PREP	1519	εἰς	εἰς	
Matt 26:30	τὸ	T-ASN	T-ASN	3588	ὁ	τό	
Matt 26:30	ὄρος	N-ASN	N-ASN	3735	ὄρος	ὄρος	
Matt 26:30	τῶν	T-GPF	T-GPF	3588	ὁ	τῶν	
Matt 26:30	Ἐλαιῶν.	N-GPF	N-GPF	1636	ἐλαία	Ἐλαιῶν	
Matt 26:31	Τότε	ADV	ADV	5119	τότε	Τότε	
Matt 26:31	λέγει	V-PAI-3S	V-PAI-3S	3004&5719	λέγω	λέγει	
Matt 26:31	αὐτοῖς	P-DPM	P-DPM	846	αὐτός	αὐτοῖς	
Matt 26:31	ὁ	T-NSM	T-NSM	3588	ὁ	ὁ	
Matt 26:31	Ἰησοῦς	N-NSM	N-NSM	2424	Ἰησοῦς	Ἰησοῦς	
Matt 26:31	Πάντες	A-NPM	A-NPM	3956	πᾶς	Πάντες	
Matt 26:31	ὑμεῖς	P-2NP	P-2NP	4771	σύ	ὑμεῖς	
Matt 26:31	σκανδαλισθήσεσθε	V-FPI-2P	V-FPI-2P	4624&5701	σκανδαλίζω	σκανδαλισθήσεσθε	
Matt 26:31	ἐν	PREP	PREP	1722	ἐν	ἐν	
Matt 26:31	ἐμοὶ	P-1DS	P-1DS	1473	ἐγώ	ἐμοί	
Matt 26:31	ἐν	PREP	PREP	1722	ἐν	ἐν	
Matt 26:31	τῇ	T-DSF	T-DSF	3588	ὁ	τῇ	
Matt 26:31	νυκτὶ	N-DSF	N-DSF	3571	νύξ	νυκτί	
Matt 26:31	ταύτῃ·	D-DSF	D-DSF	3778	οὗτος	ταύτῃ	
Matt 26:31	γέγραπται	V-RPI-3S	V-RPI-3S	1125&5769	γράφω	γέγραπται	
Matt 26:31	γάρ	CONJ	CONJ	1063	γάρ	γάρ	
Matt 26:31	Πατάξω	V-FAI-1S	V-FAI-1S	3960&5692	πατάσσω	Πατάξω	
Matt 26:31	τὸν	T-ASM	T-ASM	3588	ὁ	τόν	
Matt 26:31	ποιμένα,	N-ASM	N-ASM	4166	ποιμήν	ποιμένα	
Matt 26:31	καὶ	CONJ	CONJ	2532	καί	καί	
Matt 26:31	διασκορπισθήσονται	V-FPI-3P	V-FPI-3P	1287&5701	διασκορπίζω	διασκορπισθήσονται	
Matt 26:31	τὰ	T-NPN	T-NPN	3588	ὁ	τά	
Matt 26:31	πρόβατα	N-NPN	N-NPN	4263	πρόβατον	πρόβατα	
Matt 26:31	τῆς	T-GSF	T-GSF	3588	ὁ	τῆς	
Matt 26:31	ποίμνης·	N-GSF	N-GSF	4167	ποίμνη	ποίμνης	
Matt 26:32	μετὰ	PREP	PREP	3326	μετά	μετά	
Matt 26:32	δὲ	CONJ	CONJ	1161	δέ	δέ	
Matt 26:32	τὸ	T-ASN	T-ASN	3588	ὁ	τό	
Matt 26:32	ἐγερθῆναί	V-APN	V-APN	1453&5683	ἐγείρω	ἐγερθῆναι	
Matt 26:32	με	P-1AS	P-1AS	1473	ἐγώ	με	
Matt 26:32	προάξω	V-FAI-1S	V-FAI-1S	4254&5692	προάγω	προάξω	
Matt 26:32	ὑμᾶς	P-2AP	P-2AP	4771	σύ	ὑμᾶς	
Matt 26:32	εἰς	PREP	PREP	1519	εἰς	εἰς	
Matt 26:32	τὴν	T-ASF	T-ASF	3588	ὁ	τήν	
Matt 26:32	Γαλιλαίαν.	N-ASF	N-ASF	1056	Γαλιλαία	Γαλιλαίαν	
Matt 26:33	ἀποκριθεὶς	V-AOP-NSM	V-AOP-NSM	611&5679	ἀποκρίνομαι	ἀποκριθείς	
Matt 26:33	δὲ	CONJ	CONJ	1161	δέ	δέ	
Matt 26:33	ὁ	T-NSM	T-NSM	3588	ὁ	ὁ	
Matt 26:33	Πέτρος	N-NSM	N-NSM	4074	Πέτρος	Πέτρος	
Matt 26:33	εἶπεν	V-2AAI-3S	V-2AAI-3S	3004&5627	λέγω	εἶπεν	
Matt 26:33	αὐτῷ	P-DSM	P-DSM	846	αὐτός	αὐτῷ	
Matt 26:33	Εἰ	COND	COND	1487	εἰ	Εἰ	
Matt 26:33	πάντες	A-NPM	A-NPM	3956	πᾶς	πάντες	
Matt 26:33	σκανδαλισθήσονται	V-FPI-3P	V-FPI-3P	4624&5701	σκανδαλίζω	σκανδαλισθήσονται	
Matt 26:33	ἐν	PREP	PREP	1722	ἐν	ἐν	
Matt 26:33	σοί,	P-2DS	P-2DS	4771	σύ	σοί	
Matt 26:33	ἐγὼ	P-1NS	P-1NS	1473	ἐγώ	ἐγώ	
Matt 26:33	οὐδέποτε	ADV-N	ADV-N	3763	οὐδέποτε	οὐδέποτε	
Matt 26:33	σκανδαλισθήσομαι.	V-FPI-1S	V-FPI-1S	4624&5701	σκανδαλίζω	σκανδαλισθήσομαι	
Matt 26:34	ἔφη	V-IAI-3S	V-IAI-3S	5346&5707	φημί	ἔφη	
Matt 26:34	αὐτῷ	P-DSM	P-DSM	846	αὐτός	αὐτῷ	
Matt 26:34	ὁ	T-NSM	T-NSM	3588	ὁ	ὁ	
Matt 26:34	Ἰησοῦς	N-NSM	N-NSM	2424	Ἰησοῦς	Ἰησοῦς	
Matt 26:34	Ἀμὴν	HEB	HEB	281	ἀμήν	Ἀμήν	
Matt 26:34	λέγω	V-PAI-1S	V-PAI-1S	3004&5719	λέγω	λέγω	
Matt 26:34	σοι	P-2DS	P-2DS	4771	σύ	σοι	
Matt 26:34	ὅτι	CONJ	CONJ	3754	ὅτι	ὅτι	
Matt 26:34	ἐν	PREP	PREP	1722	ἐν	ἐν	
Matt 26:34	ταύτῃ	D-DSF	D-DSF	3778	οὗτος	ταύτῃ	
Matt 26:34	τῇ	T-DSF	T-DSF	3588	ὁ	τῇ	
Matt 26:34	νυκτὶ	N-DSF	N-DSF	3571	νύξ	νυκτί	
Matt 26:34	πρὶν	ADV	ADV	4250	πρίν	πρίν	
Matt 26:34	ἀλέκτορα	N-ASM	N-ASM	220	ἀλέκτωρ	ἀλέκτορα	
Matt 26:34	φωνῆσαι	V-AAN	V-AAN	5455&5658	φωνέω	φωνῆσαι	
Matt 26:34	τρὶς	ADV	ADV	5151	τρίς	τρίς	
Matt 26:34	ἀπαρνήσῃ	V-FDI-2S	V-FDI-2S	533&5695	ἀπαρνέομαι	ἀπαρνήσῃ	
Matt 26:34	με.	P-1AS	P-1AS	1473	ἐγώ	με	
Matt 26:35	λέγει	V-PAI-3S	V-PAI-3S	3004&5719	λέγω	λέγει	
Matt 26:35	αὐτῷ	P-DSM	P-DSM	846	αὐτός	αὐτῷ	
Matt 26:35	ὁ	T-NSM	T-NSM	3588	ὁ	ὁ	
Matt 26:35	Πέτρος	N-NSM	N-NSM	4074	Πέτρος	Πέτρος	
Matt 26:35	Κἂν	COND-K	COND-K	2579	κἄν	Κἄν	
Matt 26:35	δέῃ	V-PAS-3S	V-PAS-3S	1163&5725	δεῖ	δέῃ	
Matt 26:35	με	P-1AS	P-1AS	1473	ἐγώ	με	
Matt 26:35	σὺν	PREP	PREP	4862	σύν	σύν	
Matt 26:35	σοὶ	P-2DS	P-2DS	4771	σύ	σοί	
Matt 26:35	ἀποθανεῖν,	V-2AAN	V-2AAN	599&5629	ἀποθνῄσκω	ἀποθανεῖν	
Matt 26:35	οὐ	PRT-N	PRT-N	3756	οὐ	οὐ	
Matt 26:35	μή	PRT-N	PRT-N	3361	μή	μή	
Matt 26:35	σε	P-2AS	P-2AS	4771	σύ	σε	
Matt 26:35	ἀπαρνήσομαι.	V-FDI-1S	V-FDI-1S	533&5695	ἀπαρνέομαι	ἀπαρνήσομαι	
Matt 26:35	ὁμοίως	ADV	ADV	3668	ὁμοίως	ὁμοίως	
Matt 26:35	καὶ	CONJ	CONJ	2532	καί	καί	
Matt 26:35	πάντες	A-NPM	A-NPM	3956	πᾶς	πάντες	
Matt 26:35	οἱ	T-NPM	T-NPM	3588	ὁ	οἱ	
Matt 26:35	μαθηταὶ	N-NPM	N-NPM	3101	μαθητής	μαθηταί	
Matt 26:35	εἶπαν.	V-2AAI-3P	V-2AAI-3P	3004&5627	λέγω	εἶπαν	
Matt 26:36	Τότε	ADV	ADV	5119	τότε	Τότε	
Matt 26:36	ἔρχεται	V-PNI-3S	V-PNI-3S	2064&5736	ἔρχομαι	ἔρχεται	
Matt 26:36	μετ’	PREP	PREP	3326	μετά	μετ’	
Matt 26:36	αὐτῶν	P-GPM	P-GPM	846	αὐτός	αὐτῶν	
Matt 26:36	ὁ	T-NSM	T-NSM	3588	ὁ	ὁ	
Matt 26:36	Ἰησοῦς	N-NSM	N-NSM	2424	Ἰησοῦς	Ἰησοῦς	
Matt 26:36	εἰς	PREP	PREP	1519	εἰς	εἰς	
Matt 26:36	χωρίον	N-ASN	N-ASN	5564	χωρίον	χωρίον	
Matt 26:36	λεγόμενον	V-PPP-ASN	V-PEP-ASN	3004&5746	λέγω	λεγόμενον	
Matt 26:36	Γεθσημανεί,	N-PRI	N-PRI	1068	Γεθσημανί	Γεθσημανεί	
Matt 26:36	καὶ	CONJ	CONJ	2532	καί	καί	
Matt 26:36	λέγει	V-PAI-3S	V-PAI-3S	3004&5719	λέγω	λέγει	
Matt 26:36	τοῖς	T-DPM	T-DPM	3588	ὁ	τοῖς	
Matt 26:36	μαθηταῖς	N-DPM	N-DPM	3101	μαθητής	μαθηταῖς	
Matt 26:36	Καθίσατε	V-AAM-2P	V-AAM-2P	2523&5657	καθίζω	Καθίσατε	
Matt 26:36	αὐτοῦ	ADV	ADV	847	αὐτοῦ	αὐτοῦ	
Matt 26:36	ἕως	ADV	ADV	2193	ἕως	ἕως	
Matt 26:36	οὗ	R-GSM	R-GSM	3739	ὅς	οὗ	
Matt 26:36	ἀπελθὼν	V-2AAP-NSM	V-2AAP-NSM	565&5631	ἀπέρχομαι	ἀπελθών	
Matt 26:36	ἐκεῖ	ADV	ADV	1563	ἐκεῖ	ἐκεῖ	
Matt 26:36	προσεύξωμαι.	V-ADS-1S	V-ADS-1S	4336&5667	προσεύχομαι	προσεύξωμαι	
Matt 26:37	καὶ	CONJ	CONJ	2532	καί	καί	
Matt 26:37	παραλαβὼν	V-2AAP-NSM	V-2AAP-NSM	3880&5631	παραλαμβάνω	παραλαβών	
Matt 26:37	τὸν	T-ASM	T-ASM	3588	ὁ	τόν	
Matt 26:37	Πέτρον	N-ASM	N-ASM	4074	Πέτρος	Πέτρον	
Matt 26:37	καὶ	CONJ	CONJ	2532	καί	καί	
Matt 26:37	τοὺς	T-APM	T-APM	3588	ὁ	τούς	
Matt 26:37	δύο	A-NUI	A-NUI	1417	δύο	δύο	
Matt 26:37	υἱοὺς	N-APM	N-APM	5207	υἱός	υἱούς	
Matt 26:37	Ζεβεδαίου	N-GSM	N-GSM	2199	Ζεβεδαῖος	Ζεβεδαίου	
Matt 26:37	ἤρξατο	V-AMI-3S	V-AMI-3S	756&5668	ἄρχω	ἤρξατο	
Matt 26:37	λυπεῖσθαι	V-PPN	V-PEN	3076&5745	λυπέω	λυπεῖσθαι	
Matt 26:37	καὶ	CONJ	CONJ	2532	καί	καί	
Matt 26:37	ἀδημονεῖν.	V-PAN	V-PAN	85&5721	ἀδημονέω	ἀδημονεῖν	
Matt 26:38	τότε	ADV	ADV	5119	τότε	τότε	
Matt 26:38	λέγει	V-PAI-3S	V-PAI-3S	3004&5719	λέγω	λέγει	
Matt 26:38	αὐτοῖς	P-DPM	P-DPM	846	αὐτός	αὐτοῖς	
Matt 26:38	Περίλυπός	A-NSF	A-NSF	4036	περίλυπος	Περίλυπος	
Matt 26:38	ἐστιν	V-PAI-3S	V-PAI-3S	1510&5719	εἰμί	ἐστιν	
Matt 26:38	ἡ	T-NSF	T-NSF	3588	ὁ	ἡ	
Matt 26:38	ψυχή	N-NSF	N-NSF	5590	ψυχή	ψυχή	
Matt 26:38	μου	P-1GS	P-1GS	1473	ἐγώ	μου	
Matt 26:38	ἕως	ADV	ADV	2193	ἕως	ἕως	
Matt 26:38	θανάτου·	N-GSM	N-GSM	2288	θάνατος	θανάτου	
Matt 26:38	μείνατε	V-AAM-2P	V-AAM-2P	3306&5657	μένω	μείνατε	
Matt 26:38	ὧδε	ADV	ADV	5602	ὧδε	ὧδε	
Matt 26:38	καὶ	CONJ	CONJ	2532	καί	καί	
Matt 26:38	γρηγορεῖτε	V-PAM-2P	V-PAM-2P	1127&5720	γρηγορέω	γρηγορεῖτε	
Matt 26:38	μετ’	PREP	PREP	3326	μετά	μετ’	
Matt 26:38	ἐμοῦ.	P-1GS	P-1GS	1473	ἐγώ	ἐμοῦ	
Matt 26:39	καὶ	CONJ	CONJ	2532	καί	καί	
Matt 26:39	προελθὼν	V-2AAP-NSM	V-2AAP-NSM	4281&5631	προέρχομαι	προελθών	
Matt 26:39	μικρὸν	A-ASN	A-ASN	3398	μικρός	μικρόν	
Matt 26:39	ἔπεσεν	V-2AAI-3S	V-2AAI-3S	4098&5627	πίπτω	ἔπεσεν	
Matt 26:39	ἐπὶ	PREP	PREP	1909	ἐπί	ἐπί	
Matt 26:39	πρόσωπον	N-ASN	N-ASN	4383	πρόσωπον	πρόσωπον	
Matt 26:39	αὐτοῦ	P-GSM	P-GSM	846	αὐτός	αὐτοῦ	
Matt 26:39	προσευχόμενος	V-PNP-NSM	V-PNP-NSM	4336&5740	προσεύχομαι	προσευχόμενος	
Matt 26:39	καὶ	CONJ	CONJ	2532	καί	καί	
Matt 26:39	λέγων	V-PAP-NSM	V-PAP-NSM	3004&5723	λέγω	λέγων	
Matt 26:39	Πάτερ	N-VSM	N-VSM	3962	πατήρ	Πάτερ	
Matt 26:39	μου,	P-1GS	P-1GS	1473	ἐγώ	μου	
Matt 26:39	εἰ	COND	COND	1487	εἰ	εἰ	
Matt 26:39	δυνατόν	A-NSN	A-NSN	1415	δυνατός	δυνατόν	
Matt 26:39	ἐστιν,	V-PAI-3S	V-PAI-3S	1510&5719	εἰμί	ἐστιν	
Matt 26:39	παρελθάτω	V-2AAM-3S	V-2AAM-3S	3928&5628	παρέρχομαι	παρελθάτω	
Matt 26:39	ἀπ’	PREP	PREP	575	ἀπό	ἀπ’	
Matt 26:39	ἐμοῦ	P-1GS	P-1GS	1473	ἐγώ	ἐμοῦ	
Matt 26:39	τὸ	T-NSN	T-NSN	3588	ὁ	τό	
Matt 26:39	ποτήριον	N-NSN	N-NSN	4221	ποτήριον	ποτήριον	
Matt 26:39	τοῦτο·	D-NSN	D-NSN	3778	οὗτος	τοῦτο	
Matt 26:39	πλὴν	ADV	ADV	4133	πλήν	πλήν	
Matt 26:39	οὐχ	PRT-N	PRT-N	3756	οὐ	οὐχ	
Matt 26:39	ὡς	ADV	ADV	5613	ὡς	ὡς	
Matt 26:39	ἐγὼ	P-1NS	P-1NS	1473	ἐγώ	ἐγώ	
Matt 26:39	θέλω	V-PAI-1S	V-PAI-1S	2309&5719	θέλω	θέλω	
Matt 26:39	ἀλλ’	CONJ	CONJ	235	ἀλλά	ἀλλ’	
Matt 26:39	ὡς	ADV	ADV	5613	ὡς	ὡς	
Matt 26:39	σύ.	P-2NS	P-2NS	4771	σύ	σύ	
Matt 26:40	καὶ	CONJ	CONJ	2532	καί	καί	
Matt 26:40	ἔρχεται	V-PNI-3S	V-PNI-3S	2064&5736	ἔρχομαι	ἔρχεται	
Matt 26:40	πρὸς	PREP	PREP	4314	πρός	πρός	
Matt 26:40	τοὺς	T-APM	T-APM	3588	ὁ	τούς	
Matt 26:40	μαθητὰς	N-APM	N-APM	3101	μαθητής	μαθητάς	
Matt 26:40	καὶ	CONJ	CONJ	2532	καί	καί	
Matt 26:40	εὑρίσκει	V-PAI-3S	V-PAI-3S	2147&5719	εὑρίσκω	εὑρίσκει	
Matt 26:40	αὐτοὺς	P-APM	P-APM	846	αὐτός	αὐτούς	
Matt 26:40	καθεύδοντας,	V-PAP-APM	V-PAP-APM	2518&5723	καθεύδω	καθεύδοντας	
Matt 26:40	καὶ	CONJ	CONJ	2532	καί	καί	
Matt 26:40	λέγει	V-PAI-3S	V-PAI-3S	3004&5719	λέγω	λέγει	
Matt 26:40	τῷ	T-DSM	T-DSM	3588	ὁ	τῷ	
Matt 26:40	Πέτρῳ	N-DSM	N-DSM	4074	Πέτρος	Πέτρῳ	
Matt 26:40	Οὕτως	ADV	ADV	3779	οὕτω	Οὕτως	
Matt 26:40	οὐκ	PRT-N	PRT-N	3756	οὐ	οὐκ	
Matt 26:40	ἰσχύσατε	V-AAI-2P	V-AAI-2P	2480&5656	ἰσχύω	ἰσχύσατε	
Matt 26:40	μίαν	A-ASF	A-ASF	1520	εἷς	μίαν	
Matt 26:40	ὥραν	N-ASF	N-ASF	5610	ὥρα	ὥραν	
Matt 26:40	γρηγορῆσαι	V-AAN	V-AAN	1127&5658	γρηγορέω	γρηγορῆσαι	
Matt 26:40	μετ’	PREP	PREP	3326	μετά	μετ’	
Matt 26:40	ἐμοῦ;	P-1GS	P-1GS	1473	ἐγώ	ἐμοῦ	
Matt 26:41	γρηγορεῖτε	V-PAM-2P	V-PAM-2P	1127&5720	γρηγορέω	γρηγορεῖτε	
Matt 26:41	καὶ	CONJ	CONJ	2532	καί	καί	
Matt 26:41	προσεύχεσθε,	V-PNM-2P	V-PNM-2P	4336&5737	προσεύχομαι	προσεύχεσθε	
Matt 26:41	ἵνα	CONJ	CONJ	2443	ἵνα	ἵνα	
Matt 26:41	μὴ	PRT-N	PRT-N	3361	μή	μή	
Matt 26:41	εἰσέλθητε	V-2AAS-2P	V-2AAS-2P	1525&5632	εἰσέρχομαι	εἰσέλθητε	
Matt 26:41	εἰς	PREP	PREP	1519	εἰς	εἰς	
Matt 26:41	πειρασμόν·	N-ASM	N-ASM	3986	πειρασμός	πειρασμόν	
Matt 26:41	τὸ	T-NSN	T-NSN	3588	ὁ	τό	
Matt 26:41	μὲν	PRT	PRT	3303	μέν	μέν	
Matt 26:41	πνεῦμα	N-NSN	N-NSN	4151	πνεῦμα	πνεῦμα	
Matt 26:41	πρόθυμον,	A-NSN	A-NSN	4289	πρόθυμος	πρόθυμον	
Matt 26:41	ἡ	T-NSF	T-NSF	3588	ὁ	ἡ	
Matt 26:41	δὲ	CONJ	CONJ	1161	δέ	δέ	
Matt 26:41	σὰρξ	N-NSF	N-NSF	4561	σάρξ	σάρξ	
Matt 26:41	ἀσθενής.	A-NSF	A-NSF	772	ἀσθενής	ἀσθενής	
Matt 26:42	πάλιν	ADV	ADV	3825	πάλιν	πάλιν	
Matt 26:42	ἐκ	PREP	PREP	1537	ἐκ	ἐκ	
Matt 26:42	δευτέρου	A-GSN	A-GSN	1208	δεύτερος	δευτέρου	
Matt 26:42	ἀπελθὼν	V-2AAP-NSM	V-2AAP-NSM	565&5631	ἀπέρχομαι	ἀπελθών	
Matt 26:42	προσηύξατο	V-ADI-3S	V-ADI-3S	4336&5662	προσεύχομαι	προσηύξατο	
Matt 26:42	λέγων	V-PAP-NSM	V-PAP-NSM	3004&5723	λέγω	λέγων	
Matt 26:42	Πάτερ	N-VSM	N-VSM	3962	πατήρ	Πάτερ	
Matt 26:42	μου,	P-1GS	P-1GS	1473	ἐγώ	μου	
Matt 26:42	εἰ	COND	COND	1487	εἰ	εἰ	
Matt 26:42	οὐ	PRT-N	PRT-N	3756	οὐ	οὐ	
Matt 26:42	δύναται	V-PNI-3S	V-PNI-3S	1410&5736	δύναμαι	δύναται	
Matt 26:42	τοῦτο	D-NSN	D-NSN	3778	οὗτος	τοῦτο	
Matt 26:42	παρελθεῖν	V-2AAN	V-2AAN	3928&5629	παρέρχομαι	παρελθεῖν	
Matt 26:42	ἐὰν	COND	COND	1437	ἐάν	ἐάν	
Matt 26:42	μὴ	PRT-N	PRT-N	3361	μή	μή	
Matt 26:42	αὐτὸ	P-ASN	P-ASN	846	αὐτός	αὐτό	
Matt 26:42	πίω,	V-2AAS-1S	V-2AAS-1S	4095&5632	πίνω	πίω	
Matt 26:42	γενηθήτω	V-AOM-3S	V-AOM-3S	1096&5676	γίνομαι	γενηθήτω	
Matt 26:42	τὸ	T-NSN	T-NSN	3588	ὁ	τό	
Matt 26:42	θέλημά	N-NSN	N-NSN	2307	θέλημα	θέλημα	
Matt 26:42	σου.	P-2GS	P-2GS	4771	σύ	σου	
Matt 26:43	καὶ	CONJ	CONJ	2532	καί	καί	
Matt 26:43	ἐλθὼν	V-2AAP-NSM	V-2AAP-NSM	2064&5631	ἔρχομαι	ἐλθών	
Matt 26:43	πάλιν	ADV	ADV	3825	πάλιν	πάλιν	
Matt 26:43	εὗρεν	V-2AAI-3S	V-2AAI-3S	2147&5627	εὑρίσκω	εὗρεν	
Matt 26:43	αὐτοὺς	P-APM	P-APM	846	αὐτός	αὐτούς	
Matt 26:43	καθεύδοντας,	V-PAP-APM	V-PAP-APM	2518&5723	καθεύδω	καθεύδοντας	
Matt 26:43	ἦσαν	V-IAI-3P	V-IAI-3P	1510&5707	εἰμί	ἦσαν	
Matt 26:43	γὰρ	CONJ	CONJ	1063	γάρ	γάρ	
Matt 26:43	αὐτῶν	P-GPM	P-GPM	846	αὐτός	αὐτῶν	
Matt 26:43	οἱ	T-NPM	T-NPM	3588	ὁ	οἱ	
Matt 26:43	ὀφθαλμοὶ	N-NPM	N-NPM	3788	ὀφθαλμός	ὀφθαλμοί	
Matt 26:43	βεβαρημένοι.	V-RPP-NPM	V-RPP-NPM	916&5772	βαρέω	βεβαρημένοι	
Matt 26:44	καὶ	CONJ	CONJ	2532	καί	καί	
Matt 26:44	ἀφεὶς	V-2AAP-NSM	V-2AAP-NSM	863&5631	ἀφίημι	ἀφείς	
Matt 26:44	αὐτοὺς	P-APM	P-APM	846	αὐτός	αὐτούς	
Matt 26:44	πάλιν	ADV	ADV	3825	πάλιν	πάλιν	
Matt 26:44	ἀπελθὼν	V-2AAP-NSM	V-2AAP-NSM	565&5631	ἀπέρχομαι	ἀπελθών	
Matt 26:44	προσηύξατο	V-ADI-3S	V-ADI-3S	4336&5662	προσεύχομαι	προσηύξατο	
Matt 26:44	ἐκ	PREP	PREP	1537	ἐκ	ἐκ	
Matt 26:44	τρίτου,	A-GSN	A-GSN	5154	τρίτος	τρίτου	
Matt 26:44	τὸν	T-ASM	T-ASM	3588	ὁ	τόν	
Matt 26:44	αὐτὸν	P-ASM	P-ASM	846	αὐτός	αὐτόν	
Matt 26:44	λόγον	N-ASM	N-ASM	3056	λόγος	λόγον	
Matt 26:44	εἰπὼν	V-2AAP-NSM	V-2AAP-NSM	3004&5631	λέγω	εἰπών	
Matt 26:44	πάλιν.	ADV	ADV	3825	πάλιν	πάλιν	
Matt 26:45	τότε	ADV	ADV	5119	τότε	τότε	
Matt 26:45	ἔρχεται	V-PNI-3S	V-PNI-3S	2064&5736	ἔρχομαι	ἔρχεται	
Matt 26:45	πρὸς	PREP	PREP	4314	πρός	πρός	
Matt 26:45	τοὺς	T-APM	T-APM	3588	ὁ	τούς	
Matt 26:45	μαθητὰς	N-APM	N-APM	3101	μαθητής	μαθητάς	
Matt 26:45	καὶ	CONJ	CONJ	2532	καί	καί	
Matt 26:45	λέγει	V-PAI-3S	V-PAI-3S	3004&5719	λέγω	λέγει	
Matt 26:45	αὐτοῖς	P-DPM	P-DPM	846	αὐτός	αὐτοῖς	
Matt 26:45	Καθεύδετε	V-PAI-2P	V-PAI-2P	2518&5719	καθεύδω	Καθεύδετε	
Matt 26:45	λοιπὸν	A-ASN	A-ASN	3062	λοιπός	λοιπόν	
Matt 26:45	καὶ	CONJ	CONJ	2532	καί	καί	
Matt 26:45	ἀναπαύεσθε·	V-PMI-2P	V-PEI-2P	373&5731	ἀναπαύω	ἀναπαύεσθε	
Matt 26:45	ἰδοὺ	V-2AMM-2S	V-2AMM-2S	3708&5640	ὁράω	ἰδού	
Matt 26:45	ἤγγικεν	V-RAI-3S	V-RAI-3S	1448&5758	ἐγγίζω	ἤγγικεν	
Matt 26:45	ἡ	T-NSF	T-NSF	3588	ὁ	ἡ	
Matt 26:45	ὥρα	N-NSF	N-NSF	5610	ὥρα	ὥρα	
Matt 26:45	καὶ	CONJ	CONJ	2532	καί	καί	
Matt 26:45	ὁ	T-NSM	T-NSM	3588	ὁ	ὁ	
Matt 26:45	Υἱὸς	N-NSM	N-NSM	5207	υἱός	Υἱός	
Matt 26:45	τοῦ	T-GSM	T-GSM	3588	ὁ	τοῦ	
Matt 26:45	ἀνθρώπου	N-GSM	N-GSM	444	ἄνθρωπος	ἀνθρώπου	
Matt 26:45	παραδίδοται	V-PPI-3S	V-PEI-3S	3860&5743	παραδίδωμι	παραδίδοται	
Matt 26:45	εἰς	PREP	PREP	1519	εἰς	εἰς	
Matt 26:45	χεῖρας	N-APF	N-APF	5495	χείρ	χεῖρας	
Matt 26:45	ἁμαρτωλῶν.	A-GPM	A-GPM	268	ἁμαρτωλός	ἁμαρτωλῶν	
Matt 26:46	ἐγείρεσθε,	V-PEM-2P	V-PEM-2P	1453&5728	ἐγείρω	ἐγείρεσθε	
Matt 26:46	ἄγωμεν·	V-PAS-1P	V-PAS-1P	71&5725	ἄγω	ἄγωμεν	
Matt 26:46	ἰδοὺ	V-2AMM-2S	V-2AMM-2S	3708&5640	ὁράω	ἰδού	
Matt 26:46	ἤγγικεν	V-RAI-3S	V-RAI-3S	1448&5758	ἐγγίζω	ἤγγικεν	
Matt 26:46	ὁ	T-NSM	T-NSM	3588	ὁ	ὁ	
Matt 26:46	παραδιδούς	V-PAP-NSM	V-PAP-NSM	3860&5723	παραδίδωμι	παραδιδούς	
Matt 26:46	με.	P-1AS	P-1AS	1473	ἐγώ	με	
Matt 26:47	Καὶ	CONJ	CONJ	2532	καί	Καί	
Matt 26:47	ἔτι	ADV	ADV	2089	ἔτι	ἔτι	
Matt 26:47	αὐτοῦ	P-GSM	P-GSM	846	αὐτός	αὐτοῦ	
Matt 26:47	λαλοῦντος,	V-PAP-GSM	V-PAP-GSM	2980&5723	λαλέω	λαλοῦντος	
Matt 26:47	ἰδοὺ	V-2AMM-2S	V-2AMM-2S	3708&5640	ὁράω	ἰδού	
Matt 26:47	Ἰούδας	N-NSM	N-NSM	2455	Ἰούδας	Ἰούδας	
Matt 26:47	εἷς	A-NSM	A-NSM	1520	εἷς	εἷς	
Matt 26:47	τῶν	T-GPM	T-GPM	3588	ὁ	τῶν	
Matt 26:47	δώδεκα	A-NUI	A-NUI	1427	δώδεκα	δώδεκα	
Matt 26:47	ἦλθεν,	V-2AAI-3S	V-2AAI-3S	2064&5627	ἔρχομαι	ἦλθεν	
Matt 26:47	καὶ	CONJ	CONJ	2532	καί	καί	
Matt 26:47	μετ’	PREP	PREP	3326	μετά	μετ’	
Matt 26:47	αὐτοῦ	P-GSM	P-GSM	846	αὐτός	αὐτοῦ	
Matt 26:47	ὄχλος	N-NSM	N-NSM	3793	ὄχλος	ὄχλος	
Matt 26:47	πολὺς	A-NSM	A-NSM	4183	πολύς	πολύς	
Matt 26:47	μετὰ	PREP	PREP	3326	μετά	μετά	
Matt 26:47	μαχαιρῶν	N-GPF	N-GPF	3162	μάχαιρα	μαχαιρῶν	
Matt 26:47	καὶ	CONJ	CONJ	2532	καί	καί	
Matt 26:47	ξύλων	N-GPN	N-GPN	3586	ξύλον	ξύλων	
Matt 26:47	ἀπὸ	PREP	PREP	575	ἀπό	ἀπό	
Matt 26:47	τῶν	T-GPM	T-GPM	3588	ὁ	τῶν	
Matt 26:47	ἀρχιερέων	N-GPM	N-GPM	749	ἀρχιερεύς	ἀρχιερέων	
Matt 26:47	καὶ	CONJ	CONJ	2532	καί	καί	
Matt 26:47	πρεσβυτέρων	A-GPM-C	A-GPM-C	4245	πρεσβύτερος	πρεσβυτέρων	
Matt 26:47	τοῦ	T-GSM	T-GSM	3588	ὁ	τοῦ	
Matt 26:47	λαοῦ.	N-GSM	N-GSM	2992	λαός	λαοῦ	
Matt 26:48	ὁ	T-NSM	T-NSM	3588	ὁ	ὁ	
Matt 26:48	δὲ	CONJ	CONJ	1161	δέ	δέ	
Matt 26:48	παραδιδοὺς	V-PAP-NSM	V-PAP-NSM	3860&5723	παραδίδωμι	παραδιδούς	
Matt 26:48	αὐτὸν	P-ASM	P-ASM	846	αὐτός	αὐτόν	
Matt 26:48	ἔδωκεν	V-AAI-3S	V-AAI-3S	1325&5656	δίδωμι	ἔδωκεν	
Matt 26:48	αὐτοῖς	P-DPM	P-DPM	846	αὐτός	αὐτοῖς	
Matt 26:48	σημεῖον	N-ASN	N-ASN	4592	σημεῖον	σημεῖον	
Matt 26:48	λέγων	V-PAP-NSM	V-PAP-NSM	3004&5723	λέγω	λέγων	
Matt 26:48	Ὃν	R-ASM	R-ASM	3739	ὅς	Ὅν	
Matt 26:48	ἂν	PRT	PRT	302	ἄν	ἄν	
Matt 26:48	φιλήσω	V-AAS-1S	V-AAS-1S	5368&5661	φιλέω	φιλήσω	
Matt 26:48	αὐτός	P-NSM	P-NSM	846	αὐτός	αὐτός	
Matt 26:48	ἐστιν·	V-PAI-3S	V-PAI-3S	1510&5719	εἰμί	ἐστιν	
Matt 26:48	κρατήσατε	V-AAM-2P	V-AAM-2P	2902&5657	κρατέω	κρατήσατε	
Matt 26:48	αὐτόν.	P-ASM	P-ASM	846	αὐτός	αὐτόν	
Matt 26:49	καὶ	CONJ	CONJ	2532	καί	καί	
Matt 26:49	εὐθέως	ADV	ADV	2112	εὐθέως	εὐθέως	
Matt 26:49	προσελθὼν	V-2AAP-NSM	V-2AAP-NSM	4334&5631	προσέρχομαι	προσελθών	
Matt 26:49	τῷ	T-DSM	T-DSM	3588	ὁ	τῷ	
Matt 26:49	Ἰησοῦ	N-DSM	N-DSM	2424	Ἰησοῦς	Ἰησοῦ	
Matt 26:49	εἶπεν	V-2AAI-3S	V-2AAI-3S	3004&5627	λέγω	εἶπεν	
Matt 26:49	Χαῖρε,	V-PAM-2S	V-PAM-2S	5463&5720	χαίρω	Χαῖρε	
Matt 26:49	Ῥαββεί,	HEB	HEB	4461	ῥαββί	Ῥαββεί	
Matt 26:49	καὶ	CONJ	CONJ	2532	καί	καί	
Matt 26:49	κατεφίλησεν	V-AAI-3S	V-AAI-3S	2705&5656	καταφιλέω	κατεφίλησεν	
Matt 26:49	αὐτόν.	P-ASM	P-ASM	846	αὐτός	αὐτόν	
Matt 26:50	ὁ	T-NSM	T-NSM	3588	ὁ	ὁ	
Matt 26:50	δὲ	CONJ	CONJ	1161	δέ	δέ	
Matt 26:50	Ἰησοῦς	N-NSM	N-NSM	2424	Ἰησοῦς	Ἰησοῦς	
Matt 26:50	εἶπεν	V-2AAI-3S	V-2AAI-3S	3004&5627	λέγω	εἶπεν	
Matt 26:50	αὐτῷ	P-DSM	P-DSM	846	αὐτός	αὐτῷ	
Matt 26:50	Ἑταῖρε,	N-VSM	N-VSM	2083	ἑταῖρος	Ἑταῖρε	
Matt 26:50	ἐφ’	PREP	PREP	1909	ἐπί	ἐφ’	
Matt 26:50	ὃ	R-ASN	R-ASN	3739	ὅς	ὅ	
Matt 26:50	πάρει.	V-PAI-2S	V-PAI-2S	3918&5719	πάρειμι	πάρει	
Matt 26:50	τότε	ADV	ADV	5119	τότε	τότε	
Matt 26:50	προσελθόντες	V-2AAP-NPM	V-2AAP-NPM	4334&5631	προσέρχομαι	προσελθόντες	
Matt 26:50	ἐπέβαλον	V-2AAI-3P	V-2AAI-3P	1911&5627	ἐπιβάλλω	ἐπέβαλον	
Matt 26:50	τὰς	T-APF	T-APF	3588	ὁ	τάς	
Matt 26:50	χεῖρας	N-APF	N-APF	5495	χείρ	χεῖρας	
Matt 26:50	ἐπὶ	PREP	PREP	1909	ἐπί	ἐπί	
Matt 26:50	τὸν	T-ASM	T-ASM	3588	ὁ	τόν	
Matt 26:50	Ἰησοῦν	N-ASM	N-ASM	2424	Ἰησοῦς	Ἰησοῦν	
Matt 26:50	καὶ	CONJ	CONJ	2532	καί	καί	
Matt 26:50	ἐκράτησαν	V-AAI-3P	V-AAI-3P	2902&5656	κρατέω	ἐκράτησαν	
Matt 26:50	αὐτόν.	P-ASM	P-ASM	846	αὐτός	αὐτόν	
Matt 26:51	καὶ	CONJ	CONJ	2532	καί	καί	
Matt 26:51	ἰδοὺ	V-2AMM-2S	V-2AMM-2S	3708&5640	ὁράω	ἰδού	
Matt 26:51	εἷς	A-NSM	A-NSM	1520	εἷς	εἷς	
Matt 26:51	τῶν	T-GPM	T-GPM	3588	ὁ	τῶν	
Matt 26:51	μετὰ	PREP	PREP	3326	μετά	μετά	
Matt 26:51	Ἰησοῦ	N-GSM	N-GSM	2424	Ἰησοῦς	Ἰησοῦ	
Matt 26:51	ἐκτείνας	V-AAP-NSM	V-AAP-NSM	1614&5660	ἐκτείνω	ἐκτείνας	
Matt 26:51	τὴν	T-ASF	T-ASF	3588	ὁ	τήν	
Matt 26:51	χεῖρα	N-ASF	N-ASF	5495	χείρ	χεῖρα	
Matt 26:51	ἀπέσπασεν	V-AAI-3S	V-AAI-3S	645&5656	ἀποσπάω	ἀπέσπασεν	
Matt 26:51	τὴν	T-ASF	T-ASF	3588	ὁ	τήν	
Matt 26:51	μάχαιραν	N-ASF	N-ASF	3162	μάχαιρα	μάχαιραν	
Matt 26:51	αὐτοῦ,	P-GSM	P-GSM	846	αὐτός	αὐτοῦ	
Matt 26:51	καὶ	CONJ	CONJ	2532	καί	καί	
Matt 26:51	πατάξας	V-AAP-NSM	V-AAP-NSM	3960&5660	πατάσσω	πατάξας	
Matt 26:51	τὸν	T-ASM	T-ASM	3588	ὁ	τόν	
Matt 26:51	δοῦλον	N-ASM	N-ASM	1401	δοῦλος (II)	δοῦλον	
Matt 26:51	τοῦ	T-GSM	T-GSM	3588	ὁ	τοῦ	
Matt 26:51	ἀρχιερέως	N-GSM	N-GSM	749	ἀρχιερεύς	ἀρχιερέως	
Matt 26:51	ἀφεῖλεν	V-2AAI-3S	V-2AAI-3S	851&5627	ἀφαιρέω	ἀφεῖλεν	
Matt 26:51	αὐτοῦ	P-GSM	P-GSM	846	αὐτός	αὐτοῦ	
Matt 26:51	τὸ	T-ASN	T-ASN	3588	ὁ	τό	
Matt 26:51	ὠτίον.	N-ASN	N-ASN	5621	ὠτίον	ὠτίον	
Matt 26:52	τότε	ADV	ADV	5119	τότε	τότε	
Matt 26:52	λέγει	V-PAI-3S	V-PAI-3S	3004&5719	λέγω	λέγει	
Matt 26:52	αὐτῷ	P-DSM	P-DSM	846	αὐτός	αὐτῷ	
Matt 26:52	ὁ	T-NSM	T-NSM	3588	ὁ	ὁ	
Matt 26:52	Ἰησοῦς	N-NSM	N-NSM	2424	Ἰησοῦς	Ἰησοῦς	
Matt 26:52	Ἀπόστρεψον	V-AAM-2S	V-AAM-2S	654&5657	ἀποστρέφω	Ἀπόστρεψον	
Matt 26:52	τὴν	T-ASF	T-ASF	3588	ὁ	τήν	
Matt 26:52	μάχαιράν	N-ASF	N-ASF	3162	μάχαιρα	μάχαιραν	
Matt 26:52	σου	P-2GS	P-2GS	4771	σύ	σου	
Matt 26:52	εἰς	PREP	PREP	1519	εἰς	εἰς	
Matt 26:52	τὸν	T-ASM	T-ASM	3588	ὁ	τόν	
Matt 26:52	τόπον	N-ASM	N-ASM	5117	τόπος	τόπον	
Matt 26:52	αὐτῆς·	P-GSF	P-GSF	846	αὐτός	αὐτῆς	
Matt 26:52	πάντες	A-NPM	A-NPM	3956	πᾶς	πάντες	
Matt 26:52	γὰρ	CONJ	CONJ	1063	γάρ	γάρ	
Matt 26:52	οἱ	T-NPM	T-NPM	3588	ὁ	οἱ	
Matt 26:52	λαβόντες	V-2AAP-NPM	V-2AAP-NPM	2983&5631	λαμβάνω	λαβόντες	
Matt 26:52	μάχαιραν	N-ASF	N-ASF	3162	μάχαιρα	μάχαιραν	
Matt 26:52	ἐν	PREP	PREP	1722	ἐν	ἐν	
Matt 26:52	μαχαίρῃ	N-DSF	N-DSF	3162	μάχαιρα	μαχαίρῃ	
Matt 26:52	ἀπολοῦνται.	V-FMI-3P	V-FMI-3P	622&5698	ἀπόλλυμι	ἀπολοῦνται	
Matt 26:53	ἢ	PRT	PRT	2228	ἤ	ἤ	
Matt 26:53	δοκεῖς	V-PAI-2S	V-PAI-2S	1380&5719	δοκέω	δοκεῖς	
Matt 26:53	ὅτι	CONJ	CONJ	3754	ὅτι	ὅτι	
Matt 26:53	οὐ	PRT-N	PRT-N	3756	οὐ	οὐ	
Matt 26:53	δύναμαι	V-PNI-1S	V-PNI-1S	1410&5736	δύναμαι	δύναμαι	
Matt 26:53	παρακαλέσαι	V-AAN	V-AAN	3870&5658	παρακαλέω	παρακαλέσαι	
Matt 26:53	τὸν	T-ASM	T-ASM	3588	ὁ	τόν	
Matt 26:53	Πατέρα	N-ASM	N-ASM	3962	πατήρ	Πατέρα	
Matt 26:53	μου,	P-1GS	P-1GS	1473	ἐγώ	μου	
Matt 26:53	καὶ	CONJ	CONJ	2532	καί	καί	
Matt 26:53	παραστήσει	V-FAI-3S	V-FAI-3S	3936&5692	παρίστημι	παραστήσει	
Matt 26:53	μοι	P-1DS	P-1DS	1473	ἐγώ	μοι	
Matt 26:53	ἄρτι	ADV	ADV	737	ἄρτι	ἄρτι	
Matt 26:53	πλείω	A-APN-C	A-APN-C	4183	πολύς	πλείω	
Matt 26:53	δώδεκα	A-NUI	A-NUI	1427	δώδεκα	δώδεκα	
Matt 26:53	λεγιῶνας	N-APF	N-APF	3003	λεγιών	λεγιῶνας	
Matt 26:53	ἀγγέλων;	N-GPM	N-GPM	32	ἄγγελος	ἀγγέλων	
Matt 26:54	πῶς	ADV-I	ADV-I	4459	πῶς	πῶς	
Matt 26:54	οὖν	CONJ	CONJ	3767	οὖν	οὖν	
Matt 26:54	πληρωθῶσιν	V-APS-3P	V-APS-3P	4137&5686	πληρόω	πληρωθῶσιν	
Matt 26:54	αἱ	T-NPF	T-NPF	3588	ὁ	αἱ	
Matt 26:54	γραφαὶ	N-NPF	N-NPF	1124	γραφή	γραφαί	
Matt 26:54	ὅτι	CONJ	CONJ	3754	ὅτι	ὅτι	
Matt 26:54	οὕτως	ADV	ADV	3779	οὕτω	οὕτως	
Matt 26:54	δεῖ	V-PAI-3S	V-PAI-3S	1163&5719	δεῖ	δεῖ	
Matt 26:54	γενέσθαι;	V-2ADN	V-2ADN	1096&5635	γίνομαι	γενέσθαι	
Matt 26:55	Ἐν	PREP	PREP	1722	ἐν	Ἐν	
Matt 26:55	ἐκείνῃ	D-DSF	D-DSF	1565	ἐκεῖνος	ἐκείνῃ	
Matt 26:55	τῇ	T-DSF	T-DSF	3588	ὁ	τῇ	
Matt 26:55	ὥρᾳ	N-DSF	N-DSF	5610	ὥρα	ὥρᾳ	
Matt 26:55	εἶπεν	V-2AAI-3S	V-2AAI-3S	3004&5627	λέγω	εἶπεν	
Matt 26:55	ὁ	T-NSM	T-NSM	3588	ὁ	ὁ	
Matt 26:55	Ἰησοῦς	N-NSM	N-NSM	2424	Ἰησοῦς	Ἰησοῦς	
Matt 26:55	τοῖς	T-DPM	T-DPM	3588	ὁ	τοῖς	
Matt 26:55	ὄχλοις	N-DPM	N-DPM	3793	ὄχλος	ὄχλοις	
Matt 26:55	Ὡς	ADV	ADV	5613	ὡς	Ὡς	
Matt 26:55	ἐπὶ	PREP	PREP	1909	ἐπί	ἐπί	
Matt 26:55	λῃστὴν	N-ASM	N-ASM	3027	λῃστής	λῃστήν	
Matt 26:55	ἐξήλθατε	V-2AAI-2P	V-2AAI-2P	1831&5627	ἐξέρχομαι	ἐξήλθατε	
Matt 26:55	μετὰ	PREP	PREP	3326	μετά	μετά	
Matt 26:55	μαχαιρῶν	N-GPF	N-GPF	3162	μάχαιρα	μαχαιρῶν	
Matt 26:55	καὶ	CONJ	CONJ	2532	καί	καί	
Matt 26:55	ξύλων	N-GPN	N-GPN	3586	ξύλον	ξύλων	
Matt 26:55	συλλαβεῖν	V-2AAN	V-2AAN	4815&5629	συλλαμβάνω	συλλαβεῖν	
Matt 26:55	με;	P-1AS	P-1AS	1473	ἐγώ	με	
Matt 26:55	καθ’	PREP	PREP	2596	κατά	καθ’	
Matt 26:55	ἡμέραν	N-ASF	N-ASF	2250	ἡμέρα	ἡμέραν	
Matt 26:55	ἐν	PREP	PREP	1722	ἐν	ἐν	
Matt 26:55	τῷ	T-DSN	T-DSN	3588	ὁ	τῷ	
Matt 26:55	ἱερῷ	N-DSN	N-DSN	2411	ἱερός	ἱερῷ	
Matt 26:55	ἐκαθεζόμην	V-INI-1S	V-INI-1S	2516&5711	καθέζομαι	ἐκαθεζόμην	
Matt 26:55	διδάσκων,	V-PAP-NSM	V-PAP-NSM	1321&5723	διδάσκω	διδάσκων	
Matt 26:55	καὶ	CONJ	CONJ	2532	καί	καί	
Matt 26:55	οὐκ	PRT-N	PRT-N	3756	οὐ	οὐκ	
Matt 26:55	ἐκρατήσατέ	V-AAI-2P	V-AAI-2P	2902&5656	κρατέω	ἐκρατήσατε	
Matt 26:55	με.	P-1AS	P-1AS	1473	ἐγώ	με	
Matt 26:56	Τοῦτο	D-NSN	D-NSN	3778	οὗτος	Τοῦτο	
Matt 26:56	δὲ	CONJ	CONJ	1161	δέ	δέ	
Matt 26:56	ὅλον	A-NSN	A-NSN	3650	ὅλος	ὅλον	
Matt 26:56	γέγονεν	V-2RAI-3S	V-2RAI-3S	1096&5754	γίνομαι	γέγονεν	
Matt 26:56	ἵνα	CONJ	CONJ	2443	ἵνα	ἵνα	
Matt 26:56	πληρωθῶσιν	V-APS-3P	V-APS-3P	4137&5686	πληρόω	πληρωθῶσιν	
Matt 26:56	αἱ	T-NPF	T-NPF	3588	ὁ	αἱ	
Matt 26:56	γραφαὶ	N-NPF	N-NPF	1124	γραφή	γραφαί	
Matt 26:56	τῶν	T-GPM	T-GPM	3588	ὁ	τῶν	
Matt 26:56	προφητῶν.	N-GPM	N-GPM	4396	προφήτης	προφητῶν	
Matt 26:56	Τότε	ADV	ADV	5119	τότε	Τότε	
Matt 26:56	οἱ	T-NPM	T-NPM	3588	ὁ	οἱ	
Matt 26:56	μαθηταὶ	N-NPM	N-NPM	3101	μαθητής	μαθηταί	
Matt 26:56	πάντες	A-NPM	A-NPM	3956	πᾶς	πάντες	
Matt 26:56	ἀφέντες	V-2AAP-NPM	V-2AAP-NPM	863&5631	ἀφίημι	ἀφέντες	
Matt 26:56	αὐτὸν	P-ASM	P-ASM	846	αὐτός	αὐτόν	
Matt 26:56	ἔφυγον.	V-2AAI-3P	V-2AAI-3P	5343&5627	φεύγω	ἔφυγον	
Matt 26:57	Οἱ	T-NPM	T-NPM	3588	ὁ	Οἱ	
Matt 26:57	δὲ	CONJ	CONJ	1161	δέ	δέ	
Matt 26:57	κρατήσαντες	V-AAP-NPM	V-AAP-NPM	2902&5660	κρατέω	κρατήσαντες	
Matt 26:57	τὸν	T-ASM	T-ASM	3588	ὁ	τόν	
Matt 26:57	Ἰησοῦν	N-ASM	N-ASM	2424	Ἰησοῦς	Ἰησοῦν	
Matt 26:57	ἀπήγαγον	V-2AAI-3P	V-2AAI-3P	520&5627	ἀπάγω	ἀπήγαγον	
Matt 26:57	πρὸς	PREP	PREP	4314	πρός	πρός	
Matt 26:57	Καϊάφαν	N-ASM	N-ASM	2533	Καϊάφας	Καϊάφαν	
Matt 26:57	τὸν	T-ASM	T-ASM	3588	ὁ	τόν	
Matt 26:57	ἀρχιερέα,	N-ASM	N-ASM	749	ἀρχιερεύς	ἀρχιερέα	
Matt 26:57	ὅπου	ADV	ADV	3699	ὅπου	ὅπου	
Matt 26:57	οἱ	T-NPM	T-NPM	3588	ὁ	οἱ	
Matt 26:57	γραμματεῖς	N-NPM	N-NPM	1122	γραμματεύς	γραμματεῖς	
Matt 26:57	καὶ	CONJ	CONJ	2532	καί	καί	
Matt 26:57	οἱ	T-NPM	T-NPM	3588	ὁ	οἱ	
Matt 26:57	πρεσβύτεροι	A-NPM-C	A-NPM-C	4245	πρεσβύτερος	πρεσβύτεροι	
Matt 26:57	συνήχθησαν.	V-API-3P	V-API-3P	4863&5681	συνάγω	συνήχθησαν	
Matt 26:58	ὁ	T-NSM	T-NSM	3588	ὁ	ὁ	
Matt 26:58	δὲ	CONJ	CONJ	1161	δέ	δέ	
Matt 26:58	Πέτρος	N-NSM	N-NSM	4074	Πέτρος	Πέτρος	
Matt 26:58	ἠκολούθει	V-IAI-3S	V-IAI-3S	190&5707	ἀκολουθέω	ἠκολούθει	
Matt 26:58	αὐτῷ	P-DSM	P-DSM	846	αὐτός	αὐτῷ	
Matt 26:58	ἀπὸ	PREP	PREP	575	ἀπό	ἀπό	
Matt 26:58	μακρόθεν	ADV	ADV	3113	μακρόθεν	μακρόθεν	
Matt 26:58	ἕως	ADV	ADV	2193	ἕως	ἕως	
Matt 26:58	τῆς	T-GSF	T-GSF	3588	ὁ	τῆς	
Matt 26:58	αὐλῆς	N-GSF	N-GSF	833	αὐλή	αὐλῆς	
Matt 26:58	τοῦ	T-GSM	T-GSM	3588	ὁ	τοῦ	
Matt 26:58	ἀρχιερέως,	N-GSM	N-GSM	749	ἀρχιερεύς	ἀρχιερέως	
Matt 26:58	καὶ	CONJ	CONJ	2532	καί	καί	
Matt 26:58	εἰσελθὼν	V-2AAP-NSM	V-2AAP-NSM	1525&5631	εἰσέρχομαι	εἰσελθών	
Matt 26:58	ἔσω	ADV	ADV	2080	ἔσω	ἔσω	
Matt 26:58	ἐκάθητο	V-INI-3S	V-INI-3S	2521&5711	κάθημαι	ἐκάθητο	
Matt 26:58	μετὰ	PREP	PREP	3326	μετά	μετά	
Matt 26:58	τῶν	T-GPM	T-GPM	3588	ὁ	τῶν	
Matt 26:58	ὑπηρετῶν	N-GPM	N-GPM	5257	ὑπηρέτης	ὑπηρετῶν	
Matt 26:58	ἰδεῖν	V-2AAN	V-2AAN	3708&5629	ὁράω	ἰδεῖν	
Matt 26:58	τὸ	T-ASN	T-ASN	3588	ὁ	τό	
Matt 26:58	τέλος.	N-ASN	N-ASN	5056	τέλος	τέλος	
Matt 26:59	Οἱ	T-NPM	T-NPM	3588	ὁ	Οἱ	
Matt 26:59	δὲ	CONJ	CONJ	1161	δέ	δέ	
Matt 26:59	ἀρχιερεῖς	N-NPM	N-NPM	749	ἀρχιερεύς	ἀρχιερεῖς	
Matt 26:59	καὶ	CONJ	CONJ	2532	καί	καί	
Matt 26:59	τὸ	T-NSN	T-NSN	3588	ὁ	τό	
Matt 26:59	συνέδριον	N-NSN	N-NSN	4892	συνέδριον	συνέδριον	
Matt 26:59	ὅλον	A-NSN	A-NSN	3650	ὅλος	ὅλον	
Matt 26:59	ἐζήτουν	V-IAI-3P	V-IAI-3P	2212&5707	ζητέω	ἐζήτουν	
Matt 26:59	ψευδομαρτυρίαν	N-ASF	N-ASF	5577	ψευδομαρτυρία	ψευδομαρτυρίαν	
Matt 26:59	κατὰ	PREP	PREP	2596	κατά	κατά	
Matt 26:59	τοῦ	T-GSM	T-GSM	3588	ὁ	τοῦ	
Matt 26:59	Ἰησοῦ	N-GSM	N-GSM	2424	Ἰησοῦς	Ἰησοῦ	
Matt 26:59	ὅπως	ADV	ADV	3704	ὅπως	ὅπως	
Matt 26:59	αὐτὸν	P-ASM	P-ASM	846	αὐτός	αὐτόν	
Matt 26:59	θανατώσωσιν,	V-AAS-3P	V-AAS-3P	2289&5661	θανατόω	θανατώσωσιν	
Matt 26:60	καὶ	CONJ	CONJ	2532	καί	καί	
Matt 26:60	οὐχ	PRT-N	PRT-N	3756	οὐ	οὐχ	
Matt 26:60	εὗρον	V-2AAI-3P	V-2AAI-3P	2147&5627	εὑρίσκω	εὗρον	
Matt 26:60	πολλῶν	A-GPM	A-GPM	4183	πολύς	πολλῶν	
Matt 26:60	προσελθόντων	V-2AAP-GPM	V-2AAP-GPM	4334&5631	προσέρχομαι	προσελθόντων	
Matt 26:60	ψευδομαρτύρων.	N-GPM	N-GPM	5575	ψευδόμαρτυς	ψευδομαρτύρων	
Matt 26:60	ὕστερον	ADV	ADV	5305	ὕστερος	ὕστερον	
Matt 26:60	δὲ	CONJ	CONJ	1161	δέ	δέ	
Matt 26:60	προσελθόντες	V-2AAP-NPM	V-2AAP-NPM	4334&5631	προσέρχομαι	προσελθόντες	
Matt 26:60	δύο	A-NUI	A-NUI	1417	δύο	δύο	
Matt 26:61	εἶπαν	V-2AAI-3P	V-2AAI-3P	3004&5627	λέγω	εἶπαν	
Matt 26:61	Οὗτος	D-NSM	D-NSM	3778	οὗτος	Οὗτος	
Matt 26:61	ἔφη	V-IAI-3S	V-IAI-3S	5346&5707	φημί	ἔφη	
Matt 26:61	Δύναμαι	V-PNI-1S	V-PNI-1S	1410&5736	δύναμαι	Δύναμαι	
Matt 26:61	καταλῦσαι	V-AAN	V-AAN	2647&5658	καταλύω	καταλῦσαι	
Matt 26:61	τὸν	T-ASM	T-ASM	3588	ὁ	τόν	
Matt 26:61	ναὸν	N-ASM	N-ASM	3485	ναός	ναόν	
Matt 26:61	τοῦ	T-GSM	T-GSM	3588	ὁ	τοῦ	
Matt 26:61	Θεοῦ	N-GSM	N-GSM	2316	θεός	Θεοῦ	
Matt 26:61	καὶ	CONJ	CONJ	2532	καί	καί	
Matt 26:61	διὰ	PREP	PREP	1223	διά	διά	
Matt 26:61	τριῶν	A-GPF	A-GPF	5140	τρεῖς	τριῶν	
Matt 26:61	ἡμερῶν	N-GPF	N-GPF	2250	ἡμέρα	ἡμερῶν	
Matt 26:61	οἰκοδομῆσαι.	V-AAN	V-AAN	3618&5658	οἰκοδομέω	οἰκοδομῆσαι	
Matt 26:62	καὶ	CONJ	CONJ	2532	καί	καί	
Matt 26:62	ἀναστὰς	V-2AAP-NSM	V-2AAP-NSM	450&5631	ἀνίστημι	ἀναστάς	
Matt 26:62	ὁ	T-NSM	T-NSM	3588	ὁ	ὁ	
Matt 26:62	ἀρχιερεὺς	N-NSM	N-NSM	749	ἀρχιερεύς	ἀρχιερεύς	
Matt 26:62	εἶπεν	V-2AAI-3S	V-2AAI-3S	3004&5627	λέγω	εἶπεν	
Matt 26:62	αὐτῷ	P-DSM	P-DSM	846	αὐτός	αὐτῷ	
Matt 26:62	Οὐδὲν	A-ASN-N	A-ASN-N	3762	οὐδείς	Οὐδέν	
Matt 26:62	ἀποκρίνῃ,	V-PNI-2S	V-PNI-2S	611&5736	ἀποκρίνομαι	ἀποκρίνῃ	
Matt 26:62	τί	I-ASN	I-ASN	5101	τίς	τί	
Matt 26:62	οὗτοί	D-NPM	D-NPM	3778	οὗτος	οὗτοι	
Matt 26:62	σου	P-2GS	P-2GS	4771	σύ	σου	
Matt 26:62	καταμαρτυροῦσιν;	V-PAI-3P	V-PAI-3P	2649&5719	καταμαρτυρέω	καταμαρτυροῦσιν	
Matt 26:63	ὁ	T-NSM	T-NSM	3588	ὁ	ὁ	
Matt 26:63	δὲ	CONJ	CONJ	1161	δέ	δέ	
Matt 26:63	Ἰησοῦς	N-NSM	N-NSM	2424	Ἰησοῦς	Ἰησοῦς	
Matt 26:63	ἐσιώπα.	V-IAI-3S	V-IAI-3S	4623&5707	σιωπάω	ἐσιώπα	
Matt 26:63	καὶ	CONJ	CONJ	2532	καί	καί	
Matt 26:63	ὁ	T-NSM	T-NSM	3588	ὁ	ὁ	
Matt 26:63	ἀρχιερεὺς	N-NSM	N-NSM	749	ἀρχιερεύς	ἀρχιερεύς	
Matt 26:63	εἶπεν	V-2AAI-3S	V-2AAI-3S	3004&5627	λέγω	εἶπεν	
Matt 26:63	αὐτῷ	P-DSM	P-DSM	846	αὐτός	αὐτῷ	
Matt 26:63	Ἐξορκίζω	V-PAI-1S	V-PAI-1S	1844&5719	ἐξορκίζω	Ἐξορκίζω	
Matt 26:63	σε	P-2AS	P-2AS	4771	σύ	σε	
Matt 26:63	κατὰ	PREP	PREP	2596	κατά	κατά	
Matt 26:63	τοῦ	T-GSM	T-GSM	3588	ὁ	τοῦ	
Matt 26:63	Θεοῦ	N-GSM	N-GSM	2316	θεός	Θεοῦ	
Matt 26:63	τοῦ	T-GSM	T-GSM	3588	ὁ	τοῦ	
Matt 26:63	ζῶντος	V-PAP-GSM	V-PAP-GSM	2198&5723	ζάω	ζῶντος	
Matt 26:63	ἵνα	CONJ	CONJ	2443	ἵνα	ἵνα	
Matt 26:63	ἡμῖν	P-1DP	P-1DP	1473	ἐγώ	ἡμῖν	
Matt 26:63	εἴπῃς	V-2AAS-2S	V-2AAS-2S	3004&5632	λέγω	εἴπῃς	
Matt 26:63	εἰ	COND	COND	1487	εἰ	εἰ	
Matt 26:63	σὺ	P-2NS	P-2NS	4771	σύ	σύ	
Matt 26:63	εἶ	V-PAI-2S	V-PAI-2S	1510&5719	εἰμί	εἶ	
Matt 26:63	ὁ	T-NSM	T-NSM	3588	ὁ	ὁ	
Matt 26:63	Χριστὸς	N-NSM	N-NSM	5547	Χριστός	Χριστός	
Matt 26:63	ὁ	T-NSM	T-NSM	3588	ὁ	ὁ	
Matt 26:63	Υἱὸς	N-NSM	N-NSM	5207	υἱός	Υἱός	
Matt 26:63	τοῦ	T-GSM	T-GSM	3588	ὁ	τοῦ	
Matt 26:63	Θεοῦ.	N-GSM	N-GSM	2316	θεός	Θεοῦ	
Matt 26:64	λέγει	V-PAI-3S	V-PAI-3S	3004&5719	λέγω	λέγει	
Matt 26:64	αὐτῷ	P-DSM	P-DSM	846	αὐτός	αὐτῷ	
Matt 26:64	ὁ	T-NSM	T-NSM	3588	ὁ	ὁ	
Matt 26:64	Ἰησοῦς	N-NSM	N-NSM	2424	Ἰησοῦς	Ἰησοῦς	
Matt 26:64	Σὺ	P-2NS	P-2NS	4771	σύ	Σύ	
Matt 26:64	εἶπας·	V-2AAI-2S	V-2AAI-2S	3004&5627	λέγω	εἶπας	
Matt 26:64	πλὴν	ADV	ADV	4133	πλήν	πλήν	
Matt 26:64	λέγω	V-PAI-1S	V-PAI-1S	3004&5719	λέγω	λέγω	
Matt 26:64	ὑμῖν,	P-2DP	P-2DP	4771	σύ	ὑμῖν	
Matt 26:64	ἀπ’	PREP	PREP	575	ἀπό	ἀπ’	
Matt 26:64	ἄρτι	ADV	ADV	737	ἄρτι	ἄρτι	
Matt 26:64	ὄψεσθε	V-FDI-2P	V-FDI-2P	3708&5695	ὁράω	ὄψεσθε	
Matt 26:64	τὸν	T-ASM	T-ASM	3588	ὁ	τόν	
Matt 26:64	Υἱὸν	N-ASM	N-ASM	5207	υἱός	Υἱόν	
Matt 26:64	τοῦ	T-GSM	T-GSM	3588	ὁ	τοῦ	
Matt 26:64	ἀνθρώπου	N-GSM	N-GSM	444	ἄνθρωπος	ἀνθρώπου	
Matt 26:64	καθήμενον	V-PNP-ASM	V-PNP-ASM	2521&5740	κάθημαι	καθήμενον	
Matt 26:64	ἐκ	PREP	PREP	1537	ἐκ	ἐκ	
Matt 26:64	δεξιῶν	A-GPN	A-GPN	1188	δεξιός	δεξιῶν	
Matt 26:64	τῆς	T-GSF	T-GSF	3588	ὁ	τῆς	
Matt 26:64	δυνάμεως	N-GSF	N-GSF	1411	δύναμις	δυνάμεως	
Matt 26:64	καὶ	CONJ	CONJ	2532	καί	καί	
Matt 26:64	ἐρχόμενον	V-PNP-ASM	V-PNP-ASM	2064&5740	ἔρχομαι	ἐρχόμενον	
Matt 26:64	ἐπὶ	PREP	PREP	1909	ἐπί	ἐπί	
Matt 26:64	τῶν	T-GPF	T-GPF	3588	ὁ	τῶν	
Matt 26:64	νεφελῶν	N-GPF	N-GPF	3507	νεφέλη	νεφελῶν	
Matt 26:64	τοῦ	T-GSM	T-GSM	3588	ὁ	τοῦ	
Matt 26:64	οὐρανοῦ.	N-GSM	N-GSM	3772	οὐρανός	οὐρανοῦ	
Matt 26:65	τότε	ADV	ADV	5119	τότε	τότε	
Matt 26:65	ὁ	T-NSM	T-NSM	3588	ὁ	ὁ	
Matt 26:65	ἀρχιερεὺς	N-NSM	N-NSM	749	ἀρχιερεύς	ἀρχιερεύς	
Matt 26:65	διέρρηξεν	V-AAI-3S	V-AAI-3S	1284&5656	διαρρήγνυμι	διέρρηξεν	
Matt 26:65	τὰ	T-APN	T-APN	3588	ὁ	τά	
Matt 26:65	ἱμάτια	N-APN	N-APN	2440	ἱμάτιον	ἱμάτια	
Matt 26:65	αὐτοῦ	P-GSM	P-GSM	846	αὐτός	αὐτοῦ	
Matt 26:65	λέγων	V-PAP-NSM	V-PAP-NSM	3004&5723	λέγω	λέγων	
Matt 26:65	Ἐβλασφήμησεν·	V-AAI-3S	V-AAI-3S	987&5656	βλασφημέω	Ἐβλασφήμησεν	
Matt 26:65	τί	I-ASN	I-ASN	5101	τίς	τί	
Matt 26:65	ἔτι	ADV	ADV	2089	ἔτι	ἔτι	
Matt 26:65	χρείαν	N-ASF	N-ASF	5532	χρεία	χρείαν	
Matt 26:65	ἔχομεν	V-PAI-1P	V-PAI-1P	2192&5719	ἔχω	ἔχομεν	
Matt 26:65	μαρτύρων;	N-GPM	N-GPM	3144	μάρτυς	μαρτύρων	
Matt 26:65	ἴδε	V-2AAM-2S	V-2AAM-2S	3708&5628	ὁράω	ἴδε	
Matt 26:65	νῦν	ADV	ADV	3568	νῦν	νῦν	
Matt 26:65	ἠκούσατε	V-AAI-2P	V-AAI-2P	191&5656	ἀκούω	ἠκούσατε	
Matt 26:65	τὴν	T-ASF	T-ASF	3588	ὁ	τήν	
Matt 26:65	βλασφημίαν·	N-ASF	N-ASF	988	βλασφημία	βλασφημίαν	
Matt 26:66	τί	I-NSN	I-NSN	5101	τίς	τί	
Matt 26:66	ὑμῖν	P-2DP	P-2DP	4771	σύ	ὑμῖν	
Matt 26:66	δοκεῖ;	V-PAI-3S	V-PAI-3S	1380&5719	δοκέω	δοκεῖ	
Matt 26:66	οἱ	T-NPM	T-NPM	3588	ὁ	οἱ	
Matt 26:66	δὲ	CONJ	CONJ	1161	δέ	δέ	
Matt 26:66	ἀποκριθέντες	V-AOP-NPM	V-AOP-NPM	611&5679	ἀποκρίνομαι	ἀποκριθέντες	
Matt 26:66	εἶπαν	V-2AAI-3P	V-2AAI-3P	3004&5627	λέγω	εἶπαν	
Matt 26:66	Ἔνοχος	A-NSM	A-NSM	1777	ἔνοχος	Ἔνοχος	
Matt 26:66	θανάτου	N-GSM	N-GSM	2288	θάνατος	θανάτου	
Matt 26:66	ἐστίν.	V-PAI-3S	V-PAI-3S	1510&5719	εἰμί	ἐστίν	
Matt 26:67	Τότε	ADV	ADV	5119	τότε	Τότε	
Matt 26:67	ἐνέπτυσαν	V-AAI-3P	V-AAI-3P	1716&5656	ἐμπτύω	ἐνέπτυσαν	
Matt 26:67	εἰς	PREP	PREP	1519	εἰς	εἰς	
Matt 26:67	τὸ	T-ASN	T-ASN	3588	ὁ	τό	
Matt 26:67	πρόσωπον	N-ASN	N-ASN	4383	πρόσωπον	πρόσωπον	
Matt 26:67	αὐτοῦ	P-GSM	P-GSM	846	αὐτός	αὐτοῦ	
Matt 26:67	καὶ	CONJ	CONJ	2532	καί	καί	
Matt 26:67	ἐκολάφισαν	V-AAI-3P	V-AAI-3P	2852&5656	κολαφίζω	ἐκολάφισαν	
Matt 26:67	αὐτόν,	P-ASM	P-ASM	846	αὐτός	αὐτόν	
Matt 26:67	οἱ	T-NPM	T-NPM	3588	ὁ	οἱ	
Matt 26:67	δὲ	CONJ	CONJ	1161	δέ	δέ	
Matt 26:67	ἐράπισαν	V-AAI-3P	V-AAI-3P	4474&5656	ῥαπίζω	ἐράπισαν	
Matt 26:68	λέγοντες	V-PAP-NPM	V-PAP-NPM	3004&5723	λέγω	λέγοντες	
Matt 26:68	Προφήτευσον	V-AAM-2S	V-AAM-2S	4395&5657	προφητεύω	Προφήτευσον	
Matt 26:68	ἡμῖν,	P-1DP	P-1DP	1473	ἐγώ	ἡμῖν	
Matt 26:68	Χριστέ,	N-VSM	N-VSM	5547	Χριστός	Χριστέ	
Matt 26:68	τίς	I-NSM	I-NSM	5101	τίς	τίς	
Matt 26:68	ἐστιν	V-PAI-3S	V-PAI-3S	1510&5719	εἰμί	ἐστιν	
Matt 26:68	ὁ	T-NSM	T-NSM	3588	ὁ	ὁ	
Matt 26:68	παίσας	V-AAP-NSM	V-AAP-NSM	3817&5660	παίω	παίσας	
Matt 26:68	σε;	P-2AS	P-2AS	4771	σύ	σε	
Matt 26:69	Ὁ	T-NSM	T-NSM	3588	ὁ	Ὁ	
Matt 26:69	δὲ	CONJ	CONJ	1161	δέ	δέ	
Matt 26:69	Πέτρος	N-NSM	N-NSM	4074	Πέτρος	Πέτρος	
Matt 26:69	ἐκάθητο	V-INI-3S	V-INI-3S	2521&5711	κάθημαι	ἐκάθητο	
Matt 26:69	ἔξω	ADV	ADV	1854	ἔξω	ἔξω	
Matt 26:69	ἐν	PREP	PREP	1722	ἐν	ἐν	
Matt 26:69	τῇ	T-DSF	T-DSF	3588	ὁ	τῇ	
Matt 26:69	αὐλῇ·	N-DSF	N-DSF	833	αὐλή	αὐλῇ	
Matt 26:69	καὶ	CONJ	CONJ	2532	καί	καί	
Matt 26:69	προσῆλθεν	V-2AAI-3S	V-2AAI-3S	4334&5627	προσέρχομαι	προσῆλθεν	
Matt 26:69	αὐτῷ	P-DSM	P-DSM	846	αὐτός	αὐτῷ	
Matt 26:69	μία	A-NSF	A-NSF	1520	εἷς	μία	
Matt 26:69	παιδίσκη	N-NSF	N-NSF	3814	παιδίσκη	παιδίσκη	
Matt 26:69	λέγουσα	V-PAP-NSF	V-PAP-NSF	3004&5723	λέγω	λέγουσα	
Matt 26:69	Καὶ	CONJ	CONJ	2532	καί	Καί	
Matt 26:69	σὺ	P-2NS	P-2NS	4771	σύ	σύ	
Matt 26:69	ἦσθα	V-IAI-2S	V-IAI-2S	1510&5707	εἰμί	ἦσθα	
Matt 26:69	μετὰ	PREP	PREP	3326	μετά	μετά	
Matt 26:69	Ἰησοῦ	N-GSM	N-GSM	2424	Ἰησοῦς	Ἰησοῦ	
Matt 26:69	τοῦ	T-GSM	T-GSM	3588	ὁ	τοῦ	
Matt 26:69	Γαλιλαίου.	N-GSM	N-GSM	1057	Γαλιλαῖος	Γαλιλαίου	
Matt 26:70	ὁ	T-NSM	T-NSM	3588	ὁ	ὁ	
Matt 26:70	δὲ	CONJ	CONJ	1161	δέ	δέ	
Matt 26:70	ἠρνήσατο	V-ADI-3S	V-ADI-3S	720&5662	ἀρνέομαι	ἠρνήσατο	
Matt 26:70	ἔμπροσθεν	PREP	PREP	1715	ἔμπροσθεν	ἔμπροσθεν	
Matt 26:70	πάντων	A-GPM	A-GPM	3956	πᾶς	πάντων	
Matt 26:70	λέγων	V-PAP-NSM	V-PAP-NSM	3004&5723	λέγω	λέγων	
Matt 26:70	Οὐκ	PRT-N	PRT-N	3756	οὐ	Οὐκ	
Matt 26:70	οἶδα	V-RAI-1S	V-RAI-1S	1492&5758	οἶδα	οἶδα	
Matt 26:70	τί	I-ASN	I-ASN	5101	τίς	τί	
Matt 26:70	λέγεις.	V-PAI-2S	V-PAI-2S	3004&5719	λέγω	λέγεις	
Matt 26:71	ἐξελθόντα	V-2AAP-ASM	V-2AAP-ASM	1831&5631	ἐξέρχομαι	ἐξελθόντα	
Matt 26:71	δὲ	CONJ	CONJ	1161	δέ	δέ	
Matt 26:71	εἰς	PREP	PREP	1519	εἰς	εἰς	
Matt 26:71	τὸν	T-ASM	T-ASM	3588	ὁ	τόν	
Matt 26:71	πυλῶνα	N-ASM	N-ASM	4440	πυλών	πυλῶνα	
Matt 26:71	εἶδεν	V-2AAI-3S	V-2AAI-3S	3708&5627	ὁράω	εἶδεν	
Matt 26:71	αὐτὸν	P-ASM	P-ASM	846	αὐτός	αὐτόν	
Matt 26:71	ἄλλη	A-NSF	A-NSF	243	ἄλλος	ἄλλη	
Matt 26:71	καὶ	CONJ	CONJ	2532	καί	καί	
Matt 26:71	λέγει	V-PAI-3S	V-PAI-3S	3004&5719	λέγω	λέγει	
Matt 26:71	τοῖς	T-DPM	T-DPM	3588	ὁ	τοῖς	
Matt 26:71	ἐκεῖ	ADV	ADV	1563	ἐκεῖ	ἐκεῖ	
Matt 26:71	Οὗτος	D-NSM	D-NSM	3778	οὗτος	Οὗτος	
Matt 26:71	ἦν	V-IAI-3S	V-IAI-3S	1510&5707	εἰμί	ἦν	
Matt 26:71	μετὰ	PREP	PREP	3326	μετά	μετά	
Matt 26:71	Ἰησοῦ	N-GSM	N-GSM	2424	Ἰησοῦς	Ἰησοῦ	
Matt 26:71	τοῦ	T-GSM	T-GSM	3588	ὁ	τοῦ	
Matt 26:71	Ναζωραίου.	N-GSM	N-GSM	3480	Ναζωραῖος	Ναζωραίου	
Matt 26:72	καὶ	CONJ	CONJ	2532	καί	καί	
Matt 26:72	πάλιν	ADV	ADV	3825	πάλιν	πάλιν	
Matt 26:72	ἠρνήσατο	V-ADI-3S	V-ADI-3S	720&5662	ἀρνέομαι	ἠρνήσατο	
Matt 26:72	μετὰ	PREP	PREP	3326	μετά	μετά	
Matt 26:72	ὅρκου	N-GSM	N-GSM	3727	ὅρκος	ὅρκου	
Matt 26:72	ὅτι	CONJ	CONJ	3754	ὅτι	ὅτι	
Matt 26:72	Οὐκ	PRT-N	PRT-N	3756	οὐ	Οὐκ	
Matt 26:72	οἶδα	V-RAI-1S	V-RAI-1S	1492&5758	οἶδα	οἶδα	
Matt 26:72	τὸν	T-ASM	T-ASM	3588	ὁ	τόν	
Matt 26:72	ἄνθρωπον.	N-ASM	N-ASM	444	ἄνθρωπος	ἄνθρωπον	
Matt 26:73	μετὰ	PREP	PREP	3326	μετά	μετά	
Matt 26:73	μικρὸν	A-ASN	A-ASN	3398	μικρός	μικρόν	
Matt 26:73	δὲ	CONJ	CONJ	1161	δέ	δέ	
Matt 26:73	προσελθόντες	V-2AAP-NPM	V-2AAP-NPM	4334&5631	προσέρχομαι	προσελθόντες	
Matt 26:73	οἱ	T-NPM	T-NPM	3588	ὁ	οἱ	
Matt 26:73	ἑστῶτες	V-RAP-NPM	V-RAP-NPM	2476&5761	ἵστημι	ἑστῶτες	
Matt 26:73	εἶπον	V-2AAI-3P	V-2AAI-3P	3004&5627	λέγω	εἶπον	
Matt 26:73	τῷ	T-DSM	T-DSM	3588	ὁ	τῷ	
Matt 26:73	Πέτρῳ	N-DSM	N-DSM	4074	Πέτρος	Πέτρῳ	
Matt 26:73	Ἀληθῶς	ADV	ADV	230	ἀληθῶς	Ἀληθῶς	
Matt 26:73	καὶ	CONJ	CONJ	2532	καί	καί	
Matt 26:73	σὺ	P-2NS	P-2NS	4771	σύ	σύ	
Matt 26:73	ἐξ	PREP	PREP	1537	ἐκ	ἐξ	
Matt 26:73	αὐτῶν	P-GPM	P-GPM	846	αὐτός	αὐτῶν	
Matt 26:73	εἶ,	V-PAI-2S	V-PAI-2S	1510&5719	εἰμί	εἶ	
Matt 26:73	καὶ	CONJ	CONJ	2532	καί	καί	
Matt 26:73	γὰρ	CONJ	CONJ	1063	γάρ	γάρ	
Matt 26:73	ἡ	T-NSF	T-NSF	3588	ὁ	ἡ	
Matt 26:73	λαλιά	N-NSF	N-NSF	2981	λαλιά	λαλιά	
Matt 26:73	σου	P-2GS	P-2GS	4771	σύ	σου	
Matt 26:73	δῆλόν	A-ASM	A-ASM	1212	δῆλος	δῆλον	
Matt 26:73	σε	P-2AS	P-2AS	4771	σύ	σε	
Matt 26:73	ποιεῖ.	V-PAI-3S	V-PAI-3S	4160&5719	ποιέω	ποιεῖ	
Matt 26:74	τότε	ADV	ADV	5119	τότε	τότε	
Matt 26:74	ἤρξατο	V-AMI-3S	V-AMI-3S	756&5668	ἄρχω	ἤρξατο	
Matt 26:74	καταθεματίζειν	V-PAN	V-PAN	2653&5721	καταθεματίζω	καταθεματίζειν	
Matt 26:74	καὶ	CONJ	CONJ	2532	καί	καί	
Matt 26:74	ὀμνύειν	V-PAN	V-PAN	3660&5721	ὀμνύω	ὀμνύειν	
Matt 26:74	ὅτι	CONJ	CONJ	3754	ὅτι	ὅτι	
Matt 26:74	Οὐκ	PRT-N	PRT-N	3756	οὐ	Οὐκ	
Matt 26:74	οἶδα	V-RAI-1S	V-RAI-1S	1492&5758	οἶδα	οἶδα	
Matt 26:74	τὸν	T-ASM	T-ASM	3588	ὁ	τόν	
Matt 26:74	ἄνθρωπον.	N-ASM	N-ASM	444	ἄνθρωπος	ἄνθρωπον	
Matt 26:74	καὶ	CONJ	CONJ	2532	καί	καί	
Matt 26:74	εὐθὺς	ADV	ADV	2112	εὐθέως	εὐθύς	
Matt 26:74	ἀλέκτωρ	N-NSM	N-NSM	220	ἀλέκτωρ	ἀλέκτωρ	
Matt 26:74	ἐφώνησεν.	V-AAI-3S	V-AAI-3S	5455&5656	φωνέω	ἐφώνησεν	
Matt 26:75	καὶ	CONJ	CONJ	2532	καί	καί	
Matt 26:75	ἐμνήσθη	V-API-3S	V-API-3S	3403&5681	μιμνῄσκω	ἐμνήσθη	
Matt 26:75	ὁ	T-NSM	T-NSM	3588	ὁ	ὁ	
Matt 26:75	Πέτρος	N-NSM	N-NSM	4074	Πέτρος	Πέτρος	
Matt 26:75	τοῦ	T-GSN	T-GSN	3588	ὁ	τοῦ	
Matt 26:75	ῥήματος	N-GSN	N-GSN	4487	ῥῆμα	ῥήματος	
Matt 26:75	Ἰησοῦ	N-GSM	N-GSM	2424	Ἰησοῦς	Ἰησοῦ	
Matt 26:75	εἰρηκότος	V-RAP-GSM-ATT	V-RAP-GSM-ATT	2046&5761	εἶπον	εἰρηκότος	
Matt 26:75	ὅτι	CONJ	CONJ	3754	ὅτι	ὅτι	
Matt 26:75	Πρὶν	ADV	ADV	4250	πρίν	Πρίν	
Matt 26:75	ἀλέκτορα	N-ASM	N-ASM	220	ἀλέκτωρ	ἀλέκτορα	
Matt 26:75	φωνῆσαι	V-AAN	V-AAN	5455&5658	φωνέω	φωνῆσαι	
Matt 26:75	τρὶς	ADV	ADV	5151	τρίς	τρίς	
Matt 26:75	ἀπαρνήσῃ	V-FDI-2S	V-FDI-2S	533&5695	ἀπαρνέομαι	ἀπαρνήσῃ	
Matt 26:75	με·	P-1AS	P-1AS	1473	ἐγώ	με	
Matt 26:75	καὶ	CONJ	CONJ	2532	καί	καί	
Matt 26:75	ἐξελθὼν	V-2AAP-NSM	V-2AAP-NSM	1831&5631	ἐξέρχομαι	ἐξελθών	
Matt 26:75	ἔξω	ADV	ADV	1854	ἔξω	ἔξω	
Matt 26:75	ἔκλαυσεν	V-AAI-3S	V-AAI-3S	2799&5656	κλαίω	ἔκλαυσεν	
Matt 26:75	πικρῶς.	ADV	ADV	4090	πικρῶς	πικρῶς	
Matt 27:1	Πρωΐας	N-GSF	N-GSF	4405	πρωΐα	Πρωΐας	
Matt 27:1	δὲ	CONJ	CONJ	1161	δέ	δέ	
Matt 27:1	γενομένης	V-2ADP-GSF	V-2ADP-GSF	1096&5637	γίνομαι	γενομένης	
Matt 27:1	συμβούλιον	N-ASN	N-ASN	4824	συμβούλιον	συμβούλιον	
Matt 27:1	ἔλαβον	V-2AAI-3P	V-2AAI-3P	2983&5627	λαμβάνω	ἔλαβον	
Matt 27:1	πάντες	A-NPM	A-NPM	3956	πᾶς	πάντες	
Matt 27:1	οἱ	T-NPM	T-NPM	3588	ὁ	οἱ	
Matt 27:1	ἀρχιερεῖς	N-NPM	N-NPM	749	ἀρχιερεύς	ἀρχιερεῖς	
Matt 27:1	καὶ	CONJ	CONJ	2532	καί	καί	
Matt 27:1	οἱ	T-NPM	T-NPM	3588	ὁ	οἱ	
Matt 27:1	πρεσβύτεροι	A-NPM-C	A-NPM-C	4245	πρεσβύτερος	πρεσβύτεροι	
Matt 27:1	τοῦ	T-GSM	T-GSM	3588	ὁ	τοῦ	
Matt 27:1	λαοῦ	N-GSM	N-GSM	2992	λαός	λαοῦ	
Matt 27:1	κατὰ	PREP	PREP	2596	κατά	κατά	
Matt 27:1	τοῦ	T-GSM	T-GSM	3588	ὁ	τοῦ	
Matt 27:1	Ἰησοῦ	N-GSM	N-GSM	2424	Ἰησοῦς	Ἰησοῦ	
Matt 27:1	ὥστε	CONJ	CONJ	5620	ὥστε	ὥστε	
Matt 27:1	θανατῶσαι	V-AAN	V-AAN	2289&5658	θανατόω	θανατῶσαι	
Matt 27:1	αὐτόν·	P-ASM	P-ASM	846	αὐτός	αὐτόν	
Matt 27:2	καὶ	CONJ	CONJ	2532	καί	καί	
Matt 27:2	δήσαντες	V-AAP-NPM	V-AAP-NPM	1210&5660	δέω	δήσαντες	
Matt 27:2	αὐτὸν	P-ASM	P-ASM	846	αὐτός	αὐτόν	
Matt 27:2	ἀπήγαγον	V-2AAI-3P	V-2AAI-3P	520&5627	ἀπάγω	ἀπήγαγον	
Matt 27:2	καὶ	CONJ	CONJ	2532	καί	καί	
Matt 27:2	παρέδωκαν	V-AAI-3P	V-AAI-3P	3860&5656	παραδίδωμι	παρέδωκαν	
Matt 27:2	Πειλάτῳ	N-DSM	N-DSM	4091	Πιλᾶτος	Πειλάτῳ	
Matt 27:2	τῷ	T-DSM	T-DSM	3588	ὁ	τῷ	
Matt 27:2	ἡγεμόνι.	N-DSM	N-DSM	2232	ἡγεμών	ἡγεμόνι	
Matt 27:3	Τότε	ADV	ADV	5119	τότε	Τότε	
Matt 27:3	ἰδὼν	V-2AAP-NSM	V-2AAP-NSM	3708&5631	ὁράω	ἰδών	
Matt 27:3	Ἰούδας	N-NSM	N-NSM	2455	Ἰούδας	Ἰούδας	
Matt 27:3	ὁ	T-NSM	T-NSM	3588	ὁ	ὁ	
Matt 27:3	παραδοὺς	V-2AAP-NSM	V-2AAP-NSM	3860&5631	παραδίδωμι	παραδούς	
Matt 27:3	αὐτὸν	P-ASM	P-ASM	846	αὐτός	αὐτόν	
Matt 27:3	ὅτι	CONJ	CONJ	3754	ὅτι	ὅτι	
Matt 27:3	κατεκρίθη,	V-API-3S	V-API-3S	2632&5681	κατακρίνω	κατεκρίθη	
Matt 27:3	μεταμεληθεὶς	V-AOP-NSM	V-AOP-NSM	3338&5679	μεταμέλομαι	μεταμεληθείς	
Matt 27:3	ἔστρεψεν	V-AAI-3S	V-AAI-3S	4762&5656	στρέφω	ἔστρεψεν	
Matt 27:3	τὰ	T-APN	T-APN	3588	ὁ	τά	
Matt 27:3	τριάκοντα	A-NUI	A-NUI	5144	τριάκοντα	τριάκοντα	
Matt 27:3	ἀργύρια	N-APN	N-APN	694	ἀργύριον	ἀργύρια	
Matt 27:3	τοῖς	T-DPM	T-DPM	3588	ὁ	τοῖς	
Matt 27:3	ἀρχιερεῦσιν	N-DPM	N-DPM	749	ἀρχιερεύς	ἀρχιερεῦσιν	
Matt 27:3	καὶ	CONJ	CONJ	2532	καί	καί	
Matt 27:3	πρεσβυτέροις	A-DPM-C	A-DPM-C	4245	πρεσβύτερος	πρεσβυτέροις	
Matt 27:4	λέγων	V-PAP-NSM	V-PAP-NSM	3004&5723	λέγω	λέγων	
Matt 27:4	Ἥμαρτον	V-2AAI-1S	V-2AAI-1S	264&5627	ἁμαρτάνω	Ἥμαρτον	
Matt 27:4	παραδοὺς	V-2AAP-NSM	V-2AAP-NSM	3860&5631	παραδίδωμι	παραδούς	
Matt 27:4	αἷμα	N-ASN	N-ASN	129	αἷμα	αἷμα	
Matt 27:4	ἀθῷον.	A-ASM	A-ASM	121	ἀθῷος	ἀθῷον	
Matt 27:4	οἱ	T-NPM	T-NPM	3588	ὁ	οἱ	
Matt 27:4	δὲ	CONJ	CONJ	1161	δέ	δέ	
Matt 27:4	εἶπαν	V-2AAI-3P	V-2AAI-3P	3004&5627	λέγω	εἶπαν	
Matt 27:4	Τί	I-NSN	I-NSN	5101	τίς	Τί	
Matt 27:4	πρὸς	PREP	PREP	4314	πρός	πρός	
Matt 27:4	ἡμᾶς;	P-1AP	P-1AP	1473	ἐγώ	ἡμᾶς	
Matt 27:4	σὺ	P-2NS	P-2NS	4771	σύ	σύ	
Matt 27:4	ὄψῃ.	V-FDI-2S	V-FDI-2S	3708&5695	ὁράω	ὄψῃ	
Matt 27:5	καὶ	CONJ	CONJ	2532	καί	καί	
Matt 27:5	ῥίψας	V-AAP-NSM	V-AAP-NSM	4496&5660	ῥίπτω	ῥίψας	
Matt 27:5	τὰ	T-APN	T-APN	3588	ὁ	τά	
Matt 27:5	ἀργύρια	N-APN	N-APN	694	ἀργύριον	ἀργύρια	
Matt 27:5	εἰς	PREP	PREP	1519	εἰς	εἰς	
Matt 27:5	τὸν	T-ASM	T-ASM	3588	ὁ	τόν	
Matt 27:5	ναὸν	N-ASM	N-ASM	3485	ναός	ναόν	
Matt 27:5	ἀνεχώρησεν,	V-AAI-3S	V-AAI-3S	402&5656	ἀναχωρέω	ἀνεχώρησεν	
Matt 27:5	καὶ	CONJ	CONJ	2532	καί	καί	
Matt 27:5	ἀπελθὼν	V-2AAP-NSM	V-2AAP-NSM	565&5631	ἀπέρχομαι	ἀπελθών	
Matt 27:5	ἀπήγξατο.	V-AMI-3S	V-AMI-3S	519&5668	ἀπάγχω	ἀπήγξατο	
Matt 27:6	οἱ	T-NPM	T-NPM	3588	ὁ	οἱ	
Matt 27:6	δὲ	CONJ	CONJ	1161	δέ	δέ	
Matt 27:6	ἀρχιερεῖς	N-NPM	N-NPM	749	ἀρχιερεύς	ἀρχιερεῖς	
Matt 27:6	λαβόντες	V-2AAP-NPM	V-2AAP-NPM	2983&5631	λαμβάνω	λαβόντες	
Matt 27:6	τὰ	T-APN	T-APN	3588	ὁ	τά	
Matt 27:6	ἀργύρια	N-APN	N-APN	694	ἀργύριον	ἀργύρια	
Matt 27:6	εἶπαν	V-2AAI-3P	V-2AAI-3P	3004&5627	λέγω	εἶπαν	
Matt 27:6	Οὐκ	PRT-N	PRT-N	3756	οὐ	Οὐκ	
Matt 27:6	ἔξεστιν	V-PAI-3S	V-PAI-3S	1832&5719	ἔξεστι(ν)	ἔξεστιν	
Matt 27:6	βαλεῖν	V-2AAN	V-2AAN	906&5629	βάλλω	βαλεῖν	
Matt 27:6	αὐτὰ	P-APN	P-APN	846	αὐτός	αὐτά	
Matt 27:6	εἰς	PREP	PREP	1519	εἰς	εἰς	
Matt 27:6	τὸν	T-ASM	T-ASM	3588	ὁ	τόν	
Matt 27:6	κορβανᾶν,	N-ASM	N-ASM	2878	κορβᾶν	κορβανᾶν	
Matt 27:6	ἐπεὶ	CONJ	CONJ	1893	ἐπεί	ἐπεί	
Matt 27:6	τιμὴ	N-NSF	N-NSF	5092	τιμή	τιμή	
Matt 27:6	αἵματός	N-GSN	N-GSN	129	αἷμα	αἵματος	
Matt 27:6	ἐστιν.	V-PAI-3S	V-PAI-3S	1510&5719	εἰμί	ἐστιν	
Matt 27:7	συμβούλιον	N-ASN	N-ASN	4824	συμβούλιον	συμβούλιον	
Matt 27:7	δὲ	CONJ	CONJ	1161	δέ	δέ	
Matt 27:7	λαβόντες	V-2AAP-NPM	V-2AAP-NPM	2983&5631	λαμβάνω	λαβόντες	
Matt 27:7	ἠγόρασαν	V-AAI-3P	V-AAI-3P	59&5656	ἀγοράζω	ἠγόρασαν	
Matt 27:7	ἐξ	PREP	PREP	1537	ἐκ	ἐξ	
Matt 27:7	αὐτῶν	P-GPN	P-GPN	846	αὐτός	αὐτῶν	
Matt 27:7	τὸν	T-ASM	T-ASM	3588	ὁ	τόν	
Matt 27:7	ἀγρὸν	N-ASM	N-ASM	68	ἀγρός	ἀγρόν	
Matt 27:7	τοῦ	T-GSM	T-GSM	3588	ὁ	τοῦ	
Matt 27:7	κεραμέως	N-GSM	N-GSM	2763	κεραμεύς	κεραμέως	
Matt 27:7	εἰς	PREP	PREP	1519	εἰς	εἰς	
Matt 27:7	ταφὴν	N-ASF	N-ASF	5027	ταφή	ταφήν	
Matt 27:7	τοῖς	T-DPM	T-DPM	3588	ὁ	τοῖς	
Matt 27:7	ξένοις.	A-DPM	A-DPM	3581	ξένος	ξένοις	
Matt 27:8	διὸ	CONJ	CONJ	1352	διό	διό	
Matt 27:8	ἐκλήθη	V-API-3S	V-API-3S	2564&5681	καλέω	ἐκλήθη	
Matt 27:8	ὁ	T-NSM	T-NSM	3588	ὁ	ὁ	
Matt 27:8	ἀγρὸς	N-NSM	N-NSM	68	ἀγρός	ἀγρός	
Matt 27:8	ἐκεῖνος	D-NSM	D-NSM	1565	ἐκεῖνος	ἐκεῖνος	
Matt 27:8	Ἀγρὸς	N-NSM	N-NSM	68	ἀγρός	Ἀγρός	
Matt 27:8	αἵματος	N-GSN	N-GSN	129	αἷμα	αἵματος	
Matt 27:8	ἕως	ADV	ADV	2193	ἕως	ἕως	
Matt 27:8	τῆς	T-GSF	T-GSF	3588	ὁ	τῆς	
Matt 27:8	σήμερον.	ADV	ADV	4594	σήμερον	σήμερον	
Matt 27:9	τότε	ADV	ADV	5119	τότε	τότε	
Matt 27:9	ἐπληρώθη	V-API-3S	V-API-3S	4137&5681	πληρόω	ἐπληρώθη	
Matt 27:9	τὸ	T-NSN	T-NSN	3588	ὁ	τό	
Matt 27:9	ῥηθὲν	V-APP-NSN	V-APP-NSN	2046&5685	εἶπον	ῥηθέν	
Matt 27:9	διὰ	PREP	PREP	1223	διά	διά	
Matt 27:9	Ἱερεμίου	N-GSM	N-GSM	2408	Ἰερεμίας	Ἱερεμίου	
Matt 27:9	τοῦ	T-GSM	T-GSM	3588	ὁ	τοῦ	
Matt 27:9	προφήτου	N-GSM	N-GSM	4396	προφήτης	προφήτου	
Matt 27:9	λέγοντος	V-PAP-GSM	V-PAP-GSM	3004&5723	λέγω	λέγοντος	
Matt 27:9	Καὶ	CONJ	CONJ	2532	καί	Καί	
Matt 27:9	ἔλαβον	V-2AAI-3P	V-2AAI-3P	2983&5627	λαμβάνω	ἔλαβον	
Matt 27:9	τὰ	T-APN	T-APN	3588	ὁ	τά	
Matt 27:9	τριάκοντα	A-NUI	A-NUI	5144	τριάκοντα	τριάκοντα	
Matt 27:9	ἀργύρια,	N-APN	N-APN	694	ἀργύριον	ἀργύρια	
Matt 27:9	τὴν	T-ASF	T-ASF	3588	ὁ	τήν	
Matt 27:9	τιμὴν	N-ASF	N-ASF	5092	τιμή	τιμήν	
Matt 27:9	τοῦ	T-GSM	T-GSM	3588	ὁ	τοῦ	
Matt 27:9	τετιμημένου	V-RPP-GSM	V-RPP-GSM	5091&5772	τιμάω	τετιμημένου	
Matt 27:9	ὃν	R-ASM	R-ASM	3739	ὅς	ὅν	
Matt 27:9	ἐτιμήσαντο	V-AMI-3P	V-AMI-3P	5091&5668	τιμάω	ἐτιμήσαντο	
Matt 27:9	ἀπὸ	PREP	PREP	575	ἀπό	ἀπό	
Matt 27:9	υἱῶν	N-GPM	N-GPM	5207	υἱός	υἱῶν	
Matt 27:9	Ἰσραήλ,	N-PRI	N-PRI	2474	Ἰσραήλ	Ἰσραήλ	
Matt 27:10	καὶ	CONJ	CONJ	2532	καί	καί	
Matt 27:10	ἔδωκαν	V-AAI-3P	V-AAI-3P	1325&5656	δίδωμι	ἔδωκαν	
Matt 27:10	αὐτὰ	P-APN	P-APN	846	αὐτός	αὐτά	
Matt 27:10	εἰς	PREP	PREP	1519	εἰς	εἰς	
Matt 27:10	τὸν	T-ASM	T-ASM	3588	ὁ	τόν	
Matt 27:10	ἀγρὸν	N-ASM	N-ASM	68	ἀγρός	ἀγρόν	
Matt 27:10	τοῦ	T-GSM	T-GSM	3588	ὁ	τοῦ	
Matt 27:10	κεραμέως,	N-GSM	N-GSM	2763	κεραμεύς	κεραμέως	
Matt 27:10	καθὰ	ADV	ADV	2505	καθά	καθά	
Matt 27:10	συνέταξέν	V-AAI-3S	V-AAI-3S	4929&5656	συντάσσω	συνέταξεν	
Matt 27:10	μοι	P-1DS	P-1DS	1473	ἐγώ	μοι	
Matt 27:10	Κύριος.	N-NSM	N-NSM	2962	κύριος	Κύριος	
Matt 27:11	Ὁ	T-NSM	T-NSM	3588	ὁ	Ὁ	
Matt 27:11	δὲ	CONJ	CONJ	1161	δέ	δέ	
Matt 27:11	Ἰησοῦς	N-NSM	N-NSM	2424	Ἰησοῦς	Ἰησοῦς	
Matt 27:11	ἐστάθη	V-API-3S	V-API-3S	2476&5681	ἵστημι	ἐστάθη	
Matt 27:11	ἔμπροσθεν	PREP	PREP	1715	ἔμπροσθεν	ἔμπροσθεν	
Matt 27:11	τοῦ	T-GSM	T-GSM	3588	ὁ	τοῦ	
Matt 27:11	ἡγεμόνος·	N-GSM	N-GSM	2232	ἡγεμών	ἡγεμόνος	
Matt 27:11	καὶ	CONJ	CONJ	2532	καί	καί	
Matt 27:11	ἐπηρώτησεν	V-AAI-3S	V-AAI-3S	1905&5656	ἐπερωτάω	ἐπηρώτησεν	
Matt 27:11	αὐτὸν	P-ASM	P-ASM	846	αὐτός	αὐτόν	
Matt 27:11	ὁ	T-NSM	T-NSM	3588	ὁ	ὁ	
Matt 27:11	ἡγεμὼν	N-NSM	N-NSM	2232	ἡγεμών	ἡγεμών	
Matt 27:11	λέγων	V-PAP-NSM	V-PAP-NSM	3004&5723	λέγω	λέγων	
Matt 27:11	Σὺ	P-2NS	P-2NS	4771	σύ	Σύ	
Matt 27:11	εἶ	V-PAI-2S	V-PAI-2S	1510&5719	εἰμί	εἶ	
Matt 27:11	ὁ	T-NSM	T-NSM	3588	ὁ	ὁ	
Matt 27:11	Βασιλεὺς	N-NSM	N-NSM	935	βασιλεύς	Βασιλεύς	
Matt 27:11	τῶν	T-GPM	T-GPM	3588	ὁ	τῶν	
Matt 27:11	Ἰουδαίων;	A-GPM	A-GPM	2453	Ἰουδαῖος	Ἰουδαίων	
Matt 27:11	ὁ	T-NSM	T-NSM	3588	ὁ	ὁ	
Matt 27:11	δὲ	CONJ	CONJ	1161	δέ	δέ	
Matt 27:11	Ἰησοῦς	N-NSM	N-NSM	2424	Ἰησοῦς	Ἰησοῦς	
Matt 27:11	ἔφη	V-IAI-3S	V-IAI-3S	5346&5707	φημί	ἔφη	
Matt 27:11	Σὺ	P-2NS	P-2NS	4771	σύ	Σύ	
Matt 27:11	λέγεις.	V-PAI-2S	V-PAI-2S	3004&5719	λέγω	λέγεις	
Matt 27:12	καὶ	CONJ	CONJ	2532	καί	καί	
Matt 27:12	ἐν	PREP	PREP	1722	ἐν	ἐν	
Matt 27:12	τῷ	T-DSN	T-DSN	3588	ὁ	τῷ	
Matt 27:12	κατηγορεῖσθαι	V-PPN	V-PEN	2723&5745	κατηγορέω	κατηγορεῖσθαι	
Matt 27:12	αὐτὸν	P-ASM	P-ASM	846	αὐτός	αὐτόν	
Matt 27:12	ὑπὸ	PREP	PREP	5259	ὑπό	ὑπό	
Matt 27:12	τῶν	T-GPM	T-GPM	3588	ὁ	τῶν	
Matt 27:12	ἀρχιερέων	N-GPM	N-GPM	749	ἀρχιερεύς	ἀρχιερέων	
Matt 27:12	καὶ	CONJ	CONJ	2532	καί	καί	
Matt 27:12	πρεσβυτέρων	A-GPM-C	A-GPM-C	4245	πρεσβύτερος	πρεσβυτέρων	
Matt 27:12	οὐδὲν	A-ASN-N	A-ASN-N	3762	οὐδείς	οὐδέν	
Matt 27:12	ἀπεκρίνατο.	V-ADI-3S	V-ADI-3S	611&5662	ἀποκρίνομαι	ἀπεκρίνατο	
Matt 27:13	τότε	ADV	ADV	5119	τότε	τότε	
Matt 27:13	λέγει	V-PAI-3S	V-PAI-3S	3004&5719	λέγω	λέγει	
Matt 27:13	αὐτῷ	P-DSM	P-DSM	846	αὐτός	αὐτῷ	
Matt 27:13	ὁ	T-NSM	T-NSM	3588	ὁ	ὁ	
Matt 27:13	Πειλᾶτος	N-NSM	N-NSM	4091	Πιλᾶτος	Πειλᾶτος	
Matt 27:13	Οὐκ	PRT-N	PRT-N	3756	οὐ	Οὐκ	
Matt 27:13	ἀκούεις	V-PAI-2S	V-PAI-2S	191&5719	ἀκούω	ἀκούεις	
Matt 27:13	πόσα	Q-APN	Q-APN	4214	πόσος	πόσα	
Matt 27:13	σου	P-2GS	P-2GS	4771	σύ	σου	
Matt 27:13	καταμαρτυροῦσιν;	V-PAI-3P	V-PAI-3P	2649&5719	καταμαρτυρέω	καταμαρτυροῦσιν	
Matt 27:14	καὶ	CONJ	CONJ	2532	καί	καί	
Matt 27:14	οὐκ	PRT-N	PRT-N	3756	οὐ	οὐκ	
Matt 27:14	ἀπεκρίθη	V-ADI-3S	V-ADI-3S	611&5662	ἀποκρίνομαι	ἀπεκρίθη	
Matt 27:14	αὐτῷ	P-DSM	P-DSM	846	αὐτός	αὐτῷ	
Matt 27:14	πρὸς	PREP	PREP	4314	πρός	πρός	
Matt 27:14	οὐδὲ	CONJ-N	CONJ-N	3761	οὐδέ	οὐδέ	
Matt 27:14	ἓν	A-ASN	A-ASN	1520	εἷς	ἕν	
Matt 27:14	ῥῆμα,	N-ASN	N-ASN	4487	ῥῆμα	ῥῆμα	
Matt 27:14	ὥστε	CONJ	CONJ	5620	ὥστε	ὥστε	
Matt 27:14	θαυμάζειν	V-PAN	V-PAN	2296&5721	θαυμάζω	θαυμάζειν	
Matt 27:14	τὸν	T-ASM	T-ASM	3588	ὁ	τόν	
Matt 27:14	ἡγεμόνα	N-ASM	N-ASM	2232	ἡγεμών	ἡγεμόνα	
Matt 27:14	λίαν.	ADV	ADV	3029	λίαν	λίαν	
Matt 27:15	Κατὰ	PREP	PREP	2596	κατά	Κατά	
Matt 27:15	δὲ	CONJ	CONJ	1161	δέ	δέ	
Matt 27:15	ἑορτὴν	N-ASF	N-ASF	1859	ἑορτή	ἑορτήν	
Matt 27:15	εἰώθει	V-LAI-3S	V-LAI-3S	1486&5715	εἴωθα	εἰώθει	
Matt 27:15	ὁ	T-NSM	T-NSM	3588	ὁ	ὁ	
Matt 27:15	ἡγεμὼν	N-NSM	N-NSM	2232	ἡγεμών	ἡγεμών	
Matt 27:15	ἀπολύειν	V-PAN	V-PAN	630&5721	ἀπολύω	ἀπολύειν	
Matt 27:15	ἕνα	A-ASM	A-ASM	1520	εἷς	ἕνα	
Matt 27:15	τῷ	T-DSM	T-DSM	3588	ὁ	τῷ	
Matt 27:15	ὄχλῳ	N-DSM	N-DSM	3793	ὄχλος	ὄχλῳ	
Matt 27:15	δέσμιον	N-ASM	N-ASM	1198	δέσμιος	δέσμιον	
Matt 27:15	ὃν	R-ASM	R-ASM	3739	ὅς	ὅν	
Matt 27:15	ἤθελον.	V-IAI-3P	V-IAI-3P	2309&5707	θέλω	ἤθελον	
Matt 27:16	εἶχον	V-IAI-3P	V-IAI-3P	2192&5707	ἔχω	εἶχον	
Matt 27:16	δὲ	CONJ	CONJ	1161	δέ	δέ	
Matt 27:16	τότε	ADV	ADV	5119	τότε	τότε	
Matt 27:16	δέσμιον	N-ASM	N-ASM	1198	δέσμιος	δέσμιον	
Matt 27:16	ἐπίσημον	A-ASM	A-ASM	1978	ἐπίσημος	ἐπίσημον	
Matt 27:16	λεγόμενον	V-PPP-ASM	V-PEP-ASM	3004&5746	λέγω	λεγόμενον	
Matt 27:16	Βαραββᾶν.	N-ASM	N-ASM	912	Βαραββᾶς	Βαραββᾶν	
Matt 27:17	συνηγμένων	V-RPP-GPM	V-RPP-GPM	4863&5772	συνάγω	συνηγμένων	
Matt 27:17	οὖν	CONJ	CONJ	3767	οὖν	οὖν	
Matt 27:17	αὐτῶν	P-GPM	P-GPM	846	αὐτός	αὐτῶν	
Matt 27:17	εἶπεν	V-2AAI-3S	V-2AAI-3S	3004&5627	λέγω	εἶπεν	
Matt 27:17	αὐτοῖς	P-DPM	P-DPM	846	αὐτός	αὐτοῖς	
Matt 27:17	ὁ	T-NSM	T-NSM	3588	ὁ	ὁ	
Matt 27:17	Πειλᾶτος	N-NSM	N-NSM	4091	Πιλᾶτος	Πειλᾶτος	
Matt 27:17	Τίνα	I-ASM	I-ASM	5101	τίς	Τίνα	
Matt 27:17	θέλετε	V-PAI-2P	V-PAI-2P	2309&5719	θέλω	θέλετε	
Matt 27:17	ἀπολύσω	V-AAS-1S	V-AAS-1S	630&5661	ἀπολύω	ἀπολύσω	
Matt 27:17	ὑμῖν,	P-2DP	P-2DP	4771	σύ	ὑμῖν	
Matt 27:17	Βαραββᾶν	N-ASM	N-ASM	912	Βαραββᾶς	Βαραββᾶν	
Matt 27:17	ἢ	PRT	PRT	2228	ἤ	ἤ	
Matt 27:17	Ἰησοῦν	N-ASM	N-ASM	2424	Ἰησοῦς	Ἰησοῦν	
Matt 27:17	τὸν	T-ASM	T-ASM	3588	ὁ	τόν	
Matt 27:17	λεγόμενον	V-PPP-ASM	V-PEP-ASM	3004&5746	λέγω	λεγόμενον	
Matt 27:17	Χριστόν;	N-ASM	N-ASM	5547	Χριστός	Χριστόν	
Matt 27:18	ᾔδει	V-2LAI-3S	V-2LAI-3S	1492&5714	οἶδα	ᾔδει	
Matt 27:18	γὰρ	CONJ	CONJ	1063	γάρ	γάρ	
Matt 27:18	ὅτι	CONJ	CONJ	3754	ὅτι	ὅτι	
Matt 27:18	διὰ	PREP	PREP	1223	διά	διά	
Matt 27:18	φθόνον	N-ASM	N-ASM	5355	φθόνος	φθόνον	
Matt 27:18	παρέδωκαν	V-AAI-3P	V-AAI-3P	3860&5656	παραδίδωμι	παρέδωκαν	
Matt 27:18	αὐτόν.	P-ASM	P-ASM	846	αὐτός	αὐτόν	
Matt 27:19	Καθημένου	V-PNP-GSM	V-PNP-GSM	2521&5740	κάθημαι	Καθημένου	
Matt 27:19	δὲ	CONJ	CONJ	1161	δέ	δέ	
Matt 27:19	αὐτοῦ	P-GSM	P-GSM	846	αὐτός	αὐτοῦ	
Matt 27:19	ἐπὶ	PREP	PREP	1909	ἐπί	ἐπί	
Matt 27:19	τοῦ	T-GSN	T-GSN	3588	ὁ	τοῦ	
Matt 27:19	βήματος	N-GSN	N-GSN	968	βῆμα	βήματος	
Matt 27:19	ἀπέστειλεν	V-AAI-3S	V-AAI-3S	649&5656	ἀποστέλλω	ἀπέστειλεν	
Matt 27:19	πρὸς	PREP	PREP	4314	πρός	πρός	
Matt 27:19	αὐτὸν	P-ASM	P-ASM	846	αὐτός	αὐτόν	
Matt 27:19	ἡ	T-NSF	T-NSF	3588	ὁ	ἡ	
Matt 27:19	γυνὴ	N-NSF	N-NSF	1135	γυνή	γυνή	
Matt 27:19	αὐτοῦ	P-GSM	P-GSM	846	αὐτός	αὐτοῦ	
Matt 27:19	λέγουσα	V-PAP-NSF	V-PAP-NSF	3004&5723	λέγω	λέγουσα	
Matt 27:19	Μηδὲν	A-NSN-N	A-NSN-N	3367	μηδείς	Μηδέν	
Matt 27:19	σοὶ	P-2DS	P-2DS	4771	σύ	σοί	
Matt 27:19	καὶ	CONJ	CONJ	2532	καί	καί	
Matt 27:19	τῷ	T-DSM	T-DSM	3588	ὁ	τῷ	
Matt 27:19	δικαίῳ	A-DSM	A-DSM	1342	δίκαιος	δικαίῳ	
Matt 27:19	ἐκείνῳ·	D-DSM	D-DSM	1565	ἐκεῖνος	ἐκείνῳ	
Matt 27:19	πολλὰ	A-APN	A-APN	4183	πολύς	πολλά	
Matt 27:19	γὰρ	CONJ	CONJ	1063	γάρ	γάρ	
Matt 27:19	ἔπαθον	V-2AAI-1S	V-2AAI-1S	3958&5627	πάσχω	ἔπαθον	
Matt 27:19	σήμερον	ADV	ADV	4594	σήμερον	σήμερον	
Matt 27:19	κατ’	PREP	PREP	2596	κατά	κατ’	
Matt 27:19	ὄναρ	N-OI	N-OI	3677	ὄναρ	ὄναρ	
Matt 27:19	δι’	PREP	PREP	1223	διά	δι’	
Matt 27:19	αὐτόν.	P-ASM	P-ASM	846	αὐτός	αὐτόν	
Matt 27:20	Οἱ	T-NPM	T-NPM	3588	ὁ	Οἱ	
Matt 27:20	δὲ	CONJ	CONJ	1161	δέ	δέ	
Matt 27:20	ἀρχιερεῖς	N-NPM	N-NPM	749	ἀρχιερεύς	ἀρχιερεῖς	
Matt 27:20	καὶ	CONJ	CONJ	2532	καί	καί	
Matt 27:20	οἱ	T-NPM	T-NPM	3588	ὁ	οἱ	
Matt 27:20	πρεσβύτεροι	A-NPM-C	A-NPM-C	4245	πρεσβύτερος	πρεσβύτεροι	
Matt 27:20	ἔπεισαν	V-AAI-3P	V-AAI-3P	3982&5656	πείθω	ἔπεισαν	
Matt 27:20	τοὺς	T-APM	T-APM	3588	ὁ	τούς	
Matt 27:20	ὄχλους	N-APM	N-APM	3793	ὄχλος	ὄχλους	
Matt 27:20	ἵνα	CONJ	CONJ	2443	ἵνα	ἵνα	
Matt 27:20	αἰτήσωνται	V-AMS-3P	V-AMS-3P	154&5672	αἰτέω	αἰτήσωνται	
Matt 27:20	τὸν	T-ASM	T-ASM	3588	ὁ	τόν	
Matt 27:20	Βαραββᾶν,	N-ASM	N-ASM	912	Βαραββᾶς	Βαραββᾶν	
Matt 27:20	τὸν	T-ASM	T-ASM	3588	ὁ	τόν	
Matt 27:20	δὲ	CONJ	CONJ	1161	δέ	δέ	
Matt 27:20	Ἰησοῦν	N-ASM	N-ASM	2424	Ἰησοῦς	Ἰησοῦν	
Matt 27:20	ἀπολέσωσιν.	V-AAS-3P	V-AAS-3P	622&5661	ἀπόλλυμι	ἀπολέσωσιν	
Matt 27:21	ἀποκριθεὶς	V-AOP-NSM	V-AOP-NSM	611&5679	ἀποκρίνομαι	ἀποκριθείς	
Matt 27:21	δὲ	CONJ	CONJ	1161	δέ	δέ	
Matt 27:21	ὁ	T-NSM	T-NSM	3588	ὁ	ὁ	
Matt 27:21	ἡγεμὼν	N-NSM	N-NSM	2232	ἡγεμών	ἡγεμών	
Matt 27:21	εἶπεν	V-2AAI-3S	V-2AAI-3S	3004&5627	λέγω	εἶπεν	
Matt 27:21	αὐτοῖς	P-DPM	P-DPM	846	αὐτός	αὐτοῖς	
Matt 27:21	Τίνα	I-ASM	I-ASM	5101	τίς	Τίνα	
Matt 27:21	θέλετε	V-PAI-2P	V-PAI-2P	2309&5719	θέλω	θέλετε	
Matt 27:21	ἀπὸ	PREP	PREP	575	ἀπό	ἀπό	
Matt 27:21	τῶν	T-GPM	T-GPM	3588	ὁ	τῶν	
Matt 27:21	δύο	A-NUI	A-NUI	1417	δύο	δύο	
Matt 27:21	ἀπολύσω	V-AAS-1S	V-AAS-1S	630&5661	ἀπολύω	ἀπολύσω	
Matt 27:21	ὑμῖν;	P-2DP	P-2DP	4771	σύ	ὑμῖν	
Matt 27:21	οἱ	T-NPM	T-NPM	3588	ὁ	οἱ	
Matt 27:21	δὲ	CONJ	CONJ	1161	δέ	δέ	
Matt 27:21	εἶπαν	V-2AAI-3P	V-2AAI-3P	3004&5627	λέγω	εἶπαν	
Matt 27:21	Τὸν	T-ASM	T-ASM	3588	ὁ	Τόν	
Matt 27:21	Βαραββᾶν.	N-ASM	N-ASM	912	Βαραββᾶς	Βαραββᾶν	
Matt 27:22	λέγει	V-PAI-3S	V-PAI-3S	3004&5719	λέγω	λέγει	
Matt 27:22	αὐτοῖς	P-DPM	P-DPM	846	αὐτός	αὐτοῖς	
Matt 27:22	ὁ	T-NSM	T-NSM	3588	ὁ	ὁ	
Matt 27:22	Πειλᾶτος	N-NSM	N-NSM	4091	Πιλᾶτος	Πειλᾶτος	
Matt 27:22	Τί	I-ASN	I-ASN	5101	τίς	Τί	
Matt 27:22	οὖν	CONJ	CONJ	3767	οὖν	οὖν	
Matt 27:22	ποιήσω	V-AAS-1S	V-AAS-1S	4160&5661	ποιέω	ποιήσω	
Matt 27:22	Ἰησοῦν	N-ASM	N-ASM	2424	Ἰησοῦς	Ἰησοῦν	
Matt 27:22	τὸν	T-ASM	T-ASM	3588	ὁ	τόν	
Matt 27:22	λεγόμενον	V-PPP-ASM	V-PEP-ASM	3004&5746	λέγω	λεγόμενον	
Matt 27:22	Χριστόν;	N-ASM	N-ASM	5547	Χριστός	Χριστόν	
Matt 27:22	λέγουσιν	V-PAI-3P	V-PAI-3P	3004&5719	λέγω	λέγουσιν	
Matt 27:22	πάντες	A-NPM	A-NPM	3956	πᾶς	πάντες	
Matt 27:22	Σταυρωθήτω.	V-APM-3S	V-APM-3S	4717&5682	σταυρόω	Σταυρωθήτω	
Matt 27:23	ὁ	T-NSM	T-NSM	3588	ὁ	ὁ	
Matt 27:23	δὲ	CONJ	CONJ	1161	δέ	δέ	
Matt 27:23	ἔφη	V-IAI-3S	V-IAI-3S	5346&5707	φημί	ἔφη	
Matt 27:23	Τί	I-ASN	I-ASN	5101	τίς	Τί	
Matt 27:23	γὰρ	CONJ	CONJ	1063	γάρ	γάρ	
Matt 27:23	κακὸν	A-ASN	A-ASN	2556	κακός	κακόν	
Matt 27:23	ἐποίησεν;	V-AAI-3S	V-AAI-3S	4160&5656	ποιέω	ἐποίησεν	
Matt 27:23	οἱ	T-NPM	T-NPM	3588	ὁ	οἱ	
Matt 27:23	δὲ	CONJ	CONJ	1161	δέ	δέ	
Matt 27:23	περισσῶς	ADV	ADV	4057	περισσῶς	περισσῶς	
Matt 27:23	ἔκραζον	V-IAI-3P	V-IAI-3P	2896&5707	κράζω	ἔκραζον	
Matt 27:23	λέγοντες	V-PAP-NPM	V-PAP-NPM	3004&5723	λέγω	λέγοντες	
Matt 27:23	Σταυρωθήτω.	V-APM-3S	V-APM-3S	4717&5682	σταυρόω	Σταυρωθήτω	
Matt 27:24	ἰδὼν	V-2AAP-NSM	V-2AAP-NSM	3708&5631	ὁράω	ἰδών	
Matt 27:24	δὲ	CONJ	CONJ	1161	δέ	δέ	
Matt 27:24	ὁ	T-NSM	T-NSM	3588	ὁ	ὁ	
Matt 27:24	Πειλᾶτος	N-NSM	N-NSM	4091	Πιλᾶτος	Πειλᾶτος	
Matt 27:24	ὅτι	CONJ	CONJ	3754	ὅτι	ὅτι	
Matt 27:24	οὐδὲν	A-ASN-N	A-ASN-N	3762	οὐδείς	οὐδέν	
Matt 27:24	ὠφελεῖ	V-PAI-3S	V-PAI-3S	5623&5719	ὠφελέω	ὠφελεῖ	
Matt 27:24	ἀλλὰ	CONJ	CONJ	235	ἀλλά	ἀλλά	
Matt 27:24	μᾶλλον	ADV	ADV	3123	μᾶλλον	μᾶλλον	
Matt 27:24	θόρυβος	N-NSM	N-NSM	2351	θόρυβος	θόρυβος	
Matt 27:24	γίνεται,	V-PNI-3S	V-PNI-3S	1096&5736	γίνομαι	γίνεται	
Matt 27:24	λαβὼν	V-2AAP-NSM	V-2AAP-NSM	2983&5631	λαμβάνω	λαβών	
Matt 27:24	ὕδωρ	N-ASN	N-ASN	5204	ὕδωρ	ὕδωρ	
Matt 27:24	ἀπενίψατο	V-AMI-3S	V-AMI-3S	633&5668	ἀπονίζω	ἀπενίψατο	
Matt 27:24	τὰς	T-APF	T-APF	3588	ὁ	τάς	
Matt 27:24	χεῖρας	N-APF	N-APF	5495	χείρ	χεῖρας	
Matt 27:24	κατέναντι	PREP	PREP	2713	κατέναντι	κατέναντι	
Matt 27:24	τοῦ	T-GSM	T-GSM	3588	ὁ	τοῦ	
Matt 27:24	ὄχλου	N-GSM	N-GSM	3793	ὄχλος	ὄχλου	
Matt 27:24	λέγων	V-PAP-NSM	V-PAP-NSM	3004&5723	λέγω	λέγων	
Matt 27:24	Ἀθῷός	A-NSM	A-NSM	121	ἀθῷος	Ἀθῷος	
Matt 27:24	εἰμι	V-PAI-1S	V-PAI-1S	1510&5719	εἰμί	εἰμι	
Matt 27:24	ἀπὸ	PREP	PREP	575	ἀπό	ἀπό	
Matt 27:24	τοῦ	T-GSN	T-GSN	3588	ὁ	τοῦ	
Matt 27:24	αἵματος	N-GSN	N-GSN	129	αἷμα	αἵματος	
Matt 27:24	τούτου·	D-GSM	D-GSM	3778	οὗτος	τούτου	
Matt 27:24	ὑμεῖς	P-2NP	P-2NP	4771	σύ	ὑμεῖς	
Matt 27:24	ὄψεσθε.	V-FDI-2P	V-FDI-2P	3708&5695	ὁράω	ὄψεσθε	
Matt 27:25	καὶ	CONJ	CONJ	2532	καί	καί	
Matt 27:25	ἀποκριθεὶς	V-AOP-NSM	V-AOP-NSM	611&5679	ἀποκρίνομαι	ἀποκριθείς	
Matt 27:25	πᾶς	A-NSM	A-NSM	3956	πᾶς	πᾶς	
Matt 27:25	ὁ	T-NSM	T-NSM	3588	ὁ	ὁ	
Matt 27:25	λαὸς	N-NSM	N-NSM	2992	λαός	λαός	
Matt 27:25	εἶπεν	V-2AAI-3S	V-2AAI-3S	3004&5627	λέγω	εἶπεν	
Matt 27:25	Τὸ	T-NSN	T-NSN	3588	ὁ	Τό	
Matt 27:25	αἷμα	N-NSN	N-NSN	129	αἷμα	αἷμα	
Matt 27:25	αὐτοῦ	P-GSM	P-GSM	846	αὐτός	αὐτοῦ	
Matt 27:25	ἐφ’	PREP	PREP	1909	ἐπί	ἐφ’	
Matt 27:25	ἡμᾶς	P-1AP	P-1AP	1473	ἐγώ	ἡμᾶς	
Matt 27:25	καὶ	CONJ	CONJ	2532	καί	καί	
Matt 27:25	ἐπὶ	PREP	PREP	1909	ἐπί	ἐπί	
Matt 27:25	τὰ	T-APN	T-APN	3588	ὁ	τά	
Matt 27:25	τέκνα	N-APN	N-APN	5043	τέκνον	τέκνα	
Matt 27:25	ἡμῶν.	P-1GP	P-1GP	1473	ἐγώ	ἡμῶν	
Matt 27:26	τότε	ADV	ADV	5119	τότε	τότε	
Matt 27:26	ἀπέλυσεν	V-AAI-3S	V-AAI-3S	630&5656	ἀπολύω	ἀπέλυσεν	
Matt 27:26	αὐτοῖς	P-DPM	P-DPM	846	αὐτός	αὐτοῖς	
Matt 27:26	τὸν	T-ASM	T-ASM	3588	ὁ	τόν	
Matt 27:26	Βαραββᾶν,	N-ASM	N-ASM	912	Βαραββᾶς	Βαραββᾶν	
Matt 27:26	τὸν	T-ASM	T-ASM	3588	ὁ	τόν	
Matt 27:26	δὲ	CONJ	CONJ	1161	δέ	δέ	
Matt 27:26	Ἰησοῦν	N-ASM	N-ASM	2424	Ἰησοῦς	Ἰησοῦν	
Matt 27:26	φραγελλώσας	V-AAP-NSM	V-AAP-NSM	5417&5660	φραγελλόω	φραγελλώσας	
Matt 27:26	παρέδωκεν	V-AAI-3S	V-AAI-3S	3860&5656	παραδίδωμι	παρέδωκεν	
Matt 27:26	ἵνα	CONJ	CONJ	2443	ἵνα	ἵνα	
Matt 27:26	σταυρωθῇ.	V-APS-3S	V-APS-3S	4717&5686	σταυρόω	σταυρωθῇ	
Matt 27:27	Τότε	ADV	ADV	5119	τότε	Τότε	
Matt 27:27	οἱ	T-NPM	T-NPM	3588	ὁ	οἱ	
Matt 27:27	στρατιῶται	N-NPM	N-NPM	4757	στρατιώτης	στρατιῶται	
Matt 27:27	τοῦ	T-GSM	T-GSM	3588	ὁ	τοῦ	
Matt 27:27	ἡγεμόνος	N-GSM	N-GSM	2232	ἡγεμών	ἡγεμόνος	
Matt 27:27	παραλαβόντες	V-2AAP-NPM	V-2AAP-NPM	3880&5631	παραλαμβάνω	παραλαβόντες	
Matt 27:27	τὸν	T-ASM	T-ASM	3588	ὁ	τόν	
Matt 27:27	Ἰησοῦν	N-ASM	N-ASM	2424	Ἰησοῦς	Ἰησοῦν	
Matt 27:27	εἰς	PREP	PREP	1519	εἰς	εἰς	
Matt 27:27	τὸ	T-ASN	T-ASN	3588	ὁ	τό	
Matt 27:27	πραιτώριον	N-ASN	N-ASN	4232	πραιτώριον	πραιτώριον	
Matt 27:27	συνήγαγον	V-2AAI-3P	V-2AAI-3P	4863&5627	συνάγω	συνήγαγον	
Matt 27:27	ἐπ’	PREP	PREP	1909	ἐπί	ἐπ’	
Matt 27:27	αὐτὸν	P-ASM	P-ASM	846	αὐτός	αὐτόν	
Matt 27:27	ὅλην	A-ASF	A-ASF	3650	ὅλος	ὅλην	
Matt 27:27	τὴν	T-ASF	T-ASF	3588	ὁ	τήν	
Matt 27:27	σπεῖραν.	N-ASF	N-ASF	4686	σπεῖρα	σπεῖραν	
Matt 27:28	καὶ	CONJ	CONJ	2532	καί	καί	
Matt 27:28	ἐκδύσαντες	V-AAP-NPM	V-AAP-NPM	1562&5660	ἐκδύω	ἐκδύσαντες	
Matt 27:28	αὐτὸν	P-ASM	P-ASM	846	αὐτός	αὐτόν	
Matt 27:28	χλαμύδα	N-ASF	N-ASF	5511	χλαμύς	χλαμύδα	
Matt 27:28	κοκκίνην	A-ASF	A-ASF	2847	κόκκινος	κοκκίνην	
Matt 27:28	περιέθηκαν	V-AAI-3P	V-AAI-3P	4060&5656	περιτίθημι	περιέθηκαν	
Matt 27:28	αὐτῷ,	P-DSM	P-DSM	846	αὐτός	αὐτῷ	
Matt 27:29	καὶ	CONJ	CONJ	2532	καί	καί	
Matt 27:29	πλέξαντες	V-AAP-NPM	V-AAP-NPM	4120&5660	πλέκω	πλέξαντες	
Matt 27:29	στέφανον	N-ASM	N-ASM	4735	στέφανος	στέφανον	
Matt 27:29	ἐξ	PREP	PREP	1537	ἐκ	ἐξ	
Matt 27:29	ἀκανθῶν	N-GPF	N-GPF	173	ἄκανθα	ἀκανθῶν	
Matt 27:29	ἐπέθηκαν	V-AAI-3P	V-AAI-3P	2007&5656	ἐπιτίθημι	ἐπέθηκαν	
Matt 27:29	ἐπὶ	PREP	PREP	1909	ἐπί	ἐπί	
Matt 27:29	τῆς	T-GSF	T-GSF	3588	ὁ	τῆς	
Matt 27:29	κεφαλῆς	N-GSF	N-GSF	2776	κεφαλή	κεφαλῆς	
Matt 27:29	αὐτοῦ	P-GSM	P-GSM	846	αὐτός	αὐτοῦ	
Matt 27:29	καὶ	CONJ	CONJ	2532	καί	καί	
Matt 27:29	κάλαμον	N-ASM	N-ASM	2563	κάλαμος	κάλαμον	
Matt 27:29	ἐν	PREP	PREP	1722	ἐν	ἐν	
Matt 27:29	τῇ	T-DSF	T-DSF	3588	ὁ	τῇ	
Matt 27:29	δεξιᾷ	A-DSF	A-DSF	1188	δεξιός	δεξιᾷ	
Matt 27:29	αὐτοῦ,	P-GSM	P-GSM	846	αὐτός	αὐτοῦ	
Matt 27:29	καὶ	CONJ	CONJ	2532	καί	καί	
Matt 27:29	γονυπετήσαντες	V-AAP-NPM	V-AAP-NPM	1120&5660	γονυπετέω	γονυπετήσαντες	
Matt 27:29	ἔμπροσθεν	PREP	PREP	1715	ἔμπροσθεν	ἔμπροσθεν	
Matt 27:29	αὐτοῦ	P-GSM	P-GSM	846	αὐτός	αὐτοῦ	
Matt 27:29	ἐνέπαιξαν	V-AAI-3P	V-AAI-3P	1702&5656	ἐμπαίζω	ἐνέπαιξαν	
Matt 27:29	αὐτῷ	P-DSM	P-DSM	846	αὐτός	αὐτῷ	
Matt 27:29	λέγοντες	V-PAP-NPM	V-PAP-NPM	3004&5723	λέγω	λέγοντες	
Matt 27:29	Χαῖρε,	V-PAM-2S	V-PAM-2S	5463&5720	χαίρω	Χαῖρε	
Matt 27:29	Βασιλεῦ	N-VSM	N-VSM	935	βασιλεύς	Βασιλεῦ	
Matt 27:29	τῶν	T-GPM	T-GPM	3588	ὁ	τῶν	
Matt 27:29	Ἰουδαίων,	A-GPM	A-GPM	2453	Ἰουδαῖος	Ἰουδαίων	
Matt 27:30	καὶ	CONJ	CONJ	2532	καί	καί	
Matt 27:30	ἐμπτύσαντες	V-AAP-NPM	V-AAP-NPM	1716&5660	ἐμπτύω	ἐμπτύσαντες	
Matt 27:30	εἰς	PREP	PREP	1519	εἰς	εἰς	
Matt 27:30	αὐτὸν	P-ASM	P-ASM	846	αὐτός	αὐτόν	
Matt 27:30	ἔλαβον	V-2AAI-3P	V-2AAI-3P	2983&5627	λαμβάνω	ἔλαβον	
Matt 27:30	τὸν	T-ASM	T-ASM	3588	ὁ	τόν	
Matt 27:30	κάλαμον	N-ASM	N-ASM	2563	κάλαμος	κάλαμον	
Matt 27:30	καὶ	CONJ	CONJ	2532	καί	καί	
Matt 27:30	ἔτυπτον	V-IAI-3P	V-IAI-3P	5180&5707	τύπτω	ἔτυπτον	
Matt 27:30	εἰς	PREP	PREP	1519	εἰς	εἰς	
Matt 27:30	τὴν	T-ASF	T-ASF	3588	ὁ	τήν	
Matt 27:30	κεφαλὴν	N-ASF	N-ASF	2776	κεφαλή	κεφαλήν	
Matt 27:30	αὐτοῦ.	P-GSM	P-GSM	846	αὐτός	αὐτοῦ	
Matt 27:31	καὶ	CONJ	CONJ	2532	καί	καί	
Matt 27:31	ὅτε	ADV	ADV	3753	ὅτε	ὅτε	
Matt 27:31	ἐνέπαιξαν	V-AAI-3P	V-AAI-3P	1702&5656	ἐμπαίζω	ἐνέπαιξαν	
Matt 27:31	αὐτῷ,	P-DSM	P-DSM	846	αὐτός	αὐτῷ	
Matt 27:31	ἐξέδυσαν	V-AAI-3P	V-AAI-3P	1562&5656	ἐκδύω	ἐξέδυσαν	
Matt 27:31	αὐτὸν	P-ASM	P-ASM	846	αὐτός	αὐτόν	
Matt 27:31	τὴν	T-ASF	T-ASF	3588	ὁ	τήν	
Matt 27:31	χλαμύδα	N-ASF	N-ASF	5511	χλαμύς	χλαμύδα	
Matt 27:31	καὶ	CONJ	CONJ	2532	καί	καί	
Matt 27:31	ἐνέδυσαν	V-AAI-3P	V-AAI-3P	1746&5656	ἐνδύω	ἐνέδυσαν	
Matt 27:31	αὐτὸν	P-ASM	P-ASM	846	αὐτός	αὐτόν	
Matt 27:31	τὰ	T-APN	T-APN	3588	ὁ	τά	
Matt 27:31	ἱμάτια	N-APN	N-APN	2440	ἱμάτιον	ἱμάτια	
Matt 27:31	αὐτοῦ,	P-GSM	P-GSM	846	αὐτός	αὐτοῦ	
Matt 27:31	καὶ	CONJ	CONJ	2532	καί	καί	
Matt 27:31	ἀπήγαγον	V-2AAI-3P	V-2AAI-3P	520&5627	ἀπάγω	ἀπήγαγον	
Matt 27:31	αὐτὸν	P-ASM	P-ASM	846	αὐτός	αὐτόν	
Matt 27:31	εἰς	PREP	PREP	1519	εἰς	εἰς	
Matt 27:31	τὸ	T-ASN	T-ASN	3588	ὁ	τό	
Matt 27:31	σταυρῶσαι.	V-AAN	V-AAN	4717&5658	σταυρόω	σταυρῶσαι	
Matt 27:32	Ἐξερχόμενοι	V-PNP-NPM	V-PNP-NPM	1831&5740	ἐξέρχομαι	Ἐξερχόμενοι	
Matt 27:32	δὲ	CONJ	CONJ	1161	δέ	δέ	
Matt 27:32	εὗρον	V-2AAI-3P	V-2AAI-3P	2147&5627	εὑρίσκω	εὗρον	
Matt 27:32	ἄνθρωπον	N-ASM	N-ASM	444	ἄνθρωπος	ἄνθρωπον	
Matt 27:32	Κυρηναῖον,	N-ASM	N-ASM	2956	Κυρηναῖος	Κυρηναῖον	
Matt 27:32	ὀνόματι	N-DSN	N-DSN	3686	ὄνομα	ὀνόματι	
Matt 27:32	Σίμωνα·	N-ASM	N-ASM	4613	Σίμων	Σίμωνα	
Matt 27:32	τοῦτον	D-ASM	D-ASM	3778	οὗτος	τοῦτον	
Matt 27:32	ἠγγάρευσαν	V-AAI-3P	V-AAI-3P	29&5656	ἀγγαρεύω	ἠγγάρευσαν	
Matt 27:32	ἵνα	CONJ	CONJ	2443	ἵνα	ἵνα	
Matt 27:32	ἄρῃ	V-AAS-3S	V-AAS-3S	142&5661	αἴρω	ἄρῃ	
Matt 27:32	τὸν	T-ASM	T-ASM	3588	ὁ	τόν	
Matt 27:32	σταυρὸν	N-ASM	N-ASM	4716	σταυρός	σταυρόν	
Matt 27:32	αὐτοῦ.	P-GSM	P-GSM	846	αὐτός	αὐτοῦ	
Matt 27:33	Καὶ	CONJ	CONJ	2532	καί	Καί	
Matt 27:33	ἐλθόντες	V-2AAP-NPM	V-2AAP-NPM	2064&5631	ἔρχομαι	ἐλθόντες	
Matt 27:33	εἰς	PREP	PREP	1519	εἰς	εἰς	
Matt 27:33	τόπον	N-ASM	N-ASM	5117	τόπος	τόπον	
Matt 27:33	λεγόμενον	V-PPP-ASM	V-PEP-ASM	3004&5746	λέγω	λεγόμενον	
Matt 27:33	Γολγοθᾶ,	N-PRI	N-PRI	1115	Γολγοθᾶ	Γολγοθᾶ	
Matt 27:33	ὅ	R-NSN	R-NSN	3739	ὅς	ὅ	
Matt 27:33	ἐστιν	V-PAI-3S	V-PAI-3S	1510&5719	εἰμί	ἐστιν	
Matt 27:33	κρανίου	N-GSN	N-GSN	2898	κρανίον	κρανίου	
Matt 27:33	τόπος	N-NSM	N-NSM	5117	τόπος	τόπος	
Matt 27:33	λεγόμενος,	V-PPP-NSM	V-PEP-NSM	3004&5746	λέγω	λεγόμενος	
Matt 27:34	ἔδωκαν	V-AAI-3P	V-AAI-3P	1325&5656	δίδωμι	ἔδωκαν	
Matt 27:34	αὐτῷ	P-DSM	P-DSM	846	αὐτός	αὐτῷ	
Matt 27:34	πιεῖν	V-2AAN	V-2AAN	4095&5629	πίνω	πιεῖν	
Matt 27:34	οἶνον	N-ASM	N-ASM	3631	οἶνος	οἶνον	
Matt 27:34	μετὰ	PREP	PREP	3326	μετά	μετά	
Matt 27:34	χολῆς	N-GSF	N-GSF	5521	χολή	χολῆς	
Matt 27:34	μεμιγμένον·	V-RPP-ASM	V-RPP-ASM	3396&5772	μίγνυμι	μεμιγμένον	
Matt 27:34	καὶ	CONJ	CONJ	2532	καί	καί	
Matt 27:34	γευσάμενος	V-ADP-NSM	V-ADP-NSM	1089&5666	γεύομαι	γευσάμενος	
Matt 27:34	οὐκ	PRT-N	PRT-N	3756	οὐ	οὐκ	
Matt 27:34	ἠθέλησεν	V-AAI-3S	V-AAI-3S	2309&5656	θέλω	ἠθέλησεν	
Matt 27:34	πιεῖν.	V-2AAN	V-2AAN	4095&5629	πίνω	πιεῖν	
Matt 27:35	σταυρώσαντες	V-AAP-NPM	V-AAP-NPM	4717&5660	σταυρόω	σταυρώσαντες	
Matt 27:35	δὲ	CONJ	CONJ	1161	δέ	δέ	
Matt 27:35	αὐτὸν	P-ASM	P-ASM	846	αὐτός	αὐτόν	
Matt 27:35	διεμερίσαντο	V-AMI-3P	V-AMI-3P	1266&5668	διαμερίζω	διεμερίσαντο	
Matt 27:35	τὰ	T-APN	T-APN	3588	ὁ	τά	
Matt 27:35	ἱμάτια	N-APN	N-APN	2440	ἱμάτιον	ἱμάτια	
Matt 27:35	αὐτοῦ	P-GSM	P-GSM	846	αὐτός	αὐτοῦ	
Matt 27:35	βάλλοντες	V-PAP-NPM	V-PAP-NPM	906&5723	βάλλω	βάλλοντες	
Matt 27:35	κλῆρον,	N-ASM	N-ASM	2819	κλῆρος	κλῆρον	
Matt 27:36	καὶ	CONJ	CONJ	2532	καί	καί	
Matt 27:36	καθήμενοι	V-PNP-NPM	V-PNP-NPM	2521&5740	κάθημαι	καθήμενοι	
Matt 27:36	ἐτήρουν	V-IAI-3P	V-IAI-3P	5083&5707	τηρέω	ἐτήρουν	
Matt 27:36	αὐτὸν	P-ASM	P-ASM	846	αὐτός	αὐτόν	
Matt 27:36	ἐκεῖ.	ADV	ADV	1563	ἐκεῖ	ἐκεῖ	
Matt 27:37	καὶ	CONJ	CONJ	2532	καί	καί	
Matt 27:37	ἐπέθηκαν	V-AAI-3P	V-AAI-3P	2007&5656	ἐπιτίθημι	ἐπέθηκαν	
Matt 27:37	ἐπάνω	ADV	ADV	1883	ἐπάνω	ἐπάνω	
Matt 27:37	τῆς	T-GSF	T-GSF	3588	ὁ	τῆς	
Matt 27:37	κεφαλῆς	N-GSF	N-GSF	2776	κεφαλή	κεφαλῆς	
Matt 27:37	αὐτοῦ	P-GSM	P-GSM	846	αὐτός	αὐτοῦ	
Matt 27:37	τὴν	T-ASF	T-ASF	3588	ὁ	τήν	
Matt 27:37	αἰτίαν	N-ASF	N-ASF	156	αἰτία	αἰτίαν	
Matt 27:37	αὐτοῦ	P-GSM	P-GSM	846	αὐτός	αὐτοῦ	
Matt 27:37	γεγραμμένην	V-RPP-ASF	V-RPP-ASF	1125&5772	γράφω	γεγραμμένην	
Matt 27:37	ΟΥΤΟΣ	D-NSM	D-NSM	3778	οὗτος	ΟΥΤΟΣ	
Matt 27:37	ΕΣΤΙΝ	V-PAI-3S	V-PAI-3S	1510&5719	εἰμί	ΕΣΤΙΝ	
Matt 27:37	ΙΗΣΟΥΣ	N-NSM	N-NSM	2424	Ἰησοῦς	ΙΗΣΟΥΣ	
Matt 27:37	Ο	T-NSM	T-NSM	3588	ὁ	Ο	
Matt 27:37	ΒΑΣΙΛΕΥΣ	N-NSM	N-NSM	935	βασιλεύς	ΒΑΣΙΛΕΥΣ	
Matt 27:37	ΤΩΝ	T-GPM	T-GPM	3588	ὁ	ΤΩΝ	
Matt 27:37	ΙΟΥΔΑΙΩΝ.	A-GPM	A-GPM	2453	Ἰουδαῖος	ΙΟΥΔΑΙΩΝ	
Matt 27:38	Τότε	ADV	ADV	5119	τότε	Τότε	
Matt 27:38	σταυροῦνται	V-PPI-3P	V-PEI-3P	4717&5743	σταυρόω	σταυροῦνται	
Matt 27:38	σὺν	PREP	PREP	4862	σύν	σύν	
Matt 27:38	αὐτῷ	P-DSM	P-DSM	846	αὐτός	αὐτῷ	
Matt 27:38	δύο	A-NUI	A-NUI	1417	δύο	δύο	
Matt 27:38	λῃσταί,	N-NPM	N-NPM	3027	λῃστής	λῃσταί	
Matt 27:38	εἷς	A-NSM	A-NSM	1520	εἷς	εἷς	
Matt 27:38	ἐκ	PREP	PREP	1537	ἐκ	ἐκ	
Matt 27:38	δεξιῶν	A-GPN	A-GPN	1188	δεξιός	δεξιῶν	
Matt 27:38	καὶ	CONJ	CONJ	2532	καί	καί	
Matt 27:38	εἷς	A-NSM	A-NSM	1520	εἷς	εἷς	
Matt 27:38	ἐξ	PREP	PREP	1537	ἐκ	ἐξ	
Matt 27:38	εὐωνύμων.	A-GPN	A-GPN	2176	εὐώνυμος	εὐωνύμων	
Matt 27:39	Οἱ	T-NPM	T-NPM	3588	ὁ	Οἱ	
Matt 27:39	δὲ	CONJ	CONJ	1161	δέ	δέ	
Matt 27:39	παραπορευόμενοι	V-PNP-NPM	V-PNP-NPM	3899&5740	παραπορεύομαι	παραπορευόμενοι	
Matt 27:39	ἐβλασφήμουν	V-IAI-3P	V-IAI-3P	987&5707	βλασφημέω	ἐβλασφήμουν	
Matt 27:39	αὐτὸν	P-ASM	P-ASM	846	αὐτός	αὐτόν	
Matt 27:39	κινοῦντες	V-PAP-NPM	V-PAP-NPM	2795&5723	κινέω	κινοῦντες	
Matt 27:39	τὰς	T-APF	T-APF	3588	ὁ	τάς	
Matt 27:39	κεφαλὰς	N-APF	N-APF	2776	κεφαλή	κεφαλάς	
Matt 27:39	αὐτῶν	P-GPM	P-GPM	846	αὐτός	αὐτῶν	
Matt 27:40	καὶ	CONJ	CONJ	2532	καί	καί	
Matt 27:40	λέγοντες	V-PAP-NPM	V-PAP-NPM	3004&5723	λέγω	λέγοντες	
Matt 27:40	Ὁ	T-NSM	T-NSM	3588	ὁ	Ὁ	
Matt 27:40	καταλύων	V-PAP-NSM	V-PAP-NSM	2647&5723	καταλύω	καταλύων	
Matt 27:40	τὸν	T-ASM	T-ASM	3588	ὁ	τόν	
Matt 27:40	ναὸν	N-ASM	N-ASM	3485	ναός	ναόν	
Matt 27:40	καὶ	CONJ	CONJ	2532	καί	καί	
Matt 27:40	ἐν	PREP	PREP	1722	ἐν	ἐν	
Matt 27:40	τρισὶν	A-DPF	A-DPF	5140	τρεῖς	τρισίν	
Matt 27:40	ἡμέραις	N-DPF	N-DPF	2250	ἡμέρα	ἡμέραις	
Matt 27:40	οἰκοδομῶν,	V-PAP-NSM	V-PAP-NSM	3618&5723	οἰκοδομέω	οἰκοδομῶν	
Matt 27:40	σῶσον	V-AAM-2S	V-AAM-2S	4982&5657	σῴζω	σῶσον	
Matt 27:40	σεαυτόν,	F-2ASM	F-2ASM	4572	σεαυτοῦ	σεαυτόν	
Matt 27:40	εἰ	COND	COND	1487	εἰ	εἰ	
Matt 27:40	Υἱὸς	N-NSM	N-NSM	5207	υἱός	Υἱός	
Matt 27:40	εἶ	V-PAI-2S	V-PAI-2S	1510&5719	εἰμί	εἶ	
Matt 27:40	τοῦ	T-GSM	T-GSM	3588	ὁ	τοῦ	
Matt 27:40	Θεοῦ,	N-GSM	N-GSM	2316	θεός	Θεοῦ	
Matt 27:40	καὶ	CONJ	CONJ	2532	καί	καί	
Matt 27:40	κατάβηθι	V-2AAM-2S	V-2AAM-2S	2597&5628	καταβαίνω	κατάβηθι	
Matt 27:40	ἀπὸ	PREP	PREP	575	ἀπό	ἀπό	
Matt 27:40	τοῦ	T-GSM	T-GSM	3588	ὁ	τοῦ	
Matt 27:40	σταυροῦ.	N-GSM	N-GSM	4716	σταυρός	σταυροῦ	
Matt 27:41	ὁμοίως	ADV	ADV	3668	ὁμοίως	ὁμοίως	
Matt 27:41	οἱ	T-NPM	T-NPM	3588	ὁ	οἱ	
Matt 27:41	ἀρχιερεῖς	N-NPM	N-NPM	749	ἀρχιερεύς	ἀρχιερεῖς	
Matt 27:41	ἐμπαίζοντες	V-PAP-NPM	V-PAP-NPM	1702&5723	ἐμπαίζω	ἐμπαίζοντες	
Matt 27:41	μετὰ	PREP	PREP	3326	μετά	μετά	
Matt 27:41	τῶν	T-GPM	T-GPM	3588	ὁ	τῶν	
Matt 27:41	γραμματέων	N-GPM	N-GPM	1122	γραμματεύς	γραμματέων	
Matt 27:41	καὶ	CONJ	CONJ	2532	καί	καί	
Matt 27:41	πρεσβυτέρων	A-GPM-C	A-GPM-C	4245	πρεσβύτερος	πρεσβυτέρων	
Matt 27:41	ἔλεγον	V-IAI-3P	V-IAI-3P	3004&5707	λέγω	ἔλεγον	
Matt 27:42	Ἄλλους	A-APM	A-APM	243	ἄλλος	Ἄλλους	
Matt 27:42	ἔσωσεν,	V-AAI-3S	V-AAI-3S	4982&5656	σῴζω	ἔσωσεν	
Matt 27:42	ἑαυτὸν	F-3ASM	F-3ASM	1438	ἑαυτοῦ	ἑαυτόν	
Matt 27:42	οὐ	PRT-N	PRT-N	3756	οὐ	οὐ	
Matt 27:42	δύναται	V-PNI-3S	V-PNI-3S	1410&5736	δύναμαι	δύναται	
Matt 27:42	σῶσαι·	V-AAN	V-AAN	4982&5658	σῴζω	σῶσαι	
Matt 27:42	Βασιλεὺς	N-NSM	N-NSM	935	βασιλεύς	Βασιλεύς	
Matt 27:42	Ἰσραήλ	N-PRI	N-PRI	2474	Ἰσραήλ	Ἰσραήλ	
Matt 27:42	ἐστιν,	V-PAI-3S	V-PAI-3S	1510&5719	εἰμί	ἐστιν	
Matt 27:42	καταβάτω	V-2AAM-3S	V-2AAM-3S	2597&5628	καταβαίνω	καταβάτω	
Matt 27:42	νῦν	ADV	ADV	3568	νῦν	νῦν	
Matt 27:42	ἀπὸ	PREP	PREP	575	ἀπό	ἀπό	
Matt 27:42	τοῦ	T-GSM	T-GSM	3588	ὁ	τοῦ	
Matt 27:42	σταυροῦ	N-GSM	N-GSM	4716	σταυρός	σταυροῦ	
Matt 27:42	καὶ	CONJ	CONJ	2532	καί	καί	
Matt 27:42	πιστεύσομεν	V-FAI-1P	V-FAI-1P	4100&5692	πιστεύω	πιστεύσομεν	
Matt 27:42	ἐπ’	PREP	PREP	1909	ἐπί	ἐπ’	
Matt 27:42	αὐτόν.	P-ASM	P-ASM	846	αὐτός	αὐτόν	
Matt 27:43	πέποιθεν	V-2RAI-3S	V-2RAI-3S	3982&5754	πείθω	πέποιθεν	
Matt 27:43	ἐπὶ	PREP	PREP	1909	ἐπί	ἐπί	
Matt 27:43	τὸν	T-ASM	T-ASM	3588	ὁ	τόν	
Matt 27:43	Θεόν,	N-ASM	N-ASM	2316	θεός	Θεόν	
Matt 27:43	ῥυσάσθω	V-ADM-3S	V-ADM-3S	4506&5663	ῥύομαι	ῥυσάσθω	
Matt 27:43	νῦν	ADV	ADV	3568	νῦν	νῦν	
Matt 27:43	εἰ	COND	COND	1487	εἰ	εἰ	
Matt 27:43	θέλει	V-PAI-3S	V-PAI-3S	2309&5719	θέλω	θέλει	
Matt 27:43	αὐτόν·	P-ASM	P-ASM	846	αὐτός	αὐτόν	
Matt 27:43	εἶπεν	V-2AAI-3S	V-2AAI-3S	3004&5627	λέγω	εἶπεν	
Matt 27:43	γὰρ	CONJ	CONJ	1063	γάρ	γάρ	
Matt 27:43	ὅτι	CONJ	CONJ	3754	ὅτι	ὅτι	
Matt 27:43	Θεοῦ	N-GSM	N-GSM	2316	θεός	Θεοῦ	
Matt 27:43	εἰμι	V-PAI-1S	V-PAI-1S	1510	εἰμί	εἰμι	
Matt 27:43	Υἱός.	N-NSM	N-NSM	5207	υἱός	Υἱός	
Matt 27:44	τὸ	T-ASN	T-ASN	3588	ὁ	τό	
Matt 27:44	δ’	CONJ	CONJ	1161	δέ	δ’	
Matt 27:44	αὐτὸ	P-ASN	P-ASN	846	αὐτός	αὐτό	
Matt 27:44	καὶ	CONJ	CONJ	2532	καί	καί	
Matt 27:44	οἱ	T-NPM	T-NPM	3588	ὁ	οἱ	
Matt 27:44	λῃσταὶ	N-NPM	N-NPM	3027	λῃστής	λῃσταί	
Matt 27:44	οἱ	T-NPM	T-NPM	3588	ὁ	οἱ	
Matt 27:44	συνσταυρωθέντες	V-APP-NPM	V-APP-NPM	4957&5685	συσταυρόω	συνσταυρωθέντες	
Matt 27:44	σὺν	PREP	PREP	4862	σύν	σύν	
Matt 27:44	αὐτῷ	P-DSM	P-DSM	846	αὐτός	αὐτῷ	
Matt 27:44	ὠνείδιζον	V-IAI-3P	V-IAI-3P	3679&5707	ὀνειδίζω	ὠνείδιζον	
Matt 27:44	αὐτόν.	P-ASM	P-ASM	846	αὐτός	αὐτόν	
Matt 27:45	Ἀπὸ	PREP	PREP	575	ἀπό	Ἀπό	
Matt 27:45	δὲ	CONJ	CONJ	1161	δέ	δέ	
Matt 27:45	ἕκτης	A-GSF	A-GSF	1623	ἕκτος	ἕκτης	
Matt 27:45	ὥρας	N-GSF	N-GSF	5610	ὥρα	ὥρας	
Matt 27:45	σκότος	N-NSN	N-NSN	4655	σκότος	σκότος	
Matt 27:45	ἐγένετο	V-2ADI-3S	V-2ADI-3S	1096&5633	γίνομαι	ἐγένετο	
Matt 27:45	ἐπὶ	PREP	PREP	1909	ἐπί	ἐπί	
Matt 27:45	πᾶσαν	A-ASF	A-ASF	3956	πᾶς	πᾶσαν	
Matt 27:45	τὴν	T-ASF	T-ASF	3588	ὁ	τήν	
Matt 27:45	γῆν	N-ASF	N-ASF	1093	γῆ	γῆν	
Matt 27:45	ἕως	ADV	ADV	2193	ἕως	ἕως	
Matt 27:45	ὥρας	N-GSF	N-GSF	5610	ὥρα	ὥρας	
Matt 27:45	ἐνάτης.	A-GSF	A-GSF	1766	ἔνατος	ἐνάτης	
Matt 27:46	περὶ	PREP	PREP	4012	περί	περί	
Matt 27:46	δὲ	CONJ	CONJ	1161	δέ	δέ	
Matt 27:46	τὴν	T-ASF	T-ASF	3588	ὁ	τήν	
Matt 27:46	ἐνάτην	A-ASF	A-ASF	1766	ἔνατος	ἐνάτην	
Matt 27:46	ὥραν	N-ASF	N-ASF	5610	ὥρα	ὥραν	
Matt 27:46	ἀνεβόησεν	V-AAI-3S	V-AAI-3S	310	ἀναβοάω	ἀνεβόησεν	
Matt 27:46	ὁ	T-NSM	T-NSM	3588	ὁ	ὁ	
Matt 27:46	Ἰησοῦς	N-NSM	N-NSM	2424	Ἰησοῦς	Ἰησοῦς	
Matt 27:46	φωνῇ	N-DSF	N-DSF	5456	φωνή	φωνῇ	
Matt 27:46	μεγάλῃ	A-DSF	A-DSF	3173	μέγας	μεγάλῃ	
Matt 27:46	λέγων	V-PAP-NSM	V-PAP-NSM	3004&5723	λέγω	λέγων	
Matt 27:46	Ἡλεὶ	N-PRI	N-PRI	2242	Ἠλί	Ἡλεί	
Matt 27:46	Ἡλεὶ	N-PRI	N-PRI	2242	Ἠλί	Ἡλεί	
Matt 27:46	λεμὰ	ARAM	ARAM	2982	λεμά	λεμά	
Matt 27:46	σαβαχθανεί;	ARAM	ARAM	4518	σαβαχθάνι	σαβαχθανεί	
Matt 27:46	τοῦτ’	D-NSN	D-NSN	3778	οὗτος	τοῦτ’	
Matt 27:46	ἔστιν	V-PAI-3S	V-PAI-3S	1510&5719	εἰμί	ἔστιν	
Matt 27:46	Θεέ	N-VSM	N-VSM	2316	θεός	Θεέ	
Matt 27:46	μου	P-1GS	P-1GS	1473	ἐγώ	μου	
Matt 27:46	θεέ	N-VSM	N-VSM	2316	θεός	θεέ	
Matt 27:46	μου,	P-1GS	P-1GS	1473	ἐγώ	μου	
Matt 27:46	ἵνα	CONJ	CONJ	2443	ἵνα	ἵνα	
Matt 27:46	τί	I-NSN	I-NSN	5101	τίς	τί	
Matt 27:46	με	P-1AS	P-1AS	1473	ἐγώ	με	
Matt 27:46	ἐγκατέλιπες;	V-2AAI-2S	V-2AAI-2S	1459&5627	ἐγκαταλείπω	ἐγκατέλιπες	
Matt 27:47	τινὲς	X-NPM	X-NPM	5100	τὶς	τινές	
Matt 27:47	δὲ	CONJ	CONJ	1161	δέ	δέ	
Matt 27:47	τῶν	T-GPM	T-GPM	3588	ὁ	τῶν	
Matt 27:47	ἐκεῖ	ADV	ADV	1563	ἐκεῖ	ἐκεῖ	
Matt 27:47	ἑστηκότων	V-RAP-GPM	V-RAP-GPM	2476&5761	ἵστημι	ἑστηκότων	
Matt 27:47	ἀκούσαντες	V-AAP-NPM	V-AAP-NPM	191&5660	ἀκούω	ἀκούσαντες	
Matt 27:47	ἔλεγον	V-IAI-3P	V-IAI-3P	3004&5707	λέγω	ἔλεγον	
Matt 27:47	ὅτι	CONJ	CONJ	3754	ὅτι	ὅτι	
Matt 27:47	Ἡλείαν	N-ASM	N-ASM	2243	Ἠλίας	Ἡλείαν	
Matt 27:47	φωνεῖ	V-PAI-3S	V-PAI-3S	5455&5719	φωνέω	φωνεῖ	
Matt 27:47	οὗτος.	D-NSM	D-NSM	3778	οὗτος	οὗτος	
Matt 27:48	καὶ	CONJ	CONJ	2532	καί	καί	
Matt 27:48	εὐθέως	ADV	ADV	2112	εὐθέως	εὐθέως	
Matt 27:48	δραμὼν	V-2AAP-NSM	V-2AAP-NSM	5143&5631	τρέχω	δραμών	
Matt 27:48	εἷς	A-NSM	A-NSM	1520	εἷς	εἷς	
Matt 27:48	ἐξ	PREP	PREP	1537	ἐκ	ἐξ	
Matt 27:48	αὐτῶν	P-GPM	P-GPM	846	αὐτός	αὐτῶν	
Matt 27:48	καὶ	CONJ	CONJ	2532	καί	καί	
Matt 27:48	λαβὼν	V-2AAP-NSM	V-2AAP-NSM	2983&5631	λαμβάνω	λαβών	
Matt 27:48	σπόγγον	N-ASM	N-ASM	4699	σπόγγος	σπόγγον	
Matt 27:48	πλήσας	V-AAP-NSM	V-AAP-NSM	4130&5660	πίμπλημι	πλήσας	
Matt 27:48	τε	PRT	PRT	5037	τέ	τε	
Matt 27:48	ὄξους	N-GSN	N-GSN	3690	ὄξος	ὄξους	
Matt 27:48	καὶ	CONJ	CONJ	2532	καί	καί	
Matt 27:48	περιθεὶς	V-2AAP-NSM	V-2AAP-NSM	4060&5631	περιτίθημι	περιθείς	
Matt 27:48	καλάμῳ	N-DSM	N-DSM	2563	κάλαμος	καλάμῳ	
Matt 27:48	ἐπότιζεν	V-IAI-3S	V-IAI-3S	4222&5707	ποτίζω	ἐπότιζεν	
Matt 27:48	αὐτόν.	P-ASM	P-ASM	846	αὐτός	αὐτόν	
Matt 27:49	οἱ	T-NPM	T-NPM	3588	ὁ	οἱ	
Matt 27:49	δὲ	CONJ	CONJ	1161	δέ	δέ	
Matt 27:49	λοιποὶ	A-NPM	A-NPM	3062	λοιπός	λοιποί	
Matt 27:49	εἶπαν	V-2AAI-3P	V-2AAI-3P	3004&5627	λέγω	εἶπαν	
Matt 27:49	Ἄφες	V-2AAM-2S	V-2AAM-2S	863&5628	ἀφίημι	Ἄφες	
Matt 27:49	ἴδωμεν	V-2AAS-1P	V-2AAS-1P	3708&5632	ὁράω	ἴδωμεν	
Matt 27:49	εἰ	COND	COND	1487	εἰ	εἰ	
Matt 27:49	ἔρχεται	V-PNI-3S	V-PNI-3S	2064&5736	ἔρχομαι	ἔρχεται	
Matt 27:49	Ἡλείας	N-NSM	N-NSM	2243	Ἠλίας	Ἡλείας	
Matt 27:49	σώσων	V-FAP-NSM	V-FAP-NSM	4982&5694	σῴζω	σώσων	
Matt 27:49	αὐτόν.	P-ASM	P-ASM	846	αὐτός	αὐτόν	
Matt 27:50	ὁ	T-NSM	T-NSM	3588	ὁ	ὁ	
Matt 27:50	δὲ	CONJ	CONJ	1161	δέ	δέ	
Matt 27:50	Ἰησοῦς	N-NSM	N-NSM	2424	Ἰησοῦς	Ἰησοῦς	
Matt 27:50	πάλιν	ADV	ADV	3825	πάλιν	πάλιν	
Matt 27:50	κράξας	V-AAP-NSM	V-AAP-NSM	2896&5660	κράζω	κράξας	
Matt 27:50	φωνῇ	N-DSF	N-DSF	5456	φωνή	φωνῇ	
Matt 27:50	μεγάλῃ	A-DSF	A-DSF	3173	μέγας	μεγάλῃ	
Matt 27:50	ἀφῆκεν	V-AAI-3S	V-AAI-3S	863&5656	ἀφίημι	ἀφῆκεν	
Matt 27:50	τὸ	T-ASN	T-ASN	3588	ὁ	τό	
Matt 27:50	πνεῦμα.	N-ASN	N-ASN	4151	πνεῦμα	πνεῦμα	
Matt 27:51	Καὶ	CONJ	CONJ	2532	καί	Καί	
Matt 27:51	ἰδοὺ	V-2AMM-2S	V-2AMM-2S	3708&5640	ὁράω	ἰδού	
Matt 27:51	τὸ	T-NSN	T-NSN	3588	ὁ	τό	
Matt 27:51	καταπέτασμα	N-NSN	N-NSN	2665	καταπέτασμα	καταπέτασμα	
Matt 27:51	τοῦ	T-GSM	T-GSM	3588	ὁ	τοῦ	
Matt 27:51	ναοῦ	N-GSM	N-GSM	3485	ναός	ναοῦ	
Matt 27:51	ἐσχίσθη	V-API-3S	V-API-3S	4977&5681	σχίζω	ἐσχίσθη	
Matt 27:51	ἀπ’	PREP	PREP	575	ἀπό	ἀπ’	
Matt 27:51	ἄνωθεν	ADV	ADV	509	ἄνωθεν	ἄνωθεν	
Matt 27:51	ἕως	ADV	ADV	2193	ἕως	ἕως	
Matt 27:51	κάτω	ADV	ADV	2736	κάτω	κάτω	
Matt 27:51	εἰς	PREP	PREP	1519	εἰς	εἰς	
Matt 27:51	δύο,	A-NUI	A-NUI	1417	δύο	δύο	
Matt 27:51	καὶ	CONJ	CONJ	2532	καί	καί	
Matt 27:51	ἡ	T-NSF	T-NSF	3588	ὁ	ἡ	
Matt 27:51	γῆ	N-NSF	N-NSF	1093	γῆ	γῆ	
Matt 27:51	ἐσείσθη,	V-API-3S	V-API-3S	4579&5681	σείω	ἐσείσθη	
Matt 27:51	καὶ	CONJ	CONJ	2532	καί	καί	
Matt 27:51	αἱ	T-NPF	T-NPF	3588	ὁ	αἱ	
Matt 27:51	πέτραι	N-NPF	N-NPF	4073	πέτρα	πέτραι	
Matt 27:51	ἐσχίσθησαν,	V-API-3P	V-API-3P	4977&5681	σχίζω	ἐσχίσθησαν	
Matt 27:52	καὶ	CONJ	CONJ	2532	καί	καί	
Matt 27:52	τὰ	T-NPN	T-NPN	3588	ὁ	τά	
Matt 27:52	μνημεῖα	N-NPN	N-NPN	3419	μνημεῖον	μνημεῖα	
Matt 27:52	ἀνεῴχθησαν	V-API-3P	V-API-3P	455&5681	ἀνοίγω	ἀνεῴχθησαν	
Matt 27:52	καὶ	CONJ	CONJ	2532	καί	καί	
Matt 27:52	πολλὰ	A-NPN	A-NPN	4183	πολύς	πολλά	
Matt 27:52	σώματα	N-NPN	N-NPN	4983	σῶμα	σώματα	
Matt 27:52	τῶν	T-GPM	T-GPM	3588	ὁ	τῶν	
Matt 27:52	κεκοιμημένων	V-RPP-GPM	V-RPP-GPM	2837&5772	κοιμάομαι	κεκοιμημένων	
Matt 27:52	ἁγίων	A-GPM	A-GPM	40	ἅγιος	ἁγίων	
Matt 27:52	ἠγέρθησαν·	V-API-3P	V-API-3P	1453&5681	ἐγείρω	ἠγέρθησαν	
Matt 27:53	καὶ	CONJ	CONJ	2532	καί	καί	
Matt 27:53	ἐξελθόντες	V-2AAP-NPM	V-2AAP-NPM	1831&5631	ἐξέρχομαι	ἐξελθόντες	
Matt 27:53	ἐκ	PREP	PREP	1537	ἐκ	ἐκ	
Matt 27:53	τῶν	T-GPN	T-GPN	3588	ὁ	τῶν	
Matt 27:53	μνημείων	N-GPN	N-GPN	3419	μνημεῖον	μνημείων	
Matt 27:53	μετὰ	PREP	PREP	3326	μετά	μετά	
Matt 27:53	τὴν	T-ASF	T-ASF	3588	ὁ	τήν	
Matt 27:53	ἔγερσιν	N-ASF	N-ASF	1454	ἔγερσις	ἔγερσιν	
Matt 27:53	αὐτοῦ	P-GSM	P-GSM	846	αὐτός	αὐτοῦ	
Matt 27:53	εἰσῆλθον	V-2AAI-3P	V-2AAI-3P	1525&5627	εἰσέρχομαι	εἰσῆλθον	
Matt 27:53	εἰς	PREP	PREP	1519	εἰς	εἰς	
Matt 27:53	τὴν	T-ASF	T-ASF	3588	ὁ	τήν	
Matt 27:53	ἁγίαν	A-ASF	A-ASF	40	ἅγιος	ἁγίαν	
Matt 27:53	πόλιν	N-ASF	N-ASF	4172	πόλις	πόλιν	
Matt 27:53	καὶ	CONJ	CONJ	2532	καί	καί	
Matt 27:53	ἐνεφανίσθησαν	V-API-3P	V-API-3P	1718&5681	ἐμφανίζω	ἐνεφανίσθησαν	
Matt 27:53	πολλοῖς.	A-DPM	A-DPM	4183	πολύς	πολλοῖς	
Matt 27:54	Ὁ	T-NSM	T-NSM	3588	ὁ	Ὁ	
Matt 27:54	δὲ	CONJ	CONJ	1161	δέ	δέ	
Matt 27:54	ἑκατόνταρχος	N-NSM	N-NSM	1543	ἑκατοντάρχης	ἑκατόνταρχος	
Matt 27:54	καὶ	CONJ	CONJ	2532	καί	καί	
Matt 27:54	οἱ	T-NPM	T-NPM	3588	ὁ	οἱ	
Matt 27:54	μετ’	PREP	PREP	3326	μετά	μετ’	
Matt 27:54	αὐτοῦ	P-GSM	P-GSM	846	αὐτός	αὐτοῦ	
Matt 27:54	τηροῦντες	V-PAP-NPM	V-PAP-NPM	5083&5723	τηρέω	τηροῦντες	
Matt 27:54	τὸν	T-ASM	T-ASM	3588	ὁ	τόν	
Matt 27:54	Ἰησοῦν	N-ASM	N-ASM	2424	Ἰησοῦς	Ἰησοῦν	
Matt 27:54	ἰδόντες	V-2AAP-NPM	V-2AAP-NPM	3708&5631	ὁράω	ἰδόντες	
Matt 27:54	τὸν	T-ASM	T-ASM	3588	ὁ	τόν	
Matt 27:54	σεισμὸν	N-ASM	N-ASM	4578	σεισμός	σεισμόν	
Matt 27:54	καὶ	CONJ	CONJ	2532	καί	καί	
Matt 27:54	τὰ	T-APN	T-APN	3588	ὁ	τά	
Matt 27:54	γινόμενα	V-PNP-APN	V-PNP-APN	1096&5740	γίνομαι	γινόμενα	
Matt 27:54	ἐφοβήθησαν	V-AOI-3P	V-AOI-3P	5399&5675	φοβέω	ἐφοβήθησαν	
Matt 27:54	σφόδρα,	ADV	ADV	4970	σφόδρα	σφόδρα	
Matt 27:54	λέγοντες	V-PAP-NPM	V-PAP-NPM	3004&5723	λέγω	λέγοντες	
Matt 27:54	Ἀληθῶς	ADV	ADV	230	ἀληθῶς	Ἀληθῶς	
Matt 27:54	Θεοῦ	N-GSM	N-GSM	2316	θεός	Θεοῦ	
Matt 27:54	Υἱὸς	N-NSM	N-NSM	5207	υἱός	Υἱός	
Matt 27:54	ἦν	V-IAI-3S	V-IAI-3S	1510&5707	εἰμί	ἦν	
Matt 27:54	οὗτος.	D-NSM	D-NSM	3778	οὗτος	οὗτος	
Matt 27:55	Ἦσαν	V-IAI-3P	V-IAI-3P	1510&5707	εἰμί	Ἦσαν	
Matt 27:55	δὲ	CONJ	CONJ	1161	δέ	δέ	
Matt 27:55	ἐκεῖ	ADV	ADV	1563	ἐκεῖ	ἐκεῖ	
Matt 27:55	γυναῖκες	N-NPF	N-NPF	1135	γυνή	γυναῖκες	
Matt 27:55	πολλαὶ	A-NPF	A-NPF	4183	πολύς	πολλαί	
Matt 27:55	ἀπὸ	PREP	PREP	575	ἀπό	ἀπό	
Matt 27:55	μακρόθεν	ADV	ADV	3113	μακρόθεν	μακρόθεν	
Matt 27:55	θεωροῦσαι,	V-PAP-NPF	V-PAP-NPF	2334&5723	θεωρέω	θεωροῦσαι	
Matt 27:55	αἵτινες	R-NPF	R-NPF	3748	ὅστις	αἵτινες	
Matt 27:55	ἠκολούθησαν	V-AAI-3P	V-AAI-3P	190&5656	ἀκολουθέω	ἠκολούθησαν	
Matt 27:55	τῷ	T-DSM	T-DSM	3588	ὁ	τῷ	
Matt 27:55	Ἰησοῦ	N-DSM	N-DSM	2424	Ἰησοῦς	Ἰησοῦ	
Matt 27:55	ἀπὸ	PREP	PREP	575	ἀπό	ἀπό	
Matt 27:55	τῆς	T-GSF	T-GSF	3588	ὁ	τῆς	
Matt 27:55	Γαλιλαίας	N-GSF	N-GSF	1056	Γαλιλαία	Γαλιλαίας	
Matt 27:55	διακονοῦσαι	V-PAP-NPF	V-PAP-NPF	1247&5723	διακονέω	διακονοῦσαι	
Matt 27:55	αὐτῷ·	P-DSM	P-DSM	846	αὐτός	αὐτῷ	
Matt 27:56	ἐν	PREP	PREP	1722	ἐν	ἐν	
Matt 27:56	αἷς	R-DPF	R-DPF	3739	ὅς	αἷς	
Matt 27:56	ἦν	V-IAI-3S	V-IAI-3S	1510&5707	εἰμί	ἦν	
Matt 27:56	Μαρία	N-NSF	N-NSF	3137	Μαρία	Μαρία	
Matt 27:56	ἡ	T-NSF	T-NSF	3588	ὁ	ἡ	
Matt 27:56	Μαγδαληνή,	N-NSF	N-NSF	3094	Μαγδαληνή	Μαγδαληνή	
Matt 27:56	καὶ	CONJ	CONJ	2532	καί	καί	
Matt 27:56	Μαρία	N-NSF	N-NSF	3137	Μαρία	Μαρία	
Matt 27:56	ἡ	T-NSF	T-NSF	3588	ὁ	ἡ	
Matt 27:56	τοῦ	T-GSM	T-GSM	3588	ὁ	τοῦ	
Matt 27:56	Ἰακώβου	N-GSM	N-GSM	2385	Ἰάκωβος	Ἰακώβου	
Matt 27:56	καὶ	CONJ	CONJ	2532	καί	καί	
Matt 27:56	Ἰωσὴφ	N-PRI	N-PRI	2501	Ἰωσήφ	Ἰωσήφ	
Matt 27:56	μήτηρ,	N-NSF	N-NSF	3384	μήτηρ	μήτηρ	
Matt 27:56	καὶ	CONJ	CONJ	2532	καί	καί	
Matt 27:56	ἡ	T-NSF	T-NSF	3588	ὁ	ἡ	
Matt 27:56	μήτηρ	N-NSF	N-NSF	3384	μήτηρ	μήτηρ	
Matt 27:56	τῶν	T-GPM	T-GPM	3588	ὁ	τῶν	
Matt 27:56	υἱῶν	N-GPM	N-GPM	5207	υἱός	υἱῶν	
Matt 27:56	Ζεβεδαίου.	N-GSM	N-GSM	2199	Ζεβεδαῖος	Ζεβεδαίου	
Matt 27:57	Ὀψίας	A-GSF	A-GSF	3798	ὄψιος	Ὀψίας	
Matt 27:57	δὲ	CONJ	CONJ	1161	δέ	δέ	
Matt 27:57	γενομένης	V-2ADP-GSF	V-2ADP-GSF	1096&5637	γίνομαι	γενομένης	
Matt 27:57	ἦλθεν	V-2AAI-3S	V-2AAI-3S	2064&5627	ἔρχομαι	ἦλθεν	
Matt 27:57	ἄνθρωπος	N-NSM	N-NSM	444	ἄνθρωπος	ἄνθρωπος	
Matt 27:57	πλούσιος	A-NSM	A-NSM	4145	πλούσιος	πλούσιος	
Matt 27:57	ἀπὸ	PREP	PREP	575	ἀπό	ἀπό	
Matt 27:57	Ἀριμαθαίας,	N-GSF	N-GSF	707	Ἀριμαθαία	Ἀριμαθαίας	
Matt 27:57	τοὔνομα	ADV-K	ADV-K	5122	τὸ ὄνομα	τοὔνομα	
Matt 27:57	Ἰωσήφ,	N-PRI	N-PRI	2501	Ἰωσήφ	Ἰωσήφ	
Matt 27:57	ὃς	R-NSM	R-NSM	3739	ὅς	ὅς	
Matt 27:57	καὶ	CONJ	CONJ	2532	καί	καί	
Matt 27:57	αὐτὸς	P-NSM	P-NSM	846	αὐτός	αὐτός	
Matt 27:57	ἐμαθητεύθη	V-API-3S	V-API-3S	3100&5681	μαθητεύω	ἐμαθητεύθη	
Matt 27:57	τῷ	T-DSM	T-DSM	3588	ὁ	τῷ	
Matt 27:57	Ἰησοῦ·	N-DSM	N-DSM	2424	Ἰησοῦς	Ἰησοῦ	
Matt 27:58	οὗτος	D-NSM	D-NSM	3778	οὗτος	οὗτος	
Matt 27:58	προσελθὼν	V-2AAP-NSM	V-2AAP-NSM	4334&5631	προσέρχομαι	προσελθών	
Matt 27:58	τῷ	T-DSM	T-DSM	3588	ὁ	τῷ	
Matt 27:58	Πειλάτῳ	N-DSM	N-DSM	4091	Πιλᾶτος	Πειλάτῳ	
Matt 27:58	ᾐτήσατο	V-AMI-3S	V-AMI-3S	154&5668	αἰτέω	ᾐτήσατο	
Matt 27:58	τὸ	T-ASN	T-ASN	3588	ὁ	τό	
Matt 27:58	σῶμα	N-ASN	N-ASN	4983	σῶμα	σῶμα	
Matt 27:58	τοῦ	T-GSM	T-GSM	3588	ὁ	τοῦ	
Matt 27:58	Ἰησοῦ.	N-GSM	N-GSM	2424	Ἰησοῦς	Ἰησοῦ	
Matt 27:58	τότε	ADV	ADV	5119	τότε	τότε	
Matt 27:58	ὁ	T-NSM	T-NSM	3588	ὁ	ὁ	
Matt 27:58	Πειλᾶτος	N-NSM	N-NSM	4091	Πιλᾶτος	Πειλᾶτος	
Matt 27:58	ἐκέλευσεν	V-AAI-3S	V-AAI-3S	2753&5656	κελεύω	ἐκέλευσεν	
Matt 27:58	ἀποδοθῆναι.	V-APN	V-APN	591&5683	ἀποδίδωμι	ἀποδοθῆναι	
Matt 27:59	καὶ	CONJ	CONJ	2532	καί	καί	
Matt 27:59	λαβὼν	V-2AAP-NSM	V-2AAP-NSM	2983&5631	λαμβάνω	λαβών	
Matt 27:59	τὸ	T-ASN	T-ASN	3588	ὁ	τό	
Matt 27:59	σῶμα	N-ASN	N-ASN	4983	σῶμα	σῶμα	
Matt 27:59	ὁ	T-NSM	T-NSM	3588	ὁ	ὁ	
Matt 27:59	Ἰωσὴφ	N-PRI	N-PRI	2501	Ἰωσήφ	Ἰωσήφ	
Matt 27:59	ἐνετύλιξεν	V-AAI-3S	V-AAI-3S	1794&5656	ἐντυλίσσω	ἐνετύλιξεν	
Matt 27:59	αὐτὸ	P-ASN	P-ASN	846	αὐτός	αὐτό	
Matt 27:59	ἐν	PREP	PREP	1722	ἐν	ἐν	
Matt 27:59	σινδόνι	N-DSF	N-DSF	4616	σινδών	σινδόνι	
Matt 27:59	καθαρᾷ,	A-DSF	A-DSF	2513	καθαρός	καθαρᾷ	
Matt 27:60	καὶ	CONJ	CONJ	2532	καί	καί	
Matt 27:60	ἔθηκεν	V-AAI-3S	V-AAI-3S	5087&5656	τίθημι	ἔθηκεν	
Matt 27:60	αὐτὸ	P-ASN	P-ASN	846	αὐτός	αὐτό	
Matt 27:60	ἐν	PREP	PREP	1722	ἐν	ἐν	
Matt 27:60	τῷ	T-DSN	T-DSN	3588	ὁ	τῷ	
Matt 27:60	καινῷ	A-DSN	A-DSN	2537	καινός	καινῷ	
Matt 27:60	αὐτοῦ	P-GSM	P-GSM	846	αὐτός	αὐτοῦ	
Matt 27:60	μνημείῳ	N-DSN	N-DSN	3419	μνημεῖον	μνημείῳ	
Matt 27:60	ὃ	R-ASN	R-ASN	3739	ὅς	ὅ	
Matt 27:60	ἐλατόμησεν	V-AAI-3S	V-AAI-3S	2998&5656	λατομέω	ἐλατόμησεν	
Matt 27:60	ἐν	PREP	PREP	1722	ἐν	ἐν	
Matt 27:60	τῇ	T-DSF	T-DSF	3588	ὁ	τῇ	
Matt 27:60	πέτρᾳ,	N-DSF	N-DSF	4073	πέτρα	πέτρᾳ	
Matt 27:60	καὶ	CONJ	CONJ	2532	καί	καί	
Matt 27:60	προσκυλίσας	V-AAP-NSM	V-AAP-NSM	4351&5660	προσκυλίω	προσκυλίσας	
Matt 27:60	λίθον	N-ASM	N-ASM	3037	λίθος	λίθον	
Matt 27:60	μέγαν	A-ASM	A-ASM	3173	μέγας	μέγαν	
Matt 27:60	τῇ	T-DSF	T-DSF	3588	ὁ	τῇ	
Matt 27:60	θύρᾳ	N-DSF	N-DSF	2374	θύρα	θύρᾳ	
Matt 27:60	τοῦ	T-GSN	T-GSN	3588	ὁ	τοῦ	
Matt 27:60	μνημείου	N-GSN	N-GSN	3419	μνημεῖον	μνημείου	
Matt 27:60	ἀπῆλθεν.	V-2AAI-3S	V-2AAI-3S	565&5627	ἀπέρχομαι	ἀπῆλθεν	
Matt 27:61	Ἦν	V-IAI-3S	V-IAI-3S	1510&5707	εἰμί	Ἦν	
Matt 27:61	δὲ	CONJ	CONJ	1161	δέ	δέ	
Matt 27:61	ἐκεῖ	ADV	ADV	1563	ἐκεῖ	ἐκεῖ	
Matt 27:61	Μαριὰμ	N-PRI	N-PRI	3137	Μαρία	Μαριάμ	
Matt 27:61	ἡ	T-NSF	T-NSF	3588	ὁ	ἡ	
Matt 27:61	Μαγδαληνὴ	N-NSF	N-NSF	3094	Μαγδαληνή	Μαγδαληνή	
Matt 27:61	καὶ	CONJ	CONJ	2532	καί	καί	
Matt 27:61	ἡ	T-NSF	T-NSF	3588	ὁ	ἡ	
Matt 27:61	ἄλλη	A-NSF	A-NSF	243	ἄλλος	ἄλλη	
Matt 27:61	Μαρία,	N-NSF	N-NSF	3137	Μαρία	Μαρία	
Matt 27:61	καθήμεναι	V-PNP-NPF	V-PNP-NPF	2521&5740	κάθημαι	καθήμεναι	
Matt 27:61	ἀπέναντι	PREP	PREP	561	ἀπέναντι	ἀπέναντι	
Matt 27:61	τοῦ	T-GSM	T-GSM	3588	ὁ	τοῦ	
Matt 27:61	τάφου.	N-GSM	N-GSM	5028	τάφος	τάφου	
Matt 27:62	Τῇ	T-DSF	T-DSF	3588	ὁ	Τῇ	
Matt 27:62	δὲ	CONJ	CONJ	1161	δέ	δέ	
Matt 27:62	ἐπαύριον,	ADV	ADV	1887	ἐπαύριον	ἐπαύριον	
Matt 27:62	ἥτις	R-NSF	R-NSF	3748	ὅστις	ἥτις	
Matt 27:62	ἐστὶν	V-PAI-3S	V-PAI-3S	1510&5719	εἰμί	ἐστίν	
Matt 27:62	μετὰ	PREP	PREP	3326	μετά	μετά	
Matt 27:62	τὴν	T-ASF	T-ASF	3588	ὁ	τήν	
Matt 27:62	Παρασκευήν,	N-ASF	N-ASF	3904	παρασκευή	Παρασκευήν	
Matt 27:62	συνήχθησαν	V-API-3P	V-API-3P	4863&5681	συνάγω	συνήχθησαν	
Matt 27:62	οἱ	T-NPM	T-NPM	3588	ὁ	οἱ	
Matt 27:62	ἀρχιερεῖς	N-NPM	N-NPM	749	ἀρχιερεύς	ἀρχιερεῖς	
Matt 27:62	καὶ	CONJ	CONJ	2532	καί	καί	
Matt 27:62	οἱ	T-NPM	T-NPM	3588	ὁ	οἱ	
Matt 27:62	Φαρισαῖοι	N-NPM	N-NPM	5330	Φαρισαῖος	Φαρισαῖοι	
Matt 27:62	πρὸς	PREP	PREP	4314	πρός	πρός	
Matt 27:62	Πειλᾶτον	N-ASM	N-ASM	4091	Πιλᾶτος	Πειλᾶτον	
Matt 27:63	λέγοντες	V-PAP-NPM	V-PAP-NPM	3004&5723	λέγω	λέγοντες	
Matt 27:63	Κύριε,	N-VSM	N-VSM	2962	κύριος	Κύριε	
Matt 27:63	ἐμνήσθημεν	V-API-1P	V-API-1P	3403&5681	μιμνῄσκω	ἐμνήσθημεν	
Matt 27:63	ὅτι	CONJ	CONJ	3754	ὅτι	ὅτι	
Matt 27:63	ἐκεῖνος	D-NSM	D-NSM	1565	ἐκεῖνος	ἐκεῖνος	
Matt 27:63	ὁ	T-NSM	T-NSM	3588	ὁ	ὁ	
Matt 27:63	πλάνος	A-NSM	A-NSM	4108	πλάνος	πλάνος	
Matt 27:63	εἶπεν	V-2AAI-3S	V-2AAI-3S	3004&5627	λέγω	εἶπεν	
Matt 27:63	ἔτι	ADV	ADV	2089	ἔτι	ἔτι	
Matt 27:63	ζῶν	V-PAP-NSM	V-PAP-NSM	2198&5723	ζάω	ζῶν	
Matt 27:63	Μετὰ	PREP	PREP	3326	μετά	Μετά	
Matt 27:63	τρεῖς	A-APF	A-APF	5140	τρεῖς	τρεῖς	
Matt 27:63	ἡμέρας	N-APF	N-APF	2250	ἡμέρα	ἡμέρας	
Matt 27:63	ἐγείρομαι.	V-PPI-1S	V-PEI-1S	1453&5743	ἐγείρω	ἐγείρομαι	
Matt 27:64	κέλευσον	V-AAM-2S	V-AAM-2S	2753&5657	κελεύω	κέλευσον	
Matt 27:64	οὖν	CONJ	CONJ	3767	οὖν	οὖν	
Matt 27:64	ἀσφαλισθῆναι	V-APN	V-APN	805&5683	ἀσφαλίζω	ἀσφαλισθῆναι	
Matt 27:64	τὸν	T-ASM	T-ASM	3588	ὁ	τόν	
Matt 27:64	τάφον	N-ASM	N-ASM	5028	τάφος	τάφον	
Matt 27:64	ἕως	ADV	ADV	2193	ἕως	ἕως	
Matt 27:64	τῆς	T-GSF	T-GSF	3588	ὁ	τῆς	
Matt 27:64	τρίτης	A-GSF	A-GSF	5154	τρίτος	τρίτης	
Matt 27:64	ἡμέρας,	N-GSF	N-GSF	2250	ἡμέρα	ἡμέρας	
Matt 27:64	μή	PRT-N	PRT-N	3361	μή	μή	
Matt 27:64	ποτε	ADV	ADV	4219	πότε	ποτε	
Matt 27:64	ἐλθόντες	V-2AAP-NPM	V-2AAP-NPM	2064&5631	ἔρχομαι	ἐλθόντες	
Matt 27:64	οἱ	T-NPM	T-NPM	3588	ὁ	οἱ	
Matt 27:64	μαθηταὶ	N-NPM	N-NPM	3101	μαθητής	μαθηταί	
Matt 27:64	κλέψωσιν	V-AAS-3P	V-AAS-3P	2813&5661	κλέπτω	κλέψωσιν	
Matt 27:64	αὐτὸν	P-ASM	P-ASM	846	αὐτός	αὐτόν	
Matt 27:64	καὶ	CONJ	CONJ	2532	καί	καί	
Matt 27:64	εἴπωσιν	V-2AAS-3P	V-2AAS-3P	3004&5632	λέγω	εἴπωσιν	
Matt 27:64	τῷ	T-DSM	T-DSM	3588	ὁ	τῷ	
Matt 27:64	λαῷ	N-DSM	N-DSM	2992	λαός	λαῷ	
Matt 27:64	Ἠγέρθη	V-API-3S	V-API-3S	1453&5681	ἐγείρω	Ἠγέρθη	
Matt 27:64	ἀπὸ	PREP	PREP	575	ἀπό	ἀπό	
Matt 27:64	τῶν	T-GPM	T-GPM	3588	ὁ	τῶν	
Matt 27:64	νεκρῶν,	A-GPM	A-GPM	3498	νεκρός	νεκρῶν	
Matt 27:64	καὶ	CONJ	CONJ	2532	καί	καί	
Matt 27:64	ἔσται	V-FDI-3S	V-FDI-3S	1510&5695	εἰμί	ἔσται	
Matt 27:64	ἡ	T-NSF	T-NSF	3588	ὁ	ἡ	
Matt 27:64	ἐσχάτη	A-NSF-S	A-NSF-S	2078	ἔσχατος	ἐσχάτη	
Matt 27:64	πλάνη	N-NSF	N-NSF	4106	πλάνη	πλάνη	
Matt 27:64	χείρων	A-NSF-C	A-NSF-C	5501	χείρων	χείρων	
Matt 27:64	τῆς	T-GSF	T-GSF	3588	ὁ	τῆς	
Matt 27:64	πρώτης.	A-GSF-S	A-GSF-S	4413	πρῶτος	πρώτης	
Matt 27:65	ἔφη	V-IAI-3S	V-IAI-3S	5346&5707	φημί	ἔφη	
Matt 27:65	αὐτοῖς	P-DPM	P-DPM	846	αὐτός	αὐτοῖς	
Matt 27:65	ὁ	T-NSM	T-NSM	3588	ὁ	ὁ	
Matt 27:65	Πειλᾶτος	N-NSM	N-NSM	4091	Πιλᾶτος	Πειλᾶτος	
Matt 27:65	Ἔχετε	V-PAI-2P	V-PAI-2P	2192&5719	ἔχω	Ἔχετε	
Matt 27:65	κουστωδίαν·	N-ASF	N-ASF	2892	κουστωδία	κουστωδίαν	
Matt 27:65	ὑπάγετε	V-PAM-2P	V-PAM-2P	5217&5720	ὑπάγω	ὑπάγετε	
Matt 27:65	ἀσφαλίσασθε	V-ADM-2P	V-ADM-2P	805&5663	ἀσφαλίζω	ἀσφαλίσασθε	
Matt 27:65	ὡς	ADV	ADV	5613	ὡς	ὡς	
Matt 27:65	οἴδατε.	V-RAI-2P	V-RAI-2P	1492&5758	οἶδα	οἴδατε	
Matt 27:66	οἱ	T-NPM	T-NPM	3588	ὁ	οἱ	
Matt 27:66	δὲ	CONJ	CONJ	1161	δέ	δέ	
Matt 27:66	πορευθέντες	V-AOP-NPM	V-AOP-NPM	4198&5679	πορεύομαι	πορευθέντες	
Matt 27:66	ἠσφαλίσαντο	V-ADI-3P	V-ADI-3P	805&5662	ἀσφαλίζω	ἠσφαλίσαντο	
Matt 27:66	τὸν	T-ASM	T-ASM	3588	ὁ	τόν	
Matt 27:66	τάφον	N-ASM	N-ASM	5028	τάφος	τάφον	
Matt 27:66	σφραγίσαντες	V-AAP-NPM	V-AAP-NPM	4972&5660	σφραγίζω	σφραγίσαντες	
Matt 27:66	τὸν	T-ASM	T-ASM	3588	ὁ	τόν	
Matt 27:66	λίθον	N-ASM	N-ASM	3037	λίθος	λίθον	
Matt 27:66	μετὰ	PREP	PREP	3326	μετά	μετά	
Matt 27:66	τῆς	T-GSF	T-GSF	3588	ὁ	τῆς	
Matt 27:66	κουστωδίας.	N-GSF	N-GSF	2892	κουστωδία	κουστωδίας	
Matt 28:1	Ὀψὲ	ADV	ADV	3796	ὀψέ	Ὀψέ	
Matt 28:1	δὲ	CONJ	CONJ	1161	δέ	δέ	
Matt 28:1	σαββάτων,	N-GPN	N-GPN	4521	σάββατον	σαββάτων	
Matt 28:1	τῇ	T-DSF	T-DSF	3588	ὁ	τῇ	
Matt 28:1	ἐπιφωσκούσῃ	V-PAP-DSF	V-PAP-DSF	2020&5723	ἐπιφώσκω	ἐπιφωσκούσῃ	
Matt 28:1	εἰς	PREP	PREP	1519	εἰς	εἰς	
Matt 28:1	μίαν	A-ASF	A-ASF	1520	εἷς	μίαν	
Matt 28:1	σαββάτων,	N-GPN	N-GPN	4521	σάββατον	σαββάτων	
Matt 28:1	ἦλθεν	V-2AAI-3S	V-2AAI-3S	2064&5627	ἔρχομαι	ἦλθεν	
Matt 28:1	Μαριὰμ	N-PRI	N-PRI	3137	Μαρία	Μαριάμ	
Matt 28:1	ἡ	T-NSF	T-NSF	3588	ὁ	ἡ	
Matt 28:1	Μαγδαληνὴ	N-NSF	N-NSF	3094	Μαγδαληνή	Μαγδαληνή	
Matt 28:1	καὶ	CONJ	CONJ	2532	καί	καί	
Matt 28:1	ἡ	T-NSF	T-NSF	3588	ὁ	ἡ	
Matt 28:1	ἄλλη	A-NSF	A-NSF	243	ἄλλος	ἄλλη	
Matt 28:1	Μαρία	N-NSF	N-NSF	3137	Μαρία	Μαρία	
Matt 28:1	θεωρῆσαι	V-AAN	V-AAN	2334&5658	θεωρέω	θεωρῆσαι	
Matt 28:1	τὸν	T-ASM	T-ASM	3588	ὁ	τόν	
Matt 28:1	τάφον.	N-ASM	N-ASM	5028	τάφος	τάφον	
Matt 28:2	καὶ	CONJ	CONJ	2532	καί	καί	
Matt 28:2	ἰδοὺ	V-2AMM-2S	V-2AMM-2S	3708&5640	ὁράω	ἰδού	
Matt 28:2	σεισμὸς	N-NSM	N-NSM	4578	σεισμός	σεισμός	
Matt 28:2	ἐγένετο	V-2ADI-3S	V-2ADI-3S	1096&5633	γίνομαι	ἐγένετο	
Matt 28:2	μέγας·	A-NSM	A-NSM	3173	μέγας	μέγας	
Matt 28:2	ἄγγελος	N-NSM	N-NSM	32	ἄγγελος	ἄγγελος	
Matt 28:2	γὰρ	CONJ	CONJ	1063	γάρ	γάρ	
Matt 28:2	Κυρίου	N-GSM	N-GSM	2962	κύριος	Κυρίου	
Matt 28:2	καταβὰς	V-2AAP-NSM	V-2AAP-NSM	2597&5631	καταβαίνω	καταβάς	
Matt 28:2	ἐξ	PREP	PREP	1537	ἐκ	ἐξ	
Matt 28:2	οὐρανοῦ	N-GSM	N-GSM	3772	οὐρανός	οὐρανοῦ	
Matt 28:2	καὶ	CONJ	CONJ	2532	καί	καί	
Matt 28:2	προσελθὼν	V-2AAP-NSM	V-2AAP-NSM	4334&5631	προσέρχομαι	προσελθών	
Matt 28:2	ἀπεκύλισεν	V-AAI-3S	V-AAI-3S	617&5656	ἀποκυλίω	ἀπεκύλισεν	
Matt 28:2	τὸν	T-ASM	T-ASM	3588	ὁ	τόν	
Matt 28:2	λίθον	N-ASM	N-ASM	3037	λίθος	λίθον	
Matt 28:2	καὶ	CONJ	CONJ	2532	καί	καί	
Matt 28:2	ἐκάθητο	V-INI-3S	V-INI-3S	2521&5711	κάθημαι	ἐκάθητο	
Matt 28:2	ἐπάνω	ADV	ADV	1883	ἐπάνω	ἐπάνω	
Matt 28:2	αὐτοῦ.	P-GSM	P-GSM	846	αὐτός	αὐτοῦ	
Matt 28:3	ἦν	V-IAI-3S	V-IAI-3S	1510&5707	εἰμί	ἦν	
Matt 28:3	δὲ	CONJ	CONJ	1161	δέ	δέ	
Matt 28:3	ἡ	T-NSF	T-NSF	3588	ὁ	ἡ	
Matt 28:3	εἰδέα	N-NSF	N-NSF	2397	εἰδέα	εἰδέα	
Matt 28:3	αὐτοῦ	P-GSM	P-GSM	846	αὐτός	αὐτοῦ	
Matt 28:3	ὡς	ADV	ADV	5613	ὡς	ὡς	
Matt 28:3	ἀστραπὴ,	N-NSF	N-NSF	796	ἀστραπή	ἀστραπή	
Matt 28:3	καὶ	CONJ	CONJ	2532	καί	καί	
Matt 28:3	τὸ	T-NSN	T-NSN	3588	ὁ	τό	
Matt 28:3	ἔνδυμα	N-NSN	N-NSN	1742	ἔνδυμα	ἔνδυμα	
Matt 28:3	αὐτοῦ	P-GSM	P-GSM	846	αὐτός	αὐτοῦ	
Matt 28:3	λευκὸν	A-NSN	A-NSN	3022	λευκός	λευκόν	
Matt 28:3	ὡς	ADV	ADV	5613	ὡς	ὡς	
Matt 28:3	χιών.	N-NSF	N-NSF	5510	χιών	χιών	
Matt 28:4	ἀπὸ	PREP	PREP	575	ἀπό	ἀπό	
Matt 28:4	δὲ	CONJ	CONJ	1161	δέ	δέ	
Matt 28:4	τοῦ	T-GSM	T-GSM	3588	ὁ	τοῦ	
Matt 28:4	φόβου	N-GSM	N-GSM	5401	φόβος	φόβου	
Matt 28:4	αὐτοῦ	P-GSM	P-GSM	846	αὐτός	αὐτοῦ	
Matt 28:4	ἐσείσθησαν	V-API-3P	V-API-3P	4579&5681	σείω	ἐσείσθησαν	
Matt 28:4	οἱ	T-NPM	T-NPM	3588	ὁ	οἱ	
Matt 28:4	τηροῦντες	V-PAP-NPM	V-PAP-NPM	5083&5723	τηρέω	τηροῦντες	
Matt 28:4	καὶ	CONJ	CONJ	2532	καί	καί	
Matt 28:4	ἐγενήθησαν	V-AOI-3P	V-AOI-3P	1096&5675	γίνομαι	ἐγενήθησαν	
Matt 28:4	ὡς	ADV	ADV	5613	ὡς	ὡς	
Matt 28:4	νεκροί.	A-NPM	A-NPM	3498	νεκρός	νεκροί	
Matt 28:5	ἀποκριθεὶς	V-AOP-NSM	V-AOP-NSM	611&5679	ἀποκρίνομαι	ἀποκριθείς	
Matt 28:5	δὲ	CONJ	CONJ	1161	δέ	δέ	
Matt 28:5	ὁ	T-NSM	T-NSM	3588	ὁ	ὁ	
Matt 28:5	ἄγγελος	N-NSM	N-NSM	32	ἄγγελος	ἄγγελος	
Matt 28:5	εἶπεν	V-2AAI-3S	V-2AAI-3S	3004&5627	λέγω	εἶπεν	
Matt 28:5	ταῖς	T-DPF	T-DPF	3588	ὁ	ταῖς	
Matt 28:5	γυναιξίν	N-DPF	N-DPF	1135	γυνή	γυναιξίν	
Matt 28:5	Μὴ	PRT-N	PRT-N	3361	μή	Μή	
Matt 28:5	φοβεῖσθε	V-PNM-2P	V-PNM-2P	5399&5737	φοβέω	φοβεῖσθε	
Matt 28:5	ὑμεῖς·	P-2NP	P-2NP	4771	σύ	ὑμεῖς	
Matt 28:5	οἶδα	V-RAI-1S	V-RAI-1S	1492&5758	οἶδα	οἶδα	
Matt 28:5	γὰρ	CONJ	CONJ	1063	γάρ	γάρ	
Matt 28:5	ὅτι	CONJ	CONJ	3754	ὅτι	ὅτι	
Matt 28:5	Ἰησοῦν	N-ASM	N-ASM	2424	Ἰησοῦς	Ἰησοῦν	
Matt 28:5	τὸν	T-ASM	T-ASM	3588	ὁ	τόν	
Matt 28:5	ἐσταυρωμένον	V-RPP-ASM	V-RPP-ASM	4717&5772	σταυρόω	ἐσταυρωμένον	
Matt 28:5	ζητεῖτε·	V-PAI-2P	V-PAI-2P	2212&5719	ζητέω	ζητεῖτε	
Matt 28:6	οὐκ	PRT-N	PRT-N	3756	οὐ	οὐκ	
Matt 28:6	ἔστιν	V-PAI-3S	V-PAI-3S	1510&5719	εἰμί	ἔστιν	
Matt 28:6	ὧδε·	ADV	ADV	5602	ὧδε	ὧδε	
Matt 28:6	ἠγέρθη	V-API-3S	V-API-3S	1453&5681	ἐγείρω	ἠγέρθη	
Matt 28:6	γὰρ	CONJ	CONJ	1063	γάρ	γάρ	
Matt 28:6	καθὼς	ADV	ADV	2531	καθώς	καθώς	
Matt 28:6	εἶπεν·	V-2AAI-3S	V-2AAI-3S	3004&5627	λέγω	εἶπεν	
Matt 28:6	δεῦτε	V-PAM-2P	V-PAM-2P	1205&5720	δεῦτε	δεῦτε	
Matt 28:6	ἴδετε	V-2AAM-2P	V-2AAM-2P	3708&5628	ὁράω	ἴδετε	
Matt 28:6	τὸν	T-ASM	T-ASM	3588	ὁ	τόν	
Matt 28:6	τόπον	N-ASM	N-ASM	5117	τόπος	τόπον	
Matt 28:6	ὅπου	ADV	ADV	3699	ὅπου	ὅπου	
Matt 28:6	ἔκειτο.	V-INI-3S	V-INI-3S	2749&5711	κεῖμαι	ἔκειτο	
Matt 28:7	καὶ	CONJ	CONJ	2532	καί	καί	
Matt 28:7	ταχὺ	ADV	ADV	5035	ταχύς	ταχύ	
Matt 28:7	πορευθεῖσαι	V-AOP-NPF	V-AOP-NPF	4198&5679	πορεύομαι	πορευθεῖσαι	
Matt 28:7	εἴπατε	V-2AAM-2P	V-2AAM-2P	3004&5628	λέγω	εἴπατε	
Matt 28:7	τοῖς	T-DPM	T-DPM	3588	ὁ	τοῖς	
Matt 28:7	μαθηταῖς	N-DPM	N-DPM	3101	μαθητής	μαθηταῖς	
Matt 28:7	αὐτοῦ	P-GSM	P-GSM	846	αὐτός	αὐτοῦ	
Matt 28:7	ὅτι	CONJ	CONJ	3754	ὅτι	ὅτι	
Matt 28:7	Ἠγέρθη	V-API-3S	V-API-3S	1453&5681	ἐγείρω	Ἠγέρθη	
Matt 28:7	ἀπὸ	PREP	PREP	575	ἀπό	ἀπό	
Matt 28:7	τῶν	T-GPM	T-GPM	3588	ὁ	τῶν	
Matt 28:7	νεκρῶν,	A-GPM	A-GPM	3498	νεκρός	νεκρῶν	
Matt 28:7	καὶ	CONJ	CONJ	2532	καί	καί	
Matt 28:7	ἰδοὺ	V-2AMM-2S	V-2AMM-2S	3708&5640	ὁράω	ἰδού	
Matt 28:7	προάγει	V-PAI-3S	V-PAI-3S	4254&5719	προάγω	προάγει	
Matt 28:7	ὑμᾶς	P-2AP	P-2AP	4771	σύ	ὑμᾶς	
Matt 28:7	εἰς	PREP	PREP	1519	εἰς	εἰς	
Matt 28:7	τὴν	T-ASF	T-ASF	3588	ὁ	τήν	
Matt 28:7	Γαλιλαίαν,	N-ASF	N-ASF	1056	Γαλιλαία	Γαλιλαίαν	
Matt 28:7	ἐκεῖ	ADV	ADV	1563	ἐκεῖ	ἐκεῖ	
Matt 28:7	αὐτὸν	P-ASM	P-ASM	846	αὐτός	αὐτόν	
Matt 28:7	ὄψεσθε.	V-FDI-2P	V-FDI-2P	3708&5695	ὁράω	ὄψεσθε	
Matt 28:7	ἰδοὺ	V-2AMM-2S	V-2AMM-2S	3708&5640	ὁράω	ἰδού	
Matt 28:7	εἶπον	V-2AAI-1S	V-2AAI-1S	3004&5627	λέγω	εἶπον	
Matt 28:7	ὑμῖν.	P-2DP	P-2DP	4771	σύ	ὑμῖν	
Matt 28:8	καὶ	CONJ	CONJ	2532	καί	καί	
Matt 28:8	ἀπελθοῦσαι	V-2AAP-NPF	V-2AAP-NPF	565&5631	ἀπέρχομαι	ἀπελθοῦσαι	
Matt 28:8	ταχὺ	ADV	ADV	5035	ταχύς	ταχύ	
Matt 28:8	ἀπὸ	PREP	PREP	575	ἀπό	ἀπό	
Matt 28:8	τοῦ	T-GSN	T-GSN	3588	ὁ	τοῦ	
Matt 28:8	μνημείου	N-GSN	N-GSN	3419	μνημεῖον	μνημείου	
Matt 28:8	μετὰ	PREP	PREP	3326	μετά	μετά	
Matt 28:8	φόβου	N-GSM	N-GSM	5401	φόβος	φόβου	
Matt 28:8	καὶ	CONJ	CONJ	2532	καί	καί	
Matt 28:8	χαρᾶς	N-GSF	N-GSF	5479	χαρά	χαρᾶς	
Matt 28:8	μεγάλης	A-GSF	A-GSF	3173	μέγας	μεγάλης	
Matt 28:8	ἔδραμον	V-2AAI-3P	V-2AAI-3P	5143&5627	τρέχω	ἔδραμον	
Matt 28:8	ἀπαγγεῖλαι	V-AAN	V-AAN	518&5658	ἀπαγγέλλω	ἀπαγγεῖλαι	
Matt 28:8	τοῖς	T-DPM	T-DPM	3588	ὁ	τοῖς	
Matt 28:8	μαθηταῖς	N-DPM	N-DPM	3101	μαθητής	μαθηταῖς	
Matt 28:8	αὐτοῦ.	P-GSM	P-GSM	846	αὐτός	αὐτοῦ	
Matt 28:9	καὶ	CONJ	CONJ	2532	καί	καί	
Matt 28:9	ἰδοὺ	V-2AMM-2S	V-2AMM-2S	3708&5640	ὁράω	ἰδού	
Matt 28:9	Ἰησοῦς	N-NSM	N-NSM	2424	Ἰησοῦς	Ἰησοῦς	
Matt 28:9	ὑπήντησεν	V-AAI-3S	V-AAI-3S	5221&5656	ὑπαντάω	ὑπήντησεν	
Matt 28:9	αὐταῖς	P-DPF	P-DPF	846	αὐτός	αὐταῖς	
Matt 28:9	λέγων	V-PAP-NSM	V-PAP-NSM	3004&5723	λέγω	λέγων	
Matt 28:9	Χαίρετε.	V-PAM-2P	V-PAM-2P	5463&5720	χαίρω	Χαίρετε	
Matt 28:9	αἱ	T-NPF	T-NPF	3588	ὁ	αἱ	
Matt 28:9	δὲ	CONJ	CONJ	1161	δέ	δέ	
Matt 28:9	προσελθοῦσαι	V-2AAP-NPF	V-2AAP-NPF	4334&5631	προσέρχομαι	προσελθοῦσαι	
Matt 28:9	ἐκράτησαν	V-AAI-3P	V-AAI-3P	2902&5656	κρατέω	ἐκράτησαν	
Matt 28:9	αὐτοῦ	P-GSM	P-GSM	846	αὐτός	αὐτοῦ	
Matt 28:9	τοὺς	T-APM	T-APM	3588	ὁ	τούς	
Matt 28:9	πόδας	N-APM	N-APM	4228	πούς	πόδας	
Matt 28:9	καὶ	CONJ	CONJ	2532	καί	καί	
Matt 28:9	προσεκύνησαν	V-AAI-3P	V-AAI-3P	4352&5656	προσκυνέω	προσεκύνησαν	
Matt 28:9	αὐτῷ.	P-DSM	P-DSM	846	αὐτός	αὐτῷ	
Matt 28:10	τότε	ADV	ADV	5119	τότε	τότε	
Matt 28:10	λέγει	V-PAI-3S	V-PAI-3S	3004&5719	λέγω	λέγει	
Matt 28:10	αὐταῖς	P-DPF	P-DPF	846	αὐτός	αὐταῖς	
Matt 28:10	ὁ	T-NSM	T-NSM	3588	ὁ	ὁ	
Matt 28:10	Ἰησοῦς	N-NSM	N-NSM	2424	Ἰησοῦς	Ἰησοῦς	
Matt 28:10	Μὴ	PRT-N	PRT-N	3361	μή	Μή	
Matt 28:10	φοβεῖσθε·	V-PNM-2P	V-PNM-2P	5399&5737	φοβέω	φοβεῖσθε	
Matt 28:10	ὑπάγετε	V-PAM-2P	V-PAM-2P	5217&5720	ὑπάγω	ὑπάγετε	
Matt 28:10	ἀπαγγείλατε	V-AAM-2P	V-AAM-2P	518&5657	ἀπαγγέλλω	ἀπαγγείλατε	
Matt 28:10	τοῖς	T-DPM	T-DPM	3588	ὁ	τοῖς	
Matt 28:10	ἀδελφοῖς	N-DPM	N-DPM	80	ἀδελφός	ἀδελφοῖς	
Matt 28:10	μου	P-1GS	P-1GS	1473	ἐγώ	μου	
Matt 28:10	ἵνα	CONJ	CONJ	2443	ἵνα	ἵνα	
Matt 28:10	ἀπέλθωσιν	V-2AAS-3P	V-2AAS-3P	565&5632	ἀπέρχομαι	ἀπέλθωσιν	
Matt 28:10	εἰς	PREP	PREP	1519	εἰς	εἰς	
Matt 28:10	τὴν	T-ASF	T-ASF	3588	ὁ	τήν	
Matt 28:10	Γαλιλαίαν,	N-ASF	N-ASF	1056	Γαλιλαία	Γαλιλαίαν	
Matt 28:10	κἀκεῖ	ADV-K	ADV-K	2546	κἀκεῖ	κἀκεῖ	
Matt 28:10	με	P-1AS	P-1AS	1473	ἐγώ	με	
Matt 28:10	ὄψονται.	V-FDI-3P	V-FDI-3P	3708&5695	ὁράω	ὄψονται	
Matt 28:11	Πορευομένων	V-PNP-GPF	V-PNP-GPF	4198&5740	πορεύομαι	Πορευομένων	
Matt 28:11	δὲ	CONJ	CONJ	1161	δέ	δέ	
Matt 28:11	αὐτῶν	P-GPF	P-GPF	846	αὐτός	αὐτῶν	
Matt 28:11	ἰδού	V-2AMM-2S	V-2AMM-2S	3708&5640	ὁράω	ἰδού	
Matt 28:11	τινες	X-NPM	X-NPM	5100	τὶς	τινες	
Matt 28:11	τῆς	T-GSF	T-GSF	3588	ὁ	τῆς	
Matt 28:11	κουστωδίας	N-GSF	N-GSF	2892	κουστωδία	κουστωδίας	
Matt 28:11	ἐλθόντες	V-2AAP-NPM	V-2AAP-NPM	2064&5631	ἔρχομαι	ἐλθόντες	
Matt 28:11	εἰς	PREP	PREP	1519	εἰς	εἰς	
Matt 28:11	τὴν	T-ASF	T-ASF	3588	ὁ	τήν	
Matt 28:11	πόλιν	N-ASF	N-ASF	4172	πόλις	πόλιν	
Matt 28:11	ἀπήγγειλαν	V-AAI-3P	V-AAI-3P	518&5656	ἀπαγγέλλω	ἀπήγγειλαν	
Matt 28:11	τοῖς	T-DPM	T-DPM	3588	ὁ	τοῖς	
Matt 28:11	ἀρχιερεῦσιν	N-DPM	N-DPM	749	ἀρχιερεύς	ἀρχιερεῦσιν	
Matt 28:11	ἅπαντα	A-APN	A-APN	537	ἅπας	ἅπαντα	
Matt 28:11	τὰ	T-APN	T-APN	3588	ὁ	τά	
Matt 28:11	γενόμενα.	V-2ADP-APN	V-2ADP-APN	1096&5637	γίνομαι	γενόμενα	
Matt 28:12	καὶ	CONJ	CONJ	2532	καί	καί	
Matt 28:12	συναχθέντες	V-APP-NPM	V-APP-NPM	4863&5685	συνάγω	συναχθέντες	
Matt 28:12	μετὰ	PREP	PREP	3326	μετά	μετά	
Matt 28:12	τῶν	T-GPM	T-GPM	3588	ὁ	τῶν	
Matt 28:12	πρεσβυτέρων	A-GPM-C	A-GPM-C	4245	πρεσβύτερος	πρεσβυτέρων	
Matt 28:12	συμβούλιόν	N-ASN	N-ASN	4824	συμβούλιον	συμβούλιον	
Matt 28:12	τε	PRT	PRT	5037	τέ	τε	
Matt 28:12	λαβόντες	V-2AAP-NPM	V-2AAP-NPM	2983&5631	λαμβάνω	λαβόντες	
Matt 28:12	ἀργύρια	N-APN	N-APN	694	ἀργύριον	ἀργύρια	
Matt 28:12	ἱκανὰ	A-APN	A-APN	2425	ἱκανός	ἱκανά	
Matt 28:12	ἔδωκαν	V-AAI-3P	V-AAI-3P	1325&5656	δίδωμι	ἔδωκαν	
Matt 28:12	τοῖς	T-DPM	T-DPM	3588	ὁ	τοῖς	
Matt 28:12	στρατιώταις	N-DPM	N-DPM	4757	στρατιώτης	στρατιώταις	
Matt 28:13	λέγοντες	V-PAP-NPM	V-PAP-NPM	3004&5723	λέγω	λέγοντες	
Matt 28:13	Εἴπατε	V-2AAM-2P	V-2AAM-2P	3004&5628	λέγω	Εἴπατε	
Matt 28:13	ὅτι	CONJ	CONJ	3754	ὅτι	ὅτι	
Matt 28:13	Οἱ	T-NPM	T-NPM	3588	ὁ	Οἱ	
Matt 28:13	μαθηταὶ	N-NPM	N-NPM	3101	μαθητής	μαθηταί	
Matt 28:13	αὐτοῦ	P-GSM	P-GSM	846	αὐτός	αὐτοῦ	
Matt 28:13	νυκτὸς	N-GSF	N-GSF	3571	νύξ	νυκτός	
Matt 28:13	ἐλθόντες	V-2AAP-NPM	V-2AAP-NPM	2064&5631	ἔρχομαι	ἐλθόντες	
Matt 28:13	ἔκλεψαν	V-AAI-3P	V-AAI-3P	2813&5656	κλέπτω	ἔκλεψαν	
Matt 28:13	αὐτὸν	P-ASM	P-ASM	846	αὐτός	αὐτόν	
Matt 28:13	ἡμῶν	P-1GP	P-1GP	1473	ἐγώ	ἡμῶν	
Matt 28:13	κοιμωμένων.	V-PPP-GPM	V-PEP-GPM	2837&5746	κοιμάομαι	κοιμωμένων	
Matt 28:14	καὶ	CONJ	CONJ	2532	καί	καί	
Matt 28:14	ἐὰν	COND	COND	1437	ἐάν	ἐάν	
Matt 28:14	ἀκουσθῇ	V-APS-3S	V-APS-3S	191&5686	ἀκούω	ἀκουσθῇ	
Matt 28:14	τοῦτο	D-NSN	D-NSN	3778	οὗτος	τοῦτο	
Matt 28:14	ἐπὶ	PREP	PREP	1909	ἐπί	ἐπί	
Matt 28:14	τοῦ	T-GSM	T-GSM	3588	ὁ	τοῦ	
Matt 28:14	ἡγεμόνος,	N-GSM	N-GSM	2232	ἡγεμών	ἡγεμόνος	
Matt 28:14	ἡμεῖς	P-1NP	P-1NP	1473	ἐγώ	ἡμεῖς	
Matt 28:14	πείσομεν	V-FAI-1P	V-FAI-1P	3982&5692	πείθω	πείσομεν	
Matt 28:14	καὶ	CONJ	CONJ	2532	καί	καί	
Matt 28:14	ὑμᾶς	P-2AP	P-2AP	4771	σύ	ὑμᾶς	
Matt 28:14	ἀμερίμνους	A-APM	A-APM	275	ἀμέριμνος	ἀμερίμνους	
Matt 28:14	ποιήσομεν.	V-FAI-1P	V-FAI-1P	4160&5692	ποιέω	ποιήσομεν	
Matt 28:15	οἱ	T-NPM	T-NPM	3588	ὁ	οἱ	
Matt 28:15	δὲ	CONJ	CONJ	1161	δέ	δέ	
Matt 28:15	λαβόντες	V-2AAP-NPM	V-2AAP-NPM	2983&5631	λαμβάνω	λαβόντες	
Matt 28:15	ἀργύρια	N-APN	N-APN	694	ἀργύριον	ἀργύρια	
Matt 28:15	ἐποίησαν	V-AAI-3P	V-AAI-3P	4160&5656	ποιέω	ἐποίησαν	
Matt 28:15	ὡς	ADV	ADV	5613	ὡς	ὡς	
Matt 28:15	ἐδιδάχθησαν.	V-API-3P	V-API-3P	1321&5681	διδάσκω	ἐδιδάχθησαν	
Matt 28:15	Καὶ	CONJ	CONJ	2532	καί	Καί	
Matt 28:15	διεφημίσθη	V-API-3S	V-API-3S	1310&5681	διαφημίζω	διεφημίσθη	
Matt 28:15	ὁ	T-NSM	T-NSM	3588	ὁ	ὁ	
Matt 28:15	λόγος	N-NSM	N-NSM	3056	λόγος	λόγος	
Matt 28:15	οὗτος	D-NSM	D-NSM	3778	οὗτος	οὗτος	
Matt 28:15	παρὰ	PREP	PREP	3844	παρά	παρά	
Matt 28:15	Ἰουδαίοις	A-DPM	A-DPM	2453	Ἰουδαῖος	Ἰουδαίοις	
Matt 28:15	μέχρι	ADV	ADV	3360	μέχρι	μέχρι	
Matt 28:15	τῆς	T-GSF	T-GSF	3588	ὁ	τῆς	
Matt 28:15	σήμερον	ADV	ADV	4594	σήμερον	σήμερον	
Matt 28:15	ἡμέρας.	N-GSF	N-GSF	2250	ἡμέρα	ἡμέρας	
Matt 28:16	Οἱ	T-NPM	T-NPM	3588	ὁ	Οἱ	
Matt 28:16	δὲ	CONJ	CONJ	1161	δέ	δέ	
Matt 28:16	ἕνδεκα	A-NUI	A-NUI	1733	ἕνδεκα	ἕνδεκα	
Matt 28:16	μαθηταὶ	N-NPM	N-NPM	3101	μαθητής	μαθηταί	
Matt 28:16	ἐπορεύθησαν	V-AOI-3P	V-AOI-3P	4198&5675	πορεύομαι	ἐπορεύθησαν	
Matt 28:16	εἰς	PREP	PREP	1519	εἰς	εἰς	
Matt 28:16	τὴν	T-ASF	T-ASF	3588	ὁ	τήν	
Matt 28:16	Γαλιλαίαν,	N-ASF	N-ASF	1056	Γαλιλαία	Γαλιλαίαν	
Matt 28:16	εἰς	PREP	PREP	1519	εἰς	εἰς	
Matt 28:16	τὸ	T-ASN	T-ASN	3588	ὁ	τό	
Matt 28:16	ὄρος	N-ASN	N-ASN	3735	ὄρος	ὄρος	
Matt 28:16	οὗ	ADV	ADV	3757	οὗ	οὗ	
Matt 28:16	ἐτάξατο	V-AMI-3S	V-AMI-3S	5021&5668	τάσσω	ἐτάξατο	
Matt 28:16	αὐτοῖς	P-DPM	P-DPM	846	αὐτός	αὐτοῖς	
Matt 28:16	ὁ	T-NSM	T-NSM	3588	ὁ	ὁ	
Matt 28:16	Ἰησοῦς,	N-NSM	N-NSM	2424	Ἰησοῦς	Ἰησοῦς	
Matt 28:17	καὶ	CONJ	CONJ	2532	καί	καί	
Matt 28:17	ἰδόντες	V-2AAP-NPM	V-2AAP-NPM	3708&5631	ὁράω	ἰδόντες	
Matt 28:17	αὐτὸν	P-ASM	P-ASM	846	αὐτός	αὐτόν	
Matt 28:17	προσεκύνησαν,	V-AAI-3P	V-AAI-3P	4352&5656	προσκυνέω	προσεκύνησαν	
Matt 28:17	οἱ	T-NPM	T-NPM	3588	ὁ	οἱ	
Matt 28:17	δὲ	CONJ	CONJ	1161	δέ	δέ	
Matt 28:17	ἐδίστασαν.	V-AAI-3P	V-AAI-3P	1365&5656	διστάζω	ἐδίστασαν	
Matt 28:18	καὶ	CONJ	CONJ	2532	καί	καί	
Matt 28:18	προσελθὼν	V-2AAP-NSM	V-2AAP-NSM	4334&5631	προσέρχομαι	προσελθών	
Matt 28:18	ὁ	T-NSM	T-NSM	3588	ὁ	ὁ	
Matt 28:18	Ἰησοῦς	N-NSM	N-NSM	2424	Ἰησοῦς	Ἰησοῦς	
Matt 28:18	ἐλάλησεν	V-AAI-3S	V-AAI-3S	2980&5656	λαλέω	ἐλάλησεν	
Matt 28:18	αὐτοῖς	P-DPM	P-DPM	846	αὐτός	αὐτοῖς	
Matt 28:18	λέγων	V-PAP-NSM	V-PAP-NSM	3004&5723	λέγω	λέγων	
Matt 28:18	Ἐδόθη	V-API-3S	V-API-3S	1325&5681	δίδωμι	Ἐδόθη	
Matt 28:18	μοι	P-1DS	P-1DS	1473	ἐγώ	μοι	
Matt 28:18	πᾶσα	A-NSF	A-NSF	3956	πᾶς	πᾶσα	
Matt 28:18	ἐξουσία	N-NSF	N-NSF	1849	ἐξουσία	ἐξουσία	
Matt 28:18	ἐν	PREP	PREP	1722	ἐν	ἐν	
Matt 28:18	οὐρανῷ	N-DSM	N-DSM	3772	οὐρανός	οὐρανῷ	
Matt 28:18	καὶ	CONJ	CONJ	2532	καί	καί	
Matt 28:18	ἐπὶ	PREP	PREP	1909	ἐπί	ἐπί	
Matt 28:18	τῆς	T-GSF	T-GSF	3588	ὁ	τῆς	
Matt 28:18	γῆς.	N-GSF	N-GSF	1093	γῆ	γῆς	
Matt 28:19	πορευθέντες	V-AOP-NPM	V-AOP-NPM	4198&5679	πορεύομαι	πορευθέντες	
Matt 28:19	οὖν	CONJ	CONJ	3767	οὖν	οὖν	
Matt 28:19	μαθητεύσατε	V-AAM-2P	V-AAM-2P	3100&5657	μαθητεύω	μαθητεύσατε	
Matt 28:19	πάντα	A-APN	A-APN	3956	πᾶς	πάντα	
Matt 28:19	τὰ	T-APN	T-APN	3588	ὁ	τά	
Matt 28:19	ἔθνη,	N-APN	N-APN	1484	ἔθνος	ἔθνη	
Matt 28:19	βαπτίζοντες	V-PAP-NPM	V-PAP-NPM	907&5723	βαπτίζω	βαπτίζοντες	
Matt 28:19	αὐτοὺς	P-APM	P-APM	846	αὐτός	αὐτούς	
Matt 28:19	εἰς	PREP	PREP	1519	εἰς	εἰς	
Matt 28:19	τὸ	T-ASN	T-ASN	3588	ὁ	τό	
Matt 28:19	ὄνομα	N-ASN	N-ASN	3686	ὄνομα	ὄνομα	
Matt 28:19	τοῦ	T-GSM	T-GSM	3588	ὁ	τοῦ	
Matt 28:19	Πατρὸς	N-GSM	N-GSM	3962	πατήρ	Πατρός	
Matt 28:19	καὶ	CONJ	CONJ	2532	καί	καί	
Matt 28:19	τοῦ	T-GSM	T-GSM	3588	ὁ	τοῦ	
Matt 28:19	Υἱοῦ	N-GSM	N-GSM	5207	υἱός	Υἱοῦ	
Matt 28:19	καὶ	CONJ	CONJ	2532	καί	καί	
Matt 28:19	τοῦ	T-GSN	T-GSN	3588	ὁ	τοῦ	
Matt 28:19	Ἁγίου	A-GSN	A-GSN	40	ἅγιος	Ἁγίου	
Matt 28:19	Πνεύματος,	N-GSN	N-GSN	4151	πνεῦμα	Πνεύματος	
Matt 28:20	διδάσκοντες	V-PAP-NPM	V-PAP-NPM	1321&5723	διδάσκω	διδάσκοντες	
Matt 28:20	αὐτοὺς	P-APM	P-APM	846	αὐτός	αὐτούς	
Matt 28:20	τηρεῖν	V-PAN	V-PAN	5083&5721	τηρέω	τηρεῖν	
Matt 28:20	πάντα	A-APN	A-APN	3956	πᾶς	πάντα	
Matt 28:20	ὅσα	K-APN	K-APN	3745	ὅσος	ὅσα	
Matt 28:20	ἐνετειλάμην	V-ADI-1S	V-ADI-1S	1781&5662	ἐντέλλομαι	ἐνετειλάμην	
Matt 28:20	ὑμῖν·	P-2DP	P-2DP	4771	σύ	ὑμῖν	
Matt 28:20	καὶ	CONJ	CONJ	2532	καί	καί	
Matt 28:20	ἰδοὺ	V-2AMM-2S	V-2AMM-2S	3708&5640	ὁράω	ἰδού	
Matt 28:20	ἐγὼ	P-1NS	P-1NS	1473	ἐγώ	ἐγώ	
Matt 28:20	μεθ’	PREP	PREP	3326	μετά	μεθ’	
Matt 28:20	ὑμῶν	P-2GP	P-2GP	4771	σύ	ὑμῶν	
Matt 28:20	εἰμι	V-PAI-1S	V-PAI-1S	1510	εἰμί	εἰμι	
Matt 28:20	πάσας	A-APF	A-APF	3956	πᾶς	πάσας	
Matt 28:20	τὰς	T-APF	T-APF	3588	ὁ	τάς	
Matt 28:20	ἡμέρας	N-APF	N-APF	2250	ἡμέρα	ἡμέρας	
Matt 28:20	ἕως	ADV	ADV	2193	ἕως	ἕως	
Matt 28:20	τῆς	T-GSF	T-GSF	3588	ὁ	τῆς	
Matt 28:20	συντελείας	N-GSF	N-GSF	4930	συντέλεια	συντελείας	
Matt 28:20	τοῦ	T-GSM	T-GSM	3588	ὁ	τοῦ	
Matt 28:20	αἰῶνος.	N-GSM	N-GSM	165	αἰών	αἰῶνος	
